timestamp,serial,frame,lat,lon,alt,vel_v,vel_h,heading,temp,humidity,pressure,type,freq_mhz,snr,f_error_hz,sats,batt_v,burst_timer,aux_data
2026-09-19T14:17:17.003Z,X1909261,920,-15.76297,-47.86963,1110.9,6.1,6.7,238.6,-273.0,-1.0,-1.0,RS41,403.502,15.7,-875,11,3.0,,
2026-09-19T14:17:18.003Z,X1909261,921,-15.76301,-47.86968,1116.9,6.1,6.6,224.9,-273.0,-1.0,-1.0,RS41,403.502,12.2,-875,11,3.0,,
2026-09-19T14:17:19.003Z,X1909261,922,-15.76306,-47.86973,1122.5,5.1,8.5,220.5,-273.0,-1.0,-1.0,RS41,403.502,12.2,-875,11,3.0,,
2026-09-19T14:17:20.003Z,X1909261,923,-15.76312,-47.86979,1127.5,4.5,10.9,225.0,-273.0,-1.0,-1.0,RS41,403.502,13.3,-875,11,3.0,,
2026-09-19T14:17:21.003Z,X1909261,924,-15.76319,-47.86987,1132.1,4.7,11.2,232.0,-273.0,-1.0,-1.0,RS41,403.502,14.7,-875,11,3.0,,
2026-09-19T14:17:22.003Z,X1909261,925,-15.76324,-47.86994,1136.9,5.1,9.6,235.5,24.9,-1.0,-1.0,RS41,403.502,14.8,-875,11,3.0,,
2026-09-19T14:17:23.003Z,X1909261,926,-15.76329,-47.87001,1142.1,5.3,7.7,230.7,24.9,-1.0,-1.0,RS41,403.502,15.5,-875,11,3.0,,
2026-09-19T14:17:24.003Z,X1909261,927,-15.76333,-47.87006,1147.4,5.2,6.5,219.8,24.9,-1.0,-1.0,RS41,403.502,15.8,-875,11,3.0,,
2026-09-19T14:17:25.003Z,X1909261,928,-15.76338,-47.87010,1152.9,5.9,6.7,217.9,24.9,-1.0,-1.0,RS41,403.502,17.6,-875,11,3.0,,
2026-09-19T14:17:26.003Z,X1909261,929,-15.76342,-47.87014,1158.9,6.0,7.6,233.5,24.8,-1.0,-1.0,RS41,403.502,17.6,-875,11,3.0,,
2026-09-19T14:17:27.003Z,X1909261,930,-15.76346,-47.87021,1164.1,4.3,9.2,248.1,24.8,-1.0,-1.0,RS41,403.502,16.0,-875,11,3.0,,
2026-09-19T14:17:28.003Z,X1909261,931,-15.76349,-47.87030,1168.0,3.6,10.8,255.7,24.7,-1.0,-1.0,RS41,403.502,16.0,-875,11,3.0,,
2026-09-19T14:17:29.003Z,X1909261,932,-15.76351,-47.87040,1171.6,3.7,10.5,256.0,24.6,-1.0,-1.0,RS41,403.502,16.4,-875,11,3.0,,
2026-09-19T14:17:30.003Z,X1909261,933,-15.76354,-47.87048,1175.4,3.8,9.7,246.0,24.6,-1.0,-1.0,RS41,403.502,16.4,-875,11,3.0,,
2026-09-19T14:17:31.003Z,X1909261,934,-15.76358,-47.87056,1179.6,4.4,9.7,237.4,24.6,-1.0,-1.0,RS41,403.502,15.6,-875,11,3.0,,
2026-09-19T14:17:32.003Z,X1909261,935,-15.76363,-47.87064,1184.4,4.9,9.8,238.1,24.6,-1.0,-1.0,RS41,403.502,13.6,-875,11,3.0,,
2026-09-19T14:17:33.003Z,X1909261,936,-15.76368,-47.87072,1189.5,4.9,9.8,238.0,24.5,-1.0,-1.0,RS41,403.502,15.9,-875,11,3.0,,
2026-09-19T14:17:34.003Z,X1909261,937,-15.76373,-47.87079,1194.2,4.6,9.3,231.8,24.4,-1.0,-1.0,RS41,403.502,15.9,-875,11,3.0,,
2026-09-19T14:17:35.003Z,X1909261,938,-15.76378,-47.87085,1199.1,4.9,7.8,221.1,24.4,-1.0,-1.0,RS41,403.502,18.2,-875,11,3.0,,
2026-09-19T14:17:36.003Z,X1909261,939,-15.76383,-47.87089,1204.1,5.3,6.3,222.7,24.4,-1.0,-1.0,RS41,403.502,19.5,-875,11,3.0,,
2026-09-19T14:17:37.003Z,X1909261,940,-15.76386,-47.87094,1209.7,5.8,5.6,236.8,24.3,-1.0,-1.0,RS41,403.502,19.5,-875,11,3.0,,
2026-09-19T14:17:38.003Z,X1909261,941,-15.76388,-47.87099,1215.7,6.2,6.7,253.0,24.3,-1.0,-1.0,RS41,403.502,17.3,-875,11,3.0,,
2026-09-19T14:17:39.003Z,X1909261,942,-15.76390,-47.87105,1222.1,6.6,8.1,252.3,24.2,-1.0,-1.0,RS41,403.502,16.6,-875,11,3.0,,
2026-09-19T14:17:40.003Z,X1909261,943,-15.76393,-47.87113,1229.0,7.2,8.9,243.3,24.1,-1.0,-1.0,RS41,403.502,16.6,-875,11,3.0,,
2026-09-19T14:17:41.003Z,X1909261,944,-15.76397,-47.87120,1235.9,6.7,9.5,234.3,24.1,-1.0,-1.0,RS41,403.502,15.6,-875,11,3.0,,
2026-09-19T14:17:42.003Z,X1909261,945,-15.76403,-47.87127,1242.2,5.9,10.5,230.1,24.0,-1.0,-1.0,RS41,403.502,16.8,-875,11,3.0,,
2026-09-19T14:17:43.003Z,X1909261,946,-15.76409,-47.87135,1247.7,5.0,11.3,229.1,23.9,-1.0,-1.0,RS41,403.502,16.8,-875,11,3.0,,
2026-09-19T14:17:44.003Z,X1909261,947,-15.76416,-47.87143,1253.1,5.6,11.1,227.5,23.8,-1.0,-1.0,RS41,403.502,19.2,-875,11,3.0,,
2026-09-19T14:17:45.003Z,X1909261,948,-15.76422,-47.87149,1258.9,6.0,8.8,223.3,23.8,-1.0,-1.0,RS41,403.502,20.7,-875,11,3.0,,
2026-09-19T14:17:46.003Z,X1909261,949,-15.76427,-47.87155,1265.0,6.2,6.7,227.3,23.8,-1.0,-1.0,RS41,403.502,20.7,-875,11,3.0,,
2026-09-19T14:17:47.003Z,X1909261,950,-15.76430,-47.87160,1271.3,6.5,6.5,248.0,23.7,-1.0,-1.0,RS41,403.502,20.0,-875,11,3.0,,
2026-09-19T14:17:48.003Z,X1909261,951,-15.76432,-47.87166,1277.7,6.2,8.1,259.3,23.7,-1.0,-1.0,RS41,403.502,20.0,-875,11,3.0,,
2026-09-19T14:17:49.003Z,X1909261,952,-15.76433,-47.87174,1283.6,5.5,9.4,262.6,23.7,-1.0,-1.0,RS41,403.502,19.5,-875,11,3.0,,
2026-09-19T14:17:50.003Z,X1909261,953,-15.76434,-47.87183,1288.9,4.9,9.5,263.5,23.6,-1.0,-1.0,RS41-SGP,403.502,19.5,-875,11,3.0,,
2026-09-19T14:17:51.003Z,X1909261,954,-15.76436,-47.87192,1293.6,4.5,9.7,259.7,23.4,-1.0,-1.0,RS41-SGP,403.502,18.7,-875,11,3.0,,
2026-09-19T14:17:52.003Z,X1909261,955,-15.76438,-47.87201,1298.3,4.8,10.6,254.3,23.4,-1.0,-1.0,RS41-SGP,403.502,17.6,-875,11,3.0,,
2026-09-19T14:17:53.003Z,X1909261,956,-15.76441,-47.87211,1303.4,5.2,11.9,248.5,23.4,-1.0,-1.0,RS41-SGP,403.502,17.6,-875,11,3.0,,
2026-09-19T14:17:54.003Z,X1909261,957,-15.76445,-47.87221,1308.8,5.5,11.8,247.4,23.4,-1.0,-1.0,RS41-SGP,403.502,17.6,-875,11,3.0,,
2026-09-19T14:17:55.003Z,X1909261,958,-15.76449,-47.87231,1314.6,6.1,10.6,247.9,23.3,-1.0,-1.0,RS41-SGP,403.502,19.7,-875,11,3.0,,
2026-09-19T14:17:56.003Z,X1909261,959,-15.76452,-47.87240,1320.7,6.2,9.8,247.6,23.2,-1.0,-1.0,RS41-SGP,403.502,19.7,-875,11,3.0,,
2026-09-19T14:17:57.003Z,X1909261,960,-15.76456,-47.87248,1326.8,6.0,9.4,240.1,23.1,-1.0,-1.0,RS41-SGP,403.502,18.4,-875,11,3.0,,
2026-09-19T14:17:58.003Z,X1909261,961,-15.76461,-47.87255,1332.3,5.0,9.5,227.1,23.1,-1.0,869.7,RS41-SGP,403.502,19.8,-875,11,3.0,,
2026-09-19T14:17:59.003Z,X1909261,962,-15.76468,-47.87261,1337.2,4.8,9.6,217.0,22.9,-1.0,869.3,RS41-SGP,403.502,19.8,-875,11,3.0,,
2026-09-19T14:18:00.003Z,X1909261,963,-15.76474,-47.87266,1342.5,5.7,8.9,223.7,22.9,-1.0,868.5,RS41-SGP,403.502,21.2,-875,11,3.0,,
2026-09-19T14:18:01.003Z,X1909261,964,-15.76479,-47.87273,1348.1,5.5,8.5,238.4,22.9,-1.0,868.2,RS41-SGP,403.502,21.2,-875,11,3.0,,
2026-09-19T14:18:02.003Z,X1909261,965,-15.76482,-47.87279,1353.9,5.9,7.8,243.8,22.8,49.4,867.7,RS41-SGP,403.502,19.6,-875,11,3.0,,
2026-09-19T14:18:03.003Z,X1909261,966,-15.76486,-47.87285,1359.5,5.2,6.5,230.5,22.8,49.6,867.0,RS41-SGP,403.502,19.9,-875,11,3.0,,
2026-09-19T14:18:04.003Z,X1909261,967,-15.76490,-47.87289,1364.2,4.2,6.4,212.6,22.7,49.9,866.4,RS41-SGP,403.502,20.8,-875,11,3.0,,
2026-09-19T14:18:05.003Z,X1909261,968,-15.76495,-47.87292,1368.7,4.7,7.0,211.7,22.7,49.7,866.0,RS41-SGP,403.502,20.8,-875,11,3.0,,
2026-09-19T14:18:06.003Z,X1909261,969,-15.76501,-47.87296,1373.7,5.1,7.8,218.2,22.6,50.0,865.6,RS41-SGP,403.502,20.2,-875,11,3.0,,
2026-09-19T14:18:07.003Z,X1909261,970,-15.76506,-47.87301,1378.8,5.2,8.6,225.4,22.6,50.2,865.1,RS41-SGP,403.502,19.6,-875,11,3.0,,
2026-09-19T14:18:08.003Z,X1909261,971,-15.76511,-47.87307,1384.4,5.7,8.6,227.2,22.5,50.4,864.6,RS41-SGP,403.502,19.1,-875,11,3.0,,
2026-09-19T14:18:09.003Z,X1909261,972,-15.76516,-47.87312,1390.2,5.7,7.3,227.4,22.5,50.3,864.1,RS41-SGP,403.502,18.9,-875,11,3.0,,
2026-09-19T14:18:10.003Z,X1909261,973,-15.76520,-47.87317,1395.4,4.8,5.8,232.4,22.4,50.0,863.4,RS41-SGP,403.502,19.2,-875,11,3.0,,
2026-09-19T14:18:11.003Z,X1909261,974,-15.76523,-47.87321,1399.8,4.0,5.1,238.2,22.4,48.3,862.9,RS41-SGP,403.502,20.4,-875,11,3.0,,
2026-09-19T14:18:12.003Z,X1909261,975,-15.76525,-47.87326,1404.0,4.2,5.9,246.4,22.5,48.2,862.6,RS41-SGP,403.502,20.9,-875,11,3.0,,
2026-09-19T14:18:13.003Z,X1909261,976,-15.76527,-47.87331,1408.3,4.5,7.6,249.2,22.4,49.2,862.1,RS41-SGP,403.502,20.9,-875,11,3.0,,
2026-09-19T14:18:14.003Z,X1909261,977,-15.76530,-47.87339,1413.3,5.3,8.9,247.7,22.4,48.5,861.7,RS41-SGP,403.502,21.1,-875,11,3.0,,
2026-09-19T14:18:15.003Z,X1909261,978,-15.76533,-47.87346,1418.7,5.7,8.4,242.0,22.3,49.1,861.2,RS41-SGP,403.502,21.1,-875,11,3.0,,
2026-09-19T14:18:16.003Z,X1909261,979,-15.76537,-47.87352,1424.5,5.7,6.9,234.0,22.3,49.0,860.6,RS41-SGP,403.502,19.8,-875,11,3.0,,
2026-09-19T14:18:17.003Z,X1909261,980,-15.76541,-47.87357,1430.3,5.8,6.1,224.1,22.2,50.1,860.1,RS41-SGP,403.502,19.2,-875,11,3.0,,
2026-09-19T14:18:18.003Z,X1909261,981,-15.76545,-47.87360,1435.7,5.0,6.6,216.1,22.1,50.1,859.5,RS41-SGP,403.502,19.7,-875,11,3.0,,
2026-09-19T14:18:19.003Z,X1909261,982,-15.76551,-47.87364,1440.2,4.1,7.8,210.4,22.2,47.4,859.0,RS41-SGP,403.502,19.7,-875,11,3.0,,
2026-09-19T14:18:20.003Z,X1909261,983,-15.76557,-47.87368,1444.1,3.7,8.8,207.7,22.2,47.3,858.7,RS41-SGP,403.502,20.2,-875,11,3.0,,
2026-09-19T14:18:21.003Z,X1909261,984,-15.76564,-47.87372,1447.7,3.4,9.2,213.2,22.3,48.5,858.4,RS41-SGP,403.502,21.6,-875,11,3.0,,
2026-09-19T14:18:22.003Z,X1909261,985,-15.76571,-47.87378,1451.4,3.8,9.6,226.7,22.2,49.2,858.0,RS41-SGP,403.502,21.6,-875,11,3.0,,
2026-09-19T14:18:23.003Z,X1909261,986,-15.76576,-47.87385,1455.6,4.6,9.5,237.2,22.2,45.8,857.5,RS41-SGP,403.502,20.6,-875,11,3.0,,
2026-09-19T14:18:24.003Z,X1909261,987,-15.76580,-47.87391,1460.6,5.4,7.6,235.5,22.2,46.9,857.0,RS41-SGP,403.502,20.7,-875,11,3.0,,
2026-09-19T14:18:25.003Z,X1909261,988,-15.76584,-47.87396,1465.6,4.7,5.7,217.2,22.1,45.9,856.5,RS41-SGP,403.502,20.9,-875,11,3.0,,
2026-09-19T14:18:26.003Z,X1909261,989,-15.76588,-47.87398,1470.4,4.9,5.1,204.8,22.0,47.3,856.2,RS41-SGP,403.502,20.9,-875,11,3.0,,
2026-09-19T14:18:27.003Z,X1909261,990,-15.76592,-47.87400,1475.5,5.2,5.0,212.1,22.0,46.8,855.5,RS41-SGP,403.502,21.8,-875,11,3.0,,
2026-09-19T14:18:28.003Z,X1909261,991,-15.76596,-47.87403,1480.7,5.3,5.5,222.8,21.9,46.0,855.0,RS41-SGP,403.502,21.8,-875,11,3.0,,
2026-09-19T14:18:29.003Z,X1909261,992,-15.76600,-47.87407,1486.0,5.4,6.3,224.3,21.9,45.5,854.6,RS41-SGP,403.502,20.9,-875,11,3.0,,
2026-09-19T14:18:30.003Z,X1909261,993,-15.76604,-47.87411,1491.4,5.2,7.5,217.5,21.8,46.0,853.9,RS41-SGP,403.502,21.3,-875,11,3.0,,
2026-09-19T14:18:31.003Z,X1909261,994,-15.76610,-47.87416,1496.2,4.3,8.4,211.1,21.7,47.6,853.5,RS41-SGP,403.502,22.0,-875,11,3.0,,
2026-09-19T14:18:32.003Z,X1909261,995,-15.76617,-47.87420,1500.5,4.3,8.9,209.6,21.6,48.1,853.0,RS41-SGP,403.502,22.0,-875,11,3.0,,
2026-09-19T14:18:33.003Z,X1909261,996,-15.76624,-47.87424,1504.9,4.4,8.8,214.7,21.6,47.9,852.8,RS41-SGP,403.502,21.0,-875,11,3.0,,
2026-09-19T14:18:34.003Z,X1909261,997,-15.76630,-47.87429,1509.1,4.1,8.8,221.5,21.7,48.0,852.3,RS41-SGP,403.502,20.4,-875,11,3.0,,
2026-09-19T14:18:35.003Z,X1909261,998,-15.76636,-47.87435,1513.6,4.7,8.6,223.9,21.7,47.3,851.8,RS41-SGP,403.502,20.0,-875,11,3.0,,
2026-09-19T14:18:36.003Z,X1909261,999,-15.76641,-47.87440,1518.5,5.2,8.1,222.5,21.5,48.6,851.3,RS41-SGP,403.502,20.8,-875,11,3.0,,
2026-09-19T14:18:37.003Z,X1909261,1000,-15.76646,-47.87445,1524.1,5.9,7.4,226.9,21.2,52.1,850.7,RS41-SGP,403.502,20.8,-875,11,3.0,,
2026-09-19T14:18:38.003Z,X1909261,1001,-15.76650,-47.87451,1530.0,5.9,7.6,242.0,21.1,52.1,850.2,RS41-SGP,403.502,20.4,-875,11,3.0,,
2026-09-19T14:18:39.003Z,X1909261,1002,-15.76653,-47.87457,1535.6,5.2,8.3,254.6,21.0,52.4,849.8,RS41-SGP,403.502,21.7,-875,11,3.0,,
2026-09-19T14:18:40.003Z,X1909261,1003,-15.76654,-47.87465,1540.6,4.8,8.7,262.8,21.0,53.2,849.1,RS41-SGP,403.502,21.7,-875,11,3.0,,
2026-09-19T14:18:41.003Z,X1909261,1004,-15.76655,-47.87473,1545.7,5.5,7.7,268.0,20.9,53.0,848.6,RS41-SGP,403.502,21.6,-875,11,3.0,,
2026-09-19T14:18:42.003Z,X1909261,1005,-15.76655,-47.87479,1551.3,5.6,5.3,260.9,20.9,52.7,848.0,RS41-SGP,403.502,20.4,-875,11,3.0,,
2026-09-19T14:18:43.003Z,X1909261,1006,-15.76657,-47.87483,1557.0,5.6,4.3,234.2,20.9,52.8,847.6,RS41-SGP,403.502,21.4,-875,11,3.0,,
2026-09-19T14:18:44.003Z,X1909261,1007,-15.76660,-47.87486,1562.5,5.4,4.8,221.6,20.8,53.3,846.9,RS41-SGP,403.502,21.9,-875,11,3.0,,
2026-09-19T14:18:45.003Z,X1909261,1008,-15.76663,-47.87489,1567.9,5.2,4.8,226.9,20.9,49.7,846.4,RS41-SGP,403.502,21.9,-875,11,3.0,,
2026-09-19T14:18:46.003Z,X1909261,1009,-15.76665,-47.87493,1573.1,5.1,4.3,241.5,20.9,49.0,845.9,RS41-SGP,403.502,22.4,-875,11,3.0,,
2026-09-19T14:18:47.003Z,X1909261,1010,-15.76667,-47.87496,1578.1,5.0,3.4,245.4,20.8,50.8,845.5,RS41-SGP,403.502,22.4,-875,11,3.0,,
2026-09-19T14:18:48.003Z,X1909261,1011,-15.76668,-47.87498,1583.0,4.9,3.3,225.3,20.8,50.9,845.1,RS41-SGP,403.502,22.1,-875,11,3.0,,
2026-09-19T14:18:49.003Z,X1909261,1012,-15.76671,-47.87500,1587.7,4.5,4.5,213.4,20.8,49.8,844.6,RS41-SGP,403.502,22.3,-875,11,3.0,,
2026-09-19T14:18:50.003Z,X1909261,1013,-15.76674,-47.87504,1592.1,4.3,5.2,231.1,20.9,48.4,844.1,RS41-SGP,403.502,22.3,-875,11,3.0,,
2026-09-19T14:18:51.003Z,X1909261,1014,-15.76677,-47.87508,1596.5,4.4,5.8,253.5,20.9,48.8,843.8,RS41-SGP,403.502,22.2,-875,11,3.0,,
2026-09-19T14:18:52.003Z,X1909261,1015,-15.76678,-47.87514,1601.0,4.7,6.4,262.9,20.9,47.8,843.2,RS41-SGP,403.502,22.0,-875,11,3.0,,
2026-09-19T14:18:53.003Z,X1909261,1016,-15.76679,-47.87519,1606.2,5.6,6.3,257.2,20.8,47.8,842.8,RS41-SGP,403.502,22.3,-875,11,3.0,,
2026-09-19T14:18:54.003Z,X1909261,1017,-15.76680,-47.87525,1612.1,6.2,6.6,247.0,20.8,47.9,842.1,RS41-SGP,403.502,22.3,-875,11,3.0,,
2026-09-19T14:18:55.003Z,X1909261,1018,-15.76683,-47.87531,1618.3,6.1,7.2,245.6,20.7,48.1,841.5,RS41-SGP,403.502,21.7,-875,11,3.0,,
2026-09-19T14:18:56.003Z,X1909261,1019,-15.76686,-47.87538,1623.9,5.1,8.4,251.9,20.7,47.8,841.0,RS41-SGP,403.502,23.6,-875,11,3.0,,
2026-09-19T14:18:57.003Z,X1909261,1020,-15.76688,-47.87546,1628.5,4.2,9.8,255.7,20.6,48.6,840.7,RS41-SGP,403.502,23.6,-875,11,3.0,,
2026-09-19T14:18:58.003Z,X1909261,1021,-15.76690,-47.87555,1633.0,4.7,10.3,253.6,20.5,48.1,840.1,RS41-SGP,403.502,24.2,-875,11,3.0,,
2026-09-19T14:18:59.003Z,X1909261,1022,-15.76693,-47.87564,1637.9,5.0,9.5,248.2,20.4,48.7,839.6,RS41-SGP,403.502,24.2,-875,11,3.0,,
2026-09-19T14:19:00.003Z,X1909261,1023,-15.76696,-47.87571,1643.1,5.3,8.3,246.3,20.4,49.0,839.0,RS41-SGP,403.502,23.4,-875,11,3.0,,
2026-09-19T14:19:01.003Z,X1909261,1024,-15.76699,-47.87578,1648.6,5.5,8.0,247.3,20.4,48.4,838.5,RS41-SGP,403.502,22.8,-875,11,3.0,,
2026-09-19T14:19:02.003Z,X1909261,1025,-15.76702,-47.87585,1654.1,5.4,8.0,240.9,20.3,48.7,837.9,RS41-SGP,403.502,22.8,-875,11,3.0,,
2026-09-19T14:19:03.003Z,X1909261,1026,-15.76706,-47.87591,1659.4,5.3,7.5,228.2,20.3,48.8,837.6,RS41-SGP,403.502,23.9,-875,11,3.0,,
2026-09-19T14:19:04.003Z,X1909261,1027,-15.76711,-47.87595,1665.0,5.9,6.4,217.4,20.2,48.9,837.1,RS41-SGP,403.502,23.9,-875,11,3.0,,
2026-09-19T14:19:05.003Z,X1909261,1028,-15.76715,-47.87599,1671.2,6.6,4.9,228.8,20.2,49.2,836.4,RS41-SGP,403.502,23.8,-875,11,3.0,,
2026-09-19T14:19:06.003Z,X1909261,1029,-15.76717,-47.87603,1677.7,6.4,5.3,258.6,20.1,49.3,835.8,RS41-SGP,403.502,23.8,-875,11,3.0,,
2026-09-19T14:19:07.003Z,X1909261,1030,-15.76717,-47.87609,1684.5,7.0,7.0,263.7,20.1,48.3,835.1,RS41-SGP,403.502,23.0,-875,11,3.0,,
2026-09-19T14:19:08.003Z,X1909261,1031,-15.76719,-47.87615,1691.6,7.2,8.1,249.5,20.0,49.2,834.5,RS41-SGP,403.502,22.8,-875,11,3.0,,
2026-09-19T14:19:09.003Z,X1909261,1032,-15.76723,-47.87622,1698.6,6.9,8.7,232.0,19.9,49.8,833.7,RS41-SGP,403.502,23.2,-875,11,3.0,,
2026-09-19T14:19:10.003Z,X1909261,1033,-15.76728,-47.87628,1705.3,6.4,9.0,225.7,19.8,51.1,833.2,RS41-SGP,403.502,23.2,-875,11,3.0,,
2026-09-19T14:19:11.003Z,X1909261,1034,-15.76734,-47.87634,1711.9,6.8,9.1,226.5,19.7,51.1,832.5,RS41-SGP,403.502,23.0,-875,11,3.0,,
2026-09-19T14:19:12.003Z,X1909261,1035,-15.76739,-47.87641,1718.7,6.9,8.7,235.0,19.8,50.7,831.9,RS41-SGP,403.502,23.7,-875,11,3.0,,
2026-09-19T14:19:13.003Z,X1909261,1036,-15.76742,-47.87647,1725.6,7.1,8.3,244.1,19.7,51.1,831.2,RS41-SGP,403.502,23.9,-875,11,3.0,,
2026-09-19T14:19:14.003Z,X1909261,1037,-15.76745,-47.87654,1732.7,7.0,6.7,245.2,19.6,51.4,830.5,RS41-SGP,403.502,23.9,-875,11,3.0,,
2026-09-19T14:19:15.003Z,X1909261,1038,-15.76748,-47.87659,1739.1,5.9,4.9,247.1,19.6,48.9,829.9,RS41-SGP,403.502,23.2,-875,11,3.0,,
2026-09-19T14:19:16.003Z,X1909261,1039,-15.76749,-47.87663,1745.2,6.1,4.4,254.2,19.7,47.7,829.3,RS41-SGP,403.502,23.0,-875,11,3.0,,
2026-09-19T14:19:17.003Z,X1909261,1040,-15.76750,-47.87668,1751.2,6.0,6.2,260.6,19.6,49.7,828.6,RS41-SGP,403.502,22.0,-875,11,3.0,,
2026-09-19T14:19:18.003Z,X1909261,1041,-15.76751,-47.87674,1756.6,4.7,8.8,257.5,19.4,48.4,828.3,RS41-SGP,403.502,22.6,-875,11,3.0,,
2026-09-19T14:19:19.003Z,X1909261,1042,-15.76754,-47.87683,1761.1,4.4,10.0,250.1,19.4,48.9,827.8,RS41-SGP,403.502,23.2,-875,11,3.0,,
2026-09-19T14:19:20.003Z,X1909261,1043,-15.76757,-47.87691,1765.6,4.7,9.7,240.4,19.4,48.4,827.3,RS41-SGP,403.502,23.2,-875,11,3.0,,
2026-09-19T14:19:21.003Z,X1909261,1044,-15.76762,-47.87698,1770.4,4.8,8.8,228.9,19.4,47.8,826.9,RS41-SGP,403.502,22.3,-875,11,3.0,,
2026-09-19T14:19:22.003Z,X1909261,1045,-15.76767,-47.87704,1775.6,5.6,8.0,223.3,19.3,48.0,826.4,RS41-SGP,403.502,23.2,-875,11,3.0,,
2026-09-19T14:19:23.004Z,X1909261,1046,-15.76772,-47.87709,1781.5,6.1,7.7,230.1,19.3,48.4,825.9,RS41-SGP,403.502,23.2,-875,11,3.0,,
2026-09-19T14:19:24.004Z,X1909261,1047,-15.76776,-47.87715,1787.4,5.7,7.3,243.7,19.2,49.7,825.2,RS41-SGP,403.502,24.1,-875,11,3.0,,
2026-09-19T14:19:25.004Z,X1909261,1048,-15.76778,-47.87721,1793.2,5.8,6.5,259.4,19.2,50.3,824.7,RS41-SGP,403.502,24.1,-875,11,3.0,,
2026-09-19T14:19:26.004Z,X1909261,1049,-15.76779,-47.87726,1799.3,6.4,4.9,263.0,19.1,50.7,824.1,RS41-SGP,403.502,23.5,-875,11,3.0,,
2026-09-19T14:19:27.004Z,X1909261,1050,-15.76780,-47.87730,1805.8,6.5,4.2,236.8,19.1,49.5,823.5,RS41-SGP,403.502,23.0,-875,11,3.0,,
2026-09-19T14:19:28.004Z,X1909261,1051,-15.76783,-47.87733,1812.2,6.2,5.3,221.6,19.0,50.1,822.9,RS41-SGP,403.502,23.2,-875,11,3.0,,
2026-09-19T14:19:29.004Z,X1909261,1052,-15.76787,-47.87737,1818.3,6.0,5.3,218.0,18.9,50.6,822.3,RS41-SGP,403.502,23.2,-875,11,3.0,,
2026-09-19T14:19:30.004Z,X1909261,1053,-15.76790,-47.87740,1824.4,6.2,5.6,219.5,18.8,50.7,821.6,RS41-SGP,403.502,23.0,-875,11,3.0,,
2026-09-19T14:19:31.004Z,X1909261,1054,-15.76795,-47.87744,1830.7,6.4,6.7,222.5,18.8,50.8,821.2,RS41-SGP,403.502,24.0,-875,11,3.0,,
2026-09-19T14:19:32.004Z,X1909261,1055,-15.76799,-47.87749,1837.1,6.4,8.6,230.8,18.7,50.8,820.5,RS41-SGP,403.502,24.0,-875,11,3.0,,
2026-09-19T14:19:33.004Z,X1909261,1056,-15.76804,-47.87756,1843.4,6.2,10.1,235.6,18.6,50.6,819.7,RS41-SGP,403.502,23.4,-875,11,3.0,,
2026-09-19T14:19:34.004Z,X1909261,1057,-15.76809,-47.87764,1849.5,6.1,10.8,242.0,18.6,50.7,819.2,RS41-SGP,403.502,23.4,-875,11,3.0,,
2026-09-19T14:19:35.004Z,X1909261,1058,-15.76813,-47.87773,1855.7,6.2,9.9,244.8,18.5,50.7,818.6,RS41-SGP,403.502,23.0,-875,11,3.0,,
2026-09-19T14:19:36.004Z,X1909261,1059,-15.76817,-47.87780,1862.0,6.4,9.1,239.4,18.5,51.0,818.0,RS41-SGP,403.502,22.9,-875,11,3.0,,
2026-09-19T14:19:37.004Z,X1909261,1060,-15.76822,-47.87788,1868.3,6.3,9.7,229.4,18.4,51.9,817.5,RS41-SGP,403.502,22.3,-875,11,3.0,,
2026-09-19T14:19:38.004Z,X1909261,1061,-15.76829,-47.87795,1874.8,6.5,10.7,226.4,18.4,51.2,816.7,RS41-SGP,403.502,23.1,-875,11,3.0,,
2026-09-19T14:19:39.004Z,X1909261,1062,-15.76835,-47.87802,1881.7,7.3,10.0,229.4,18.3,51.8,816.3,RS41-SGP,403.502,24.0,-875,11,3.0,,
2026-09-19T14:19:40.004Z,X1909261,1063,-15.76840,-47.87809,1889.3,7.8,8.5,235.9,18.2,51.3,815.5,RS41-SGP,403.502,24.0,-875,11,3.0,,
2026-09-19T14:19:41.004Z,X1909261,1064,-15.76843,-47.87815,1897.2,7.9,6.6,243.1,18.2,51.7,814.7,RS41-SGP,403.502,24.4,-875,11,3.0,,
2026-09-19T14:19:42.004Z,X1909261,1065,-15.76846,-47.87820,1905.0,7.6,5.7,246.6,18.1,52.6,814.0,RS41-SGP,403.502,24.4,-875,11,3.0,,
2026-09-19T14:19:43.004Z,X1909261,1066,-15.76848,-47.87825,1912.3,7.0,5.9,254.3,18.0,53.8,813.3,RS41-SGP,403.502,22.9,-875,11,3.0,,
2026-09-19T14:19:44.004Z,X1909261,1067,-15.76849,-47.87831,1918.8,5.9,7.3,266.8,17.9,54.0,812.6,RS41-SGP,403.502,23.6,-875,11,3.0,,
2026-09-19T14:19:45.004Z,X1909261,1068,-15.76848,-47.87838,1924.1,4.9,8.0,275.4,17.8,54.2,812.2,RS41-SGP,403.502,23.6,-875,11,3.0,,
2026-09-19T14:19:46.004Z,X1909261,1069,-15.76848,-47.87845,1929.0,4.9,6.9,277.3,17.7,56.3,811.7,RS41-SGP,403.502,23.1,-875,11,3.0,,
2026-09-19T14:19:47.004Z,X1909261,1070,-15.76847,-47.87850,1933.9,4.7,4.1,266.0,17.6,54.6,811.1,RS41-SGP,403.502,23.4,-875,11,3.0,,
2026-09-19T14:19:48.004Z,X1909261,1071,-15.76849,-47.87853,1938.8,5.1,3.6,227.2,17.6,54.4,810.7,RS41-SGP,403.502,23.5,-875,11,3.0,,
2026-09-19T14:19:49.004Z,X1909261,1072,-15.76851,-47.87856,1944.0,5.3,5.2,223.7,17.6,53.0,810.3,RS41-SGP,403.502,23.5,-875,11,3.0,,
2026-09-19T14:19:50.004Z,X1909261,1073,-15.76855,-47.87860,1949.7,5.9,6.5,232.2,17.6,52.6,809.9,RS41-SGP,403.502,22.5,-875,11,3.0,,
2026-09-19T14:19:51.004Z,X1909261,1074,-15.76858,-47.87865,1955.7,6.0,6.9,238.2,17.5,53.1,809.1,RS41-SGP,403.502,23.7,-875,11,3.0,,
2026-09-19T14:19:52.004Z,X1909261,1075,-15.76862,-47.87870,1961.9,6.4,6.1,234.8,17.4,53.9,808.5,RS41-SGP,403.502,23.7,-875,11,3.0,,
2026-09-19T14:19:53.004Z,X1909261,1076,-15.76865,-47.87874,1968.5,6.6,5.6,226.4,17.4,53.8,808.0,RS41-SGP,403.502,23.6,-875,11,3.0,,
2026-09-19T14:19:54.004Z,X1909261,1077,-15.76868,-47.87878,1975.1,6.6,5.5,224.4,17.3,55.8,807.4,RS41-SGP,403.502,23.6,-875,11,3.0,,
2026-09-19T14:19:55.004Z,X1909261,1078,-15.76872,-47.87882,1981.6,6.4,5.5,226.2,17.2,58.0,806.6,RS41-SGP,403.502,22.6,-875,11,3.0,,
2026-09-19T14:19:56.004Z,X1909261,1079,-15.76875,-47.87885,1987.7,5.9,5.0,223.9,17.1,57.9,805.9,RS41-SGP,403.502,22.9,-875,11,3.0,,
2026-09-19T14:19:57.004Z,X1909261,1080,-15.76878,-47.87888,1993.7,6.0,3.4,221.9,17.0,57.9,805.5,RS41-SGP,403.502,24.3,-875,11,3.0,,
2026-09-19T14:19:58.004Z,X1909261,1081,-15.76880,-47.87890,1999.7,5.9,2.8,251.9,16.9,57.8,804.9,RS41-SGP,403.502,24.3,-875,11,3.0,,
2026-09-19T14:19:59.004Z,X1909261,1082,-15.76880,-47.87893,2005.3,5.2,5.0,273.1,16.9,57.3,804.4,RS41-SGP,403.502,23.4,-875,11,3.0,,
2026-09-19T14:20:00.004Z,X1909261,1083,-15.76880,-47.87900,2010.0,4.2,8.2,273.5,16.9,57.5,803.9,RS41-SGP,403.502,23.5,-875,11,3.0,,
2026-09-19T14:20:01.004Z,X1909261,1084,-15.76880,-47.87908,2014.5,4.9,10.0,267.2,16.6,64.3,803.6,RS41-SGP,403.502,23.5,-875,11,3.0,,
2026-09-19T14:20:02.004Z,X1909261,1085,-15.76881,-47.87916,2019.5,5.2,8.0,252.2,16.5,62.5,803.1,RS41-SGP,403.502,23.0,-875,11,3.0,,
2026-09-19T14:20:03.004Z,X1909261,1086,-15.76884,-47.87922,2024.2,4.2,5.3,231.4,16.5,62.9,802.7,RS41-SGP,403.502,23.5,-875,11,3.0,,
2026-09-19T14:20:04.004Z,X1909261,1087,-15.76886,-47.87925,2029.0,5.3,4.6,227.4,16.4,63.7,802.2,RS41-SGP,403.502,23.5,-875,11,3.0,,
2026-09-19T14:20:05.004Z,X1909261,1088,-15.76889,-47.87930,2034.8,6.2,6.3,247.5,16.3,65.4,801.7,RS41-SGP,403.502,22.7,-875,11,3.0,,
2026-09-19T14:20:06.004Z,X1909261,1089,-15.76891,-47.87936,2040.7,5.6,8.4,260.1,16.4,61.8,801.3,RS41-SGP,403.502,23.0,-875,11,3.0,,
2026-09-19T14:20:07.004Z,X1909261,1090,-15.76892,-47.87944,2046.4,5.9,8.6,263.6,16.4,62.8,800.7,RS41-SGP,403.502,23.7,-875,11,3.0,,
2026-09-19T14:20:08.004Z,X1909261,1091,-15.76893,-47.87951,2052.1,5.3,6.7,264.1,16.3,63.6,800.1,RS41-SGP,403.502,23.7,-875,11,3.0,,
2026-09-19T14:20:09.004Z,X1909261,1092,-15.76893,-47.87957,2057.1,4.7,5.9,261.5,16.3,62.2,799.6,RS41-SGP,403.502,23.2,-875,11,3.0,,
2026-09-19T14:20:10.004Z,X1909261,1093,-15.76895,-47.87963,2062.0,5.1,7.8,254.6,16.3,64.3,799.3,RS41-SGP,403.502,23.2,-875,11,3.0,,
2026-09-19T14:20:11.004Z,X1909261,1094,-15.76897,-47.87971,2066.7,4.4,10.7,247.3,16.1,64.8,798.8,RS41-SGP,403.502,22.9,-875,11,3.0,,
2026-09-19T14:20:12.004Z,X1909261,1095,-15.76902,-47.87981,2071.2,4.5,11.6,239.5,16.0,66.8,798.3,RS41-SGP,403.502,23.2,-875,11,3.0,,
2026-09-19T14:20:13.004Z,X1909261,1096,-15.76907,-47.87989,2075.8,4.8,9.9,231.3,15.9,66.7,797.9,RS41-SGP,403.502,23.4,-875,11,3.0,,
2026-09-19T14:20:14.004Z,X1909261,1097,-15.76912,-47.87995,2080.8,5.1,7.2,226.8,15.9,66.9,797.4,RS41-SGP,403.502,23.4,-875,11,3.0,,
2026-09-19T14:20:15.004Z,X1909261,1098,-15.76916,-47.87999,2086.0,5.3,5.8,233.6,16.0,62.9,796.9,RS41-SGP,403.502,23.2,-875,11,3.0,,
2026-09-19T14:20:16.004Z,X1909261,1099,-15.76919,-47.88004,2091.6,5.8,6.6,240.6,15.9,66.2,796.4,RS41-SGP,403.502,23.1,-875,11,3.0,,
2026-09-19T14:20:17.004Z,X1909261,1100,-15.76923,-47.88010,2097.5,6.0,8.2,239.7,15.8,66.6,795.9,RS41-SGP,403.502,23.7,-875,11,3.0,,
2026-09-19T14:20:18.004Z,X1909261,1101,-15.76927,-47.88017,2103.5,6.1,8.5,237.4,15.8,64.2,795.2,RS41-SGP,403.502,23.8,-875,11,3.0,,
2026-09-19T14:20:19.004Z,X1909261,1102,-15.76930,-47.88023,2109.1,4.9,6.2,243.9,15.8,60.7,794.8,RS41-SGP,403.502,23.8,-875,11,3.0,,
2026-09-19T14:20:20.004Z,X1909261,1103,-15.76931,-47.88027,2113.1,3.0,4.0,269.4,15.8,62.0,794.4,RS41-SGP,403.502,24.5,-875,11,3.0,,
2026-09-19T14:20:21.004Z,X1909261,1104,-15.76930,-47.88031,2115.8,2.6,4.1,297.7,15.8,62.8,794.2,RS41-SGP,403.502,24.5,-875,11,3.0,,
2026-09-19T14:20:22.004Z,X1909261,1105,-15.76929,-47.88034,2119.1,3.8,3.9,285.5,15.7,63.8,793.8,RS41-SGP,403.502,22.7,-875,11,3.0,,
2026-09-19T14:20:23.004Z,X1909261,1106,-15.76929,-47.88038,2122.8,3.6,4.9,257.9,15.8,62.7,793.5,RS41-SGP,403.502,22.9,-875,11,3.0,,
2026-09-19T14:20:24.004Z,X1909261,1107,-15.76931,-47.88043,2126.5,3.8,5.5,245.4,15.7,61.6,793.2,RS41-SGP,403.502,23.3,-875,11,3.0,,
2026-09-19T14:20:25.004Z,X1909261,1108,-15.76932,-47.88048,2130.1,3.4,5.6,252.8,15.7,62.0,792.9,RS41-SGP,403.502,23.7,-875,11,3.0,,
2026-09-19T14:20:26.004Z,X1909261,1109,-15.76934,-47.88053,2133.8,3.8,6.0,260.4,15.6,64.0,792.4,RS41-SGP,403.502,24.3,-875,11,3.0,,
2026-09-19T14:20:27.004Z,X1909261,1110,-15.76935,-47.88059,2137.7,4.0,7.6,256.3,15.5,66.6,792.2,RS41-SGP,403.502,24.3,-875,11,3.0,,
2026-09-19T14:20:28.004Z,X1909261,1111,-15.76937,-47.88067,2141.3,3.3,9.5,250.6,15.4,66.8,791.8,RS41-SGP,403.502,23.6,-875,11,3.0,,
2026-09-19T14:20:29.004Z,X1909261,1112,-15.76940,-47.88075,2144.9,3.9,10.4,251.2,15.4,69.2,791.4,RS41-SGP,403.502,22.6,-875,11,3.0,,
2026-09-19T14:20:30.004Z,X1909261,1113,-15.76942,-47.88084,2149.2,4.5,9.0,258.9,15.2,69.8,791.1,RS41-SGP,403.502,22.9,-875,11,3.0,,
2026-09-19T14:20:31.004Z,X1909261,1114,-15.76943,-47.88092,2153.7,4.7,7.6,268.5,15.2,67.1,790.8,RS41-SGP,403.502,22.9,-875,11,3.0,,
2026-09-19T14:20:32.004Z,X1909261,1115,-15.76944,-47.88099,2158.7,5.3,7.6,258.7,15.4,60.1,790.2,RS41-SGP,403.502,22.9,-875,11,3.0,,
2026-09-19T14:20:33.004Z,X1909261,1116,-15.76946,-47.88106,2163.8,4.9,9.4,244.5,15.5,59.5,789.8,RS41-SGP,403.502,23.4,-875,11,3.0,,
2026-09-19T14:20:34.004Z,X1909261,1117,-15.76951,-47.88114,2168.8,5.0,10.5,239.6,15.5,59.6,789.3,RS41-SGP,403.502,23.9,-875,11,3.0,,
2026-09-19T14:20:35.004Z,X1909261,1118,-15.76955,-47.88123,2174.0,5.6,9.2,244.8,15.5,58.4,788.6,RS41-SGP,403.502,23.9,-875,11,3.0,,
2026-09-19T14:20:36.004Z,X1909261,1119,-15.76957,-47.88130,2179.2,4.7,7.1,263.3,15.5,56.6,788.4,RS41-SGP,403.502,24.4,-875,11,3.0,,
2026-09-19T14:20:37.004Z,X1909261,1120,-15.76957,-47.88136,2183.7,4.2,6.6,283.9,15.5,56.2,787.8,RS41-SGP,403.502,24.4,-875,11,3.0,,
2026-09-19T14:20:38.004Z,X1909261,1121,-15.76955,-47.88142,2188.1,4.7,7.0,280.5,15.5,55.8,787.5,RS41-SGP,403.502,23.7,-875,11,3.0,,
2026-09-19T14:20:39.004Z,X1909261,1122,-15.76955,-47.88149,2192.7,4.5,7.0,262.7,15.4,57.1,787.1,RS41-SGP,403.502,23.6,-875,11,3.0,,
2026-09-19T14:20:40.004Z,X1909261,1123,-15.76957,-47.88155,2196.9,3.8,7.2,245.0,15.5,56.2,786.7,RS41-SGP,403.502,23.7,-875,11,3.0,,
2026-09-19T14:20:41.004Z,X1909261,1124,-15.76960,-47.88161,2200.5,3.4,7.4,233.6,15.3,58.4,786.2,RS41-SGP,403.502,23.7,-875,11,3.0,,
2026-09-19T14:20:42.004Z,X1909261,1125,-15.76964,-47.88167,2204.4,4.3,8.2,234.8,15.2,59.4,786.0,RS41-SGP,403.502,23.1,-875,11,3.0,,
2026-09-19T14:20:43.004Z,X1909261,1126,-15.76968,-47.88174,2209.0,4.9,9.4,247.7,15.2,59.8,785.5,RS41-SGP,403.502,23.9,-875,11,3.0,,
2026-09-19T14:20:44.004Z,X1909261,1127,-15.76971,-47.88183,2213.9,4.8,10.9,258.3,15.2,59.4,785.0,RS41-SGP,403.502,23.9,-875,11,3.0,,
2026-09-19T14:20:45.004Z,X1909261,1128,-15.76973,-47.88193,2218.8,5.0,11.4,259.9,15.1,59.8,784.6,RS41-SGP,403.502,22.8,-875,11,3.0,,
2026-09-19T14:20:46.004Z,X1909261,1129,-15.76975,-47.88204,2223.7,4.7,11.6,255.9,15.0,59.2,784.2,RS41-SGP,403.502,23.4,-875,11,3.0,,
2026-09-19T14:20:47.004Z,X1909261,1130,-15.76978,-47.88214,2228.2,4.4,11.8,252.4,14.9,59.6,783.7,RS41-SGP,403.502,23.4,-875,11,3.0,,
2026-09-19T14:20:48.004Z,X1909261,1131,-15.76981,-47.88225,2232.8,4.6,11.9,256.5,15.0,60.2,783.3,RS41-SGP,403.502,22.9,-875,11,3.0,,
2026-09-19T14:20:49.004Z,X1909261,1132,-15.76982,-47.88236,2237.3,4.4,11.5,265.4,15.0,60.9,783.0,RS41-SGP,403.502,22.9,-875,11,3.0,,
2026-09-19T14:20:50.004Z,X1909261,1133,-15.76983,-47.88246,2241.8,4.6,10.8,271.7,14.9,59.5,782.5,RS41-SGP,403.502,22.5,-875,11,3.0,,
2026-09-19T14:20:51.004Z,X1909261,1134,-15.76983,-47.88256,2246.6,5.1,9.9,268.8,14.9,60.7,782.0,RS41-SGP,403.502,23.5,-875,11,3.0,,
2026-09-19T14:20:52.004Z,X1909261,1135,-15.76983,-47.88265,2251.7,5.1,10.0,263.6,14.9,58.3,781.5,RS41-SGP,403.502,23.5,-875,11,3.0,,
2026-09-19T14:20:53.004Z,X1909261,1136,-15.76984,-47.88274,2256.9,5.3,10.8,261.1,14.9,58.4,781.2,RS41-SGP,403.502,22.8,-875,11,3.0,,
2026-09-19T14:20:54.004Z,X1909261,1137,-15.76986,-47.88285,2262.1,5.1,11.8,261.8,14.9,56.7,780.7,RS41-SGP,403.502,23.0,-875,11,3.0,,
2026-09-19T14:20:55.004Z,X1909261,1138,-15.76988,-47.88296,2267.1,4.9,12.7,259.7,14.7,59.2,780.3,RS41-SGP,403.502,23.5,-875,11,3.0,,
2026-09-19T14:20:56.004Z,X1909261,1139,-15.76990,-47.88308,2271.7,4.2,12.6,256.9,14.7,58.6,779.8,RS41-SGP,403.502,23.5,-875,11,3.0,,
2026-09-19T14:20:57.004Z,X1909261,1140,-15.76993,-47.88319,2275.3,3.0,12.5,250.1,14.8,56.8,779.3,RS41-SGP,403.502,15.5,-875,11,3.0,,
2026-09-19T14:20:58.004Z,X1909261,1141,-15.76997,-47.88330,2278.4,3.1,12.2,244.8,14.8,57.1,779.1,RS41-SGP,403.502,21.9,-875,11,3.0,,
2026-09-19T14:20:59.004Z,X1909261,1142,-15.77002,-47.88339,2281.9,4.0,11.3,243.3,14.6,57.3,778.8,RS41-SGP,403.502,21.9,-875,11,3.0,,
2026-09-19T14:21:00.004Z,X1909261,1143,-15.77006,-47.88349,2286.2,4.5,10.6,246.2,14.7,54.8,778.4,RS41-SGP,403.502,22.8,-875,11,3.0,,
2026-09-19T14:21:01.004Z,X1909261,1144,-15.77010,-47.88357,2290.8,4.9,9.8,246.2,14.8,52.4,778.0,RS41-SGP,403.502,23.8,-875,11,3.0,,
2026-09-19T14:21:02.004Z,X1909261,1145,-15.77014,-47.88365,2295.5,4.4,8.6,241.2,15.1,41.9,777.5,RS41-SGP,403.502,23.8,-875,11,3.0,,
2026-09-19T14:21:03.004Z,X1909261,1146,-15.77017,-47.88371,2300.1,4.7,7.0,240.5,15.3,40.8,777.0,RS41-SGP,403.502,23.7,-875,11,3.0,,
2026-09-19T14:21:04.004Z,X1909261,1147,-15.77020,-47.88377,2305.1,5.3,6.4,252.6,15.2,40.3,776.5,RS41-SGP,403.502,23.7,-875,11,3.0,,
2026-09-19T14:21:05.004Z,X1909261,1148,-15.77021,-47.88384,2310.4,5.3,8.1,259.8,15.2,41.9,776.1,RS41-SGP,403.502,22.9,-875,11,3.0,,
2026-09-19T14:21:06.004Z,X1909261,1149,-15.77023,-47.88392,2315.4,4.8,10.7,259.0,15.1,43.0,775.7,RS41-SGP,403.502,22.1,-875,11,3.0,,
2026-09-19T14:21:07.004Z,X1909261,1150,-15.77025,-47.88403,2320.4,5.0,12.1,252.1,15.1,41.1,775.1,RS41-SGP,403.502,22.7,-875,11,3.0,,
2026-09-19T14:21:08.004Z,X1909261,1151,-15.77029,-47.88413,2325.4,5.0,11.8,245.6,15.0,41.3,774.8,RS41-SGP,403.502,22.7,-875,11,3.0,,
2026-09-19T14:21:09.004Z,X1909261,1152,-15.77034,-47.88422,2330.3,4.7,10.1,237.3,15.1,40.6,774.3,RS41-SGP,403.502,23.1,-875,11,3.0,,
2026-09-19T14:21:10.004Z,X1909261,1153,-15.77039,-47.88429,2334.7,4.1,8.9,230.3,15.1,40.0,773.9,RS41-SGP,403.502,23.2,-875,11,3.0,,
2026-09-19T14:21:11.004Z,X1909261,1154,-15.77044,-47.88435,2339.1,4.5,8.3,230.5,15.1,40.0,773.5,RS41-SGP,403.502,23.2,-875,11,3.0,,
2026-09-19T14:21:12.004Z,X1909261,1155,-15.77048,-47.88441,2343.7,4.7,7.6,237.4,15.0,39.6,773.1,RS41-SGP,403.502,24.1,-875,11,3.0,,
2026-09-19T14:21:13.004Z,X1909261,1156,-15.77051,-47.88447,2348.8,5.4,7.2,242.6,14.9,40.3,772.6,RS41-SGP,403.502,24.1,-875,11,3.0,,
2026-09-19T14:21:14.004Z,X1909261,1157,-15.77054,-47.88453,2354.2,5.5,7.1,247.1,14.8,40.3,772.1,RS41-SGP,403.502,23.9,-875,11,3.0,,
2026-09-19T14:21:15.004Z,X1909261,1158,-15.77056,-47.88460,2359.7,5.4,7.0,256.0,14.8,40.3,771.6,RS41-SGP,403.502,23.0,-875,11,3.0,,
2026-09-19T14:21:16.004Z,X1909261,1159,-15.77057,-47.88466,2364.6,4.6,7.9,267.7,14.7,40.6,770.9,RS41-SGP,403.502,23.1,-875,11,3.0,,
2026-09-19T14:21:17.004Z,X1909261,1160,-15.77057,-47.88475,2369.1,4.3,9.5,272.3,14.6,40.7,770.8,RS41-SGP,403.502,23.8,-875,11,3.0,,
2026-09-19T14:21:18.004Z,X1909261,1161,-15.77057,-47.88484,2373.5,4.5,10.5,268.3,14.6,41.2,770.3,RS41-SGP,403.502,23.8,-875,11,3.0,,
2026-09-19T14:21:19.004Z,X1909261,1162,-15.77058,-47.88494,2378.2,4.9,10.5,258.9,14.5,41.6,769.7,RS41-SGP,403.502,23.3,-875,11,3.0,,
2026-09-19T14:21:20.004Z,X1909261,1163,-15.77060,-47.88503,2383.3,5.3,9.8,254.0,14.5,42.2,769.6,RS41-SGP,403.502,23.6,-875,11,3.0,,
2026-09-19T14:21:21.004Z,X1909261,1164,-15.77062,-47.88511,2388.7,5.5,8.7,259.7,14.4,42.3,769.1,RS41-SGP,403.502,23.6,-875,11,3.0,,
2026-09-19T14:21:22.004Z,X1909261,1165,-15.77063,-47.88519,2394.1,5.2,8.1,273.2,14.4,42.1,768.4,RS41-SGP,403.502,23.7,-875,11,3.0,,
2026-09-19T14:21:23.004Z,X1909261,1166,-15.77062,-47.88526,2399.1,4.9,7.5,278.6,14.4,41.7,768.0,RS41-SGP,403.502,23.8,-875,11,3.0,,
2026-09-19T14:21:24.004Z,X1909261,1167,-15.77061,-47.88533,2404.1,4.9,6.7,271.6,14.3,41.9,767.5,RS41-SGP,403.502,23.8,-875,11,3.0,,
2026-09-19T14:21:25.004Z,X1909261,1168,-15.77062,-47.88539,2409.0,4.9,6.3,257.4,14.4,41.5,767.2,RS41-SGP,403.502,22.8,-875,11,3.0,,
2026-09-19T14:21:26.004Z,X1909261,1169,-15.77064,-47.88544,2414.0,5.0,6.6,245.5,14.4,40.8,766.7,RS41-SGP,403.502,22.6,-875,11,3.0,,
2026-09-19T14:21:27.004Z,X1909261,1170,-15.77067,-47.88550,2419.1,5.3,6.9,242.1,14.3,41.3,766.2,RS41-SGP,403.502,23.7,-875,11,3.0,,
2026-09-19T14:21:28.004Z,X1909261,1171,-15.77070,-47.88556,2424.7,5.8,7.9,243.2,14.2,41.2,765.6,RS41-SGP,403.502,23.7,-875,11,3.0,,
2026-09-19T14:21:29.004Z,X1909261,1172,-15.77073,-47.88563,2430.6,5.9,9.1,247.1,14.2,40.9,765.2,RS41-SGP,403.502,23.9,-875,11,3.0,,
2026-09-19T14:21:30.004Z,X1909261,1173,-15.77076,-47.88572,2436.5,5.9,10.2,249.3,14.1,41.2,764.7,RS41-SGP,403.502,23.9,-875,11,3.0,,
2026-09-19T14:21:31.004Z,X1909261,1174,-15.77079,-47.88581,2442.3,5.6,10.6,252.5,14.1,41.4,764.0,RS41-SGP,403.502,23.9,-875,11,3.0,,
2026-09-19T14:21:32.004Z,X1909261,1175,-15.77081,-47.88590,2448.0,5.7,10.4,259.3,14.0,41.7,763.6,RS41-SGP,403.502,23.6,-875,11,3.0,,
2026-09-19T14:21:33.004Z,X1909261,1176,-15.77082,-47.88600,2453.6,5.4,9.7,269.5,14.0,41.5,763.1,RS41-SGP,403.502,23.6,-875,11,3.0,,
2026-09-19T14:21:34.004Z,X1909261,1177,-15.77082,-47.88608,2459.1,5.6,8.5,274.7,13.9,41.3,762.6,RS41-SGP,403.502,22.7,-875,11,3.0,,
2026-09-19T14:21:35.004Z,X1909261,1178,-15.77082,-47.88615,2465.0,6.1,7.1,268.3,13.9,41.0,762.0,RS41-SGP,403.502,22.7,-875,11,3.0,,
2026-09-19T14:21:36.004Z,X1909261,1179,-15.77083,-47.88621,2471.2,6.2,6.5,250.0,13.9,41.2,761.5,RS41-SGP,403.502,24.2,-875,11,3.0,,
2026-09-19T14:21:37.004Z,X1909261,1180,-15.77086,-47.88627,2477.5,6.3,7.2,238.3,13.9,40.7,760.8,RS41-SGP,403.502,24.2,-875,11,3.0,,
2026-09-19T14:21:38.004Z,X1909261,1181,-15.77089,-47.88633,2483.7,6.1,7.1,239.0,13.8,41.0,760.5,RS41-SGP,403.502,23.9,-875,11,3.0,,
2026-09-19T14:21:39.004Z,X1909261,1182,-15.77092,-47.88638,2489.4,5.0,6.4,238.5,13.7,41.6,760.0,RS41-SGP,403.502,24.4,-875,11,3.0,,
2026-09-19T14:21:40.004Z,X1909261,1183,-15.77095,-47.88643,2493.8,4.0,6.0,232.2,13.6,41.5,759.4,RS41-SGP,403.502,24.4,-875,11,3.0,,
2026-09-19T14:21:41.004Z,X1909261,1184,-15.77099,-47.88647,2497.7,3.6,6.2,222.8,13.6,41.9,759.1,RS41-SGP,403.502,22.8,-875,11,3.0,,
2026-09-19T14:21:42.004Z,X1909261,1185,-15.77103,-47.88651,2501.4,3.8,7.1,220.9,13.5,42.6,758.8,RS41-SGP,403.502,23.4,-875,11,3.0,,
2026-09-19T14:21:43.004Z,X1909261,1186,-15.77108,-47.88656,2505.4,4.2,7.6,226.5,13.5,42.6,758.5,RS41-SGP,403.502,23.4,-875,11,3.0,,
2026-09-19T14:21:44.004Z,X1909261,1187,-15.77113,-47.88661,2510.0,4.9,7.2,232.1,13.5,41.2,758.0,RS41-SGP,403.502,23.4,-875,11,3.0,,
2026-09-19T14:21:45.004Z,X1909261,1188,-15.77116,-47.88666,2515.3,5.7,5.9,234.4,13.6,40.4,757.6,RS41-SGP,403.502,22.9,-875,11,3.0,,
2026-09-19T14:21:46.004Z,X1909261,1189,-15.77119,-47.88670,2521.3,6.1,4.8,237.1,13.7,39.4,757.0,RS41-SGP,403.502,23.4,-875,11,3.0,,
2026-09-19T14:21:47.004Z,X1909261,1190,-15.77121,-47.88674,2527.5,6.4,4.4,245.4,13.6,40.1,756.4,RS41-SGP,403.502,23.4,-875,11,3.0,,
2026-09-19T14:21:48.004Z,X1909261,1191,-15.77122,-47.88678,2533.9,6.3,4.6,254.9,13.6,38.6,755.8,RS41-SGP,403.502,23.3,-875,11,3.0,,
2026-09-19T14:21:49.004Z,X1909261,1192,-15.77123,-47.88682,2540.2,6.3,4.8,263.4,13.6,38.1,755.3,RS41-SGP,403.502,23.7,-875,11,3.0,,
2026-09-19T14:21:50.004Z,X1909261,1193,-15.77123,-47.88687,2546.5,6.2,5.1,271.5,13.6,38.0,754.7,RS41-SGP,403.502,23.7,-875,11,3.0,,
2026-09-19T14:21:51.004Z,X1909261,1194,-15.77123,-47.88691,2552.3,5.2,5.3,279.2,13.5,38.7,754.0,RS41-SGP,403.502,22.6,-875,11,3.0,,
2026-09-19T14:21:52.004Z,X1909261,1195,-15.77122,-47.88696,2557.6,5.5,5.2,285.3,13.4,39.1,753.7,RS41-SGP,403.502,22.6,-875,11,3.0,,
2026-09-19T14:21:53.004Z,X1909261,1196,-15.77121,-47.88701,2563.4,6.0,5.0,281.5,13.3,39.2,753.2,RS41-SGP,403.502,22.7,-875,11,3.0,,
2026-09-19T14:21:54.004Z,X1909261,1197,-15.77120,-47.88706,2569.7,6.5,5.5,270.3,13.3,39.3,752.6,RS41-SGP,403.502,22.7,-875,11,3.0,,
2026-09-19T14:21:55.004Z,X1909261,1198,-15.77120,-47.88711,2576.3,6.7,6.5,266.8,13.3,39.8,752.0,RS41-SGP,403.502,23.4,-875,11,3.0,,
2026-09-19T14:21:56.004Z,X1909261,1199,-15.77120,-47.88718,2582.9,6.4,7.3,274.7,13.1,40.4,751.3,RS41-SGP,403.502,23.4,-875,11,3.0,,
2026-09-19T14:21:57.004Z,X1909261,1200,-15.77119,-47.88725,2589.1,5.9,7.8,282.7,13.0,40.8,751.0,RS41-SGP,403.502,23.1,-875,11,3.0,,
2026-09-19T14:21:58.004Z,X1909261,1201,-15.77117,-47.88732,2594.6,5.1,7.8,287.0,13.0,39.8,750.4,RS41-SGP,403.502,22.4,-875,11,3.0,,
2026-09-19T14:21:59.004Z,X1909261,1202,-15.77115,-47.88738,2599.3,4.4,7.8,288.0,13.0,38.9,749.9,RS41-SGP,403.502,22.6,-875,11,3.0,,
2026-09-19T14:22:00.004Z,X1909261,1203,-15.77113,-47.88746,2603.8,4.7,8.1,282.2,13.0,38.7,749.5,RS41-SGP,403.502,23.6,-875,11,3.0,,
2026-09-19T14:22:01.004Z,X1909261,1204,-15.77112,-47.88753,2608.5,4.7,8.7,271.9,13.0,38.6,749.2,RS41-SGP,403.502,23.6,-875,11,3.0,,
2026-09-19T14:22:02.004Z,X1909261,1205,-15.77113,-47.88762,2613.2,4.7,9.3,264.2,13.0,37.8,748.8,RS41-SGP,403.502,23.6,-875,11,3.0,,
2026-09-19T14:22:03.004Z,X1909261,1206,-15.77114,-47.88770,2618.0,4.7,9.3,261.6,13.0,37.5,748.3,RS41-SGP,403.502,23.6,-875,11,3.0,,
2026-09-19T14:22:04.004Z,X1909261,1207,-15.77115,-47.88779,2623.0,5.2,8.9,262.7,13.0,37.7,747.8,RS41-SGP,403.502,23.4,-875,11,3.0,,
2026-09-19T14:22:05.004Z,X1909261,1208,-15.77116,-47.88787,2628.3,5.4,8.5,264.5,13.1,37.1,747.4,RS41-SGP,403.502,23.3,-875,11,3.0,,
2026-09-19T14:22:06.004Z,X1909261,1209,-15.77117,-47.88795,2633.6,5.1,8.6,260.9,13.1,37.0,746.9,RS41-SGP,403.502,23.3,-875,11,3.0,,
2026-09-19T14:22:07.004Z,X1909261,1210,-15.77119,-47.88803,2638.6,5.0,9.0,250.4,12.9,37.7,746.5,RS41-SGP,403.502,23.4,-875,11,3.0,,
2026-09-19T14:22:08.004Z,X1909261,1211,-15.77122,-47.88810,2643.6,4.9,9.0,241.1,12.8,37.6,746.0,RS41-SGP,403.502,23.6,-875,11,3.0,,
2026-09-19T14:22:09.004Z,X1909261,1212,-15.77126,-47.88817,2648.5,5.0,7.7,236.4,12.7,38.2,745.7,RS41-SGP,403.502,23.6,-875,11,3.0,,
2026-09-19T14:22:10.004Z,X1909261,1213,-15.77129,-47.88822,2653.4,4.8,5.7,236.0,12.7,38.3,745.3,RS41-SGP,403.502,22.8,-875,11,3.0,,
2026-09-19T14:22:11.004Z,X1909261,1214,-15.77132,-47.88826,2658.4,5.1,4.0,243.9,12.6,38.2,744.7,RS41-SGP,403.502,22.9,-875,11,3.0,,
2026-09-19T14:22:12.004Z,X1909261,1215,-15.77133,-47.88829,2663.8,5.7,3.8,259.8,12.6,38.6,744.2,RS41-SGP,403.502,24.3,-875,11,3.0,,
2026-09-19T14:22:13.004Z,X1909261,1216,-15.77133,-47.88833,2669.6,6.0,4.4,265.5,12.6,38.6,743.9,RS41-SGP,403.502,24.3,-875,11,3.0,,
2026-09-19T14:22:14.004Z,X1909261,1217,-15.77133,-47.88837,2675.6,5.9,4.8,270.2,12.6,38.6,743.3,RS41-SGP,403.502,23.9,-875,11,3.0,,
2026-09-19T14:22:15.004Z,X1909261,1218,-15.77133,-47.88842,2681.5,5.9,5.0,279.4,12.5,38.8,742.7,RS41-SGP,403.502,23.7,-875,11,3.0,,
2026-09-19T14:22:16.004Z,X1909261,1219,-15.77132,-47.88847,2687.4,6.0,5.1,287.9,12.4,38.6,742.2,RS41-SGP,403.502,23.7,-875,11,3.0,,
2026-09-19T14:22:17.004Z,X1909261,1220,-15.77130,-47.88851,2693.3,5.7,4.5,290.3,12.5,37.3,741.7,RS41-SGP,403.502,23.7,-875,11,3.0,,
2026-09-19T14:22:18.004Z,X1909261,1221,-15.77129,-47.88854,2698.8,5.4,3.5,291.8,12.6,37.4,741.1,RS41-SGP,403.502,23.3,-875,11,3.0,,
2026-09-19T14:22:19.004Z,X1909261,1222,-15.77128,-47.88857,2704.2,5.3,2.5,284.2,12.4,37.9,740.7,RS41-SGP,403.502,22.9,-875,11,3.0,,
2026-09-19T14:22:20.004Z,X1909261,1223,-15.77128,-47.88859,2709.6,5.4,2.5,258.6,12.3,37.3,740.2,RS41-SGP,403.502,21.8,-875,11,3.0,,
2026-09-19T14:22:21.004Z,X1909261,1224,-15.77129,-47.88862,2715.1,5.7,3.4,240.6,12.3,37.7,739.8,RS41-SGP,403.502,23.3,-875,11,3.0,,
2026-09-19T14:22:22.004Z,X1909261,1225,-15.77131,-47.88865,2720.9,5.9,4.9,238.1,12.3,36.7,739.1,RS41-SGP,403.502,23.3,-875,11,3.0,,
2026-09-19T14:22:23.004Z,X1909261,1226,-15.77133,-47.88869,2727.2,6.5,5.7,247.0,12.2,36.6,738.5,RS41-SGP,403.502,24.4,-875,11,3.0,,
2026-09-19T14:22:24.004Z,X1909261,1227,-15.77135,-47.88874,2733.8,6.7,5.6,257.5,12.2,36.2,738.0,RS41-SGP,403.502,24.4,-875,11,3.0,,
2026-09-19T14:22:25.004Z,X1909261,1228,-15.77136,-47.88879,2740.6,6.9,5.6,265.6,12.2,36.0,737.4,RS41-SGP,403.502,24.1,-875,11,3.0,,
2026-09-19T14:22:26.004Z,X1909261,1229,-15.77136,-47.88885,2747.2,6.1,6.2,270.7,12.1,35.5,736.9,RS41-SGP,403.502,24.0,-875,11,3.0,,
2026-09-19T14:22:27.004Z,X1909261,1230,-15.77135,-47.88891,2752.9,5.4,7.0,279.5,12.1,35.7,736.4,RS41-SGP,403.502,23.8,-875,11,3.0,,
2026-09-19T14:22:28.004Z,X1909261,1231,-15.77134,-47.88897,2757.9,4.5,6.6,292.0,12.2,33.7,735.9,RS41-SGP,403.502,22.9,-875,11,3.0,,
2026-09-19T14:22:29.004Z,X1909261,1232,-15.77131,-47.88902,2762.0,3.7,5.3,305.2,12.2,33.2,735.6,RS41-SGP,403.502,23.1,-875,11,3.0,,
2026-09-19T14:22:30.004Z,X1909261,1233,-15.77129,-47.88905,2765.8,3.8,3.9,312.7,12.2,33.0,735.3,RS41-SGP,403.502,23.1,-875,11,3.0,,
2026-09-19T14:22:31.004Z,X1909261,1234,-15.77127,-47.88908,2770.1,4.7,3.5,296.3,12.1,33.0,734.8,RS41-SGP,403.502,23.4,-875,11,3.0,,
2026-09-19T14:22:32.004Z,X1909261,1235,-15.77125,-47.88912,2775.0,5.0,4.6,283.4,12.0,33.0,734.6,RS41-SGP,403.502,24.5,-875,11,3.0,,
2026-09-19T14:22:33.004Z,X1909261,1236,-15.77124,-47.88916,2780.3,5.6,5.3,286.2,12.1,32.9,734.0,RS41-SGP,403.502,24.5,-875,11,3.0,,
2026-09-19T14:22:34.004Z,X1909261,1237,-15.77123,-47.88920,2786.0,5.8,4.3,297.7,12.0,33.4,733.5,RS41-SGP,403.502,23.5,-875,11,3.0,,
2026-09-19T14:22:35.004Z,X1909261,1238,-15.77121,-47.88923,2791.7,5.5,2.2,302.4,12.0,33.0,732.9,RS41-SGP,403.502,24.2,-875,11,3.0,,
2026-09-19T14:22:36.004Z,X1909261,1239,-15.77121,-47.88924,2797.2,5.4,1.1,231.4,12.0,33.0,732.4,RS41-SGP,403.502,24.2,-875,11,3.0,,
2026-09-19T14:22:37.004Z,X1909261,1240,-15.77122,-47.88925,2802.9,6.0,2.7,219.6,11.9,33.0,731.9,RS41-SGP,403.502,23.0,-875,11,3.0,,
2026-09-19T14:22:38.004Z,X1909261,1241,-15.77124,-47.88928,2809.3,6.7,4.0,241.1,11.8,33.3,731.3,RS41-SGP,403.502,23.2,-875,11,3.0,,
2026-09-19T14:22:39.004Z,X1909261,1242,-15.77125,-47.88932,2816.3,7.2,4.7,262.1,11.8,33.0,730.9,RS41-SGP,403.502,23.2,-875,11,3.0,,
2026-09-19T14:22:40.004Z,X1909261,1243,-15.77125,-47.88936,2823.4,6.9,5.0,279.9,11.7,32.9,730.3,RS41-SGP,403.502,22.7,-875,11,3.0,,
2026-09-19T14:22:41.004Z,X1909261,1244,-15.77124,-47.88941,2829.9,6.0,5.4,289.9,11.6,33.5,729.6,RS41-SGP,403.502,23.0,-875,11,3.0,,
2026-09-19T14:22:42.004Z,X1909261,1245,-15.77122,-47.88946,2835.5,5.1,6.1,294.3,11.6,33.3,729.0,RS41-SGP,403.502,24.1,-875,11,3.0,,
2026-09-19T14:22:43.004Z,X1909261,1246,-15.77120,-47.88951,2840.6,5.0,6.7,289.9,11.6,33.1,728.7,RS41-SGP,403.502,24.1,-875,11,3.0,,
2026-09-19T14:22:44.004Z,X1909261,1247,-15.77118,-47.88957,2845.5,4.9,7.0,281.2,11.6,31.9,728.2,RS41-SGP,403.502,24.2,-875,11,3.0,,
2026-09-19T14:22:45.004Z,X1909261,1248,-15.77118,-47.88964,2850.8,5.5,6.8,272.7,11.7,29.8,727.8,RS41-SGP,403.502,24.2,-875,11,3.0,,
2026-09-19T14:22:46.004Z,X1909261,1249,-15.77117,-47.88969,2856.6,6.3,5.6,279.1,11.8,27.8,727.2,RS41-SGP,403.502,24.2,-875,11,3.0,,
2026-09-19T14:22:47.004Z,X1909261,1250,-15.77115,-47.88974,2862.9,6.2,4.5,304.5,11.9,23.6,726.8,RS41-SGP,403.502,23.4,-875,11,3.0,,
2026-09-19T14:22:48.004Z,X1909261,1251,-15.77113,-47.88977,2869.2,6.4,4.6,326.9,12.1,22.1,726.1,RS41-SGP,403.502,23.8,-875,11,3.0,,
2026-09-19T14:22:49.004Z,X1909261,1252,-15.77109,-47.88979,2875.4,6.1,4.7,331.8,12.2,20.6,725.5,RS41-SGP,403.502,23.8,-875,11,3.0,,
2026-09-19T14:22:50.004Z,X1909261,1253,-15.77106,-47.88980,2881.2,5.5,3.5,333.0,12.2,20.4,725.1,RS41-SGP,403.502,23.0,-875,11,3.0,,
2026-09-19T14:22:51.004Z,X1909261,1254,-15.77103,-47.88982,2886.3,4.8,2.0,334.7,12.1,20.2,724.7,RS41-SGP,403.502,23.6,-875,11,3.0,,
2026-09-19T14:22:52.004Z,X1909261,1255,-15.77102,-47.88982,2891.1,4.9,1.1,334.4,12.1,19.9,724.3,RS41-SGP,403.502,23.6,-875,11,3.0,,
2026-09-19T14:22:53.004Z,X1909261,1256,-15.77101,-47.88983,2896.2,5.2,1.1,319.3,12.1,19.6,723.9,RS41-SGP,403.502,23.6,-875,11,3.0,,
2026-09-19T14:22:54.004Z,X1909261,1257,-15.77101,-47.88984,2901.6,5.4,1.7,293.4,12.1,19.4,723.4,RS41-SGP,403.502,23.4,-875,11,3.0,,
2026-09-19T14:22:55.004Z,X1909261,1258,-15.77100,-47.88985,2906.9,5.3,2.2,272.6,12.1,19.2,723.0,RS41-SGP,403.502,23.4,-875,11,3.0,,
2026-09-19T14:22:56.004Z,X1909261,1259,-15.77101,-47.88988,2911.9,4.6,2.6,256.6,12.1,19.1,722.5,RS41-SGP,403.502,23.5,-875,11,3.0,,
2026-09-19T14:22:57.004Z,X1909261,1260,-15.77101,-47.88990,2916.6,4.7,3.5,251.7,12.1,18.9,722.0,RS41-SGP,403.502,23.5,-875,11,3.0,,
2026-09-19T14:22:58.004Z,X1909261,1261,-15.77102,-47.88994,2921.7,5.4,4.6,263.3,12.2,18.5,721.6,RS41-SGP,403.502,23.9,-875,11,3.0,,
2026-09-19T14:22:59.004Z,X1909261,1262,-15.77102,-47.88999,2927.4,6.0,5.3,280.8,12.2,18.4,721.1,RS41-SGP,403.502,23.9,-875,11,3.0,,
2026-09-19T14:23:00.004Z,X1909261,1263,-15.77100,-47.89003,2933.5,6.3,5.7,295.9,12.1,18.4,720.8,RS41-SGP,403.502,23.6,-875,11,3.0,,
2026-09-19T14:23:01.004Z,X1909261,1264,-15.77098,-47.89008,2939.9,6.5,5.9,304.1,11.9,18.6,720.2,RS41-SGP,403.502,23.8,-875,11,3.0,,
2026-09-19T14:23:02.004Z,X1909261,1265,-15.77095,-47.89013,2946.5,6.6,6.0,307.5,11.9,18.7,719.5,RS41-SGP,403.502,23.8,-875,11,3.0,,
2026-09-19T14:23:03.004Z,X1909261,1266,-15.77091,-47.89017,2952.9,6.3,5.7,314.6,11.9,18.7,719.0,RS41-SGP,403.502,23.7,-875,11,3.0,,
2026-09-19T14:23:04.004Z,X1909261,1267,-15.77087,-47.89020,2959.0,5.7,5.1,325.2,11.8,18.7,718.4,RS41-SGP,403.502,23.6,-875,11,3.0,,
2026-09-19T14:23:05.004Z,X1909261,1268,-15.77084,-47.89022,2964.2,4.8,4.4,338.6,11.8,18.7,718.0,RS41-SGP,403.502,23.6,-875,11,3.0,,
2026-09-19T14:23:06.004Z,X1909261,1269,-15.77080,-47.89023,2968.7,4.4,4.2,344.5,11.8,17.5,717.7,RS41-SGP,403.502,22.9,-875,11,3.0,,
2026-09-19T14:23:07.004Z,X1909261,1270,-15.77076,-47.89025,2973.3,4.8,4.7,336.4,11.8,17.7,717.2,RS41-SGP,403.502,22.9,-875,11,3.0,,
2026-09-19T14:23:08.004Z,X1909261,1271,-15.77072,-47.89027,2978.2,5.0,6.1,324.4,11.8,17.5,716.8,RS41-SGP,403.502,24.1,-875,11,3.0,,
2026-09-19T14:23:09.004Z,X1909261,1272,-15.77067,-47.89031,2983.3,5.2,7.5,318.2,11.8,17.5,716.4,RS41-SGP,403.502,24.1,-875,11,3.0,,
2026-09-19T14:23:10.004Z,X1909261,1273,-15.77062,-47.89036,2988.6,5.4,7.8,317.1,11.8,17.2,715.9,RS41-SGP,403.502,24.0,-875,11,3.0,,
2026-09-19T14:23:11.004Z,X1909261,1274,-15.77057,-47.89041,2994.1,5.4,7.2,319.8,11.8,16.5,715.5,RS41-SGP,403.502,23.8,-875,11,3.0,,
2026-09-19T14:23:12.004Z,X1909261,1275,-15.77052,-47.89045,2999.4,5.1,6.7,323.5,11.7,16.5,715.0,RS41-SGP,403.502,23.8,-875,11,3.0,,
2026-09-19T14:23:13.004Z,X1909261,1276,-15.77047,-47.89048,3004.4,4.8,6.7,328.0,11.8,16.4,714.5,RS41-SGP,403.502,23.5,-875,11,3.0,,
2026-09-19T14:23:14.004Z,X1909261,1277,-15.77042,-47.89052,3008.9,4.1,7.2,330.8,11.7,16.4,714.1,RS41-SGP,403.502,23.0,-875,11,3.0,,
2026-09-19T14:23:15.004Z,X1909261,1278,-15.77036,-47.89055,3013.1,4.1,7.6,330.2,11.6,16.5,713.8,RS41-SGP,403.502,23.1,-875,11,3.0,,
2026-09-19T14:23:16.004Z,X1909261,1279,-15.77030,-47.89059,3017.3,4.3,7.5,325.9,11.5,16.5,713.5,RS41-SGP,403.502,23.1,-875,11,3.0,,
2026-09-19T14:23:17.004Z,X1909261,1280,-15.77025,-47.89063,3021.9,4.8,7.5,320.0,11.5,16.5,713.0,RS41-SGP,403.502,23.1,-875,11,3.0,,
2026-09-19T14:23:18.004Z,X1909261,1281,-15.77020,-47.89068,3026.8,5.0,7.7,314.5,11.5,16.5,712.6,RS41-SGP,403.502,24.2,-875,11,3.0,,
2026-09-19T14:23:19.004Z,X1909261,1282,-15.77015,-47.89073,3031.7,4.7,8.4,308.4,11.5,16.5,712.2,RS41-SGP,403.502,24.2,-875,11,3.0,,
2026-09-19T14:23:20.004Z,X1909261,1283,-15.77010,-47.89080,3036.4,4.6,8.9,303.3,11.5,16.5,711.8,RS41-SGP,403.502,24.0,-875,11,3.0,,
2026-09-19T14:23:21.004Z,X1909261,1284,-15.77006,-47.89087,3041.0,4.6,8.6,298.7,11.4,16.5,711.4,RS41-SGP,403.502,24.5,-875,11,3.0,,
2026-09-19T14:23:22.004Z,X1909261,1285,-15.77003,-47.89094,3045.6,4.6,8.2,296.3,11.3,16.7,711.1,RS41-SGP,403.502,24.5,-875,11,3.0,,
2026-09-19T14:23:23.004Z,X1909261,1286,-15.77000,-47.89101,3050.2,4.5,8.0,292.9,11.3,16.6,710.8,RS41-SGP,403.502,24.2,-875,11,3.0,,
2026-09-19T14:23:24.004Z,X1909261,1287,-15.76997,-47.89108,3054.6,4.1,8.0,289.7,11.3,16.4,710.3,RS41-SGP,403.502,23.8,-875,11,3.0,,
2026-09-19T14:23:25.004Z,X1909261,1288,-15.76995,-47.89115,3058.7,4.1,7.7,284.6,11.2,16.5,710.1,RS41-SGP,403.502,23.8,-875,11,3.0,,
2026-09-19T14:23:26.004Z,X1909261,1289,-15.76994,-47.89121,3062.9,4.2,6.7,279.9,11.1,16.6,709.7,RS41-SGP,403.502,23.8,-875,11,3.0,,
2026-09-19T14:23:27.004Z,X1909261,1290,-15.76993,-47.89127,3067.2,4.3,5.5,279.9,11.1,16.7,709.3,RS41-SGP,403.502,23.8,-875,11,3.0,,
2026-09-19T14:23:28.004Z,X1909261,1291,-15.76992,-47.89131,3071.6,4.5,4.7,285.3,11.1,16.3,709.0,RS41-SGP,403.502,23.8,-875,11,3.0,,
2026-09-19T14:23:29.004Z,X1909261,1292,-15.76991,-47.89135,3076.1,4.5,4.5,287.4,11.1,16.4,708.5,RS41-SGP,403.502,23.8,-875,11,3.0,,
2026-09-19T14:23:30.004Z,X1909261,1293,-15.76990,-47.89139,3080.3,4.0,4.4,287.6,11.1,16.4,708.2,RS41-SGP,403.502,23.3,-875,11,3.0,,
2026-09-19T14:23:31.004Z,X1909261,1294,-15.76988,-47.89143,3084.3,3.9,4.0,286.4,11.0,16.5,707.8,RS41-SGP,403.502,24.5,-875,11,3.0,,
2026-09-19T14:23:32.004Z,X1909261,1295,-15.76987,-47.89146,3088.2,4.1,3.5,289.5,11.0,16.4,707.6,RS41-SGP,403.502,24.5,-875,11,3.0,,
2026-09-19T14:23:33.004Z,X1909261,1296,-15.76986,-47.89149,3092.5,4.5,3.5,293.8,11.0,16.4,707.1,RS41-SGP,403.502,24.0,-875,11,3.0,,
2026-09-19T14:23:34.004Z,X1909261,1297,-15.76985,-47.89153,3097.2,4.9,4.0,292.6,11.0,15.8,706.7,RS41-SGP,403.502,22.9,-875,11,3.0,,
2026-09-19T14:23:35.004Z,X1909261,1298,-15.76984,-47.89156,3102.2,5.0,4.3,284.3,11.1,15.0,706.3,RS41-SGP,403.502,23.1,-875,11,3.0,,
2026-09-19T14:23:36.004Z,X1909261,1299,-15.76983,-47.89160,3107.1,4.7,4.3,273.9,11.1,14.6,705.9,RS41-SGP,403.502,24.0,-875,11,3.0,,
2026-09-19T14:23:37.004Z,X1909261,1300,-15.76983,-47.89164,3111.2,3.8,4.2,265.9,11.1,14.7,705.6,RS41-SGP,403.502,24.0,-875,11,3.0,,
2026-09-19T14:23:38.004Z,X1909261,1301,-15.76983,-47.89168,3114.8,3.3,3.6,264.6,11.0,14.6,705.2,RS41-SGP,403.502,24.1,-875,11,3.0,,
2026-09-19T14:23:39.004Z,X1909261,1302,-15.76983,-47.89171,3118.2,3.4,3.1,276.6,11.0,14.6,705.0,RS41-SGP,403.502,24.1,-875,11,3.0,,
2026-09-19T14:23:40.004Z,X1909261,1303,-15.76983,-47.89174,3121.9,4.0,3.4,289.3,11.0,14.6,704.8,RS41-SGP,403.502,24.0,-875,11,3.0,,
2026-09-19T14:23:41.004Z,X1909261,1304,-15.76982,-47.89177,3126.2,4.6,3.7,290.0,11.0,14.6,704.2,RS41-SGP,403.502,23.7,-875,11,3.0,,
2026-09-19T14:23:42.004Z,X1909261,1305,-15.76981,-47.89180,3131.1,5.2,4.1,285.9,10.9,14.5,703.8,RS41-SGP,403.502,23.6,-875,11,3.0,,
2026-09-19T14:23:43.004Z,X1909261,1306,-15.76979,-47.89184,3136.6,5.8,4.1,289.2,10.9,14.2,703.4,RS41-SGP,403.502,23.1,-875,11,3.0,,
2026-09-19T14:23:44.004Z,X1909261,1307,-15.76978,-47.89188,3142.4,5.8,4.8,303.8,10.9,13.7,702.8,RS41-SGP,403.502,23.4,-875,11,3.0,,
2026-09-19T14:23:45.004Z,X1909261,1308,-15.76974,-47.89192,3147.8,5.1,6.6,313.5,10.9,13.6,702.5,RS41-SGP,403.502,23.4,-875,11,3.0,,
2026-09-19T14:23:46.004Z,X1909261,1309,-15.76970,-47.89197,3152.9,4.9,8.2,312.7,10.9,13.6,701.9,RS41-SGP,403.502,23.3,-875,11,3.0,,
2026-09-19T14:23:47.004Z,X1909261,1310,-15.76965,-47.89203,3157.9,5.2,8.8,305.5,10.8,13.7,701.5,RS41-SGP,403.502,23.2,-875,11,3.0,,
2026-09-19T14:23:48.004Z,X1909261,1311,-15.76961,-47.89210,3163.3,5.6,8.3,296.2,10.8,13.6,701.1,RS41-SGP,403.502,24.1,-875,11,3.0,,
2026-09-19T14:23:49.004Z,X1909261,1312,-15.76958,-47.89217,3169.0,6.0,7.9,286.8,10.7,13.6,700.6,RS41-SGP,403.502,24.1,-875,11,3.0,,
2026-09-19T14:23:50.004Z,X1909261,1313,-15.76957,-47.89224,3175.0,5.9,7.9,279.7,10.6,13.5,700.1,RS41-SGP,403.502,23.3,-875,11,3.0,,
2026-09-19T14:23:51.004Z,X1909261,1314,-15.76956,-47.89231,3180.9,5.8,8.1,274.8,10.6,13.5,699.6,RS41-SGP,403.502,23.3,-875,11,3.0,,
2026-09-19T14:23:52.004Z,X1909261,1315,-15.76956,-47.89239,3186.2,4.9,8.3,269.1,10.6,13.3,699.2,RS41-SGP,403.502,23.3,-875,11,3.0,,
2026-09-19T14:23:53.004Z,X1909261,1316,-15.76956,-47.89247,3190.5,3.7,8.3,263.4,10.6,13.2,698.9,RS41-SGP,403.502,23.3,-875,11,3.0,,
2026-09-19T14:23:54.004Z,X1909261,1317,-15.76957,-47.89254,3194.2,3.7,7.9,258.8,10.6,13.1,698.5,RS41-SGP,403.502,23.7,-875,11,3.0,,
2026-09-19T14:23:55.004Z,X1909261,1318,-15.76958,-47.89261,3198.0,3.9,7.1,259.6,10.5,13.1,698.3,RS41-SGP,403.502,23.7,-875,11,3.0,,
2026-09-19T14:23:56.004Z,X1909261,1319,-15.76959,-47.89268,3201.8,3.8,6.6,263.8,10.5,13.1,697.9,RS41-SGP,403.502,23.8,-875,11,3.0,,
2026-09-19T14:23:57.004Z,X1909261,1320,-15.76960,-47.89274,3205.5,3.6,6.7,264.9,10.5,13.2,697.7,RS41-SGP,403.502,23.8,-875,11,3.0,,
2026-09-19T14:23:58.004Z,X1909261,1321,-15.76961,-47.89280,3208.9,3.4,6.8,261.1,10.5,13.2,697.3,RS41-SGP,403.502,23.7,-875,11,3.0,,
2026-09-19T14:23:59.004Z,X1909261,1322,-15.76962,-47.89286,3212.3,3.3,6.4,257.5,10.4,13.2,697.1,RS41-SGP,403.502,23.7,-875,11,3.0,,
2026-09-19T14:24:00.004Z,X1909261,1323,-15.76963,-47.89292,3215.5,3.2,5.7,258.8,10.4,13.1,696.7,RS41-SGP,403.502,23.6,-875,11,3.0,,
2026-09-19T14:24:01.004Z,X1909261,1324,-15.76964,-47.89297,3218.8,3.3,5.1,267.1,10.4,13.1,696.5,RS41-SGP,403.502,23.6,-875,11,3.0,,
2026-09-19T14:24:02.004Z,X1909261,1325,-15.76964,-47.89301,3222.3,3.5,5.0,273.6,10.4,12.9,696.3,RS41-SGP,403.502,22.7,-875,11,3.0,,
2026-09-19T14:24:03.004Z,X1909261,1326,-15.76963,-47.89306,3226.0,4.0,5.4,271.3,10.3,12.9,695.9,RS41-SGP,403.502,22.8,-875,11,3.0,,
2026-09-19T14:24:04.004Z,X1909261,1327,-15.76964,-47.89311,3230.3,4.5,6.1,262.4,10.3,12.5,695.5,RS41-SGP,403.502,24.0,-875,11,3.0,,
2026-09-19T14:24:05.004Z,X1909261,1328,-15.76965,-47.89317,3235.0,4.9,6.4,257.9,10.3,12.3,695.0,RS41-SGP,403.502,24.2,-875,11,3.0,,
2026-09-19T14:24:06.004Z,X1909261,1329,-15.76966,-47.89323,3240.2,5.5,6.0,262.5,10.3,12.4,694.8,RS41-SGP,403.502,24.2,-875,11,3.0,,
2026-09-19T14:24:07.004Z,X1909261,1330,-15.76966,-47.89328,3245.7,5.6,5.7,271.3,10.3,12.0,694.2,RS41-SGP,403.502,23.6,-875,11,3.0,,
2026-09-19T14:24:08.004Z,X1909261,1331,-15.76965,-47.89333,3251.4,5.8,5.7,278.1,10.3,11.6,693.9,RS41-SGP,403.502,23.9,-875,11,3.0,,
2026-09-19T14:24:09.004Z,X1909261,1332,-15.76965,-47.89339,3257.4,6.1,5.5,277.5,10.4,11.5,693.2,RS41-SGP,403.502,23.9,-875,11,3.0,,
2026-09-19T14:24:10.004Z,X1909261,1333,-15.76964,-47.89344,3263.2,5.7,5.0,272.6,10.3,11.4,692.9,RS41-SGP,403.502,22.9,-875,11,3.0,,
2026-09-19T14:24:11.004Z,X1909261,1334,-15.76964,-47.89348,3268.5,4.8,4.4,270.2,10.3,11.4,692.4,RS41-SGP,403.502,23.5,-875,11,3.0,,
2026-09-19T14:24:12.004Z,X1909261,1335,-15.76964,-47.89352,3272.8,3.7,3.9,276.1,10.3,11.2,691.9,RS41-SGP,403.502,23.5,-875,11,3.0,,
2026-09-19T14:24:13.004Z,X1909261,1336,-15.76963,-47.89355,3276.2,3.2,4.2,292.4,10.3,11.0,691.9,RS41-SGP,403.502,22.8,-875,11,3.0,,
2026-09-19T14:24:14.004Z,X1909261,1337,-15.76961,-47.89359,3279.3,3.1,5.5,299.7,10.3,10.9,691.5,RS41-SGP,403.502,23.2,-875,11,3.0,,
2026-09-19T14:24:15.004Z,X1909261,1338,-15.76959,-47.89364,3282.8,3.8,6.8,296.9,10.3,10.9,691.2,RS41-SGP,403.502,23.3,-875,11,3.0,,
2026-09-19T14:24:16.004Z,X1909261,1339,-15.76956,-47.89370,3286.9,4.4,6.9,291.7,10.3,10.7,690.8,RS41-SGP,403.502,23.3,-875,11,3.0,,
2026-09-19T14:24:17.004Z,X1909261,1340,-15.76954,-47.89376,3291.4,4.6,6.3,290.7,10.2,10.7,690.5,RS41-SGP,403.502,17.2,-875,11,3.0,,
2026-09-19T14:24:18.004Z,X1909261,1341,-15.76952,-47.89381,3295.8,4.3,6.1,296.4,10.2,10.5,690.0,RS41-SGP,403.502,22.5,-875,11,3.0,,
2026-09-19T14:24:19.004Z,X1909261,1342,-15.76949,-47.89387,3300.1,4.2,7.2,302.1,10.1,10.6,689.8,RS41-SGP,403.502,22.6,-875,11,3.0,,
2026-09-19T14:24:20.004Z,X1909261,1343,-15.76945,-47.89393,3304.3,4.3,9.1,298.5,10.1,10.5,689.4,RS41-SGP,403.502,23.0,-875,11,3.0,,
2026-09-19T14:24:21.004Z,X1909261,1344,-15.76942,-47.89401,3308.9,4.8,9.9,288.2,10.1,10.4,689.1,RS41-SGP,403.502,23.3,-875,11,3.0,,
2026-09-19T14:24:22.004Z,X1909261,1345,-15.76940,-47.89410,3313.9,5.2,9.5,277.4,10.0,10.4,688.7,RS41-SGP,403.502,23.3,-875,11,3.0,,
2026-09-19T14:24:23.004Z,X1909261,1346,-15.76939,-47.89418,3319.5,6.0,8.0,275.3,10.0,10.4,688.2,RS41-SGP,403.502,22.8,-875,11,3.0,,
2026-09-19T14:24:24.004Z,X1909261,1347,-15.76938,-47.89425,3325.6,6.3,6.8,285.8,9.9,10.4,687.7,RS41-SGP,403.502,23.6,-875,11,3.0,,
2026-09-19T14:24:25.004Z,X1909261,1348,-15.76936,-47.89431,3332.1,6.7,6.8,294.1,9.9,10.4,687.2,RS41-SGP,403.502,23.8,-875,11,3.0,,
2026-09-19T14:24:26.004Z,X1909261,1349,-15.76933,-47.89437,3338.9,7.0,6.9,288.8,9.8,10.4,686.5,RS41-SGP,403.502,24.3,-875,11,3.0,,
2026-09-19T14:24:27.004Z,X1909261,1350,-15.76932,-47.89443,3346.0,7.0,6.5,279.2,9.8,10.4,686.0,RS41-SGP,403.502,24.3,-875,11,3.0,,
2026-09-19T14:24:28.004Z,X1909261,1351,-15.76931,-47.89448,3352.9,6.9,5.6,275.5,9.7,10.3,685.4,RS41-SGP,403.502,24.0,-875,11,3.0,,
2026-09-19T14:24:29.004Z,X1909261,1352,-15.76930,-47.89453,3359.7,6.8,5.2,288.8,9.6,10.2,684.9,RS41-SGP,403.502,23.9,-875,11,3.0,,
2026-09-19T14:24:30.004Z,X1909261,1353,-15.76928,-47.89458,3366.5,6.9,5.8,299.0,9.6,10.3,684.2,RS41-SGP,403.502,22.9,-875,11,3.0,,
2026-09-19T14:24:31.004Z,X1909261,1354,-15.76926,-47.89463,3373.6,7.2,6.7,290.7,9.5,10.3,683.7,RS41-SGP,403.502,23.2,-875,11,3.0,,
2026-09-19T14:24:32.004Z,X1909261,1355,-15.76924,-47.89469,3380.7,7.1,6.8,279.0,9.4,10.3,683.1,RS41-SGP,403.502,24.3,-875,11,3.0,,
2026-09-19T14:24:33.004Z,X1909261,1356,-15.76923,-47.89475,3387.7,7.0,6.0,278.5,9.4,10.1,682.6,RS41-SGP,403.502,24.3,-875,11,3.0,,
2026-09-19T14:24:34.004Z,X1909261,1357,-15.76922,-47.89481,3394.2,6.0,6.8,293.1,9.4,10.1,682.0,RS41-SGP,403.502,23.7,-875,11,3.0,,
2026-09-19T14:24:35.004Z,X1909261,1358,-15.76919,-47.89487,3399.4,4.4,9.0,298.5,9.4,10.1,681.6,RS41-SGP,403.502,23.3,-875,11,3.0,,
2026-09-19T14:24:36.004Z,X1909261,1359,-15.76915,-47.89496,3403.8,4.4,10.6,290.7,9.3,10.1,681.3,RS41-SGP,403.502,16.3,-875,11,3.0,,
2026-09-19T14:24:37.004Z,X1909261,1360,-15.76913,-47.89505,3408.2,4.5,10.3,274.7,9.2,10.1,680.9,RS41-SGP,403.502,23.7,-875,11,3.0,,
2026-09-19T14:24:38.004Z,X1909261,1361,-15.76913,-47.89514,3412.9,4.9,8.7,262.5,9.1,10.3,680.5,RS41-SGP,403.502,23.8,-875,11,3.0,,
2026-09-19T14:24:39.004Z,X1909261,1362,-15.76914,-47.89521,3418.3,5.8,6.3,266.5,9.1,10.2,679.9,RS41-SGP,403.502,23.8,-875,11,3.0,,
2026-09-19T14:24:40.004Z,X1909261,1363,-15.76913,-47.89526,3424.2,6.1,5.7,289.0,9.1,10.2,679.5,RS41-SGP,403.502,23.7,-875,11,3.0,,
2026-09-19T14:24:41.004Z,X1909261,1364,-15.76911,-47.89531,3430.0,5.6,6.5,302.5,9.1,10.0,679.0,RS41-SGP,403.502,24.0,-875,11,3.0,,
2026-09-19T14:24:42.004Z,X1909261,1365,-15.76907,-47.89536,3435.6,5.5,6.3,304.1,9.0,10.2,678.7,RS41-SGP,403.502,24.1,-875,11,3.0,,
2026-09-19T14:24:43.004Z,X1909261,1366,-15.76905,-47.89541,3440.5,4.4,4.8,302.5,9.0,10.2,678.2,RS41-SGP,403.502,24.1,-875,11,3.0,,
2026-09-19T14:24:44.004Z,X1909261,1367,-15.76903,-47.89544,3444.8,4.1,3.5,302.6,9.0,10.1,677.8,RS41-SGP,403.502,24.0,-875,11,3.0,,
2026-09-19T14:24:45.004Z,X1909261,1368,-15.76901,-47.89547,3448.9,4.3,3.5,305.1,8.9,10.1,677.5,RS41-SGP,403.502,24.0,-875,11,3.0,,
2026-09-19T14:24:46.004Z,X1909261,1369,-15.76899,-47.89550,3453.4,4.9,4.5,302.9,8.9,10.2,677.2,RS41-SGP,403.502,22.9,-875,11,3.0,,
2026-09-19T14:24:47.004Z,X1909261,1370,-15.76897,-47.89554,3458.5,5.3,5.6,298.8,8.8,10.3,676.7,RS41-SGP,403.502,22.9,-875,11,3.0,,
2026-09-19T14:24:48.004Z,X1909261,1371,-15.76894,-47.89559,3464.1,5.9,6.1,297.6,8.8,10.3,676.2,RS41-SGP,403.502,23.8,-875,11,3.0,,
2026-09-19T14:24:49.004Z,X1909261,1372,-15.76891,-47.89564,3470.1,6.1,6.3,298.2,8.7,10.2,675.8,RS41-SGP,403.502,23.8,-875,11,3.0,,
2026-09-19T14:24:50.004Z,X1909261,1373,-15.76889,-47.89569,3476.0,5.8,6.1,300.7,8.7,10.2,675.3,RS41-SGP,403.502,23.5,-875,11,3.0,,
2026-09-19T14:24:51.004Z,X1909261,1374,-15.76886,-47.89574,3481.2,4.7,6.1,307.5,8.6,10.2,674.9,RS41-SGP,403.502,24.1,-875,11,3.0,,
2026-09-19T14:24:52.004Z,X1909261,1375,-15.76882,-47.89578,3485.7,4.3,6.6,312.8,8.5,10.3,674.4,RS41-SGP,403.502,24.1,-875,11,3.0,,
2026-09-19T14:24:53.004Z,X1909261,1376,-15.76878,-47.89583,3489.9,4.4,7.4,308.9,8.5,10.3,674.1,RS41-SGP,403.502,24.0,-875,11,3.0,,
2026-09-19T14:24:54.004Z,X1909261,1377,-15.76874,-47.89589,3494.2,4.4,7.2,301.3,8.5,10.3,673.8,RS41-SGP,403.502,24.2,-875,11,3.0,,
2026-09-19T14:24:55.004Z,X1909261,1378,-15.76871,-47.89594,3498.7,4.6,7.0,297.8,8.5,10.3,673.4,RS41-SGP,403.502,24.4,-875,11,3.0,,
2026-09-19T14:24:56.004Z,X1909261,1379,-15.76868,-47.89600,3503.2,4.5,7.0,298.5,8.5,10.3,673.0,RS41-SGP,403.502,24.4,-875,11,3.0,,
2026-09-19T14:24:57.004Z,X1909261,1380,-15.76865,-47.89606,3507.4,3.9,7.7,298.9,8.4,10.4,672.8,RS41-SGP,403.502,22.9,-875,11,3.0,,
2026-09-19T14:24:58.004Z,X1909261,1381,-15.76861,-47.89613,3511.1,3.7,8.3,293.5,8.3,10.3,672.5,RS41-SGP,403.502,23.6,-875,11,3.0,,
2026-09-19T14:24:59.004Z,X1909261,1382,-15.76859,-47.89620,3515.1,4.2,8.3,284.1,8.2,10.4,672.1,RS41-SGP,403.502,23.6,-875,11,3.0,,
2026-09-19T14:25:00.004Z,X1909261,1383,-15.76858,-47.89627,3519.6,4.9,7.5,274.6,8.2,10.4,671.8,RS41-SGP,403.502,24.0,-875,11,3.0,,
2026-09-19T14:25:01.004Z,X1909261,1384,-15.76858,-47.89634,3524.7,5.4,6.5,271.2,8.2,10.4,671.3,RS41-SGP,403.502,24.0,-875,11,3.0,,
2026-09-19T14:25:02.004Z,X1909261,1385,-15.76857,-47.89640,3530.3,6.0,6.0,276.4,8.2,10.3,670.8,RS41-SGP,403.502,23.9,-875,11,3.0,,
2026-09-19T14:25:03.004Z,X1909261,1386,-15.76857,-47.89645,3536.4,6.2,5.8,275.9,8.2,10.3,670.3,RS41-SGP,403.502,23.9,-875,11,3.0,,
2026-09-19T14:25:04.004Z,X1909261,1387,-15.76856,-47.89650,3542.2,5.6,5.1,266.3,8.2,10.3,669.9,RS41-SGP,403.502,24.5,-875,11,3.0,,
2026-09-19T14:25:05.004Z,X1909261,1388,-15.76857,-47.89654,3547.3,4.7,3.7,253.5,8.0,10.4,669.5,RS41-SGP,403.502,24.5,-875,11,3.0,,
2026-09-19T14:25:06.004Z,X1909261,1389,-15.76858,-47.89657,3552.2,5.0,2.0,261.3,7.9,10.5,669.0,RS41-SGP,403.502,22.9,-875,11,3.0,,
2026-09-19T14:25:07.004Z,X1909261,1390,-15.76857,-47.89659,3557.7,5.9,2.4,303.7,7.9,10.5,668.6,RS41-SGP,403.502,23.7,-875,11,3.0,,
2026-09-19T14:25:08.004Z,X1909261,1391,-15.76856,-47.89661,3563.7,6.4,4.2,302.5,7.9,10.5,668.2,RS41-SGP,403.502,23.9,-875,11,3.0,,
2026-09-19T14:25:09.004Z,X1909261,1392,-15.76854,-47.89665,3570.2,6.6,5.4,290.9,7.9,10.5,667.7,RS41-SGP,403.502,23.9,-875,11,3.0,,
2026-09-19T14:25:10.004Z,X1909261,1393,-15.76853,-47.89670,3576.4,5.9,4.7,271.3,7.8,10.5,667.0,RS41-SGP,403.502,23.5,-875,11,3.0,,
2026-09-19T14:25:11.004Z,X1909261,1394,-15.76854,-47.89674,3581.6,4.5,4.4,246.8,7.8,10.6,666.7,RS41-SGP,403.502,23.9,-875,11,3.0,,
2026-09-19T14:25:12.004Z,X1909261,1395,-15.76855,-47.89678,3585.9,4.1,5.1,241.5,7.7,10.7,666.4,RS41-SGP,403.502,23.9,-875,11,3.0,,
2026-09-19T14:25:13.004Z,X1909261,1396,-15.76857,-47.89683,3589.9,4.0,6.0,257.9,7.6,10.6,666.1,RS41-SGP,403.502,23.9,-875,11,3.0,,
2026-09-19T14:25:14.004Z,X1909261,1397,-15.76857,-47.89689,3594.1,4.5,6.8,276.1,7.7,10.6,665.7,RS41-SGP,403.502,23.9,-875,11,3.0,,
2026-09-19T14:25:15.004Z,X1909261,1398,-15.76856,-47.89695,3599.1,5.6,6.3,285.3,7.7,10.5,665.3,RS41-SGP,403.502,23.3,-875,11,3.0,,
2026-09-19T14:25:16.004Z,X1909261,1399,-15.76855,-47.89699,3604.8,6.0,4.1,282.0,7.6,10.9,664.9,RS41-SGP,403.502,23.3,-875,11,3.0,,
2026-09-19T14:25:17.004Z,X1909261,1400,-15.76854,-47.89702,3610.8,6.0,2.3,296.7,7.5,11.0,664.4,RS41-SGP,403.502,23.6,-875,11,3.0,,
2026-09-19T14:25:18.004Z,X1909261,1401,-15.76853,-47.89704,3616.8,6.1,3.3,326.9,7.6,11.6,663.9,RS41-SGP,403.502,24.4,-875,11,3.0,,
2026-09-19T14:25:19.004Z,X1909261,1402,-15.76849,-47.89706,3622.5,5.3,5.8,330.5,7.5,11.7,663.4,RS41-SGP,403.502,24.4,-875,11,3.0,,
2026-09-19T14:25:20.004Z,X1909261,1403,-15.76844,-47.89709,3627.7,5.1,6.9,329.5,7.4,11.8,663.0,RS41-SGP,403.502,24.1,-875,11,3.0,,
2026-09-19T14:25:21.004Z,X1909261,1404,-15.76839,-47.89712,3633.0,5.6,6.1,325.6,7.3,11.9,662.6,RS41-SGP,403.502,24.1,-875,11,3.0,,
2026-09-19T14:25:22.004Z,X1909261,1405,-15.76835,-47.89716,3638.6,5.7,5.0,318.5,7.3,11.9,662.1,RS41-SGP,403.502,24.0,-875,11,3.0,,
2026-09-19T14:25:23.004Z,X1909261,1406,-15.76832,-47.89719,3644.6,6.3,4.4,317.7,7.3,11.9,661.6,RS41-SGP,403.502,23.3,-875,11,3.0,,
2026-09-19T14:25:24.004Z,X1909261,1407,-15.76829,-47.89721,3650.7,6.0,4.4,330.7,7.3,12.4,661.1,RS41-SGP,403.502,23.3,-875,11,3.0,,
2026-09-19T14:25:25.004Z,X1909261,1408,-15.76825,-47.89723,3656.0,4.6,4.8,345.5,7.1,12.7,660.7,RS41-SGP,403.502,23.0,-875,11,3.0,,
2026-09-19T14:25:26.004Z,X1909261,1409,-15.76821,-47.89723,3660.7,4.7,5.1,354.1,7.1,12.5,660.3,RS41-SGP,403.502,22.9,-875,11,3.0,,
2026-09-19T14:25:27.004Z,X1909261,1410,-15.76816,-47.89724,3665.7,5.4,5.0,347.6,7.0,12.5,659.9,RS41-SGP,403.502,23.9,-875,11,3.0,,
2026-09-19T14:25:28.004Z,X1909261,1411,-15.76812,-47.89726,3671.1,5.5,4.8,331.1,7.0,12.6,659.5,RS41-SGP,403.502,23.9,-875,11,3.0,,
2026-09-19T14:25:29.004Z,X1909261,1412,-15.76808,-47.89728,3676.6,5.6,5.6,324.1,7.0,12.7,659.1,RS41-SGP,403.502,23.9,-875,11,3.0,,
2026-09-19T14:25:30.004Z,X1909261,1413,-15.76803,-47.89732,3682.1,5.3,6.8,324.9,6.9,12.7,658.6,RS41-SGP,403.502,23.9,-875,11,3.0,,
2026-09-19T14:25:31.004Z,X1909261,1414,-15.76798,-47.89736,3687.1,4.8,7.7,324.2,6.9,12.8,658.0,RS41-SGP,403.502,23.8,-875,11,3.0,,
2026-09-19T14:25:32.004Z,X1909261,1415,-15.76793,-47.89740,3691.7,4.4,7.9,318.5,6.8,12.9,657.8,RS41-SGP,403.502,23.6,-875,11,3.0,,
2026-09-19T14:25:33.004Z,X1909261,1416,-15.76788,-47.89745,3696.1,4.4,7.6,309.4,6.8,13.2,657.5,RS41-SGP,403.502,23.8,-875,11,3.0,,
2026-09-19T14:25:34.004Z,X1909261,1417,-15.76784,-47.89751,3700.5,4.2,7.2,302.4,6.8,13.5,657.1,RS41-SGP,403.502,23.8,-875,11,3.0,,
2026-09-19T14:25:35.004Z,X1909261,1418,-15.76780,-47.89757,3704.6,3.9,7.2,301.9,6.8,13.8,656.8,RS41-SGP,403.502,22.8,-875,11,3.0,,
2026-09-19T14:25:36.004Z,X1909261,1419,-15.76777,-47.89762,3708.4,3.8,7.4,305.9,6.7,14.0,656.5,RS41-SGP,403.502,23.8,-875,11,3.0,,
2026-09-19T14:25:37.004Z,X1909261,1420,-15.76773,-47.89768,3712.1,3.4,7.5,308.2,6.7,14.1,656.2,RS41-SGP,403.502,24.0,-875,11,3.0,,
2026-09-19T14:25:38.004Z,X1909261,1421,-15.76769,-47.89773,3715.5,3.3,7.4,306.4,6.6,14.2,656.0,RS41-SGP,403.502,24.1,-875,11,3.0,,
2026-09-19T14:25:39.004Z,X1909261,1422,-15.76765,-47.89779,3718.9,3.6,7.0,302.4,6.6,14.1,655.7,RS41-SGP,403.502,24.1,-875,11,3.0,,
2026-09-19T14:25:40.004Z,X1909261,1423,-15.76762,-47.89785,3722.7,4.0,6.9,301.6,6.6,13.8,655.3,RS41-SGP,403.502,24.3,-875,11,3.0,,
2026-09-19T14:25:41.004Z,X1909261,1424,-15.76758,-47.89790,3727.1,4.6,7.0,307.7,6.6,13.8,655.0,RS41-SGP,403.502,24.3,-875,11,3.0,,
2026-09-19T14:25:42.004Z,X1909261,1425,-15.76754,-47.89795,3731.7,4.5,7.4,315.7,6.7,13.7,654.7,RS41-SGP,403.502,23.9,-875,11,3.0,,
2026-09-19T14:25:43.004Z,X1909261,1426,-15.76749,-47.89799,3736.1,4.4,7.7,321.1,6.6,13.8,654.3,RS41-SGP,403.502,23.7,-875,11,3.0,,
2026-09-19T14:25:44.004Z,X1909261,1427,-15.76743,-47.89804,3740.6,4.5,7.8,321.2,6.5,14.2,654.0,RS41-SGP,403.502,23.7,-875,11,3.0,,
2026-09-19T14:25:45.004Z,X1909261,1428,-15.76738,-47.89809,3745.1,4.6,7.9,318.4,6.4,14.3,653.6,RS41-SGP,403.502,23.3,-875,11,3.0,,
2026-09-19T14:25:46.004Z,X1909261,1429,-15.76732,-47.89814,3749.6,4.4,8.1,317.0,6.4,14.9,653.2,RS41-SGP,403.502,23.6,-875,11,3.0,,
2026-09-19T14:25:47.004Z,X1909261,1430,-15.76727,-47.89819,3753.7,3.8,8.4,319.1,6.4,15.4,652.9,RS41-SGP,403.502,23.8,-875,11,3.0,,
2026-09-19T14:25:48.004Z,X1909261,1431,-15.76721,-47.89824,3757.6,3.8,8.8,323.5,6.4,15.6,652.6,RS41-SGP,403.502,23.8,-875,11,3.0,,
2026-09-19T14:25:49.004Z,X1909261,1432,-15.76714,-47.89829,3761.4,4.0,8.8,325.6,6.5,15.6,652.3,RS41-SGP,403.502,24.0,-875,11,3.0,,
2026-09-19T14:25:50.004Z,X1909261,1433,-15.76708,-47.89834,3765.5,4.1,8.6,323.4,6.5,15.5,652.0,RS41-SGP,403.502,24.0,-875,11,3.0,,
2026-09-19T14:25:51.004Z,X1909261,1434,-15.76702,-47.89839,3769.8,4.5,8.4,318.9,6.4,15.5,651.7,RS41-SGP,403.502,23.7,-875,11,3.0,,
2026-09-19T14:25:52.004Z,X1909261,1435,-15.76696,-47.89844,3774.5,5.0,8.5,318.5,6.4,15.4,651.2,RS41-SGP,403.502,23.2,-875,11,3.0,,
2026-09-19T14:25:53.004Z,X1909261,1436,-15.76690,-47.89849,3779.8,5.4,8.4,320.9,6.3,15.5,650.8,RS41-SGP,403.502,23.2,-875,11,3.0,,
2026-09-19T14:25:54.004Z,X1909261,1437,-15.76684,-47.89854,3785.1,5.2,8.5,322.0,6.3,15.4,650.4,RS41-SGP,403.502,23.0,-875,11,3.0,,
2026-09-19T14:25:55.004Z,X1909261,1438,-15.76678,-47.89859,3790.1,4.7,8.5,316.3,6.2,15.6,650.0,RS41-SGP,403.502,23.1,-875,11,3.0,,
2026-09-19T14:25:56.004Z,X1909261,1439,-15.76673,-47.89865,3794.3,3.7,8.1,306.4,6.2,15.5,649.7,RS41-SGP,403.502,24.0,-875,11,3.0,,
2026-09-19T14:25:57.004Z,X1909261,1440,-15.76670,-47.89871,3797.9,3.5,7.2,297.7,6.2,15.3,649.4,RS41-SGP,403.502,24.0,-875,11,3.0,,
2026-09-19T14:25:58.004Z,X1909261,1441,-15.76667,-47.89876,3801.4,3.5,5.8,297.6,6.2,15.4,649.2,RS41-SGP,403.502,24.0,-875,11,3.0,,
2026-09-19T14:25:59.004Z,X1909261,1442,-15.76664,-47.89880,3805.1,3.8,4.8,309.5,6.1,15.4,648.9,RS41-SGP,403.502,24.0,-875,11,3.0,,
2026-09-19T14:26:00.004Z,X1909261,1443,-15.76661,-47.89883,3809.1,4.2,5.0,316.9,6.1,15.5,648.5,RS41-SGP,403.502,23.9,-875,11,3.0,,
2026-09-19T14:26:01.004Z,X1909261,1444,-15.76658,-47.89887,3813.4,4.3,5.3,312.8,6.1,15.2,648.2,RS41-SGP,403.502,23.9,-875,11,3.0,,
2026-09-19T14:26:02.004Z,X1909261,1445,-15.76655,-47.89890,3817.7,4.3,4.7,309.1,6.1,14.7,647.8,RS41-SGP,403.502,23.2,-875,11,3.0,,
2026-09-19T14:26:03.004Z,X1909261,1446,-15.76653,-47.89893,3822.0,4.1,3.4,321.6,6.1,14.3,647.5,RS41-SGP,403.502,23.3,-875,11,3.0,,
2026-09-19T14:26:04.004Z,X1909261,1447,-15.76650,-47.89894,3826.0,4.0,3.6,353.0,6.1,14.2,647.3,RS41-SGP,403.502,23.3,-875,11,3.0,,
2026-09-19T14:26:05.004Z,X1909261,1448,-15.76646,-47.89894,3830.2,4.3,5.2,1.8,6.1,14.0,646.8,RS41-SGP,403.502,23.5,-875,11,3.0,,
2026-09-19T14:26:06.004Z,X1909261,1449,-15.76641,-47.89895,3834.8,4.9,5.9,353.7,6.1,13.3,646.5,RS41-SGP,403.502,23.5,-875,11,3.0,,
2026-09-19T14:26:07.004Z,X1909261,1450,-15.76636,-47.89896,3840.0,5.5,5.6,343.1,6.1,13.2,646.1,RS41-SGP,403.502,24.0,-875,11,3.0,,
2026-09-19T14:26:08.004Z,X1909261,1451,-15.76631,-47.89897,3845.8,6.1,4.9,337.0,6.1,13.0,645.7,RS41-SGP,403.502,24.1,-875,11,3.0,,
2026-09-19T14:26:09.004Z,X1909261,1452,-15.76627,-47.89899,3852.1,6.6,4.7,337.5,6.1,12.6,645.2,RS41-SGP,403.502,24.1,-875,11,3.0,,
2026-09-19T14:26:10.004Z,X1909261,1453,-15.76623,-47.89901,3858.8,6.7,5.5,336.7,6.0,12.2,644.7,RS41-SGP,403.502,23.7,-875,11,3.0,,
2026-09-19T14:26:11.004Z,X1909261,1454,-15.76618,-47.89904,3865.4,6.5,6.1,325.9,6.0,11.9,644.1,RS41-SGP,403.502,22.6,-875,11,3.0,,
2026-09-19T14:26:12.004Z,X1909261,1455,-15.76615,-47.89907,3871.7,6.0,5.5,309.6,6.0,11.6,643.5,RS41-SGP,403.502,22.6,-875,11,3.0,,
2026-09-19T14:26:13.004Z,X1909261,1456,-15.76612,-47.89911,3877.2,5.0,3.7,298.8,5.9,11.5,643.2,RS41-SGP,403.502,23.4,-875,11,3.0,,
2026-09-19T14:26:14.004Z,X1909261,1457,-15.76611,-47.89913,3882.2,4.9,1.6,331.3,5.9,11.3,642.8,RS41-SGP,403.502,23.7,-875,11,3.0,,
2026-09-19T14:26:15.004Z,X1909261,1458,-15.76609,-47.89913,3887.1,5.0,3.1,19.9,5.7,11.1,642.4,RS41-SGP,403.502,23.7,-875,11,3.0,,
2026-09-19T14:26:16.004Z,X1909261,1459,-15.76605,-47.89912,3892.0,4.9,4.8,5.3,5.7,11.1,642.0,RS41-SGP,403.502,23.9,-875,11,3.0,,
2026-09-19T14:26:17.004Z,X1909261,1460,-15.76601,-47.89912,3896.8,4.6,5.1,351.1,5.7,11.1,641.6,RS41-SGP,403.502,23.9,-875,11,3.0,,
2026-09-19T14:26:18.004Z,X1909261,1461,-15.76597,-47.89913,3901.3,4.5,3.5,333.6,5.6,11.1,641.4,RS41-SGP,403.502,23.0,-875,11,3.0,,
2026-09-19T14:26:19.004Z,X1909261,1462,-15.76595,-47.89915,3905.8,4.4,1.9,302.9,5.6,11.0,640.9,RS41-SGP,403.502,23.0,-875,11,3.0,,
2026-09-19T14:26:20.004Z,X1909261,1463,-15.76594,-47.89916,3910.6,5.3,1.8,301.5,5.5,11.1,640.5,RS41-SGP,403.502,22.9,-875,11,3.0,,
2026-09-19T14:26:21.004Z,X1909261,1464,-15.76592,-47.89918,3916.2,5.7,3.8,321.5,5.5,11.1,640.1,RS41-SGP,403.502,21.9,-875,11,3.0,,
2026-09-19T14:26:22.004Z,X1909261,1465,-15.76589,-47.89921,3921.7,5.5,5.9,320.1,5.5,11.2,639.7,RS41-SGP,403.502,22.3,-875,11,3.0,,
2026-09-19T14:26:23.004Z,X1909261,1466,-15.76585,-47.89925,3926.8,4.8,6.8,310.8,5.4,11.1,639.3,RS41-SGP,403.502,24.3,-875,11,3.0,,
2026-09-19T14:26:24.004Z,X1909261,1467,-15.76581,-47.89930,3931.4,4.3,7.2,303.7,5.5,11.0,638.9,RS41-SGP,403.502,24.3,-875,11,3.0,,
2026-09-19T14:26:25.004Z,X1909261,1468,-15.76578,-47.89935,3935.7,4.2,7.1,306.4,5.4,11.0,638.5,RS41-SGP,403.502,23.8,-875,11,3.0,,
2026-09-19T14:26:26.004Z,X1909261,1469,-15.76573,-47.89941,3939.9,4.3,7.2,314.6,5.3,11.0,638.1,RS41-SGP,403.502,23.8,-875,11,3.0,,
2026-09-19T14:26:27.004Z,X1909261,1470,-15.76568,-47.89945,3944.2,4.2,7.7,322.1,5.2,11.1,638.0,RS41-SGP,403.502,23.7,-875,11,3.0,,
2026-09-19T14:26:28.004Z,X1909261,1471,-15.76563,-47.89950,3948.1,3.7,8.0,320.7,5.2,11.1,637.7,RS41-SGP,403.502,23.7,-875,11,3.0,,
2026-09-19T14:26:29.004Z,X1909261,1472,-15.76558,-47.89955,3951.7,3.6,7.6,311.0,5.3,11.0,637.4,RS41-SGP,403.502,24.6,-875,11,3.0,,
2026-09-19T14:26:30.004Z,X1909261,1473,-15.76554,-47.89960,3955.7,4.2,6.8,299.7,5.3,10.8,636.9,RS41-SGP,403.502,24.6,-875,11,3.0,,
2026-09-19T14:26:31.004Z,X1909261,1474,-15.76551,-47.89965,3960.3,5.0,5.7,301.8,5.3,10.7,636.6,RS41-SGP,403.502,22.9,-875,11,3.0,,
2026-09-19T14:26:32.004Z,X1909261,1475,-15.76548,-47.89969,3965.6,5.5,5.1,317.5,5.2,10.6,636.1,RS41-SGP,403.502,23.1,-875,11,3.0,,
2026-09-19T14:26:33.004Z,X1909261,1476,-15.76545,-47.89972,3971.4,5.9,5.1,324.4,5.1,10.5,635.8,RS41-SGP,403.502,23.1,-875,11,3.0,,
2026-09-19T14:26:34.004Z,X1909261,1477,-15.76541,-47.89975,3977.4,6.2,5.0,318.1,5.0,10.6,635.3,RS41-SGP,403.502,22.2,-875,11,3.0,,
2026-09-19T14:26:35.004Z,X1909261,1478,-15.76538,-47.89978,3983.7,6.4,4.6,316.2,4.9,10.7,634.7,RS41-SGP,403.502,23.9,-875,11,3.0,,
2026-09-19T14:26:36.004Z,X1909261,1479,-15.76534,-47.89980,3990.2,6.6,4.6,333.7,4.9,10.5,634.2,RS41-SGP,403.502,23.9,-875,10,3.0,,
2026-09-19T14:26:37.004Z,X1909261,1480,-15.76530,-47.89982,3996.7,6.3,6.4,341.2,4.9,10.4,633.7,RS41-SGP,403.502,23.4,-875,11,3.0,,
2026-09-19T14:26:38.004Z,X1909261,1481,-15.76524,-47.89985,4002.9,6.1,8.3,333.4,4.8,10.4,633.3,RS41-SGP,403.502,22.7,-875,11,3.0,,
2026-09-19T14:26:39.004Z,X1909261,1482,-15.76517,-47.89989,4009.2,6.3,8.4,320.0,4.8,10.1,632.8,RS41-SGP,403.502,23.3,-875,11,3.0,,
2026-09-19T14:26:40.004Z,X1909261,1483,-15.76513,-47.89994,4015.7,6.6,6.8,304.9,4.9,9.1,632.3,RS41-SGP,403.502,23.3,-875,11,3.0,,
2026-09-19T14:26:41.004Z,X1909261,1484,-15.76510,-47.89999,4022.3,6.8,4.6,302.0,5.0,7.6,631.8,RS41-SGP,403.502,23.2,-875,11,3.0,,
2026-09-19T14:26:42.004Z,X1909261,1485,-15.76507,-47.90002,4029.2,6.8,4.1,326.9,5.1,7.1,631.3,RS41-SGP,403.502,23.1,-875,11,3.0,,
2026-09-19T14:26:43.004Z,X1909261,1486,-15.76504,-47.90004,4035.7,6.3,5.0,332.6,5.1,7.0,630.8,RS41-SGP,403.502,23.5,-875,11,3.0,,
2026-09-19T14:26:44.004Z,X1909261,1487,-15.76500,-47.90006,4041.5,5.1,4.4,324.9,5.0,6.8,630.4,RS41-SGP,403.502,23.7,-875,11,3.0,,
2026-09-19T14:26:45.004Z,X1909261,1488,-15.76497,-47.90008,4045.8,3.3,3.2,325.2,5.0,6.8,630.0,RS41-SGP,403.502,23.7,-875,11,3.0,,
2026-09-19T14:26:46.004Z,X1909261,1489,-15.76495,-47.90009,4049.1,3.2,3.0,347.0,5.0,6.7,629.7,RS41-SGP,403.502,23.4,-875,11,3.0,,
2026-09-19T14:26:47.004Z,X1909261,1490,-15.76491,-47.90010,4052.3,3.3,5.3,349.8,4.9,6.6,629.5,RS41-SGP,403.502,23.4,-875,11,3.0,,
2026-09-19T14:26:48.004Z,X1909261,1491,-15.76485,-47.90012,4055.9,3.9,7.5,342.0,4.9,6.5,629.3,RS41-SGP,403.502,22.5,-875,11,3.0,,
2026-09-19T14:26:49.004Z,X1909261,1492,-15.76479,-47.90014,4060.4,5.2,7.4,329.9,4.8,6.4,628.7,RS41-SGP,403.502,23.0,-875,11,3.0,,
2026-09-19T14:26:50.004Z,X1909261,1493,-15.76475,-47.90018,4065.8,5.5,5.9,318.1,4.8,6.3,628.4,RS41-SGP,403.502,24.3,-875,11,3.0,,
2026-09-19T14:26:51.004Z,X1909261,1494,-15.76471,-47.90021,4071.5,5.8,5.4,318.7,4.8,6.2,628.0,RS41-SGP,403.502,24.3,-875,11,3.0,,
2026-09-19T14:26:52.004Z,X1909261,1495,-15.76466,-47.90025,4077.0,5.4,7.1,325.6,4.8,6.2,627.6,RS41-SGP,403.502,23.3,-875,11,3.0,,
2026-09-19T14:26:53.004Z,X1909261,1496,-15.76460,-47.90030,4082.0,4.6,9.3,322.5,4.8,6.1,627.2,RS41-SGP,403.502,23.0,-875,11,3.0,,
2026-09-19T14:26:54.004Z,X1909261,1497,-15.76454,-47.90036,4086.5,4.4,10.0,312.2,4.8,6.1,626.8,RS41-SGP,403.502,23.2,-875,11,3.0,,
2026-09-19T14:26:55.004Z,X1909261,1498,-15.76449,-47.90043,4090.6,3.9,8.6,298.2,4.9,6.0,626.6,RS41-SGP,403.502,23.2,-875,11,3.0,,
2026-09-19T14:26:56.004Z,X1909261,1499,-15.76446,-47.90049,4094.6,4.2,6.6,288.5,4.7,6.0,626.3,RS41-SGP,403.502,24.2,-875,11,3.0,,
2026-09-19T14:26:57.004Z,X1909261,1500,-15.76444,-47.90054,4099.2,5.0,5.8,299.7,4.6,6.0,625.9,RS41-SGP,403.502,24.2,-875,11,3.0,,
2026-09-19T14:26:58.004Z,X1909261,1501,-15.76440,-47.90059,4104.1,4.7,7.3,323.1,4.6,6.0,625.5,RS41-SGP,403.502,22.6,-875,11,3.0,,
2026-09-19T14:26:59.004Z,X1909261,1502,-15.76434,-47.90063,4108.7,4.7,9.0,332.1,4.6,6.1,625.2,RS41-SGP,403.502,22.6,-875,11,3.0,,
2026-09-19T14:27:00.004Z,X1909261,1503,-15.76427,-47.90066,4113.9,5.7,8.1,332.8,4.5,6.1,624.7,RS41-SGP,403.502,22.8,-875,11,3.0,,
2026-09-19T14:27:01.004Z,X1909261,1504,-15.76422,-47.90070,4119.5,5.6,5.5,321.4,4.5,6.4,624.4,RS41-SGP,403.502,22.8,-875,11,3.0,,
2026-09-19T14:27:02.004Z,X1909261,1505,-15.76419,-47.90073,4125.3,6.0,4.1,304.7,4.5,6.7,623.9,RS41-SGP,403.502,22.8,-875,11,3.0,,
2026-09-19T14:27:03.004Z,X1909261,1506,-15.76416,-47.90076,4131.7,6.7,5.5,310.0,4.5,6.9,623.3,RS41-SGP,403.502,23.4,-875,11,3.0,,
2026-09-19T14:27:04.004Z,X1909261,1507,-15.76412,-47.90081,4138.2,6.3,7.7,318.5,4.5,7.3,623.0,RS41-SGP,403.502,23.4,-875,11,3.0,,
2026-09-19T14:27:05.004Z,X1909261,1508,-15.76406,-47.90086,4144.5,6.3,8.8,317.4,4.5,7.5,622.5,RS41-SGP,403.502,22.8,-875,11,3.0,,
2026-09-19T14:27:06.004Z,X1909261,1509,-15.76401,-47.90091,4151.0,6.6,7.1,308.7,4.4,7.5,621.9,RS41-SGP,403.502,22.9,-875,11,3.0,,
2026-09-19T14:27:07.004Z,X1909261,1510,-15.76398,-47.90096,4157.3,5.9,4.6,294.3,4.4,7.4,621.5,RS41-SGP,403.502,22.9,-875,11,3.0,,
2026-09-19T14:27:08.004Z,X1909261,1511,-15.76397,-47.90099,4163.1,5.6,2.6,289.4,4.3,7.5,621.0,RS41-SGP,403.502,22.9,-875,11,3.0,,
2026-09-19T14:27:09.004Z,X1909261,1512,-15.76396,-47.90101,4168.8,5.8,2.9,336.7,4.2,7.5,620.6,RS41-SGP,403.502,23.4,-875,11,3.0,,
2026-09-19T14:27:10.004Z,X1909261,1513,-15.76392,-47.90102,4174.4,5.4,5.7,343.5,4.2,7.5,620.1,RS41-SGP,403.502,23.5,-875,11,3.0,,
2026-09-19T14:27:11.004Z,X1909261,1514,-15.76386,-47.90104,4179.9,5.5,7.4,335.1,4.2,7.4,619.7,RS41-SGP,403.502,23.5,-875,11,3.0,,
2026-09-19T14:27:12.004Z,X1909261,1515,-15.76381,-47.90108,4185.7,6.0,6.8,320.9,4.3,7.3,619.3,RS41-SGP,403.502,23.5,-875,11,3.0,,
2026-09-19T14:27:13.004Z,X1909261,1516,-15.76377,-47.90112,4191.7,6.0,5.5,301.7,4.2,7.3,618.9,RS41-SGP,403.502,23.5,-875,11,3.0,,
2026-09-19T14:27:14.004Z,X1909261,1517,-15.76375,-47.90116,4197.9,6.4,5.2,292.3,4.1,7.3,618.4,RS41-SGP,403.502,23.5,-875,11,3.0,,
2026-09-19T14:27:15.004Z,X1909261,1518,-15.76373,-47.90121,4204.3,6.4,6.0,295.9,4.0,7.3,617.9,RS41-SGP,403.502,22.8,-875,11,3.0,,
2026-09-19T14:27:16.004Z,X1909261,1519,-15.76370,-47.90126,4210.7,6.3,7.1,298.7,4.1,7.1,617.5,RS41-SGP,403.502,22.8,-875,11,3.0,,
2026-09-19T14:27:17.004Z,X1909261,1520,-15.76368,-47.90132,4217.0,6.3,7.2,293.5,4.0,7.0,616.9,RS41-SGP,403.502,22.9,-875,11,3.0,,
2026-09-19T14:27:18.004Z,X1909261,1521,-15.76366,-47.90138,4222.7,5.1,6.1,277.8,3.9,7.1,616.5,RS41-SGP,403.502,22.9,-875,11,3.0,,
2026-09-19T14:27:19.004Z,X1909261,1522,-15.76366,-47.90144,4226.9,3.2,5.3,259.7,4.0,7.2,616.1,RS41-SGP,403.502,22.8,-875,11,3.0,,
2026-09-19T14:27:20.004Z,X1909261,1523,-15.76367,-47.90148,4230.1,3.2,4.7,245.4,4.1,7.3,616.0,RS41-SGP,403.502,23.2,-875,11,3.0,,
2026-09-19T14:27:21.004Z,X1909261,1524,-15.76368,-47.90152,4233.7,4.1,4.5,260.1,4.0,7.3,615.8,RS41-SGP,403.502,23.2,-875,11,3.0,,
2026-09-19T14:27:22.004Z,X1909261,1525,-15.76368,-47.90157,4237.9,4.2,5.5,277.9,3.9,7.4,615.4,RS41-SGP,403.502,22.0,-875,11,3.0,,
2026-09-19T14:27:23.004Z,X1909261,1526,-15.76368,-47.90162,4242.1,4.2,6.4,278.2,3.9,7.5,615.1,RS41-SGP,403.502,22.6,-875,11,3.0,,
2026-09-19T14:27:24.004Z,X1909261,1527,-15.76367,-47.90168,4246.1,3.8,6.5,267.7,4.0,7.4,614.9,RS41-SGP,403.502,23.6,-875,11,3.0,,
2026-09-19T14:27:25.004Z,X1909261,1528,-15.76368,-47.90174,4249.7,3.4,6.1,255.6,3.9,7.5,614.5,RS41-SGP,403.502,23.6,-875,11,3.0,,
2026-09-19T14:27:26.004Z,X1909261,1529,-15.76370,-47.90179,4253.2,3.6,5.5,250.4,3.8,7.5,614.2,RS41-SGP,403.502,23.5,-875,11,3.0,,
2026-09-19T14:27:27.004Z,X1909261,1530,-15.76371,-47.90184,4257.0,4.1,5.0,258.0,3.8,7.5,613.9,RS41-SGP,403.502,23.5,-875,11,3.0,,
2026-09-19T14:27:28.004Z,X1909261,1531,-15.76372,-47.90189,4260.9,3.7,5.3,265.4,3.7,7.5,613.6,RS41-SGP,403.502,23.5,-875,11,3.0,,
2026-09-19T14:27:29.004Z,X1909261,1532,-15.76372,-47.90194,4264.3,3.1,5.5,263.8,3.8,7.5,613.4,RS41-SGP,403.502,23.1,-875,11,3.0,,
2026-09-19T14:27:30.004Z,X1909261,1533,-15.76373,-47.90198,4267.1,2.7,5.3,253.9,3.7,7.7,613.2,RS41-SGP,403.502,23.7,-875,11,3.0,,
2026-09-19T14:27:31.004Z,X1909261,1534,-15.76375,-47.90203,4269.8,2.7,4.5,246.9,3.7,7.8,613.0,RS41-SGP,403.502,23.7,-875,11,3.0,,
2026-09-19T14:27:32.004Z,X1909261,1535,-15.76376,-47.90206,4272.9,3.3,3.6,253.9,3.7,7.8,612.8,RS41-SGP,403.502,22.7,-875,11,3.0,,
2026-09-19T14:27:33.004Z,X1909261,1536,-15.76376,-47.90210,4276.5,3.9,3.6,267.6,3.7,8.0,612.5,RS41-SGP,403.502,23.0,-875,11,3.0,,
2026-09-19T14:27:34.004Z,X1909261,1537,-15.76376,-47.90213,4280.3,3.8,3.7,270.4,3.6,8.0,612.2,RS41-SGP,403.502,23.7,-875,11,3.0,,
2026-09-19T14:27:35.004Z,X1909261,1538,-15.76377,-47.90216,4283.9,3.5,3.4,261.1,3.6,8.1,611.9,RS41-SGP,403.502,23.7,-875,11,3.0,,
2026-09-19T14:27:36.004Z,X1909261,1539,-15.76377,-47.90219,4287.3,3.3,2.5,255.1,3.6,8.1,611.7,RS41-SGP,403.502,23.5,-875,11,3.0,,
2026-09-19T14:27:37.004Z,X1909261,1540,-15.76377,-47.90221,4290.8,3.8,1.9,277.7,3.6,8.2,611.4,RS41-SGP,403.502,23.5,-875,11,3.0,,
2026-09-19T14:27:38.004Z,X1909261,1541,-15.76377,-47.90223,4294.7,4.0,2.7,301.9,3.6,8.4,611.0,RS41-SGP,403.502,22.9,-875,11,3.0,,
2026-09-19T14:27:39.004Z,X1909261,1542,-15.76375,-47.90225,4299.0,4.4,3.4,303.2,3.6,8.6,610.8,RS41-SGP,403.502,22.6,-875,11,3.0,,
2026-09-19T14:27:40.004Z,X1909261,1543,-15.76374,-47.90228,4303.5,4.7,3.3,294.6,3.7,8.7,610.4,RS41-SGP,403.502,22.9,-875,11,3.0,,
2026-09-19T14:27:41.004Z,X1909261,1544,-15.76373,-47.90231,4308.3,4.9,2.7,292.3,3.8,8.9,610.1,RS41-SGP,403.502,22.9,-875,11,3.0,,
2026-09-19T14:27:42.004Z,X1909261,1545,-15.76371,-47.90233,4313.0,4.5,3.3,311.0,4.1,10.0,609.7,RS41-SGP,403.502,22.8,-875,11,3.0,,
2026-09-19T14:27:43.004Z,X1909261,1546,-15.76368,-47.90236,4317.1,3.8,5.2,319.2,4.3,11.6,609.5,RS41-SGP,403.502,22.7,-875,11,3.0,,
2026-09-19T14:27:44.004Z,X1909261,1547,-15.76364,-47.90240,4320.8,3.6,7.0,314.1,4.3,12.7,609.1,RS41-SGP,403.502,22.6,-875,11,3.0,,
2026-09-19T14:27:45.004Z,X1909261,1548,-15.76360,-47.90245,4324.6,4.1,7.5,304.8,4.4,13.3,608.9,RS41-SGP,403.502,23.6,-875,11,3.0,,
2026-09-19T14:27:46.004Z,X1909261,1549,-15.76357,-47.90250,4328.7,4.2,6.6,297.9,4.3,13.3,608.6,RS41-SGP,403.502,23.6,-875,11,3.0,,
2026-09-19T14:27:47.004Z,X1909261,1550,-15.76354,-47.90255,4332.8,4.0,5.5,302.6,4.3,13.3,608.2,RS41-SGP,403.502,23.4,-875,11,3.0,,
2026-09-19T14:27:48.004Z,X1909261,1551,-15.76351,-47.90259,4336.7,3.8,5.3,318.1,4.4,13.3,608.0,RS41-SGP,403.502,23.2,-875,11,3.0,,
2026-09-19T14:27:49.004Z,X1909261,1552,-15.76347,-47.90262,4340.7,4.2,5.9,324.2,4.3,13.6,607.7,RS41-SGP,403.502,22.5,-875,11,3.0,,
2026-09-19T14:27:50.004Z,X1909261,1553,-15.76343,-47.90266,4345.1,4.7,6.6,313.6,4.2,13.9,607.3,RS41-SGP,403.502,22.5,-875,11,3.0,,
2026-09-19T14:27:51.004Z,X1909261,1554,-15.76339,-47.90271,4350.0,5.0,7.0,299.4,4.2,14.0,607.0,RS41-SGP,403.502,22.3,-875,11,3.0,,
2026-09-19T14:27:52.004Z,X1909261,1555,-15.76337,-47.90277,4355.1,5.2,6.9,290.6,4.2,14.1,606.7,RS41-SGP,403.502,22.3,-875,11,3.0,,
2026-09-19T14:27:53.004Z,X1909261,1556,-15.76334,-47.90283,4360.1,4.8,7.1,290.6,4.2,14.2,606.2,RS41-SGP,403.502,21.9,-875,11,3.0,,
2026-09-19T14:27:54.004Z,X1909261,1557,-15.76332,-47.90290,4364.5,3.8,7.7,290.2,4.1,14.3,605.9,RS41-SGP,403.502,23.3,-875,11,3.0,,
2026-09-19T14:27:55.004Z,X1909261,1558,-15.76330,-47.90297,4368.0,3.3,8.4,284.6,4.0,14.3,605.6,RS41-SGP,403.502,23.3,-875,11,3.0,,
2026-09-19T14:27:56.004Z,X1909261,1559,-15.76329,-47.90305,4371.3,3.4,8.5,275.8,4.0,14.3,605.4,RS41-SGP,403.502,23.0,-875,10,3.0,,
2026-09-19T14:27:57.004Z,X1909261,1560,-15.76328,-47.90312,4375.0,4.0,7.7,270.5,4.0,14.1,605.0,RS41-SGP,403.502,23.1,-875,11,3.0,,
2026-09-19T14:27:58.004Z,X1909261,1561,-15.76328,-47.90319,4379.3,4.5,7.0,275.6,3.9,13.7,604.8,RS41-SGP,403.502,23.1,-875,11,3.0,,
2026-09-19T14:27:59.004Z,X1909261,1562,-15.76327,-47.90326,4383.9,4.7,7.2,287.5,3.9,13.5,604.5,RS41-SGP,403.502,22.9,-875,11,3.0,,
2026-09-19T14:28:00.004Z,X1909261,1563,-15.76324,-47.90332,4388.4,4.4,8.3,293.8,4.0,13.4,604.1,RS41-SGP,403.502,22.9,-875,11,3.0,,
2026-09-19T14:28:01.004Z,X1909261,1564,-15.76321,-47.90340,4392.7,4.2,9.0,290.0,4.0,13.3,603.8,RS41-SGP,403.502,22.9,-875,11,3.0,,
2026-09-19T14:28:02.004Z,X1909261,1565,-15.76319,-47.90348,4396.7,3.7,9.1,282.4,3.8,13.5,603.6,RS41-SGP,403.502,23.7,-875,11,3.0,,
2026-09-19T14:28:03.004Z,X1909261,1566,-15.76317,-47.90356,4400.2,3.2,8.8,279.6,3.8,13.6,603.2,RS41-SGP,403.502,23.7,-875,11,3.0,,
2026-09-19T14:28:04.004Z,X1909261,1567,-15.76316,-47.90364,4403.2,2.8,8.2,284.4,3.8,13.6,603.0,RS41-SGP,403.502,24.1,-875,11,3.0,,
2026-09-19T14:28:05.004Z,X1909261,1568,-15.76313,-47.90371,4406.1,2.8,8.0,293.8,3.7,13.5,602.8,RS41-SGP,403.502,24.1,-875,11,3.0,,
2026-09-19T14:28:06.004Z,X1909261,1569,-15.76310,-47.90378,4409.2,3.5,7.9,297.1,3.7,13.7,602.6,RS41-SGP,403.502,23.6,-875,11,3.0,,
2026-09-19T14:28:07.004Z,X1909261,1570,-15.76307,-47.90384,4413.0,4.1,7.7,292.5,3.7,13.8,602.2,RS41-SGP,403.502,23.6,-875,11,3.0,,
2026-09-19T14:28:08.004Z,X1909261,1571,-15.76305,-47.90391,4417.4,4.6,7.5,287.1,3.7,13.9,601.9,RS41-SGP,403.502,23.0,-875,11,3.0,,
2026-09-19T14:28:09.004Z,X1909261,1572,-15.76303,-47.90397,4422.1,4.9,7.0,291.6,3.6,14.1,601.6,RS41-SGP,403.502,23.0,-875,11,3.0,,
2026-09-19T14:28:10.004Z,X1909261,1573,-15.76300,-47.90403,4426.9,4.6,6.8,305.1,3.6,14.0,601.2,RS41-SGP,403.502,23.3,-875,11,3.0,,
2026-09-19T14:28:11.004Z,X1909261,1574,-15.76296,-47.90408,4431.2,4.1,6.8,313.7,3.5,13.9,600.9,RS41-SGP,403.502,23.3,-875,11,3.0,,
2026-09-19T14:28:12.004Z,X1909261,1575,-15.76292,-47.90412,4435.3,4.1,6.9,311.8,3.4,13.9,600.6,RS41-SGP,403.502,23.6,-875,11,3.0,,
2026-09-19T14:28:13.004Z,X1909261,1576,-15.76288,-47.90418,4439.5,4.3,7.4,300.9,3.4,13.8,600.5,RS41-SGP,403.502,23.6,-875,11,3.0,,
2026-09-19T14:28:14.004Z,X1909261,1577,-15.76285,-47.90424,4443.7,4.0,8.3,291.5,3.4,13.9,600.0,RS41-SGP,403.502,23.9,-875,11,3.0,,
2026-09-19T14:28:15.004Z,X1909261,1578,-15.76282,-47.90432,4447.5,3.7,8.9,287.3,3.3,13.9,599.8,RS41-SGP,403.502,23.9,-875,11,3.0,,
2026-09-19T14:28:16.004Z,X1909261,1579,-15.76280,-47.90440,4451.2,3.7,8.9,287.4,3.3,13.9,599.5,RS41-SGP,403.502,22.4,-875,11,3.0,,
2026-09-19T14:28:17.004Z,X1909261,1580,-15.76278,-47.90448,4455.0,3.9,8.6,285.9,3.3,14.1,599.2,RS41-SGP,403.502,22.4,-875,11,3.0,,
2026-09-19T14:28:18.004Z,X1909261,1581,-15.76276,-47.90455,4459.0,4.0,8.1,279.5,3.3,14.4,598.8,RS41-SGP,403.502,22.4,-875,11,3.0,,
2026-09-19T14:28:19.004Z,X1909261,1582,-15.76275,-47.90463,4463.1,4.1,8.1,271.4,3.3,14.4,598.5,RS41-SGP,403.502,23.7,-875,11,3.0,,
2026-09-19T14:28:20.004Z,X1909261,1583,-15.76276,-47.90470,4467.3,4.3,8.1,265.4,3.2,14.5,598.2,RS41-SGP,403.502,23.7,-875,11,3.0,,
2026-09-19T14:28:21.004Z,X1909261,1584,-15.76276,-47.90478,4471.7,4.5,7.8,265.0,3.1,14.6,598.0,RS41-SGP,403.502,23.0,-875,11,3.0,,
2026-09-19T14:28:22.004Z,X1909261,1585,-15.76277,-47.90485,4476.2,4.7,7.6,266.9,3.1,14.7,597.7,RS41-SGP,403.502,22.4,-875,11,3.0,,
2026-09-19T14:28:23.004Z,X1909261,1586,-15.76277,-47.90492,4480.8,4.5,7.4,265.0,3.0,14.8,597.4,RS41-SGP,403.502,22.5,-875,11,3.0,,
2026-09-19T14:28:24.004Z,X1909261,1587,-15.76278,-47.90499,4485.2,4.2,7.3,258.5,3.0,14.9,596.9,RS41-SGP,403.502,22.5,-875,11,3.0,,
2026-09-19T14:28:25.004Z,X1909261,1588,-15.76280,-47.90505,4489.3,4.1,6.7,251.5,3.0,14.9,596.7,RS41-SGP,403.502,23.0,-875,11,3.0,,
2026-09-19T14:28:26.004Z,X1909261,1589,-15.76282,-47.90510,4493.3,4.1,5.5,249.8,2.9,14.9,596.4,RS41-SGP,403.502,23.1,-875,11,3.0,,
2026-09-19T14:28:27.004Z,X1909261,1590,-15.76283,-47.90515,4497.6,4.5,4.2,262.2,2.9,14.8,596.0,RS41-SGP,403.502,23.1,-875,11,3.0,,
2026-09-19T14:28:28.004Z,X1909261,1591,-15.76283,-47.90518,4502.3,4.9,4.0,281.1,2.9,14.8,595.7,RS41-SGP,403.502,22.5,-875,11,3.0,,
2026-09-19T14:28:29.004Z,X1909261,1592,-15.76282,-47.90522,4507.6,5.6,4.8,289.3,2.9,14.7,595.3,RS41-SGP,403.502,22.8,-875,11,3.0,,
2026-09-19T14:28:30.004Z,X1909261,1593,-15.76280,-47.90527,4513.4,6.0,5.9,286.7,2.9,14.6,594.8,RS41-SGP,403.502,23.3,-875,11,3.0,,
2026-09-19T14:28:31.004Z,X1909261,1594,-15.76278,-47.90533,4519.7,6.5,7.2,287.2,2.8,14.7,594.4,RS41-SGP,403.502,23.3,-875,11,3.0,,
2026-09-19T14:28:32.004Z,X1909261,1595,-15.76276,-47.90540,4525.9,6.2,8.1,289.0,2.8,14.6,593.8,RS41-SGP,403.502,22.8,-875,11,3.0,,
2026-09-19T14:28:33.004Z,X1909261,1596,-15.76274,-47.90547,4531.8,5.8,8.9,288.2,2.7,14.6,593.6,RS41-SGP,403.502,22.3,-875,11,3.0,,
2026-09-19T14:28:34.004Z,X1909261,1597,-15.76272,-47.90555,4537.4,5.4,9.6,283.5,2.6,14.6,593.0,RS41-SGP,403.502,21.3,-875,11,3.0,,
2026-09-19T14:28:35.004Z,X1909261,1598,-15.76270,-47.90564,4542.5,4.9,10.0,276.0,2.6,14.5,592.8,RS41-SGP,403.502,22.6,-875,11,3.0,,
2026-09-19T14:28:36.004Z,X1909261,1599,-15.76270,-47.90574,4547.0,4.2,10.0,268.3,2.5,14.4,592.4,RS41-SGP,403.502,22.9,-875,11,3.0,,
2026-09-19T14:28:37.004Z,X1909261,1600,-15.76270,-47.90583,4551.2,4.1,9.6,267.8,2.5,14.1,592.1,RS41-SGP,403.502,22.9,-875,11,3.0,,
2026-09-19T14:28:38.004Z,X1909261,1601,-15.76270,-47.90592,4555.3,4.0,9.5,276.4,2.6,13.9,591.9,RS41-SGP,403.502,22.4,-875,11,3.0,,
2026-09-19T14:28:39.004Z,X1909261,1602,-15.76268,-47.90601,4559.2,4.0,9.8,281.9,2.6,13.9,591.6,RS41-SGP,403.502,22.2,-875,11,3.0,,
2026-09-19T14:28:40.004Z,X1909261,1603,-15.76267,-47.90609,4563.2,4.2,9.5,275.8,2.6,13.8,591.3,RS41-SGP,403.502,23.2,-875,11,3.0,,
2026-09-19T14:28:41.004Z,X1909261,1604,-15.76267,-47.90618,4567.4,4.2,8.7,262.1,2.5,13.7,590.9,RS41-SGP,403.502,23.3,-875,11,3.0,,
2026-09-19T14:28:42.004Z,X1909261,1605,-15.76269,-47.90625,4571.9,4.8,7.9,252.7,2.3,13.8,590.6,RS41-SGP,403.502,23.7,-875,11,3.0,,
2026-09-19T14:28:43.004Z,X1909261,1606,-15.76270,-47.90632,4577.1,5.6,6.9,259.7,2.3,13.9,590.1,RS41-SGP,403.502,23.7,-875,11,3.0,,
2026-09-19T14:28:44.004Z,X1909261,1607,-15.76271,-47.90638,4582.9,6.0,6.4,276.7,2.3,13.9,589.8,RS41-SGP,403.502,22.9,-875,11,3.0,,
2026-09-19T14:28:45.004Z,X1909261,1608,-15.76270,-47.90644,4588.9,6.2,6.2,285.1,2.2,13.8,589.3,RS41-SGP,403.502,22.6,-875,11,3.0,,
2026-09-19T14:28:46.004Z,X1909261,1609,-15.76268,-47.90649,4594.6,5.2,5.3,284.1,2.3,14.0,589.0,RS41-SGP,403.502,22.4,-875,11,3.0,,
2026-09-19T14:28:47.004Z,X1909261,1610,-15.76267,-47.90654,4599.7,4.8,4.5,290.3,2.3,14.5,588.6,RS41-SGP,403.502,22.4,-875,11,3.0,,
2026-09-19T14:28:48.004Z,X1909261,1611,-15.76265,-47.90658,4604.8,5.6,5.5,299.5,2.3,14.3,588.2,RS41-SGP,403.502,22.3,-875,11,3.0,,
2026-09-19T14:28:49.004Z,X1909261,1612,-15.76262,-47.90663,4610.5,5.9,7.4,298.6,2.2,13.7,587.7,RS41-SGP,403.502,22.3,-875,11,3.0,,
2026-09-19T14:28:50.004Z,X1909261,1613,-15.76260,-47.90670,4616.6,6.3,8.6,287.4,2.3,10.4,587.3,RS41-SGP,403.502,22.8,-875,11,3.0,,
2026-09-19T14:28:51.004Z,X1909261,1614,-15.76258,-47.90678,4623.0,6.5,8.5,273.3,2.3,9.0,586.9,RS41-SGP,403.502,22.9,-875,11,3.0,,
2026-09-19T14:28:52.004Z,X1909261,1615,-15.76259,-47.90685,4629.1,5.8,7.5,258.5,2.3,8.3,586.5,RS41-SGP,403.502,23.6,-875,11,3.0,,
2026-09-19T14:28:53.004Z,X1909261,1616,-15.76260,-47.90692,4634.7,5.4,7.1,250.1,2.3,7.7,586.0,RS41-SGP,403.502,24.0,-875,11,3.0,,
2026-09-19T14:28:54.004Z,X1909261,1617,-15.76262,-47.90698,4640.3,5.8,7.1,254.5,2.3,7.5,585.6,RS41-SGP,403.502,24.0,-875,11,3.0,,
2026-09-19T14:28:55.004Z,X1909261,1618,-15.76264,-47.90705,4645.9,5.4,7.7,260.9,2.3,7.3,585.3,RS41-SGP,403.502,22.4,-875,11,3.0,,
2026-09-19T14:28:56.004Z,X1909261,1619,-15.76265,-47.90712,4651.0,4.7,8.3,260.6,2.2,7.2,584.8,RS41-SGP,403.502,22.2,-875,11,3.0,,
2026-09-19T14:28:57.004Z,X1909261,1620,-15.76266,-47.90720,4655.2,3.7,9.1,257.2,2.2,7.2,584.6,RS41-SGP,403.502,23.3,-875,11,3.0,,
2026-09-19T14:28:58.004Z,X1909261,1621,-15.76268,-47.90728,4658.8,3.5,9.8,256.4,2.2,7.2,584.4,RS41-SGP,403.502,23.3,-875,11,3.0,,
2026-09-19T14:28:59.004Z,X1909261,1622,-15.76270,-47.90737,4662.3,3.5,9.6,261.8,2.2,7.1,584.1,RS41-SGP,403.502,22.8,-875,11,3.0,,
2026-09-19T14:29:00.004Z,X1909261,1623,-15.76271,-47.90746,4665.6,3.0,9.4,269.6,2.2,7.0,583.8,RS41-SGP,403.502,22.2,-875,11,3.0,,
2026-09-19T14:29:01.004Z,X1909261,1624,-15.76270,-47.90755,4668.4,2.7,9.2,273.9,2.4,6.9,583.7,RS41-SGP,403.502,21.8,-875,11,3.0,,
2026-09-19T14:29:02.004Z,X1909261,1625,-15.76270,-47.90763,4671.2,3.0,8.6,268.9,2.4,6.7,583.5,RS41-SGP,403.502,22.9,-875,11,3.0,,
2026-09-19T14:29:03.004Z,X1909261,1626,-15.76271,-47.90770,4674.4,3.5,7.5,259.2,2.2,6.8,583.2,RS41-SGP,403.502,22.9,-875,11,3.0,,
2026-09-19T14:29:04.004Z,X1909261,1627,-15.76272,-47.90777,4678.4,4.4,6.9,260.1,2.1,6.7,582.9,RS41-SGP,403.502,22.0,-875,11,3.0,,
2026-09-19T14:29:05.004Z,X1909261,1628,-15.76272,-47.90784,4682.4,3.7,7.3,275.6,2.1,6.5,582.6,RS41-SGP,403.502,22.2,-875,11,3.0,,
2026-09-19T14:29:06.004Z,X1909261,1629,-15.76271,-47.90791,4685.8,3.0,8.3,290.3,2.2,6.3,582.3,RS41-SGP,403.502,22.2,-875,11,3.0,,
2026-09-19T14:29:07.004Z,X1909261,1630,-15.76268,-47.90798,4689.3,4.2,8.6,294.0,2.1,6.4,582.0,RS41-SGP,403.502,21.7,-875,11,3.0,,
2026-09-19T14:29:08.004Z,X1909261,1631,-15.76266,-47.90805,4693.8,4.7,7.4,282.4,2.2,6.3,581.8,RS41-SGP,403.502,22.9,-875,11,3.0,,
2026-09-19T14:29:09.004Z,X1909261,1632,-15.76265,-47.90811,4698.1,3.9,7.0,268.6,2.1,6.4,581.5,RS41-SGP,403.502,23.6,-875,11,3.0,,
2026-09-19T14:29:10.004Z,X1909261,1633,-15.76265,-47.90818,4701.9,3.7,7.2,273.2,2.1,6.5,581.2,RS41-SGP,403.502,23.6,-875,11,3.0,,
2026-09-19T14:29:11.004Z,X1909261,1634,-15.76263,-47.90825,4705.4,3.3,8.0,290.0,2.0,6.6,580.9,RS41-SGP,403.502,22.3,-875,11,3.0,,
2026-09-19T14:29:12.004Z,X1909261,1635,-15.76261,-47.90832,4709.0,4.0,8.9,293.9,2.0,6.5,580.6,RS41-SGP,403.502,20.3,-875,11,3.0,,
2026-09-19T14:29:13.004Z,X1909261,1636,-15.76258,-47.90840,4713.0,4.1,8.9,278.5,2.0,6.5,580.5,RS41-SGP,403.502,19.6,-875,11,3.0,,
2026-09-19T14:29:14.004Z,X1909261,1637,-15.76259,-47.90849,4716.8,3.6,9.4,259.4,2.1,6.4,580.0,RS41-SGP,403.502,20.8,-875,11,3.0,,
2026-09-19T14:29:15.004Z,X1909261,1638,-15.76260,-47.90857,4720.7,4.3,9.6,255.1,2.0,6.4,579.8,RS41-SGP,403.502,20.8,-875,11,3.0,,
2026-09-19T14:29:16.004Z,X1909261,1639,-15.76262,-47.90866,4724.8,4.1,9.0,270.2,2.0,6.5,579.6,RS41-SGP,403.502,20.8,-875,11,3.0,,
2026-09-19T14:29:17.004Z,X1909261,1640,-15.76260,-47.90874,4728.7,3.6,9.1,289.1,2.0,6.6,579.3,RS41-SGP,403.502,20.8,-875,11,3.0,,
2026-09-19T14:29:18.004Z,X1909261,1641,-15.76258,-47.90882,4732.9,4.8,8.6,290.4,1.9,6.6,579.1,RS41-SGP,403.502,20.7,-875,11,3.0,,
2026-09-19T14:29:19.004Z,X1909261,1642,-15.76256,-47.90889,4737.5,4.6,7.9,267.9,1.8,6.6,578.7,RS41-SGP,403.502,20.5,-875,11,3.0,,
2026-09-19T14:29:20.004Z,X1909261,1643,-15.76258,-47.90897,4742.0,4.4,8.4,249.3,1.9,6.6,578.3,RS41-SGP,403.502,21.8,-875,11,3.0,,
2026-09-19T14:29:21.004Z,X1909261,1644,-15.76260,-47.90904,4747.1,5.8,8.0,252.9,1.7,6.7,577.9,RS41-SGP,403.502,21.8,-875,11,3.0,,
2026-09-19T14:29:22.004Z,X1909261,1645,-15.76261,-47.90911,4752.7,5.5,7.9,275.5,1.7,6.8,577.5,RS41-SGP,403.502,21.5,-875,11,3.0,,
2026-09-19T14:29:23.004Z,X1909261,1646,-15.76259,-47.90919,4758.2,5.5,9.0,292.9,1.6,6.8,577.1,RS41-SGP,403.502,21.5,-875,11,3.0,,
2026-09-19T14:29:24.004Z,X1909261,1647,-15.76256,-47.90926,4764.0,6.2,8.4,292.9,1.6,6.8,576.7,RS41-SGP,403.502,21.2,-875,11,3.0,,
2026-09-19T14:29:25.004Z,X1909261,1648,-15.76254,-47.90933,4769.9,5.5,7.2,280.8,1.6,6.8,576.2,RS41-SGP,403.502,21.3,-875,11,3.0,,
2026-09-19T14:29:26.004Z,X1909261,1649,-15.76253,-47.90939,4775.2,5.1,6.5,273.4,1.5,6.9,575.9,RS41-SGP,403.502,23.1,-875,11,3.0,,
2026-09-19T14:29:27.004Z,X1909261,1650,-15.76252,-47.90945,4779.8,4.0,6.6,282.4,1.5,6.6,575.6,RS41-SGP,403.502,23.1,-875,11,3.0,,
2026-09-19T14:29:28.004Z,X1909261,1651,-15.76250,-47.90952,4783.2,3.0,7.5,293.6,1.5,6.6,575.4,RS41-SGP,403.502,22.2,-875,11,3.0,,
2026-09-19T14:29:29.004Z,X1909261,1652,-15.76248,-47.90958,4786.6,3.7,8.3,292.2,1.6,6.6,575.0,RS41-SGP,403.502,22.0,-875,11,3.0,,
2026-09-19T14:29:30.004Z,X1909261,1653,-15.76246,-47.90966,4790.5,4.2,7.7,277.5,1.5,6.6,574.8,RS41-SGP,403.502,22.0,-875,11,3.0,,
2026-09-19T14:29:31.004Z,X1909261,1654,-15.76246,-47.90972,4794.4,3.5,6.6,256.3,1.6,6.4,574.6,RS41-SGP,403.502,23.2,-875,11,3.0,,
2026-09-19T14:29:32.004Z,X1909261,1655,-15.76248,-47.90977,4797.9,3.5,5.9,241.4,1.6,6.0,574.2,RS41-SGP,403.502,23.2,-875,11,3.0,,
2026-09-19T14:29:33.004Z,X1909261,1656,-15.76250,-47.90982,4801.9,4.5,5.6,251.7,1.6,5.5,574.0,RS41-SGP,403.502,22.8,-875,11,3.0,,
2026-09-19T14:29:34.004Z,X1909261,1657,-15.76251,-47.90988,4806.6,4.8,7.1,271.1,1.7,5.1,573.6,RS41-SGP,403.502,22.8,-875,11,3.0,,
2026-09-19T14:29:35.004Z,X1909261,1658,-15.76251,-47.90995,4811.6,5.3,8.6,270.5,1.7,4.7,573.4,RS41-SGP,403.502,22.6,-875,11,3.0,,
2026-09-19T14:29:36.004Z,X1909261,1659,-15.76252,-47.91003,4816.9,5.3,8.3,253.1,1.7,4.6,572.9,RS41-SGP,403.502,22.7,-875,11,3.0,,
2026-09-19T14:29:37.004Z,X1909261,1660,-15.76255,-47.91010,4821.7,4.3,7.6,232.4,1.7,4.5,572.6,RS41-SGP,403.502,23.0,-875,11,3.0,,
2026-09-19T14:29:38.004Z,X1909261,1661,-15.76259,-47.91015,4826.3,4.7,6.3,224.7,1.7,4.3,572.4,RS41-SGP,403.502,23.0,-875,11,3.0,,
2026-09-19T14:29:39.004Z,X1909261,1662,-15.76262,-47.91019,4831.3,5.4,5.3,239.5,1.6,4.3,571.9,RS41-SGP,403.502,22.8,-875,11,3.0,,
2026-09-19T14:29:40.004Z,X1909261,1663,-15.76264,-47.91024,4836.7,5.5,6.4,255.4,1.6,4.3,571.5,RS41-SGP,403.502,22.3,-875,11,3.0,,
2026-09-19T14:29:41.004Z,X1909261,1664,-15.76266,-47.91030,4842.4,5.9,7.2,255.3,1.5,4.3,571.1,RS41-SGP,403.502,22.9,-875,11,3.0,,
2026-09-19T14:29:42.004Z,X1909261,1665,-15.76267,-47.91036,4848.2,5.6,6.0,255.4,1.6,4.2,570.8,RS41-SGP,403.502,23.0,-875,11,3.0,,
2026-09-19T14:29:43.004Z,X1909261,1666,-15.76268,-47.91041,4853.4,4.8,3.9,275.6,1.5,4.2,570.3,RS41-SGP,403.502,23.0,-875,11,3.0,,
2026-09-19T14:29:44.004Z,X1909261,1667,-15.76267,-47.91044,4858.5,5.2,4.5,302.4,1.5,4.3,570.1,RS41-SGP,403.502,22.1,-875,11,3.0,,
2026-09-19T14:29:45.004Z,X1909261,1668,-15.76264,-47.91049,4863.8,5.5,6.4,295.1,1.4,4.3,569.5,RS41-SGP,403.502,22.2,-875,11,3.0,,
2026-09-19T14:29:46.004Z,X1909261,1669,-15.76262,-47.91055,4869.5,6.0,7.0,281.7,1.4,4.3,569.2,RS41-SGP,403.502,23.2,-875,11,3.0,,
2026-09-19T14:29:47.004Z,X1909261,1670,-15.76262,-47.91060,4875.5,6.0,5.2,269.7,1.5,4.2,568.8,RS41-SGP,403.502,23.2,-875,11,3.0,,
2026-09-19T14:29:48.004Z,X1909261,1671,-15.76262,-47.91064,4880.8,4.6,2.5,265.1,1.5,4.1,568.4,RS41-SGP,403.502,22.6,-875,11,3.0,,
2026-09-19T14:29:49.004Z,X1909261,1672,-15.76262,-47.91065,4885.1,4.1,0.5,293.1,1.4,4.2,568.0,RS41-SGP,403.502,21.7,-875,11,3.0,,
2026-09-19T14:29:50.004Z,X1909261,1673,-15.76262,-47.91066,4889.5,4.6,1.1,292.0,1.3,4.2,567.7,RS41-SGP,403.502,21.3,-875,11,3.0,,
2026-09-19T14:29:51.004Z,X1909261,1674,-15.76261,-47.91068,4893.9,4.2,2.7,275.4,1.4,4.1,567.5,RS41-SGP,403.502,22.3,-875,11,3.0,,
2026-09-19T14:29:52.004Z,X1909261,1675,-15.76261,-47.91070,4898.0,3.9,3.3,270.6,1.4,4.0,567.2,RS41-SGP,403.502,22.7,-875,11,3.0,,
2026-09-19T14:29:53.004Z,X1909261,1676,-15.76261,-47.91073,4901.8,3.8,2.6,264.7,1.4,3.9,566.9,RS41-SGP,403.502,22.7,-875,11,3.0,,
2026-09-19T14:29:54.004Z,X1909261,1677,-15.76262,-47.91075,4905.5,3.8,2.0,247.0,1.3,3.9,566.6,RS41-SGP,403.502,22.3,-875,11,3.0,,
2026-09-19T14:29:55.004Z,X1909261,1678,-15.76263,-47.91077,4909.3,3.8,2.8,234.4,1.3,3.9,566.4,RS41-SGP,403.502,21.6,-875,11,3.0,,
2026-09-19T14:29:56.004Z,X1909261,1679,-15.76265,-47.91080,4912.8,3.3,4.5,241.7,1.3,3.9,566.1,RS41-SGP,403.502,22.5,-875,11,3.0,,
2026-09-19T14:29:57.004Z,X1909261,1680,-15.76267,-47.91085,4916.0,3.1,6.1,249.4,1.3,3.9,565.9,RS41-SGP,403.502,22.5,-875,11,3.0,,
2026-09-19T14:29:58.004Z,X1909261,1681,-15.76268,-47.91090,4919.5,3.8,6.7,255.4,1.3,3.9,565.6,RS41-SGP,403.502,21.8,-875,11,3.0,,
2026-09-19T14:29:59.004Z,X1909261,1682,-15.76270,-47.91096,4923.6,4.4,5.9,260.7,1.2,3.9,565.4,RS41-SGP,403.502,22.1,-875,11,3.0,,
2026-09-19T14:30:00.004Z,X1909261,1683,-15.76270,-47.91101,4927.9,4.1,5.5,267.0,1.1,3.9,565.2,RS41-SGP,403.502,22.1,-875,11,3.0,,
2026-09-19T14:30:01.004Z,X1909261,1684,-15.76270,-47.91107,4931.9,3.8,6.0,273.9,1.1,3.9,564.8,RS41-SGP,403.502,21.7,-875,11,3.0,,
2026-09-19T14:30:02.004Z,X1909261,1685,-15.76269,-47.91113,4935.7,3.8,7.1,279.1,1.0,3.9,564.5,RS41-SGP,403.502,23.3,-875,11,3.0,,
2026-09-19T14:30:03.004Z,X1909261,1686,-15.76268,-47.91119,4939.8,4.3,7.4,281.0,1.0,3.9,564.2,RS41-SGP,403.502,23.3,-875,11,3.0,,
2026-09-19T14:30:04.004Z,X1909261,1687,-15.76267,-47.91126,4944.2,4.6,6.9,280.1,1.0,3.9,563.9,RS41-SGP,403.502,23.0,-875,11,3.0,,
2026-09-19T14:30:05.004Z,X1909261,1688,-15.76266,-47.91132,4948.8,4.6,6.3,274.7,0.9,3.9,563.6,RS41-SGP,403.502,23.0,-875,11,3.0,,
2026-09-19T14:30:06.004Z,X1909261,1689,-15.76266,-47.91138,4953.0,3.7,6.5,268.1,1.0,3.9,563.3,RS41-SGP,403.502,22.5,-875,11,3.0,,
2026-09-19T14:30:07.004Z,X1909261,1690,-15.76266,-47.91144,4956.4,3.1,7.2,265.5,1.0,3.9,563.0,RS41-SGP,403.502,22.2,-875,11,3.0,,
2026-09-19T14:30:08.004Z,X1909261,1691,-15.76267,-47.91151,4959.7,3.6,7.2,264.8,1.0,3.9,562.9,RS41-SGP,403.502,22.7,-875,11,3.0,,
2026-09-19T14:30:09.004Z,X1909261,1692,-15.76267,-47.91157,4963.7,4.2,6.3,265.8,0.9,3.9,562.6,RS41-SGP,403.502,22.7,-875,11,3.0,,
2026-09-19T14:30:10.004Z,X1909261,1693,-15.76268,-47.91163,4968.2,4.7,5.5,267.2,0.8,3.9,562.3,RS41-SGP,403.502,22.3,-875,11,3.0,,
2026-09-19T14:30:11.004Z,X1909261,1694,-15.76268,-47.91168,4973.0,4.8,5.8,267.4,0.7,3.9,561.9,RS41-SGP,403.502,21.7,-875,11,3.0,,
2026-09-19T14:30:12.004Z,X1909261,1695,-15.76269,-47.91174,4977.5,4.1,6.5,262.5,0.7,3.9,561.7,RS41-SGP,403.502,22.3,-875,11,3.0,,
2026-09-19T14:30:13.004Z,X1909261,1696,-15.76270,-47.91180,4981.5,3.9,6.6,253.8,0.7,3.9,561.2,RS41-SGP,403.502,23.0,-875,11,3.0,,
2026-09-19T14:30:14.004Z,X1909261,1697,-15.76272,-47.91185,4985.6,4.4,5.5,242.8,0.6,3.9,561.0,RS41-SGP,403.502,23.5,-875,11,3.0,,
2026-09-19T14:30:15.004Z,X1909261,1698,-15.76274,-47.91189,4990.4,5.0,3.5,236.7,0.6,3.9,560.7,RS41-SGP,403.502,23.5,-875,11,3.0,,
2026-09-19T14:30:16.004Z,X1909261,1699,-15.76275,-47.91191,4995.6,5.4,2.0,249.1,0.6,4.0,560.3,RS41-SGP,403.502,22.7,-875,11,3.0,,
2026-09-19T14:30:17.004Z,X1909261,1700,-15.76275,-47.91193,5001.3,5.9,2.0,269.9,0.6,4.0,559.9,RS41-SGP,403.502,21.9,-875,11,3.0,,
2026-09-19T14:30:18.004Z,X1909261,1701,-15.76275,-47.91195,5007.3,6.1,2.3,262.9,0.7,4.0,559.5,RS41-SGP,403.502,22.6,-875,11,3.0,,
2026-09-19T14:30:19.004Z,X1909261,1702,-15.76276,-47.91197,5013.4,6.1,1.9,248.5,0.5,4.0,559.1,RS41-SGP,403.502,22.6,-875,11,3.0,,
2026-09-19T14:30:20.004Z,X1909261,1703,-15.76276,-47.91198,5019.1,5.4,0.7,237.0,0.5,4.1,558.7,RS41-SGP,403.502,23.1,-875,11,3.0,,
2026-09-19T14:30:21.004Z,X1909261,1704,-15.76276,-47.91198,5024.2,4.7,0.7,44.8,0.4,4.1,558.4,RS41-SGP,403.502,23.1,-875,11,3.0,,
2026-09-19T14:30:22.004Z,X1909261,1705,-15.76276,-47.91197,5028.8,4.5,1.6,27.7,0.4,4.1,558.0,RS41-SGP,403.502,22.7,-875,11,3.0,,
2026-09-19T14:30:23.004Z,X1909261,1706,-15.76274,-47.91197,5033.3,4.4,1.3,10.4,0.4,4.2,557.7,RS41-SGP,403.502,20.7,-875,11,3.0,,
2026-09-19T14:30:24.004Z,X1909261,1707,-15.76274,-47.91197,5037.2,3.5,0.4,300.2,0.3,4.2,557.5,RS41-SGP,403.502,22.4,-875,10,3.0,,
2026-09-19T14:30:25.004Z,X1909261,1708,-15.76274,-47.91198,5040.5,3.0,1.2,215.3,0.3,4.2,557.2,RS41-SGP,403.502,22.5,-875,10,3.0,,
2026-09-19T14:30:26.004Z,X1909261,1709,-15.76275,-47.91198,5043.4,3.1,1.9,219.7,0.3,4.2,557.0,RS41-SGP,403.502,22.5,-875,11,3.0,,
2026-09-19T14:30:27.004Z,X1909261,1710,-15.76276,-47.91200,5046.6,3.1,2.2,242.9,0.3,4.2,556.8,RS41-SGP,403.502,21.7,-875,11,3.0,,
2026-09-19T14:30:28.004Z,X1909261,1711,-15.76277,-47.91202,5049.5,2.7,2.8,263.9,0.4,4.2,556.6,RS41-SGP,403.502,21.7,-875,11,3.0,,
2026-09-19T14:30:29.004Z,X1909261,1712,-15.76277,-47.91205,5052.1,2.6,3.6,269.7,0.6,4.2,556.5,RS41-SGP,403.502,20.8,-875,11,3.0,,
2026-09-19T14:30:30.004Z,X1909261,1713,-15.76277,-47.91208,5054.6,2.4,3.6,268.1,0.7,4.1,556.2,RS41-SGP,403.502,21.3,-875,11,3.0,,
2026-09-19T14:30:31.004Z,X1909261,1714,-15.76277,-47.91211,5057.1,2.6,2.8,266.3,0.5,4.2,556.1,RS41-SGP,403.502,23.9,-875,11,3.0,,
2026-09-19T14:30:32.004Z,X1909261,1715,-15.76277,-47.91214,5059.9,3.1,1.8,284.1,0.3,4.3,555.9,RS41-SGP,403.502,23.9,-875,11,3.0,,
2026-09-19T14:30:33.004Z,X1909261,1716,-15.76276,-47.91215,5063.2,3.6,2.5,312.1,0.3,4.3,555.7,RS41-SGP,403.502,21.7,-875,11,3.0,,
2026-09-19T14:30:34.004Z,X1909261,1717,-15.76274,-47.91218,5066.6,3.4,4.3,307.0,0.3,4.2,555.4,RS41-SGP,403.502,22.5,-875,11,3.0,,
2026-09-19T14:30:35.004Z,X1909261,1718,-15.76272,-47.91222,5069.9,3.2,5.6,294.7,0.3,4.2,555.2,RS41-SGP,403.502,22.8,-875,11,3.0,,
2026-09-19T14:30:36.004Z,X1909261,1719,-15.76270,-47.91227,5073.2,3.5,5.8,284.7,0.2,4.2,554.9,RS41-SGP,403.502,22.8,-875,11,3.0,,
2026-09-19T14:30:37.004Z,X1909261,1720,-15.76269,-47.91231,5076.7,3.6,4.7,287.7,0.2,4.2,554.7,RS41-SGP,403.502,22.9,-875,11,3.0,,
2026-09-19T14:30:38.004Z,X1909261,1721,-15.76267,-47.91235,5080.1,3.1,4.0,313.1,0.1,4.1,554.4,RS41-SGP,403.502,23.0,-875,11,3.0,,
2026-09-19T14:30:39.004Z,X1909261,1722,-15.76264,-47.91237,5083.5,3.7,4.4,333.6,0.3,3.9,554.2,RS41-SGP,403.502,23.0,-875,11,3.0,,
2026-09-19T14:30:40.004Z,X1909261,1723,-15.76261,-47.91239,5087.5,4.3,4.1,317.6,0.2,3.8,553.9,RS41-SGP,403.502,22.1,-875,11,3.0,,
2026-09-19T14:30:41.004Z,X1909261,1724,-15.76259,-47.91242,5091.7,4.0,3.7,278.3,0.3,3.7,553.8,RS41-SGP,403.502,23.8,-875,11,3.0,,
2026-09-19T14:30:42.004Z,X1909261,1725,-15.76260,-47.91246,5096.0,4.5,3.8,250.1,0.4,3.5,553.5,RS41-SGP,403.502,23.8,-875,11,3.0,,
2026-09-19T14:30:43.004Z,X1909261,1726,-15.76261,-47.91249,5100.9,5.3,3.0,253.7,0.3,3.1,553.0,RS41-SGP,403.502,23.0,-875,11,3.0,,
2026-09-19T14:30:44.004Z,X1909261,1727,-15.76261,-47.91251,5106.1,5.0,3.0,276.2,0.3,2.7,552.7,RS41-SGP,403.502,22.7,-875,11,3.0,,
2026-09-19T14:30:45.004Z,X1909261,1728,-15.76261,-47.91255,5111.0,4.8,3.9,271.5,0.4,2.6,552.3,RS41-SGP,403.502,22.6,-875,11,3.0,,
2026-09-19T14:30:46.004Z,X1909261,1729,-15.76261,-47.91259,5115.3,3.8,5.0,253.8,0.4,2.6,552.0,RS41-SGP,403.502,22.3,-875,11,3.0,,
2026-09-19T14:30:47.004Z,X1909261,1730,-15.76263,-47.91263,5118.9,3.4,5.7,239.1,0.4,2.5,551.8,RS41-SGP,403.502,23.5,-875,11,3.0,,
2026-09-19T14:30:48.004Z,X1909261,1731,-15.76266,-47.91268,5122.5,3.7,5.3,238.1,0.4,2.4,551.6,RS41-SGP,403.502,24.3,-875,11,3.0,,
2026-09-19T14:30:49.004Z,X1909261,1732,-15.76267,-47.91272,5126.0,3.4,4.5,258.2,0.3,2.4,551.3,RS41-SGP,403.502,24.3,-875,11,3.0,,
2026-09-19T14:30:50.004Z,X1909261,1733,-15.76267,-47.91276,5129.4,3.3,5.3,282.3,0.3,2.4,551.1,RS41-SGP,403.502,24.2,-875,11,3.0,,
2026-09-19T14:30:51.004Z,X1909261,1734,-15.76266,-47.91281,5133.2,4.3,6.2,287.1,0.3,2.3,550.9,RS41-SGP,403.502,24.6,-875,11,3.0,,
2026-09-19T14:30:52.004Z,X1909261,1735,-15.76265,-47.91287,5137.5,4.4,5.8,283.8,0.4,2.2,550.5,RS41-SGP,403.502,24.6,-875,11,3.0,,
2026-09-19T14:30:53.004Z,X1909261,1736,-15.76263,-47.91292,5141.5,3.5,4.7,289.5,0.5,2.5,550.2,RS41-SGP,403.502,23.6,-875,11,3.0,,
2026-09-19T14:30:54.004Z,X1909261,1737,-15.76261,-47.91295,5145.1,3.6,4.5,309.4,0.5,2.8,550.1,RS41-SGP,403.502,22.8,-875,11,3.0,,
2026-09-19T14:30:55.004Z,X1909261,1738,-15.76258,-47.91299,5149.1,4.6,5.0,314.0,0.4,2.9,549.7,RS41-SGP,403.502,21.0,-875,11,3.0,,
2026-09-19T14:30:56.004Z,X1909261,1739,-15.76256,-47.91302,5154.0,5.2,4.7,297.0,0.3,3.0,549.5,RS41-SGP,403.502,23.3,-875,11,3.0,,
2026-09-19T14:30:57.004Z,X1909261,1740,-15.76255,-47.91306,5158.9,4.9,4.0,270.0,0.3,3.0,549.1,RS41-SGP,403.502,23.9,-875,11,3.0,,
2026-09-19T14:30:58.004Z,X1909261,1741,-15.76255,-47.91309,5164.0,5.3,2.7,251.6,0.3,3.1,548.8,RS41-SGP,403.502,23.9,-875,11,3.0,,
2026-09-19T14:30:59.004Z,X1909261,1742,-15.76255,-47.91311,5169.2,5.5,1.7,309.6,0.1,3.1,548.4,RS41-SGP,403.502,24.2,-875,11,3.0,,
2026-09-19T14:31:00.004Z,X1909261,1743,-15.76253,-47.91312,5174.9,5.9,3.6,329.1,0.1,3.1,547.9,RS41-SGP,403.502,24.2,-875,11,3.0,,
2026-09-19T14:31:01.004Z,X1909261,1744,-15.76251,-47.91315,5181.1,6.7,4.6,314.2,0.0,3.1,547.6,RS41-SGP,403.502,22.7,-875,11,3.0,,
2026-09-19T14:31:02.004Z,X1909261,1745,-15.76249,-47.91318,5187.6,6.6,4.8,283.1,-0.0,3.2,547.2,RS41-SGP,403.502,22.7,-875,11,3.0,,
2026-09-19T14:31:03.004Z,X1909261,1746,-15.76249,-47.91323,5193.7,5.5,5.6,254.9,-0.1,3.2,546.8,RS41-SGP,403.502,23.1,-875,11,3.0,,
2026-09-19T14:31:04.004Z,X1909261,1747,-15.76251,-47.91328,5199.0,5.1,6.1,242.8,-0.2,3.2,546.3,RS41-SGP,403.502,23.1,-875,11,3.0,,
2026-09-19T14:31:05.004Z,X1909261,1748,-15.76253,-47.91333,5204.3,5.3,5.7,251.0,-0.1,3.2,546.1,RS41-SGP,403.502,24.0,-875,11,3.0,,
2026-09-19T14:31:06.004Z,X1909261,1749,-15.76254,-47.91338,5209.5,5.4,5.9,270.7,-0.1,3.4,545.7,RS41-SGP,403.502,24.0,-875,11,3.0,,
2026-09-19T14:31:07.004Z,X1909261,1750,-15.76253,-47.91344,5215.0,5.7,5.7,276.4,-0.1,3.5,545.4,RS41-SGP,403.502,24.1,-875,11,3.0,,
2026-09-19T14:31:08.004Z,X1909261,1751,-15.76253,-47.91348,5220.5,5.2,3.7,263.7,-0.2,3.5,545.0,RS41-SGP,403.502,24.5,-875,11,3.0,,
2026-09-19T14:31:09.004Z,X1909261,1752,-15.76254,-47.91350,5225.4,4.6,1.7,228.7,-0.2,3.6,544.7,RS41-SGP,403.502,24.5,-875,11,3.0,,
2026-09-19T14:31:10.004Z,X1909261,1753,-15.76254,-47.91351,5230.0,4.9,0.2,294.9,-0.3,3.6,544.3,RS41-SGP,403.502,24.5,-875,11,3.0,,
2026-09-19T14:31:11.004Z,X1909261,1754,-15.76253,-47.91352,5234.6,4.3,2.4,336.2,-0.3,3.8,544.0,RS41-SGP,403.502,23.4,-875,10,3.0,,
2026-09-19T14:31:12.004Z,X1909261,1755,-15.76251,-47.91353,5238.8,4.0,3.7,330.6,-0.4,3.9,543.8,RS41-SGP,403.502,23.4,-875,11,3.0,,
2026-09-19T14:31:13.004Z,X1909261,1756,-15.76248,-47.91354,5242.6,3.6,2.9,327.6,-0.4,4.0,543.4,RS41-SGP,403.502,24.6,-875,11,3.0,,
2026-09-19T14:31:14.004Z,X1909261,1757,-15.76247,-47.91356,5245.9,3.2,1.3,326.9,-0.5,4.0,543.1,RS41-SGP,403.502,24.6,-875,11,3.0,,
2026-09-19T14:31:15.004Z,X1909261,1758,-15.76246,-47.91356,5249.5,4.0,0.9,342.6,-0.5,4.0,542.9,RS41-SGP,403.502,24.2,-875,11,3.0,,
2026-09-19T14:31:16.004Z,X1909261,1759,-15.76245,-47.91357,5253.3,3.7,1.8,318.7,-0.6,4.0,542.7,RS41-SGP,403.502,23.3,-875,11,3.0,,
2026-09-19T14:31:17.004Z,X1909261,1760,-15.76244,-47.91358,5256.6,2.9,2.9,289.9,-0.5,4.1,542.5,RS41-SGP,403.502,23.1,-875,11,3.0,,
2026-09-19T14:31:18.004Z,X1909261,1761,-15.76243,-47.91362,5259.5,2.8,4.3,266.0,-0.6,4.1,542.2,RS41-SGP,403.502,23.5,-875,11,3.0,,
2026-09-19T14:31:19.004Z,X1909261,1762,-15.76244,-47.91366,5262.6,3.4,4.7,257.1,-0.7,4.1,542.1,RS41-SGP,403.502,23.5,-875,11,3.0,,
2026-09-19T14:31:20.004Z,X1909261,1763,-15.76245,-47.91370,5266.1,3.7,3.4,261.7,-0.7,4.1,541.9,RS41-SGP,403.502,23.8,-875,11,3.0,,
2026-09-19T14:31:21.004Z,X1909261,1764,-15.76245,-47.91372,5269.4,3.1,2.1,277.1,-0.7,4.2,541.6,RS41-SGP,403.502,23.8,-875,11,3.0,,
2026-09-19T14:31:22.004Z,X1909261,1765,-15.76245,-47.91374,5272.8,3.8,2.2,276.6,-0.7,4.2,541.4,RS41-SGP,403.502,23.4,-875,11,3.0,,
2026-09-19T14:31:23.004Z,X1909261,1766,-15.76245,-47.91377,5276.8,4.1,4.3,260.8,-0.8,4.2,541.2,RS41-SGP,403.502,24.2,-875,11,3.0,,
2026-09-19T14:31:24.004Z,X1909261,1767,-15.76245,-47.91382,5281.0,4.4,6.0,263.9,-0.8,4.1,540.8,RS41-SGP,403.502,24.6,-875,11,3.0,,
2026-09-19T14:31:25.004Z,X1909261,1768,-15.76245,-47.91388,5285.7,4.8,6.5,279.0,-0.7,4.3,540.5,RS41-SGP,403.502,24.6,-875,11,3.0,,
2026-09-19T14:31:26.004Z,X1909261,1769,-15.76243,-47.91393,5290.3,4.4,6.5,298.6,-0.6,4.3,540.2,RS41-SGP,403.502,23.6,-875,11,3.0,,
2026-09-19T14:31:27.004Z,X1909261,1770,-15.76240,-47.91398,5294.6,4.2,6.4,309.0,-0.7,4.6,540.0,RS41-SGP,403.502,22.8,-875,11,3.0,,
2026-09-19T14:31:28.004Z,X1909261,1771,-15.76237,-47.91403,5298.3,3.1,6.3,307.1,-0.7,5.0,539.6,RS41-SGP,403.502,23.3,-875,11,3.0,,
2026-09-19T14:31:29.004Z,X1909261,1772,-15.76233,-47.91408,5300.9,2.2,6.1,305.8,-0.8,5.3,539.5,RS41-SGP,403.502,24.0,-875,11,3.0,,
2026-09-19T14:31:30.004Z,X1909261,1773,-15.76230,-47.91412,5303.3,2.5,5.9,311.2,-0.8,5.4,539.4,RS41-SGP,403.502,24.0,-875,11,3.0,,
2026-09-19T14:31:31.004Z,X1909261,1774,-15.76227,-47.91416,5306.2,3.5,5.2,314.9,-0.7,5.2,539.2,RS41-SGP,403.502,23.4,-875,11,3.0,,
2026-09-19T14:31:32.004Z,X1909261,1775,-15.76224,-47.91419,5310.1,4.4,4.7,305.0,-0.7,6.0,538.7,RS41-SGP,403.502,23.5,-875,11,3.0,,
2026-09-19T14:31:33.004Z,X1909261,1776,-15.76222,-47.91423,5314.8,4.8,4.2,287.1,-0.5,6.5,538.6,RS41-SGP,403.502,23.5,-875,11,3.0,,
2026-09-19T14:31:34.004Z,X1909261,1777,-15.76221,-47.91426,5319.4,4.6,3.4,277.7,-0.4,6.0,538.2,RS41-SGP,403.502,23.9,-875,11,3.0,,
2026-09-19T14:31:35.004Z,X1909261,1778,-15.76221,-47.91429,5323.9,4.4,2.3,275.4,-0.4,7.4,537.9,RS41-SGP,403.502,23.9,-875,11,3.0,,
2026-09-19T14:31:36.004Z,X1909261,1779,-15.76221,-47.91431,5328.1,4.1,1.6,279.2,-0.4,11.5,537.6,RS41-SGP,403.502,23.3,-875,11,3.0,,
2026-09-19T14:31:37.004Z,X1909261,1780,-15.76221,-47.91432,5331.8,3.4,1.7,266.8,-0.4,13.1,537.3,RS41-SGP,403.502,22.9,-875,11,3.0,,
2026-09-19T14:31:38.004Z,X1909261,1781,-15.76221,-47.91434,5335.2,3.5,2.3,259.2,-0.4,13.2,537.2,RS41-SGP,403.502,23.7,-875,11,3.0,,
2026-09-19T14:31:39.004Z,X1909261,1782,-15.76221,-47.91436,5338.8,3.9,2.5,271.1,-0.4,13.8,536.9,RS41-SGP,403.502,24.2,-875,11,3.0,,
2026-09-19T14:31:40.004Z,X1909261,1783,-15.76220,-47.91439,5342.9,4.2,2.5,312.1,-0.4,14.5,536.7,RS41-SGP,403.502,24.2,-875,11,3.0,,
2026-09-19T14:31:41.004Z,X1909261,1784,-15.76218,-47.91440,5346.9,4.0,3.4,341.7,-0.4,15.2,536.4,RS41-SGP,403.502,23.1,-875,11,3.0,,
2026-09-19T14:31:42.004Z,X1909261,1785,-15.76215,-47.91441,5351.2,4.7,3.7,346.6,-0.4,15.7,536.0,RS41-SGP,403.502,22.8,-875,11,3.0,,
2026-09-19T14:31:43.004Z,X1909261,1786,-15.76212,-47.91442,5356.1,5.1,3.0,336.6,-0.4,16.1,535.6,RS41-SGP,403.502,22.3,-875,11,3.0,,
2026-09-19T14:31:44.004Z,X1909261,1787,-15.76210,-47.91443,5361.2,5.0,2.5,326.4,-0.4,16.3,535.4,RS41-SGP,403.502,23.7,-875,11,3.0,,
2026-09-19T14:31:45.004Z,X1909261,1788,-15.76208,-47.91444,5365.7,4.1,3.0,336.7,-0.4,16.4,535.1,RS41-SGP,403.502,23.7,-875,11,3.0,,
2026-09-19T14:31:46.004Z,X1909261,1789,-15.76204,-47.91445,5369.5,3.4,4.8,346.8,-0.5,17.0,534.8,RS41-SGP,403.502,22.6,-875,11,3.0,,
2026-09-19T14:31:47.004Z,X1909261,1790,-15.76199,-47.91447,5372.7,3.0,6.6,345.4,-0.5,17.2,534.6,RS41-SGP,403.502,21.1,-875,11,3.0,,
2026-09-19T14:31:48.004Z,X1909261,1791,-15.76194,-47.91449,5375.8,3.2,6.9,337.7,-0.5,17.4,534.4,RS41-SGP,403.502,20.9,-875,11,3.0,,
2026-09-19T14:31:49.004Z,X1909261,1792,-15.76189,-47.91451,5379.2,3.5,5.7,331.1,-0.5,17.5,534.3,RS41-SGP,403.502,22.2,-875,11,3.0,,
2026-09-19T14:31:50.004Z,X1909261,1793,-15.76185,-47.91453,5382.9,3.8,3.9,330.8,-0.5,17.5,534.0,RS41-SGP,403.502,22.5,-875,11,3.0,,
2026-09-19T14:31:51.004Z,X1909261,1794,-15.76182,-47.91455,5386.4,3.3,2.9,346.1,-0.5,17.4,533.7,RS41-SGP,403.502,22.5,-875,11,3.0,,
2026-09-19T14:31:52.004Z,X1909261,1795,-15.76180,-47.91455,5389.6,2.9,2.6,358.9,-0.5,17.5,533.5,RS41-SGP,403.502,21.2,-875,11,3.0,,
2026-09-19T14:31:53.004Z,X1909261,1796,-15.76177,-47.91455,5392.4,2.9,2.3,339.8,-0.6,17.5,533.3,RS41-SGP,403.502,20.0,-875,11,3.0,,
2026-09-19T14:31:54.004Z,X1909261,1797,-15.76176,-47.91457,5395.5,3.4,2.5,306.9,-0.5,17.1,533.1,RS41-SGP,403.502,21.4,-875,11,3.0,,
2026-09-19T14:31:55.004Z,X1909261,1798,-15.76174,-47.91459,5399.2,3.9,3.3,295.3,-0.3,16.6,532.9,RS41-SGP,403.502,21.4,-875,11,3.0,,
2026-09-19T14:31:56.004Z,X1909261,1799,-15.76173,-47.91462,5402.9,3.5,3.4,297.9,-0.4,16.6,532.6,RS41-SGP,403.502,21.1,-875,11,3.0,,
2026-09-19T14:31:57.004Z,X1909261,1800,-15.76172,-47.91465,5405.9,2.5,3.4,295.6,-0.6,16.8,532.4,RS41-SGP,403.502,21.5,-875,11,3.0,,
2026-09-19T14:31:58.004Z,X1909261,1801,-15.76170,-47.91468,5408.6,3.0,4.0,287.1,-0.8,17.0,532.3,RS41-SGP,403.502,23.1,-875,11,3.0,,
2026-09-19T14:31:59.004Z,X1909261,1802,-15.76169,-47.91472,5412.0,3.8,4.8,290.8,-0.8,16.7,532.0,RS41-SGP,403.502,23.1,-875,11,3.0,,
2026-09-19T14:32:00.004Z,X1909261,1803,-15.76167,-47.91476,5415.8,3.8,5.0,309.7,-0.8,16.9,531.8,RS41-SGP,403.502,23.0,-875,11,3.0,,
2026-09-19T14:32:01.004Z,X1909261,1804,-15.76163,-47.91478,5419.4,3.5,5.2,333.4,-0.8,16.3,531.6,RS41-SGP,403.502,22.5,-875,11,3.0,,
2026-09-19T14:32:02.004Z,X1909261,1805,-15.76159,-47.91480,5423.2,4.2,4.9,345.8,-0.8,16.3,531.4,RS41-SGP,403.502,20.8,-875,11,3.0,,
2026-09-19T14:32:03.004Z,X1909261,1806,-15.76156,-47.91481,5427.3,4.0,3.5,332.2,-0.9,15.8,531.0,RS41-SGP,403.502,21.1,-875,11,3.0,,
2026-09-19T14:32:04.004Z,X1909261,1807,-15.76154,-47.91483,5430.8,3.1,2.8,290.8,-0.8,15.7,530.9,RS41-SGP,403.502,22.7,-875,11,3.0,,
2026-09-19T14:32:05.004Z,X1909261,1808,-15.76153,-47.91486,5434.2,3.6,2.6,269.1,-1.0,15.7,530.5,RS41-SGP,403.502,22.7,-875,11,3.0,,
2026-09-19T14:32:06.004Z,X1909261,1809,-15.76153,-47.91488,5438.3,4.6,2.1,309.0,-1.1,15.7,530.2,RS41-SGP,403.502,22.7,-875,11,3.0,,
2026-09-19T14:32:07.004Z,X1909261,1810,-15.76151,-47.91489,5442.8,4.6,3.7,346.8,-1.1,15.9,530.0,RS41-SGP,403.502,22.2,-875,11,3.0,,
2026-09-19T14:32:08.004Z,X1909261,1811,-15.76148,-47.91490,5447.5,4.9,3.6,337.3,-1.0,15.6,529.6,RS41-SGP,403.502,19.1,-875,11,3.0,,
2026-09-19T14:32:09.004Z,X1909261,1812,-15.76146,-47.91492,5452.0,4.1,2.9,292.7,-1.0,15.2,529.3,RS41-SGP,403.502,23.2,-875,11,3.0,,
2026-09-19T14:32:10.004Z,X1909261,1813,-15.76146,-47.91495,5455.6,3.4,3.6,253.6,-1.1,14.6,529.0,RS41-SGP,403.502,23.2,-875,11,3.0,,
2026-09-19T14:32:11.004Z,X1909261,1814,-15.76147,-47.91498,5459.3,4.0,3.6,249.5,-1.3,15.2,528.9,RS41-SGP,403.502,23.5,-875,11,3.0,,
2026-09-19T14:32:12.004Z,X1909261,1815,-15.76147,-47.91501,5463.0,3.6,2.9,278.7,-1.2,14.9,528.5,RS41-SGP,403.502,23.5,-875,11,3.0,,
2026-09-19T14:32:13.004Z,X1909261,1816,-15.76146,-47.91503,5466.8,3.8,2.9,306.0,-1.2,14.9,528.3,RS41-SGP,403.502,21.9,-875,11,3.0,,
2026-09-19T14:32:14.004Z,X1909261,1817,-15.76145,-47.91505,5470.6,4.0,2.4,301.4,-1.2,14.9,528.1,RS41-SGP,403.502,21.9,-875,11,3.0,,
2026-09-19T14:32:15.004Z,X1909261,1818,-15.76144,-47.91507,5474.6,4.0,1.7,287.1,-1.2,14.5,527.8,RS41-SGP,403.502,23.2,-875,11,3.0,,
2026-09-19T14:32:16.004Z,X1909261,1819,-15.76143,-47.91508,5478.9,4.4,0.9,306.7,-1.4,13.8,527.4,RS41-SGP,403.502,23.2,-875,11,3.0,,
2026-09-19T14:32:17.004Z,X1909261,1820,-15.76142,-47.91509,5483.4,4.5,2.6,352.2,-1.5,13.6,527.2,RS41-SGP,403.502,22.8,-875,11,3.0,,
2026-09-19T14:32:18.004Z,X1909261,1821,-15.76139,-47.91509,5487.6,4.1,4.9,354.0,-1.5,13.4,526.9,RS41-SGP,403.502,22.8,-875,11,3.0,,
2026-09-19T14:32:19.004Z,X1909261,1822,-15.76134,-47.91510,5491.7,4.1,5.7,351.0,-1.4,13.4,526.6,RS41-SGP,403.502,22.0,-875,11,3.0,,
2026-09-19T14:32:20.004Z,X1909261,1823,-15.76129,-47.91511,5495.8,4.2,5.4,346.6,-1.5,13.2,526.4,RS41-SGP,403.502,23.0,-875,11,3.0,,
2026-09-19T14:32:21.004Z,X1909261,1824,-15.76125,-47.91512,5499.8,3.9,4.7,343.5,-1.5,12.1,526.1,RS41-SGP,403.502,23.0,-875,11,3.0,,
2026-09-19T14:32:22.004Z,X1909261,1825,-15.76121,-47.91514,5503.8,3.9,5.0,334.4,-1.5,11.8,525.9,RS41-SGP,403.502,22.4,-875,11,3.0,,
2026-09-19T14:32:23.004Z,X1909261,1826,-15.76116,-47.91516,5507.4,3.5,6.4,324.7,-1.5,11.5,525.6,RS41-SGP,403.502,22.3,-875,11,3.0,,
2026-09-19T14:32:24.004Z,X1909261,1827,-15.76111,-47.91521,5510.9,3.4,7.4,316.2,-1.5,11.2,525.5,RS41-SGP,403.502,22.3,-875,11,3.0,,
2026-09-19T14:32:25.004Z,X1909261,1828,-15.76107,-47.91526,5514.6,4.0,7.2,308.0,-1.6,10.7,525.1,RS41-SGP,403.502,23.8,-875,11,3.0,,
2026-09-19T14:32:26.004Z,X1909261,1829,-15.76104,-47.91530,5519.0,4.9,5.9,305.0,-1.7,9.1,524.9,RS41-SGP,403.502,23.8,-875,11,3.0,,
2026-09-19T14:32:27.004Z,X1909261,1830,-15.76100,-47.91534,5524.1,5.3,4.7,316.5,-1.6,8.3,524.5,RS41-SGP,403.502,23.4,-875,11,3.0,,
2026-09-19T14:32:28.004Z,X1909261,1831,-15.76097,-47.91537,5529.4,5.4,5.1,326.3,-1.6,6.9,524.1,RS41-SGP,403.502,23.2,-875,11,3.0,,
2026-09-19T14:32:29.004Z,X1909261,1832,-15.76093,-47.91540,5534.5,4.9,6.4,318.9,-1.6,6.3,523.7,RS41-SGP,403.502,22.7,-875,11,3.0,,
2026-09-19T14:32:30.004Z,X1909261,1833,-15.76089,-47.91545,5539.3,4.6,7.6,302.5,-1.7,5.6,523.5,RS41-SGP,403.502,22.2,-875,11,3.0,,
2026-09-19T14:32:31.004Z,X1909261,1834,-15.76086,-47.91552,5543.8,4.7,7.5,285.5,-1.7,4.9,523.1,RS41-SGP,403.502,22.9,-875,11,3.0,,
2026-09-19T14:32:32.004Z,X1909261,1835,-15.76085,-47.91558,5548.8,5.0,5.8,273.5,-1.7,4.8,522.9,RS41-SGP,403.502,22.9,-875,11,3.0,,
2026-09-19T14:32:33.004Z,X1909261,1836,-15.76085,-47.91562,5553.7,4.9,3.8,275.8,-1.6,4.7,522.6,RS41-SGP,403.502,23.0,-875,11,3.0,,
2026-09-19T14:32:34.004Z,X1909261,1837,-15.76084,-47.91565,5558.7,5.0,3.3,285.6,-1.7,4.7,522.3,RS41-SGP,403.502,23.0,-875,11,3.0,,
2026-09-19T14:32:35.004Z,X1909261,1838,-15.76084,-47.91569,5563.6,4.5,3.9,275.6,-1.9,4.8,522.0,RS41-SGP,403.502,22.9,-875,11,3.0,,
2026-09-19T14:32:36.004Z,X1909261,1839,-15.76084,-47.91572,5567.6,3.5,4.3,256.6,-1.9,4.8,521.6,RS41-SGP,403.502,23.3,-875,11,3.0,,
2026-09-19T14:32:37.004Z,X1909261,1840,-15.76085,-47.91576,5571.0,3.3,3.7,239.0,-1.9,4.8,521.5,RS41-SGP,403.502,24.3,-875,11,3.0,,
2026-09-19T14:32:38.004Z,X1909261,1841,-15.76087,-47.91578,5574.7,3.9,2.1,230.5,-1.9,4.7,521.2,RS41-SGP,403.502,24.3,-875,11,3.0,,
2026-09-19T14:32:39.004Z,X1909261,1842,-15.76087,-47.91580,5578.9,4.4,1.8,289.9,-2.0,4.6,521.0,RS41-SGP,403.502,23.7,-875,11,3.0,,
2026-09-19T14:32:40.004Z,X1909261,1843,-15.76085,-47.91582,5583.3,4.4,4.3,307.1,-2.0,4.6,520.7,RS41-SGP,403.502,23.1,-875,11,3.0,,
2026-09-19T14:32:41.004Z,X1909261,1844,-15.76083,-47.91586,5588.1,5.2,5.4,307.1,-2.0,4.5,520.3,RS41-SGP,403.502,23.2,-875,11,3.0,,
2026-09-19T14:32:42.004Z,X1909261,1845,-15.76080,-47.91589,5593.5,5.5,4.0,317.4,-1.9,4.5,520.0,RS41-SGP,403.502,23.2,-875,11,3.0,,
2026-09-19T14:32:43.004Z,X1909261,1846,-15.76077,-47.91590,5598.7,4.9,2.9,350.4,-2.0,4.5,519.6,RS41-SGP,403.502,23.2,-875,11,3.0,,
2026-09-19T14:32:44.004Z,X1909261,1847,-15.76074,-47.91591,5603.5,4.6,3.5,1.8,-2.1,4.5,519.3,RS41-SGP,403.502,24.0,-875,11,3.0,,
2026-09-19T14:32:45.004Z,X1909261,1848,-15.76071,-47.91591,5607.4,3.3,4.6,352.3,-2.2,4.6,519.1,RS41-SGP,403.502,24.0,-875,11,3.0,,
2026-09-19T14:32:46.004Z,X1909261,1849,-15.76067,-47.91592,5610.6,3.2,4.9,347.1,-2.2,4.5,518.9,RS41-SGP,403.502,23.8,-875,11,3.0,,
2026-09-19T14:32:47.004Z,X1909261,1850,-15.76063,-47.91592,5614.2,3.8,3.6,351.9,-2.2,4.5,518.7,RS41-SGP,403.502,23.9,-875,11,3.0,,
2026-09-19T14:32:48.004Z,X1909261,1851,-15.76060,-47.91593,5618.3,4.3,2.0,3.4,-2.2,4.4,518.4,RS41-SGP,403.502,23.9,-875,11,3.0,,
2026-09-19T14:32:49.004Z,X1909261,1852,-15.76059,-47.91593,5622.8,4.7,1.2,345.1,-2.2,4.3,518.2,RS41-SGP,403.502,23.4,-875,11,3.0,,
2026-09-19T14:32:50.004Z,X1909261,1853,-15.76058,-47.91594,5627.0,3.7,1.6,287.7,-2.3,4.1,517.9,RS41-SGP,403.502,23.4,-875,11,3.0,,
2026-09-19T14:32:51.004Z,X1909261,1854,-15.76058,-47.91595,5630.5,3.2,2.6,269.0,-2.3,3.9,517.6,RS41-SGP,403.502,23.6,-875,11,3.0,,
2026-09-19T14:32:52.004Z,X1909261,1855,-15.76058,-47.91598,5634.2,4.2,2.7,266.9,-2.4,3.8,517.4,RS41-SGP,403.502,23.6,-875,11,3.0,,
2026-09-19T14:32:53.004Z,X1909261,1856,-15.76058,-47.91600,5638.6,4.6,2.0,287.4,-2.5,3.7,517.1,RS41-SGP,403.502,23.2,-875,11,3.0,,
2026-09-19T14:32:54.004Z,X1909261,1857,-15.76057,-47.91602,5642.7,3.7,2.7,311.7,-2.5,3.6,516.8,RS41-SGP,403.502,23.5,-875,11,3.0,,
2026-09-19T14:32:55.004Z,X1909261,1858,-15.76055,-47.91604,5646.4,3.5,4.3,315.9,-2.4,3.7,516.5,RS41-SGP,403.502,23.5,-875,11,3.0,,
2026-09-19T14:32:56.004Z,X1909261,1859,-15.76051,-47.91607,5650.2,4.2,5.2,315.6,-2.4,3.9,516.3,RS41-SGP,403.502,23.2,-875,11,3.0,,
2026-09-19T14:32:57.004Z,X1909261,1860,-15.76048,-47.91610,5654.8,4.9,3.9,320.3,-2.5,4.0,516.0,RS41-SGP,403.502,23.0,-875,11,3.0,,
2026-09-19T14:32:58.004Z,X1909261,1861,-15.76046,-47.91611,5659.3,4.2,2.0,348.3,-2.6,4.1,515.8,RS41-SGP,403.502,23.4,-875,11,3.0,,
2026-09-19T14:32:59.004Z,X1909261,1862,-15.76045,-47.91611,5663.2,3.7,2.1,35.9,-2.7,4.2,515.4,RS41-SGP,403.502,23.4,-875,11,3.0,,
2026-09-19T14:33:00.004Z,X1909261,1863,-15.76043,-47.91610,5667.1,4.0,3.1,32.2,-2.7,4.3,515.2,RS41-SGP,403.502,22.6,-875,11,3.0,,
2026-09-19T14:33:01.004Z,X1909261,1864,-15.76040,-47.91608,5670.9,3.8,3.2,15.9,-2.8,4.3,515.0,RS41-SGP,403.502,22.7,-875,11,3.0,,
2026-09-19T14:33:02.004Z,X1909261,1865,-15.76038,-47.91608,5674.6,3.5,2.0,351.5,-2.8,4.3,514.8,RS41-SGP,403.502,23.1,-875,11,3.0,,
2026-09-19T14:33:03.004Z,X1909261,1866,-15.76037,-47.91609,5678.2,3.7,0.8,289.7,-2.9,4.3,514.4,RS41-SGP,403.502,23.9,-875,11,3.0,,
2026-09-19T14:33:04.004Z,X1909261,1867,-15.76037,-47.91609,5682.4,4.8,0.2,284.1,-2.9,4.2,514.3,RS41-SGP,403.502,23.9,-875,11,3.0,,
2026-09-19T14:33:05.004Z,X1909261,1868,-15.76036,-47.91609,5687.3,5.0,1.8,15.4,-2.9,4.1,514.0,RS41-SGP,403.502,23.2,-875,11,3.0,,
2026-09-19T14:33:06.004Z,X1909261,1869,-15.76034,-47.91609,5692.1,4.6,2.8,356.9,-2.9,4.2,513.6,RS41-SGP,403.502,22.4,-875,11,3.0,,
2026-09-19T14:33:07.004Z,X1909261,1870,-15.76032,-47.91610,5696.8,4.8,2.8,315.2,-2.9,4.1,513.4,RS41-SGP,403.502,23.3,-875,11,3.0,,
2026-09-19T14:33:08.004Z,X1909261,1871,-15.76030,-47.91612,5701.4,4.4,3.2,284.0,-2.9,4.1,513.1,RS41-SGP,403.502,24.6,-875,11,3.0,,
2026-09-19T14:33:09.004Z,X1909261,1872,-15.76029,-47.91615,5706.1,5.0,3.2,300.7,-3.0,4.1,512.7,RS41-SGP,403.502,24.6,-875,11,3.0,,
2026-09-19T14:33:10.004Z,X1909261,1873,-15.76027,-47.91617,5710.9,4.7,4.2,339.8,-3.1,4.1,512.4,RS41-SGP,403.502,23.6,-875,11,3.0,,
2026-09-19T14:33:11.004Z,X1909261,1874,-15.76023,-47.91618,5715.8,5.2,5.4,354.4,-3.2,4.1,512.0,RS41-SGP,403.502,23.7,-875,11,3.0,,
2026-09-19T14:33:12.004Z,X1909261,1875,-15.76018,-47.91619,5720.7,4.6,5.1,349.4,-3.2,4.1,511.7,RS41-SGP,403.502,23.8,-875,11,3.0,,
2026-09-19T14:33:13.004Z,X1909261,1876,-15.76014,-47.91620,5724.6,3.3,4.1,342.6,-3.3,4.1,511.6,RS41-SGP,403.502,24.6,-875,11,3.0,,
2026-09-19T14:33:14.004Z,X1909261,1877,-15.76011,-47.91620,5728.0,3.4,3.3,348.6,-3.2,4.2,511.2,RS41-SGP,403.502,24.6,-875,11,3.0,,
2026-09-19T14:33:15.004Z,X1909261,1878,-15.76008,-47.91621,5731.9,4.3,3.3,0.1,-3.1,4.2,511.1,RS41-SGP,403.502,23.6,-875,11,3.0,,
2026-09-19T14:33:16.004Z,X1909261,1879,-15.76005,-47.91621,5736.7,5.2,3.4,350.3,-3.0,4.4,510.8,RS41-SGP,403.502,23.1,-875,11,3.0,,
2026-09-19T14:33:17.004Z,X1909261,1880,-15.76002,-47.91622,5742.2,5.7,3.1,321.3,-3.2,4.7,510.3,RS41-SGP,403.502,24.3,-875,11,3.0,,
2026-09-19T14:33:18.004Z,X1909261,1881,-15.76001,-47.91624,5748.0,5.9,2.5,288.4,-3.3,5.0,510.0,RS41-SGP,403.502,24.8,-875,11,3.0,,
2026-09-19T14:33:19.004Z,X1909261,1882,-15.76000,-47.91626,5753.9,5.8,1.1,249.2,-3.3,5.3,509.6,RS41-SGP,403.502,24.8,-875,11,3.0,,
2026-09-19T14:33:20.004Z,X1909261,1883,-15.76001,-47.91626,5759.4,5.3,1.3,110.4,-3.3,5.5,509.3,RS41-SGP,403.502,24.6,-875,11,3.0,,
2026-09-19T14:33:21.004Z,X1909261,1884,-15.76001,-47.91624,5764.7,5.4,2.6,82.6,-3.4,5.7,509.0,RS41-SGP,403.502,24.6,-875,11,3.0,,
2026-09-19T14:33:22.004Z,X1909261,1885,-15.76000,-47.91622,5769.9,4.8,2.6,68.0,-3.5,6.1,508.6,RS41-SGP,403.502,23.7,-875,11,3.0,,
2026-09-19T14:33:23.004Z,X1909261,1886,-15.75999,-47.91620,5774.7,4.8,2.1,58.7,-3.6,7.0,508.3,RS41-SGP,403.502,24.2,-875,11,3.0,,
2026-09-19T14:33:24.004Z,X1909261,1887,-15.75998,-47.91618,5779.7,5.1,2.1,69.0,-3.6,7.7,508.1,RS41-SGP,403.502,24.2,-875,11,3.0,,
2026-09-19T14:33:25.004Z,X1909261,1888,-15.75997,-47.91616,5784.7,5.0,3.0,65.4,-3.6,8.1,507.7,RS41-SGP,403.502,23.9,-875,11,3.0,,
2026-09-19T14:33:26.004Z,X1909261,1889,-15.75995,-47.91613,5789.5,4.6,4.2,41.6,-3.6,8.9,507.3,RS41-SGP,403.502,23.0,-875,11,3.0,,
2026-09-19T14:33:27.004Z,X1909261,1890,-15.75992,-47.91611,5794.0,4.4,4.9,16.2,-3.6,9.0,507.0,RS41-SGP,403.502,24.6,-875,11,3.0,,
2026-09-19T14:33:28.004Z,X1909261,1891,-15.75988,-47.91611,5798.6,4.8,4.9,357.4,-3.5,8.9,506.7,RS41-SGP,403.502,24.6,-875,11,3.0,,
2026-09-19T14:33:29.004Z,X1909261,1892,-15.75984,-47.91611,5803.6,5.2,4.1,348.3,-3.5,8.8,506.4,RS41-SGP,403.502,24.3,-875,11,3.0,,
2026-09-19T14:33:30.004Z,X1909261,1893,-15.75980,-47.91612,5808.8,5.2,3.2,348.8,-3.5,9.0,506.1,RS41-SGP,403.502,24.3,-875,11,3.0,,
2026-09-19T14:33:31.004Z,X1909261,1894,-15.75978,-47.91612,5813.8,4.8,3.2,343.0,-3.8,9.4,505.9,RS41-SGP,403.502,23.7,-875,11,3.0,,
2026-09-19T14:33:32.004Z,X1909261,1895,-15.75975,-47.91614,5818.4,4.2,3.9,325.6,-3.9,9.3,505.5,RS41-SGP,403.502,23.0,-875,11,3.0,,
2026-09-19T14:33:33.004Z,X1909261,1896,-15.75972,-47.91617,5822.3,3.7,4.3,308.0,-4.0,9.5,505.3,RS41-SGP,403.502,23.4,-875,11,3.0,,
2026-09-19T14:33:34.004Z,X1909261,1897,-15.75970,-47.91620,5826.4,4.6,3.6,295.6,-4.1,9.7,504.9,RS41-SGP,403.502,23.4,-875,11,3.0,,
2026-09-19T14:33:35.004Z,X1909261,1898,-15.75969,-47.91622,5831.5,5.6,1.9,299.9,-4.1,9.6,504.7,RS41-SGP,403.502,23.5,-875,11,3.0,,
2026-09-19T14:33:36.004Z,X1909261,1899,-15.75968,-47.91623,5837.4,6.1,2.0,2.2,-4.1,10.2,504.2,RS41-SGP,403.502,23.5,-875,11,3.0,,
2026-09-19T14:33:37.004Z,X1909261,1900,-15.75965,-47.91622,5843.4,6.1,3.7,15.6,-4.1,10.5,503.9,RS41-SGP,403.502,24.4,-875,11,3.0,,
2026-09-19T14:33:38.004Z,X1909261,1901,-15.75962,-47.91621,5849.4,6.0,4.3,20.9,-4.2,10.7,503.4,RS41-SGP,403.502,24.4,-875,11,3.0,,
2026-09-19T14:33:39.004Z,X1909261,1902,-15.75959,-47.91619,5855.3,5.6,3.5,44.2,-4.2,10.9,503.2,RS41-SGP,403.502,24.1,-875,11,3.0,,
2026-09-19T14:33:40.004Z,X1909261,1903,-15.75957,-47.91616,5860.2,4.4,3.6,75.9,-4.0,10.9,502.9,RS41-SGP,403.502,24.5,-875,11,3.0,,
2026-09-19T14:33:41.004Z,X1909261,1904,-15.75957,-47.91613,5864.6,4.3,4.2,81.9,-4.2,11.7,502.4,RS41-SGP,403.502,24.5,-875,11,3.0,,
2026-09-19T14:33:42.004Z,X1909261,1905,-15.75956,-47.91609,5868.9,4.4,4.4,65.0,-4.4,11.9,502.2,RS41-SGP,403.502,23.4,-875,11,3.0,,
2026-09-19T14:33:43.004Z,X1909261,1906,-15.75953,-47.91606,5873.1,4.1,4.5,49.8,-4.4,12.0,502.0,RS41-SGP,403.502,23.6,-875,11,3.0,,
2026-09-19T14:33:44.004Z,X1909261,1907,-15.75951,-47.91603,5876.6,3.1,4.2,44.8,-4.4,12.1,501.8,RS41-SGP,403.502,23.6,-875,11,3.0,,
2026-09-19T14:33:45.004Z,X1909261,1908,-15.75948,-47.91600,5879.8,3.2,4.1,52.5,-4.5,12.2,501.6,RS41-SGP,403.502,22.7,-875,11,3.0,,
2026-09-19T14:33:46.004Z,X1909261,1909,-15.75947,-47.91597,5883.2,3.9,3.7,67.2,-4.5,12.2,501.4,RS41-SGP,403.502,24.3,-875,11,3.0,,
2026-09-19T14:33:47.004Z,X1909261,1910,-15.75946,-47.91594,5887.6,4.8,3.0,78.9,-4.6,12.3,501.0,RS41-SGP,403.502,24.3,-875,11,3.0,,
2026-09-19T14:33:48.004Z,X1909261,1911,-15.75945,-47.91591,5892.8,5.6,2.2,69.2,-4.6,12.5,500.7,RS41-SGP,403.502,23.9,-875,11,3.0,,
2026-09-19T14:33:49.004Z,X1909261,1912,-15.75944,-47.91590,5898.6,6.1,2.2,22.5,-4.6,12.6,500.2,RS41-SGP,403.502,24.0,-875,11,3.0,,
2026-09-19T14:33:50.004Z,X1909261,1913,-15.75941,-47.91590,5904.5,5.6,3.4,354.6,-4.7,12.7,500.0,RS41-SGP,403.502,24.0,-875,11,3.0,,
2026-09-19T14:33:51.004Z,X1909261,1914,-15.75938,-47.91590,5909.8,5.1,4.2,344.0,-4.7,12.9,499.6,RS41-SGP,403.502,23.5,-875,11,3.0,,
2026-09-19T14:33:52.004Z,X1909261,1915,-15.75934,-47.91592,5914.5,4.3,4.1,340.2,-4.8,13.1,499.3,RS41-SGP,403.502,23.2,-875,11,3.0,,
2026-09-19T14:33:53.004Z,X1909261,1916,-15.75931,-47.91593,5918.5,3.6,3.7,338.5,-4.9,13.1,499.0,RS41-SGP,403.502,24.3,-875,11,3.0,,
2026-09-19T14:33:54.004Z,X1909261,1917,-15.75928,-47.91594,5921.8,3.0,3.4,339.1,-4.9,13.1,498.8,RS41-SGP,403.502,24.3,-875,11,3.0,,
2026-09-19T14:33:55.004Z,X1909261,1918,-15.75925,-47.91595,5924.6,2.8,3.4,349.0,-4.9,13.2,498.7,RS41-SGP,403.502,23.0,-875,11,3.0,,
2026-09-19T14:33:56.004Z,X1909261,1919,-15.75922,-47.91595,5927.6,3.2,3.7,4.3,-4.8,13.4,498.7,RS41-SGP,403.502,23.9,-875,11,3.0,,
2026-09-19T14:33:57.004Z,X1909261,1920,-15.75919,-47.91595,5931.1,3.8,3.6,9.7,-4.9,13.4,498.3,RS41-SGP,403.502,23.9,-875,11,3.0,,
2026-09-19T14:33:58.004Z,X1909261,1921,-15.75916,-47.91594,5934.9,3.8,2.5,358.5,-4.9,13.7,498.1,RS41-SGP,403.502,23.2,-875,11,3.0,,
2026-09-19T14:33:59.004Z,X1909261,1922,-15.75915,-47.91595,5938.9,4.2,1.5,301.1,-5.0,13.9,497.9,RS41-SGP,403.502,23.9,-875,11,3.0,,
2026-09-19T14:34:00.004Z,X1909261,1923,-15.75914,-47.91596,5943.6,5.1,1.1,269.3,-5.1,13.9,497.5,RS41-SGP,403.502,23.9,-875,11,3.0,,
2026-09-19T14:34:01.004Z,X1909261,1924,-15.75914,-47.91596,5949.1,5.7,1.1,43.1,-5.2,13.9,497.1,RS41-SGP,403.502,23.8,-875,11,3.0,,
2026-09-19T14:34:02.004Z,X1909261,1925,-15.75913,-47.91595,5954.9,5.9,3.6,52.3,-5.2,14.0,496.7,RS41-SGP,403.502,23.5,-875,11,3.0,,
2026-09-19T14:34:03.004Z,X1909261,1926,-15.75911,-47.91592,5961.4,7.0,3.6,49.9,-5.2,14.6,496.4,RS41-SGP,403.502,22.8,-875,11,3.0,,
2026-09-19T14:34:04.004Z,X1909261,1927,-15.75908,-47.91590,5968.3,6.7,2.4,18.7,-5.3,14.9,495.8,RS41-SGP,403.502,22.9,-875,11,3.0,,
2026-09-19T14:34:05.004Z,X1909261,1928,-15.75906,-47.91590,5974.8,6.3,3.0,349.0,-5.3,15.2,495.6,RS41-SGP,403.502,24.5,-875,11,3.0,,
2026-09-19T14:34:06.004Z,X1909261,1929,-15.75903,-47.91591,5980.5,5.0,4.3,359.5,-5.4,15.4,495.2,RS41-SGP,403.502,24.5,-875,11,3.0,,
2026-09-19T14:34:07.004Z,X1909261,1930,-15.75898,-47.91590,5984.7,3.4,5.8,19.5,-5.5,15.5,495.0,RS41-SGP,403.502,23.6,-875,11,3.0,,
2026-09-19T14:34:08.004Z,X1909261,1931,-15.75894,-47.91587,5988.1,3.5,6.3,34.1,-5.6,15.6,494.7,RS41-SGP,403.502,22.3,-875,11,3.0,,
2026-09-19T14:34:09.004Z,X1909261,1932,-15.75890,-47.91584,5992.2,4.7,4.4,37.1,-5.5,15.7,494.4,RS41-SGP,403.502,22.0,-875,11,3.0,,
2026-09-19T14:34:10.004Z,X1909261,1933,-15.75887,-47.91583,5996.9,4.6,2.0,358.4,-5.5,15.7,494.2,RS41-SGP,403.502,23.4,-875,11,3.0,,
2026-09-19T14:34:11.004Z,X1909261,1934,-15.75886,-47.91584,6001.6,4.9,2.6,302.3,-5.5,15.8,493.9,RS41-SGP,403.502,23.4,-875,11,3.0,,
2026-09-19T14:34:12.004Z,X1909261,1935,-15.75885,-47.91586,6006.6,5.1,2.2,300.6,-5.6,16.0,493.5,RS41-SGP,403.502,23.2,-875,11,3.0,,
2026-09-19T14:34:13.004Z,X1909261,1936,-15.75884,-47.91587,6011.4,4.5,1.1,319.4,-5.7,16.1,493.2,RS41-SGP,403.502,23.3,-875,11,3.0,,
2026-09-19T14:34:14.004Z,X1909261,1937,-15.75883,-47.91588,6015.4,3.5,0.6,312.7,-5.8,16.1,492.9,RS41-SGP,403.502,23.6,-875,11,3.0,,
2026-09-19T14:34:15.004Z,X1909261,1938,-15.75883,-47.91589,6018.7,3.1,1.2,266.7,-5.8,16.0,492.8,RS41-SGP,403.502,23.9,-875,11,3.0,,
2026-09-19T14:34:16.004Z,X1909261,1939,-15.75883,-47.91590,6021.8,3.0,1.5,266.0,-5.7,16.2,492.6,RS41-SGP,403.502,23.9,-875,11,3.0,,
2026-09-19T14:34:17.004Z,X1909261,1940,-15.75883,-47.91591,6024.9,3.2,0.8,257.4,-5.7,16.4,492.4,RS41-SGP,403.502,23.3,-875,11,3.0,,
2026-09-19T14:34:18.004Z,X1909261,1941,-15.75883,-47.91591,6028.5,4.0,0.6,106.2,-5.7,16.6,492.1,RS41-SGP,403.502,23.7,-875,11,3.0,,
2026-09-19T14:34:19.004Z,X1909261,1942,-15.75883,-47.91590,6032.6,4.2,1.6,64.9,-5.6,16.4,491.9,RS41-SGP,403.502,23.7,-875,11,3.0,,
2026-09-19T14:34:20.004Z,X1909261,1943,-15.75882,-47.91589,6036.6,3.8,2.7,28.0,-5.8,16.5,491.7,RS41-SGP,403.502,23.1,-875,11,3.0,,
2026-09-19T14:34:21.004Z,X1909261,1944,-15.75879,-47.91588,6040.5,4.0,3.8,13.2,-5.9,16.6,491.5,RS41-SGP,403.502,23.1,-875,11,3.0,,
2026-09-19T14:34:22.004Z,X1909261,1945,-15.75876,-47.91587,6044.5,4.1,3.2,22.9,-5.9,16.6,491.2,RS41-SGP,403.502,23.3,-875,11,3.0,,
2026-09-19T14:34:23.004Z,X1909261,1946,-15.75874,-47.91585,6048.2,3.4,2.4,72.2,-6.0,16.7,491.0,RS41-SGP,403.502,23.8,-875,11,3.0,,
2026-09-19T14:34:24.004Z,X1909261,1947,-15.75874,-47.91583,6051.8,3.7,3.1,111.1,-5.9,16.6,490.8,RS41-SGP,403.502,23.8,-875,11,3.0,,
2026-09-19T14:34:25.004Z,X1909261,1948,-15.75875,-47.91580,6056.1,5.0,2.2,97.1,-6.0,16.7,490.4,RS41-SGP,403.502,24.0,-875,11,3.0,,
2026-09-19T14:34:26.004Z,X1909261,1949,-15.75874,-47.91579,6060.9,4.7,2.5,15.2,-6.0,16.8,490.2,RS41-SGP,403.502,24.0,-875,11,3.0,,
2026-09-19T14:34:27.004Z,X1909261,1950,-15.75871,-47.91579,6065.8,5.2,4.0,354.2,-6.1,16.9,489.8,RS41-SGP,403.502,23.1,-875,11,3.0,,
2026-09-19T14:34:28.004Z,X1909261,1951,-15.75868,-47.91579,6071.4,5.9,2.8,12.8,-6.2,16.8,489.5,RS41-SGP,403.502,23.7,-875,11,3.0,,
2026-09-19T14:34:29.004Z,X1909261,1952,-15.75867,-47.91577,6076.8,5.0,2.9,82.6,-6.2,16.8,489.1,RS41-SGP,403.502,23.7,-875,11,3.0,,
2026-09-19T14:34:30.004Z,X1909261,1953,-15.75867,-47.91574,6081.5,4.4,4.5,98.6,-6.2,16.5,488.8,RS41-SGP,403.502,23.0,-875,11,3.0,,
2026-09-19T14:34:31.004Z,X1909261,1954,-15.75867,-47.91569,6085.8,4.4,4.7,84.6,-6.3,16.2,488.6,RS41-SGP,403.502,23.0,-875,11,3.0,,
2026-09-19T14:34:32.004Z,X1909261,1955,-15.75866,-47.91565,6090.0,3.8,4.4,62.0,-6.4,16.3,488.3,RS41-SGP,403.502,23.3,-875,11,3.0,,
2026-09-19T14:34:33.004Z,X1909261,1956,-15.75864,-47.91562,6093.3,2.8,4.1,50.5,-6.4,16.4,488.2,RS41-SGP,403.502,23.3,-875,11,3.0,,
2026-09-19T14:34:34.004Z,X1909261,1957,-15.75862,-47.91559,6095.9,2.5,3.7,53.6,-6.4,16.4,488.0,RS41-SGP,403.502,23.0,-875,11,3.0,,
2026-09-19T14:34:35.004Z,X1909261,1958,-15.75860,-47.91556,6098.4,2.6,3.5,60.3,-6.4,16.4,487.8,RS41-SGP,403.502,21.2,-875,11,3.0,,
2026-09-19T14:34:36.004Z,X1909261,1959,-15.75858,-47.91554,6101.5,3.5,3.3,57.3,-6.4,16.3,487.6,RS41-SGP,403.502,22.6,-875,11,3.0,,
2026-09-19T14:34:37.004Z,X1909261,1960,-15.75857,-47.91552,6105.0,3.4,2.6,46.4,-6.5,16.5,487.4,RS41-SGP,403.502,22.6,-875,11,3.0,,
2026-09-19T14:34:38.004Z,X1909261,1961,-15.75856,-47.91550,6108.3,3.1,1.4,39.1,-6.5,16.4,487.2,RS41-SGP,403.502,24.1,-875,11,3.0,,
2026-09-19T14:34:39.004Z,X1909261,1962,-15.75855,-47.91550,6111.6,3.6,0.3,116.7,-6.6,16.5,487.1,RS41-SGP,403.502,24.1,-875,11,3.0,,
2026-09-19T14:34:40.004Z,X1909261,1963,-15.75855,-47.91549,6115.5,4.1,0.5,98.5,-6.6,16.1,486.7,RS41-SGP,403.502,23.4,-875,11,3.0,,
2026-09-19T14:34:41.004Z,X1909261,1964,-15.75855,-47.91549,6119.3,3.5,1.8,24.7,-6.6,15.6,486.5,RS41-SGP,403.502,23.3,-875,11,3.0,,
2026-09-19T14:34:42.004Z,X1909261,1965,-15.75852,-47.91548,6122.4,2.8,3.5,4.5,-6.5,15.3,486.4,RS41-SGP,403.502,23.5,-875,11,3.0,,
2026-09-19T14:34:43.004Z,X1909261,1966,-15.75849,-47.91548,6125.4,3.2,3.9,355.0,-6.6,14.9,486.1,RS41-SGP,403.502,23.6,-875,11,3.0,,
2026-09-19T14:34:44.004Z,X1909261,1967,-15.75846,-47.91549,6128.9,3.7,2.1,358.7,-6.5,14.3,485.9,RS41-SGP,403.502,24.3,-875,11,3.0,,
2026-09-19T14:34:45.004Z,X1909261,1968,-15.75845,-47.91548,6132.4,3.3,1.4,90.3,-6.6,14.6,485.6,RS41-SGP,403.502,24.3,-875,11,3.0,,
2026-09-19T14:34:46.004Z,X1909261,1969,-15.75845,-47.91546,6135.9,3.7,3.4,100.1,-6.6,15.3,485.5,RS41-SGP,403.502,23.6,-875,11,3.0,,
2026-09-19T14:34:47.004Z,X1909261,1970,-15.75846,-47.91542,6139.9,4.3,3.9,84.3,-6.6,16.2,485.2,RS41-SGP,403.502,22.4,-875,11,3.0,,
2026-09-19T14:34:48.004Z,X1909261,1971,-15.75845,-47.91539,6144.0,3.9,2.8,71.7,-6.6,17.9,484.9,RS41-SGP,403.502,23.4,-875,11,3.0,,
2026-09-19T14:34:49.004Z,X1909261,1972,-15.75845,-47.91537,6147.9,4.0,1.5,91.1,-6.6,20.2,484.7,RS41-SGP,403.502,23.4,-875,11,3.0,,
2026-09-19T14:34:50.004Z,X1909261,1973,-15.75845,-47.91536,6152.0,4.2,2.3,127.5,-6.7,21.5,484.4,RS41-SGP,403.502,24.0,-875,11,3.0,,
2026-09-19T14:34:51.004Z,X1909261,1974,-15.75847,-47.91533,6156.3,4.5,3.5,115.1,-6.7,22.0,484.3,RS41-SGP,403.502,24.0,-875,11,3.0,,
2026-09-19T14:34:52.004Z,X1909261,1975,-15.75848,-47.91530,6160.8,4.5,4.0,101.1,-6.8,22.2,483.9,RS41-SGP,403.502,23.2,-875,11,3.0,,
2026-09-19T14:34:53.004Z,X1909261,1976,-15.75848,-47.91527,6165.3,4.4,3.1,98.7,-6.9,22.2,483.7,RS41-SGP,403.502,22.7,-875,11,3.0,,
2026-09-19T14:34:54.004Z,X1909261,1977,-15.75849,-47.91525,6169.2,3.6,1.6,128.6,-6.9,22.7,483.4,RS41-SGP,403.502,23.8,-875,11,3.0,,
2026-09-19T14:34:55.004Z,X1909261,1978,-15.75850,-47.91524,6172.9,3.7,1.5,181.4,-6.7,22.9,483.1,RS41-SGP,403.502,23.8,-875,11,3.0,,
2026-09-19T14:34:56.004Z,X1909261,1979,-15.75851,-47.91524,6176.8,4.2,1.6,153.5,-6.6,22.3,482.9,RS41-SGP,403.502,23.3,-875,11,3.0,,
2026-09-19T14:34:57.004Z,X1909261,1980,-15.75852,-47.91522,6181.3,4.7,2.9,108.8,-6.8,23.1,482.7,RS41-SGP,403.502,23.0,-875,11,3.0,,
2026-09-19T14:34:58.004Z,X1909261,1981,-15.75853,-47.91519,6186.2,5.3,4.3,99.8,-7.0,25.1,482.4,RS41-SGP,403.502,22.9,-875,11,3.0,,
2026-09-19T14:34:59.004Z,X1909261,1982,-15.75854,-47.91515,6191.7,5.9,3.7,103.4,-7.0,26.1,482.1,RS41-SGP,403.502,23.3,-875,11,3.0,,
2026-09-19T14:35:00.004Z,X1909261,1983,-15.75855,-47.91513,6197.6,6.0,1.9,121.4,-7.0,26.3,481.7,RS41-SGP,403.502,23.8,-875,11,3.0,,
2026-09-19T14:35:01.004Z,X1909261,1984,-15.75855,-47.91512,6203.4,5.7,0.9,172.4,-7.1,25.8,481.3,RS41-SGP,403.502,23.9,-875,11,3.0,,
2026-09-19T14:35:02.004Z,X1909261,1985,-15.75856,-47.91512,6209.0,5.3,0.8,209.6,-7.1,24.6,481.0,RS41-SGP,403.502,23.9,-875,11,3.0,,
2026-09-19T14:35:03.004Z,X1909261,1986,-15.75856,-47.91512,6213.8,4.4,0.1,309.4,-7.1,24.5,480.8,RS41-SGP,403.502,23.4,-875,11,3.0,,
2026-09-19T14:35:04.004Z,X1909261,1987,-15.75856,-47.91512,6217.7,3.6,0.9,22.0,-7.1,24.5,480.4,RS41-SGP,403.502,23.4,-875,11,3.0,,
2026-09-19T14:35:05.004Z,X1909261,1988,-15.75855,-47.91512,6221.3,3.5,1.0,21.3,-7.2,24.6,480.3,RS41-SGP,403.502,23.4,-875,11,3.0,,
2026-09-19T14:35:06.004Z,X1909261,1989,-15.75855,-47.91511,6225.0,3.9,0.3,112.4,-7.2,24.8,480.1,RS41-SGP,403.502,23.1,-875,11,3.0,,
2026-09-19T14:35:07.004Z,X1909261,1990,-15.75855,-47.91511,6229.3,4.7,1.0,163.0,-7.2,24.7,479.8,RS41-SGP,403.502,23.9,-875,11,3.0,,
2026-09-19T14:35:08.004Z,X1909261,1991,-15.75856,-47.91511,6234.3,5.5,0.8,131.4,-7.3,24.7,479.5,RS41-SGP,403.502,24.5,-875,11,3.0,,
2026-09-19T14:35:09.004Z,X1909261,1992,-15.75856,-47.91510,6239.9,5.8,1.4,65.4,-7.3,24.5,479.0,RS41-SGP,403.502,24.5,-875,11,3.0,,
2026-09-19T14:35:10.004Z,X1909261,1993,-15.75855,-47.91508,6246.2,6.7,2.0,60.8,-7.4,24.1,478.8,RS41-SGP,403.502,23.2,-875,11,3.0,,
2026-09-19T14:35:11.004Z,X1909261,1994,-15.75855,-47.91507,6253.1,7.1,2.3,101.1,-7.4,24.0,478.3,RS41-SGP,403.502,23.7,-875,11,3.0,,
2026-09-19T14:35:12.004Z,X1909261,1995,-15.75856,-47.91504,6260.1,6.9,3.9,131.7,-7.4,23.9,477.8,RS41-SGP,403.502,23.7,-875,11,3.0,,
2026-09-19T14:35:13.004Z,X1909261,1996,-15.75859,-47.91501,6266.7,6.3,5.4,131.4,-7.5,24.1,477.4,RS41-SGP,403.502,23.4,-875,11,3.0,,
2026-09-19T14:35:14.004Z,X1909261,1997,-15.75862,-47.91496,6272.7,5.7,6.3,119.2,-7.6,24.4,477.1,RS41-SGP,403.502,23.4,-875,11,3.0,,
2026-09-19T14:35:15.004Z,X1909261,1998,-15.75864,-47.91491,6278.4,5.8,6.7,101.8,-7.7,24.5,476.7,RS41-SGP,403.502,23.0,-875,11,3.0,,
2026-09-19T14:35:16.004Z,X1909261,1999,-15.75865,-47.91485,6284.2,5.7,6.2,87.3,-7.7,24.5,476.3,RS41-SGP,403.502,22.6,-875,11,3.0,,
2026-09-19T14:35:17.004Z,X1909261,2000,-15.75864,-47.91480,6289.6,5.1,5.5,78.0,-7.7,24.6,476.1,RS41-SGP,403.502,22.9,-875,11,3.0,,
2026-09-19T14:35:18.004Z,X1909261,2001,-15.75863,-47.91475,6294.2,4.2,5.3,74.4,-7.8,24.7,475.7,RS41-SGP,403.502,23.4,-875,11,3.0,,
2026-09-19T14:35:19.004Z,X1909261,2002,-15.75861,-47.91470,6298.2,3.9,5.7,75.4,-7.8,24.6,475.6,RS41-SGP,403.502,23.4,-875,11,3.0,,
2026-09-19T14:35:20.004Z,X1909261,2003,-15.75860,-47.91464,6302.0,3.8,5.9,74.1,-7.8,24.4,475.4,RS41-SGP,403.502,23.0,-875,11,3.0,,
2026-09-19T14:35:21.004Z,X1909261,2004,-15.75859,-47.91459,6305.8,3.8,5.3,72.0,-7.9,24.4,475.2,RS41-SGP,403.502,23.0,-875,11,3.0,,
2026-09-19T14:35:22.004Z,X1909261,2005,-15.75857,-47.91455,6309.6,3.9,4.3,64.7,-7.9,24.3,474.9,RS41-SGP,403.502,23.0,-875,11,3.0,,
2026-09-19T14:35:23.004Z,X1909261,2006,-15.75855,-47.91452,6313.7,4.4,3.6,62.9,-7.9,24.5,474.6,RS41-SGP,403.502,23.0,-875,11,3.0,,
2026-09-19T14:35:24.004Z,X1909261,2007,-15.75854,-47.91448,6318.0,4.2,4.4,81.7,-7.9,25.6,474.3,RS41-SGP,403.502,23.0,-875,11,3.0,,
2026-09-19T14:35:25.004Z,X1909261,2008,-15.75854,-47.91443,6322.0,3.8,6.3,99.3,-7.9,26.1,474.1,RS41-SGP,403.502,22.4,-875,11,3.0,,
2026-09-19T14:35:26.004Z,X1909261,2009,-15.75856,-47.91437,6326.2,4.6,7.3,107.0,-7.9,26.1,473.8,RS41-SGP,403.502,23.2,-875,11,3.0,,
2026-09-19T14:35:27.004Z,X1909261,2010,-15.75858,-47.91431,6331.2,5.4,5.7,105.0,-8.0,26.3,473.6,RS41-SGP,403.502,23.2,-875,11,3.0,,
2026-09-19T14:35:28.004Z,X1909261,2011,-15.75858,-47.91427,6336.2,4.7,3.1,84.5,-8.0,26.9,473.2,RS41-SGP,403.502,23.5,-875,11,3.0,,
2026-09-19T14:35:29.004Z,X1909261,2012,-15.75857,-47.91425,6340.9,4.8,2.5,39.4,-8.1,27.2,472.9,RS41-SGP,403.502,23.5,-875,11,3.0,,
2026-09-19T14:35:30.004Z,X1909261,2013,-15.75855,-47.91423,6346.1,5.4,2.6,47.4,-8.2,28.0,472.7,RS41-SGP,403.502,23.4,-875,11,3.0,,
2026-09-19T14:35:31.004Z,X1909261,2014,-15.75854,-47.91421,6350.9,4.3,2.8,77.5,-8.2,28.8,472.3,RS41-SGP,403.502,22.3,-875,11,3.0,,
2026-09-19T14:35:32.004Z,X1909261,2015,-15.75854,-47.91419,6355.1,4.0,2.7,102.5,-8.2,29.4,472.1,RS41-SGP,403.502,22.9,-875,11,3.0,,
2026-09-19T14:35:33.004Z,X1909261,2016,-15.75855,-47.91417,6359.5,5.0,2.0,110.1,-8.3,31.1,471.8,RS41-SGP,403.502,23.3,-875,11,3.0,,
2026-09-19T14:35:34.004Z,X1909261,2017,-15.75855,-47.91415,6364.9,5.7,2.1,74.1,-8.3,32.2,471.4,RS41-SGP,403.502,23.6,-875,11,3.0,,
2026-09-19T14:35:35.004Z,X1909261,2018,-15.75854,-47.91412,6370.7,6.1,4.0,64.8,-8.4,32.4,471.1,RS41-SGP,403.502,23.6,-875,11,3.0,,
2026-09-19T14:35:36.004Z,X1909261,2019,-15.75852,-47.91408,6376.8,6.2,5.7,77.0,-8.3,31.9,470.7,RS41-SGP,403.502,23.3,-875,11,3.0,,
2026-09-19T14:35:37.004Z,X1909261,2020,-15.75852,-47.91402,6382.9,5.9,6.8,91.8,-8.4,32.0,470.4,RS41-SGP,403.502,23.3,-875,11,3.0,,
2026-09-19T14:35:38.004Z,X1909261,2021,-15.75853,-47.91396,6388.6,5.6,7.0,103.9,-8.4,32.1,470.0,RS41-SGP,403.502,23.3,-875,11,3.0,,
2026-09-19T14:35:39.004Z,X1909261,2022,-15.75854,-47.91390,6394.2,5.6,6.5,100.9,-8.3,31.7,469.7,RS41-SGP,403.502,23.9,-875,11,3.0,,
2026-09-19T14:35:40.004Z,X1909261,2023,-15.75854,-47.91384,6399.3,4.7,6.4,83.3,-8.6,32.3,469.4,RS41-SGP,403.502,23.9,-875,11,3.0,,
2026-09-19T14:35:41.004Z,X1909261,2024,-15.75853,-47.91378,6403.4,3.7,6.8,67.7,-8.6,32.0,469.2,RS41-SGP,403.502,23.4,-875,11,3.0,,
2026-09-19T14:35:42.004Z,X1909261,2025,-15.75850,-47.91372,6407.1,3.8,6.8,61.7,-8.6,31.4,468.9,RS41-SGP,403.502,22.6,-875,11,3.0,,
2026-09-19T14:35:43.004Z,X1909261,2026,-15.75848,-47.91367,6410.8,3.7,5.8,69.5,-8.6,31.0,468.7,RS41-SGP,403.502,23.3,-875,11,3.0,,
2026-09-19T14:35:44.004Z,X1909261,2027,-15.75847,-47.91362,6414.3,3.3,5.1,83.8,-8.6,31.0,468.6,RS41-SGP,403.502,23.7,-875,11,3.0,,
2026-09-19T14:35:45.004Z,X1909261,2028,-15.75846,-47.91357,6417.6,3.3,5.5,93.6,-8.6,30.9,468.4,RS41-SGP,403.502,23.7,-875,11,3.0,,
2026-09-19T14:35:46.004Z,X1909261,2029,-15.75847,-47.91351,6421.0,3.6,6.1,92.7,-8.7,30.0,468.1,RS41-SGP,403.502,23.2,-875,11,3.0,,
2026-09-19T14:35:47.004Z,X1909261,2030,-15.75847,-47.91346,6424.8,4.0,5.7,81.5,-8.7,28.8,467.9,RS41-SGP,403.502,23.2,-875,11,3.0,,
2026-09-19T14:35:48.004Z,X1909261,2031,-15.75845,-47.91341,6428.8,4.2,4.5,64.2,-8.7,27.7,467.7,RS41-SGP,403.502,22.5,-875,11,3.0,,
2026-09-19T14:35:49.004Z,X1909261,2032,-15.75844,-47.91338,6433.1,4.5,3.0,59.4,-8.6,26.4,467.4,RS41-SGP,403.502,22.5,-875,11,3.0,,
2026-09-19T14:35:50.004Z,X1909261,2033,-15.75843,-47.91336,6437.6,4.4,2.1,99.2,-8.7,26.4,467.1,RS41-SGP,403.502,22.4,-875,11,3.0,,
2026-09-19T14:35:51.004Z,X1909261,2034,-15.75844,-47.91334,6441.6,3.7,2.8,132.1,-8.7,26.3,466.9,RS41-SGP,403.502,22.5,-875,11,3.0,,
2026-09-19T14:35:52.004Z,X1909261,2035,-15.75846,-47.91333,6445.4,3.9,2.5,139.8,-8.6,26.0,466.6,RS41-SGP,403.502,23.4,-875,11,3.0,,
2026-09-19T14:35:53.004Z,X1909261,2036,-15.75847,-47.91331,6449.5,4.3,1.1,114.7,-8.5,25.2,466.4,RS41-SGP,403.502,23.4,-875,11,3.0,,
2026-09-19T14:35:54.004Z,X1909261,2037,-15.75847,-47.91330,6454.0,4.9,1.1,49.3,-8.6,24.8,466.1,RS41-SGP,403.502,23.0,-875,11,3.0,,
2026-09-19T14:35:55.004Z,X1909261,2038,-15.75846,-47.91330,6459.2,5.4,0.9,81.2,-8.6,24.7,465.8,RS41-SGP,403.502,23.2,-875,11,3.0,,
2026-09-19T14:35:56.004Z,X1909261,2039,-15.75847,-47.91329,6464.5,5.2,1.4,116.6,-8.6,24.7,465.5,RS41-SGP,403.502,23.6,-875,11,3.0,,
2026-09-19T14:35:57.004Z,X1909261,2040,-15.75847,-47.91327,6469.6,5.0,1.8,103.9,-8.6,24.6,465.2,RS41-SGP,403.502,23.6,-875,11,3.0,,
2026-09-19T14:35:58.004Z,X1909261,2041,-15.75847,-47.91325,6474.3,4.5,2.9,66.0,-8.7,25.1,464.9,RS41-SGP,403.502,23.5,-875,11,3.0,,
2026-09-19T14:35:59.004Z,X1909261,2042,-15.75845,-47.91322,6478.9,4.6,4.4,61.4,-8.7,24.8,464.6,RS41-SGP,403.502,23.3,-875,11,3.0,,
2026-09-19T14:36:00.004Z,X1909261,2043,-15.75844,-47.91318,6483.7,5.1,5.1,73.9,-8.8,25.0,464.3,RS41-SGP,403.502,22.0,-875,11,3.0,,
2026-09-19T14:36:01.004Z,X1909261,2044,-15.75843,-47.91313,6489.1,5.7,5.3,99.8,-8.9,25.1,463.9,RS41-SGP,403.502,23.0,-875,11,3.0,,
2026-09-19T14:36:02.004Z,X1909261,2045,-15.75845,-47.91309,6494.8,5.7,5.4,121.5,-9.0,25.1,463.6,RS41-SGP,403.502,23.9,-875,11,3.0,,
2026-09-19T14:36:03.004Z,X1909261,2046,-15.75848,-47.91304,6500.5,5.5,5.4,125.0,-9.0,25.0,463.3,RS41-SGP,403.502,23.9,-875,11,3.0,,
2026-09-19T14:36:04.004Z,X1909261,2047,-15.75851,-47.91300,6505.4,4.5,6.4,121.9,-8.9,24.7,463.0,RS41-SGP,403.502,23.3,-875,11,3.0,,
2026-09-19T14:36:05.004Z,X1909261,2048,-15.75854,-47.91294,6509.7,3.9,7.4,121.0,-8.8,24.4,462.8,RS41-SGP,403.502,23.3,-875,11,3.0,,
2026-09-19T14:36:06.004Z,X1909261,2049,-15.75858,-47.91288,6513.4,3.7,7.9,122.3,-8.9,24.5,462.5,RS41-SGP,403.502,23.1,-875,11,3.0,,
2026-09-19T14:36:07.004Z,X1909261,2050,-15.75862,-47.91282,6517.4,4.3,7.5,129.8,-9.0,24.6,462.2,RS41-SGP,403.502,23.0,-875,11,3.0,,
2026-09-19T14:36:08.004Z,X1909261,2051,-15.75866,-47.91278,6521.8,4.6,6.4,137.4,-9.1,25.1,462.0,RS41-SGP,403.502,23.3,-875,11,3.0,,
2026-09-19T14:36:09.004Z,X1909261,2052,-15.75870,-47.91274,6526.6,5.1,6.0,137.9,-9.1,25.5,461.8,RS41-SGP,403.502,23.3,-875,11,3.0,,
2026-09-19T14:36:10.004Z,X1909261,2053,-15.75874,-47.91270,6531.8,5.3,6.3,137.2,-9.1,26.4,461.5,RS41-SGP,403.502,22.9,-875,11,3.0,,
2026-09-19T14:36:11.004Z,X1909261,2054,-15.75879,-47.91266,6537.0,5.2,7.0,142.1,-9.1,27.4,461.1,RS41-SGP,403.502,22.9,-875,11,3.0,,
2026-09-19T14:36:12.004Z,X1909261,2055,-15.75884,-47.91262,6542.1,5.0,7.1,154.5,-9.2,27.6,460.8,RS41-SGP,403.502,24.6,-875,11,3.0,,
2026-09-19T14:36:13.004Z,X1909261,2056,-15.75890,-47.91260,6547.0,4.9,6.0,167.8,-9.2,27.7,460.5,RS41-SGP,403.502,24.6,-875,11,3.0,,
2026-09-19T14:36:14.004Z,X1909261,2057,-15.75894,-47.91260,6552.1,5.4,4.1,177.1,-9.2,27.7,460.1,RS41-SGP,403.502,24.6,-875,11,3.0,,
2026-09-19T14:36:15.004Z,X1909261,2058,-15.75897,-47.91259,6557.8,6.1,2.2,157.4,-9.3,28.1,459.9,RS41-SGP,403.502,23.6,-875,11,3.0,,
2026-09-19T14:36:16.004Z,X1909261,2059,-15.75899,-47.91258,6564.1,6.5,3.0,125.5,-9.3,28.0,459.4,RS41-SGP,403.502,23.6,-875,11,3.0,,
2026-09-19T14:36:17.004Z,X1909261,2060,-15.75901,-47.91255,6570.7,6.8,4.2,123.2,-9.4,27.9,459.1,RS41-SGP,403.502,23.1,-875,11,3.0,,
2026-09-19T14:36:18.004Z,X1909261,2061,-15.75903,-47.91251,6577.2,6.5,4.6,119.3,-9.4,27.8,458.7,RS41-SGP,403.502,23.6,-875,11,3.0,,
2026-09-19T14:36:19.004Z,X1909261,2062,-15.75904,-47.91247,6583.2,5.5,5.0,106.5,-9.4,27.5,458.4,RS41-SGP,403.502,24.1,-875,11,3.0,,
2026-09-19T14:36:20.004Z,X1909261,2063,-15.75905,-47.91242,6588.1,4.3,6.3,99.5,-9.4,27.2,458.0,RS41-SGP,403.502,24.1,-875,11,3.0,,
2026-09-19T14:36:21.004Z,X1909261,2064,-15.75907,-47.91236,6592.2,3.7,7.1,104.9,-9.4,26.8,457.8,RS41-SGP,403.502,23.5,-875,11,3.0,,
2026-09-19T14:36:22.004Z,X1909261,2065,-15.75909,-47.91230,6595.9,3.7,7.2,115.6,-9.5,26.1,457.6,RS41-SGP,403.502,23.5,-875,11,3.0,,
2026-09-19T14:36:23.004Z,X1909261,2066,-15.75912,-47.91224,6599.8,4.1,6.5,122.1,-9.6,25.7,457.4,RS41-SGP,403.502,23.2,-875,11,3.0,,
2026-09-19T14:36:24.004Z,X1909261,2067,-15.75914,-47.91219,6604.0,4.3,5.2,116.4,-9.6,25.5,457.2,RS41-SGP,403.502,24.3,-875,11,3.0,,
2026-09-19T14:36:25.004Z,X1909261,2068,-15.75916,-47.91215,6608.3,4.4,4.6,97.9,-9.5,25.3,457.0,RS41-SGP,403.502,24.3,-875,11,3.0,,
2026-09-19T14:36:26.004Z,X1909261,2069,-15.75916,-47.91211,6612.9,5.0,5.1,97.2,-9.6,25.2,456.6,RS41-SGP,403.502,21.9,-875,11,3.0,,
2026-09-19T14:36:27.004Z,X1909261,2070,-15.75918,-47.91206,6617.8,4.8,6.4,117.7,-9.7,24.6,456.4,RS41-SGP,403.502,22.3,-875,11,3.0,,
2026-09-19T14:36:28.004Z,X1909261,2071,-15.75922,-47.91201,6622.5,4.7,7.6,139.1,-9.8,24.2,456.0,RS41-SGP,403.502,23.9,-875,11,3.0,,
2026-09-19T14:36:29.004Z,X1909261,2072,-15.75927,-47.91197,6627.2,5.0,7.3,149.7,-9.8,21.6,455.7,RS41-SGP,403.502,24.8,-875,11,3.0,,
2026-09-19T14:36:30.004Z,X1909261,2073,-15.75932,-47.91194,6632.7,5.9,4.9,143.0,-9.8,20.6,455.4,RS41-SGP,403.502,24.8,-875,11,3.0,,
2026-09-19T14:36:31.004Z,X1909261,2074,-15.75935,-47.91191,6638.8,6.2,4.0,117.0,-9.8,18.2,455.0,RS41-SGP,403.502,24.0,-875,11,3.0,,
2026-09-19T14:36:32.004Z,X1909261,2075,-15.75936,-47.91187,6645.4,6.9,5.0,114.1,-9.8,16.6,454.7,RS41-SGP,403.502,23.7,-875,11,3.0,,
2026-09-19T14:36:33.004Z,X1909261,2076,-15.75939,-47.91182,6652.2,6.7,6.3,124.5,-9.8,15.5,454.1,RS41-SGP,403.502,23.3,-875,11,3.0,,
2026-09-19T14:36:34.004Z,X1909261,2077,-15.75942,-47.91177,6658.6,6.3,6.8,125.9,-9.9,14.5,453.8,RS41-SGP,403.502,23.4,-875,11,3.0,,
2026-09-19T14:36:35.004Z,X1909261,2078,-15.75945,-47.91172,6664.8,6.1,5.6,111.9,-10.0,13.7,453.4,RS41-SGP,403.502,23.4,-875,11,3.0,,
2026-09-19T14:36:36.004Z,X1909261,2079,-15.75946,-47.91168,6670.3,4.9,4.3,77.6,-9.9,12.6,453.2,RS41-SGP,403.502,22.8,-875,11,3.0,,
2026-09-19T14:36:37.004Z,X1909261,2080,-15.75944,-47.91164,6675.5,5.6,4.0,53.1,-9.9,11.9,452.9,RS41-SGP,403.502,22.8,-875,11,3.0,,
2026-09-19T14:36:38.004Z,X1909261,2081,-15.75943,-47.91162,6681.5,6.5,2.8,75.2,-10.0,11.8,452.4,RS41-SGP,403.502,23.7,-875,11,3.0,,
2026-09-19T14:36:39.004Z,X1909261,2082,-15.75943,-47.91159,6688.0,6.4,3.9,117.7,-10.0,11.8,452.2,RS41-SGP,403.502,23.8,-875,11,3.0,,
2026-09-19T14:36:40.004Z,X1909261,2083,-15.75945,-47.91156,6694.8,7.2,4.5,122.8,-9.9,11.4,451.8,RS41-SGP,403.502,23.8,-875,11,3.0,,
2026-09-19T14:36:41.004Z,X1909261,2084,-15.75947,-47.91152,6701.7,6.8,2.8,106.1,-10.0,11.2,451.3,RS41-SGP,403.502,22.8,-875,11,3.0,,
2026-09-19T14:36:42.004Z,X1909261,2085,-15.75946,-47.91151,6707.7,5.2,1.5,33.1,-10.1,11.0,451.0,RS41-SGP,403.502,22.3,-875,11,3.0,,
2026-09-19T14:36:43.004Z,X1909261,2086,-15.75945,-47.91151,6712.7,4.7,1.8,319.4,-10.1,11.0,450.7,RS41-SGP,403.502,21.7,-875,11,3.0,,
2026-09-19T14:36:44.004Z,X1909261,2087,-15.75945,-47.91152,6717.5,4.9,1.9,225.7,-10.0,10.9,450.4,RS41-SGP,403.502,23.4,-875,11,3.0,,
2026-09-19T14:36:45.004Z,X1909261,2088,-15.75948,-47.91153,6722.2,4.5,4.0,181.6,-10.1,10.7,450.2,RS41-SGP,403.502,24.5,-875,11,3.0,,
2026-09-19T14:36:46.004Z,X1909261,2089,-15.75951,-47.91152,6727.2,5.5,4.0,157.8,-10.0,10.5,449.9,RS41-SGP,403.502,24.5,-875,11,3.0,,
2026-09-19T14:36:47.004Z,X1909261,2090,-15.75953,-47.91150,6732.5,4.9,2.2,105.1,-10.1,10.4,449.6,RS41-SGP,403.502,24.0,-875,11,3.0,,
2026-09-19T14:36:48.004Z,X1909261,2091,-15.75952,-47.91148,6736.9,4.0,3.0,45.4,-10.1,10.0,449.3,RS41-SGP,403.502,23.0,-875,11,3.0,,
2026-09-19T14:36:49.004Z,X1909261,2092,-15.75950,-47.91146,6741.8,5.8,3.1,44.3,-10.2,9.8,449.0,RS41-SGP,403.502,21.8,-875,11,3.0,,
2026-09-19T14:36:50.004Z,X1909261,2093,-15.75950,-47.91144,6747.5,5.8,3.0,107.2,-10.2,9.7,448.6,RS41-SGP,403.502,22.7,-875,11,3.0,,
2026-09-19T14:36:51.004Z,X1909261,2094,-15.75952,-47.91141,6753.3,5.7,4.4,139.1,-10.2,9.6,448.3,RS41-SGP,403.502,22.9,-875,11,3.0,,
2026-09-19T14:36:52.004Z,X1909261,2095,-15.75955,-47.91139,6759.0,5.8,3.3,152.5,-10.3,9.6,448.1,RS41-SGP,403.502,22.9,-875,11,3.0,,
2026-09-19T14:36:53.004Z,X1909261,2096,-15.75956,-47.91139,6763.9,4.2,0.7,189.2,-10.4,9.6,447.7,RS41-SGP,403.502,22.8,-875,11,3.0,,
2026-09-19T14:36:54.004Z,X1909261,2097,-15.75957,-47.91139,6768.0,4.2,0.9,277.6,-10.3,9.6,447.6,RS41-SGP,403.502,22.6,-875,11,3.0,,
2026-09-19T14:36:55.004Z,X1909261,2098,-15.75957,-47.91139,6772.4,4.7,2.0,176.5,-10.3,9.5,447.2,RS41-SGP,403.502,22.6,-875,11,3.0,,
2026-09-19T14:36:56.004Z,X1909261,2099,-15.75960,-47.91139,6776.4,3.4,4.9,161.3,-10.3,9.5,447.0,RS41-SGP,403.502,23.3,-875,11,3.0,,
2026-09-19T14:36:57.004Z,X1909261,2100,-15.75965,-47.91137,6779.9,3.8,5.6,155.7,-10.3,9.4,446.7,RS41-SGP,403.502,23.3,-875,11,3.0,,
2026-09-19T14:36:58.004Z,X1909261,2101,-15.75968,-47.91135,6784.3,4.8,3.3,149.4,-10.4,9.5,446.6,RS41-SGP,403.502,23.1,-875,11,3.0,,
2026-09-19T14:36:59.004Z,X1909261,2102,-15.75970,-47.91134,6789.2,5.0,0.9,131.0,-10.5,9.5,446.2,RS41-SGP,403.502,23.1,-875,11,3.0,,
2026-09-19T14:37:00.004Z,X1909261,2103,-15.75971,-47.91133,6794.8,6.2,1.5,126.4,-10.5,9.5,445.8,RS41-SGP,403.502,23.1,-875,11,3.0,,
2026-09-19T14:37:01.004Z,X1909261,2104,-15.75972,-47.91131,6800.9,6.0,4.4,137.1,-10.4,9.4,445.6,RS41-SGP,403.502,23.4,-875,11,3.0,,
2026-09-19T14:37:02.004Z,X1909261,2105,-15.75976,-47.91127,6806.8,5.9,6.5,135.6,-10.5,9.3,445.2,RS41-SGP,403.502,23.7,-875,11,3.0,,
2026-09-19T14:37:03.004Z,X1909261,2106,-15.75980,-47.91124,6813.1,6.8,5.3,133.2,-10.5,9.2,444.9,RS41-SGP,403.502,23.7,-875,11,3.0,,
2026-09-19T14:37:04.004Z,X1909261,2107,-15.75982,-47.91121,6819.2,5.4,1.7,123.0,-10.6,9.2,444.5,RS41-SGP,403.502,23.4,-875,11,3.0,,
2026-09-19T14:37:05.004Z,X1909261,2108,-15.75982,-47.91121,6824.5,5.4,0.5,302.8,-10.7,9.2,444.2,RS41-SGP,403.502,22.6,-875,11,3.0,,
2026-09-19T14:37:06.004Z,X1909261,2109,-15.75983,-47.91121,6830.3,6.4,2.1,166.9,-10.6,9.2,443.8,RS41-SGP,403.502,23.1,-875,11,3.0,,
2026-09-19T14:37:07.004Z,X1909261,2110,-15.75986,-47.91119,6836.4,5.7,6.2,150.6,-10.6,9.2,443.5,RS41-SGP,403.502,24.5,-875,11,3.0,,
2026-09-19T14:37:08.004Z,X1909261,2111,-15.75991,-47.91115,6842.8,7.1,7.7,137.1,-10.7,9.1,443.1,RS41-SGP,403.502,24.5,-875,11,3.0,,
2026-09-19T14:37:09.004Z,X1909261,2112,-15.75995,-47.91110,6849.5,6.4,6.2,112.3,-10.9,9.2,442.7,RS41-SGP,403.502,24.0,-875,11,3.0,,
2026-09-19T14:37:10.004Z,X1909261,2113,-15.75996,-47.91105,6855.1,4.7,5.7,84.0,-10.8,9.3,442.5,RS41-SGP,403.502,22.7,-875,11,3.0,,
2026-09-19T14:37:11.004Z,X1909261,2114,-15.75995,-47.91099,6860.5,6.0,6.0,82.8,-10.9,9.3,442.1,RS41-SGP,403.502,20.1,-875,11,3.0,,
2026-09-19T14:37:12.004Z,X1909261,2115,-15.75996,-47.91093,6866.3,5.8,7.2,113.1,-10.9,9.2,441.7,RS41-SGP,403.502,22.5,-875,11,3.0,,
2026-09-19T14:37:13.004Z,X1909261,2116,-15.76000,-47.91087,6871.7,4.9,9.3,135.7,-11.0,9.2,441.4,RS41-SGP,403.502,23.3,-875,11,3.0,,
2026-09-19T14:37:14.004Z,X1909261,2117,-15.76006,-47.91082,6877.4,6.6,8.5,142.7,-11.0,9.1,441.1,RS41-SGP,403.502,23.9,-875,11,3.0,,
2026-09-19T14:37:15.004Z,X1909261,2118,-15.76011,-47.91077,6883.9,6.4,5.7,123.0,-10.9,8.9,440.7,RS41-SGP,403.502,23.9,-875,11,3.0,,
2026-09-19T14:37:16.004Z,X1909261,2119,-15.76012,-47.91072,6890.1,6.0,5.5,90.9,-11.1,8.8,440.4,RS41-SGP,403.502,23.0,-875,11,3.0,,
2026-09-19T14:37:17.004Z,X1909261,2120,-15.76013,-47.91067,6896.6,7.0,6.7,96.7,-11.1,8.7,440.0,RS41-SGP,403.502,20.0,-875,11,3.0,,
2026-09-19T14:37:18.004Z,X1909261,2121,-15.76015,-47.91060,6903.4,6.4,8.6,119.1,-11.1,8.7,439.7,RS41-SGP,403.502,21.8,-875,11,3.0,,
2026-09-19T14:37:19.004Z,X1909261,2122,-15.76020,-47.91053,6909.3,5.5,10.3,133.2,-11.2,8.5,439.3,RS41-SGP,403.502,23.0,-875,11,3.0,,
2026-09-19T14:37:20.004Z,X1909261,2123,-15.76027,-47.91047,6914.8,5.6,10.2,140.1,-11.2,8.4,439.0,RS41-SGP,403.502,23.0,-875,11,3.0,,
2026-09-19T14:37:21.004Z,X1909261,2124,-15.76033,-47.91041,6920.3,5.6,8.1,144.5,-11.3,8.4,438.7,RS41-SGP,403.502,22.9,-875,11,3.0,,
2026-09-19T14:37:22.004Z,X1909261,2125,-15.76039,-47.91038,6925.8,5.4,6.2,147.3,-11.3,8.3,438.3,RS41-SGP,403.502,22.8,-875,11,3.0,,
2026-09-19T14:37:23.004Z,X1909261,2126,-15.76043,-47.91035,6931.0,5.0,5.8,152.2,-11.3,8.4,438.0,RS41-SGP,403.502,23.3,-875,11,3.0,,
2026-09-19T14:37:24.004Z,X1909261,2127,-15.76048,-47.91032,6935.8,4.7,5.8,158.8,-11.4,8.6,437.8,RS41-SGP,403.502,23.3,-875,11,3.0,,
2026-09-19T14:37:25.004Z,X1909261,2128,-15.76053,-47.91031,6940.5,4.7,5.2,161.0,-11.4,8.5,437.5,RS41-SGP,403.502,24.0,-875,11,3.0,,
2026-09-19T14:37:26.004Z,X1909261,2129,-15.76056,-47.91029,6945.2,4.6,3.5,149.6,-11.4,8.6,437.3,RS41-SGP,403.502,24.3,-875,11,3.0,,
2026-09-19T14:37:27.004Z,X1909261,2130,-15.76058,-47.91027,6950.1,5.1,2.7,116.3,-11.5,8.7,436.9,RS41-SGP,403.502,24.3,-875,11,3.0,,
2026-09-19T14:37:28.004Z,X1909261,2131,-15.76059,-47.91024,6955.6,5.9,3.8,107.5,-11.5,8.7,436.7,RS41-SGP,403.502,22.9,-875,11,3.0,,
2026-09-19T14:37:29.004Z,X1909261,2132,-15.76061,-47.91020,6961.7,6.3,5.6,116.2,-11.4,8.7,436.3,RS41-SGP,403.502,23.1,-875,11,3.0,,
2026-09-19T14:37:30.004Z,X1909261,2133,-15.76064,-47.91015,6968.0,6.2,7.3,121.3,-11.5,8.8,436.0,RS41-SGP,403.502,23.9,-875,11,3.0,,
2026-09-19T14:37:31.004Z,X1909261,2134,-15.76067,-47.91009,6973.8,5.3,8.2,117.9,-11.6,9.3,435.7,RS41-SGP,403.502,23.9,-875,11,3.0,,
2026-09-19T14:37:32.004Z,X1909261,2135,-15.76070,-47.91002,6978.7,4.5,8.7,110.8,-11.6,9.8,435.3,RS41-SGP,403.502,23.6,-875,11,3.0,,
2026-09-19T14:37:33.004Z,X1909261,2136,-15.76073,-47.90994,6983.6,5.1,8.7,107.0,-11.7,10.4,435.1,RS41-SGP,403.502,23.2,-875,11,3.0,,
2026-09-19T14:37:34.004Z,X1909261,2137,-15.76076,-47.90986,6989.1,5.8,8.2,112.0,-11.7,11.0,434.7,RS41-SGP,403.502,23.2,-875,11,3.0,,
2026-09-19T14:37:35.004Z,X1909261,2138,-15.76079,-47.90980,6994.7,5.5,8.2,120.7,-11.7,12.4,434.4,RS41-SGP,403.502,23.7,-875,11,3.0,,
2026-09-19T14:37:36.004Z,X1909261,2139,-15.76083,-47.90973,7000.4,5.6,8.6,117.1,-11.6,13.7,434.1,RS41-SGP,403.502,23.7,-875,11,3.0,,
2026-09-19T14:37:37.004Z,X1909261,2140,-15.76085,-47.90965,7005.4,4.4,8.7,104.9,-11.6,15.3,433.9,RS41-SGP,403.502,23.6,-875,11,3.0,,
2026-09-19T14:37:38.004Z,X1909261,2141,-15.76086,-47.90957,7009.3,3.4,8.5,90.8,-11.8,17.3,433.6,RS41-SGP,403.502,22.4,-875,11,3.0,,
2026-09-19T14:37:39.004Z,X1909261,2142,-15.76086,-47.90950,7012.9,3.7,7.2,83.4,-11.9,18.9,433.5,RS41-SGP,403.502,22.3,-875,11,3.0,,
2026-09-19T14:37:40.004Z,X1909261,2143,-15.76086,-47.90944,7016.7,3.9,5.8,90.6,-12.0,19.9,433.3,RS41-SGP,403.502,23.0,-875,11,3.0,,
2026-09-19T14:37:41.004Z,X1909261,2144,-15.76087,-47.90938,7020.8,4.4,6.1,107.5,-11.9,19.9,433.0,RS41-SGP,403.502,24.1,-875,11,3.0,,
2026-09-19T14:37:42.004Z,X1909261,2145,-15.76089,-47.90933,7025.6,5.2,7.3,110.4,-11.9,19.9,432.8,RS41-SGP,403.502,24.1,-875,11,3.0,,
2026-09-19T14:37:43.004Z,X1909261,2146,-15.76090,-47.90926,7031.1,5.7,6.9,102.0,-11.9,20.7,432.4,RS41-SGP,403.502,23.5,-875,11,3.0,,
2026-09-19T14:37:44.004Z,X1909261,2147,-15.76091,-47.90921,7036.5,5.0,4.7,86.0,-11.9,22.3,432.1,RS41-SGP,403.502,21.3,-875,11,3.0,,
2026-09-19T14:37:45.004Z,X1909261,2148,-15.76090,-47.90917,7041.4,4.6,2.5,68.1,-12.1,25.7,432.0,RS41-SGP,403.502,22.8,-875,11,3.0,,
2026-09-19T14:37:46.004Z,X1909261,2149,-15.76090,-47.90916,7046.3,5.2,1.4,110.1,-12.0,25.5,431.5,RS41-SGP,403.502,24.1,-875,11,3.0,,
2026-09-19T14:37:47.004Z,X1909261,2150,-15.76091,-47.90914,7051.5,5.2,2.8,128.0,-12.0,27.6,431.3,RS41-SGP,403.502,24.1,-875,11,3.0,,
2026-09-19T14:37:48.004Z,X1909261,2151,-15.76092,-47.90911,7056.6,4.8,3.8,105.5,-12.2,30.7,431.1,RS41-SGP,403.502,23.4,-875,11,3.0,,
2026-09-19T14:37:49.004Z,X1909261,2152,-15.76093,-47.90908,7060.8,3.6,4.0,79.0,-12.3,31.3,430.8,RS41-SGP,403.502,23.2,-875,11,3.0,,
2026-09-19T14:37:50.004Z,X1909261,2153,-15.76091,-47.90905,7064.2,3.3,3.7,57.1,-12.3,31.6,430.6,RS41-SGP,403.502,22.5,-875,11,3.0,,
2026-09-19T14:37:51.004Z,X1909261,2154,-15.76090,-47.90902,7067.9,4.0,2.4,64.9,-12.3,32.4,430.4,RS41-SGP,403.502,23.5,-875,11,3.0,,
2026-09-19T14:37:52.004Z,X1909261,2155,-15.76090,-47.90900,7072.2,4.5,2.6,116.7,-12.3,32.8,430.1,RS41-SGP,403.502,23.9,-875,11,3.0,,
2026-09-19T14:37:53.004Z,X1909261,2156,-15.76092,-47.90898,7076.8,4.8,3.8,132.3,-12.4,33.5,429.9,RS41-SGP,403.502,23.9,-875,11,3.0,,
2026-09-19T14:37:54.004Z,X1909261,2157,-15.76094,-47.90895,7081.8,5.1,3.9,135.3,-12.5,34.3,429.6,RS41-SGP,403.502,23.4,-875,11,3.0,,
2026-09-19T14:37:55.004Z,X1909261,2158,-15.76097,-47.90893,7086.7,4.7,3.5,140.2,-12.5,34.6,429.3,RS41-SGP,403.502,22.8,-875,11,3.0,,
2026-09-19T14:37:56.004Z,X1909261,2159,-15.76099,-47.90891,7091.3,4.5,3.7,148.1,-12.5,35.0,429.1,RS41-SGP,403.502,24.0,-875,11,3.0,,
2026-09-19T14:37:57.004Z,X1909261,2160,-15.76103,-47.90889,7095.7,4.2,5.0,148.9,-12.6,34.9,428.9,RS41-SGP,403.502,24.0,-875,11,3.0,,
2026-09-19T14:37:58.004Z,X1909261,2161,-15.76107,-47.90886,7099.9,4.2,6.1,140.1,-12.6,35.0,428.6,RS41-SGP,403.502,23.7,-875,11,3.0,,
2026-09-19T14:37:59.004Z,X1909261,2162,-15.76111,-47.90881,7104.3,4.5,6.7,130.3,-12.6,35.2,428.3,RS41-SGP,403.502,24.1,-875,11,3.0,,
2026-09-19T14:38:00.004Z,X1909261,2163,-15.76114,-47.90877,7109.0,4.8,6.4,123.6,-12.7,35.4,428.1,RS41-SGP,403.502,24.1,-875,11,3.0,,
2026-09-19T14:38:01.004Z,X1909261,2164,-15.76117,-47.90872,7113.8,4.8,5.9,121.1,-12.7,35.6,427.9,RS41-SGP,403.502,24.3,-875,11,3.0,,
2026-09-19T14:38:02.004Z,X1909261,2165,-15.76120,-47.90867,7118.5,4.6,6.3,115.1,-12.7,34.6,427.6,RS41-SGP,403.502,24.3,-875,11,3.0,,
2026-09-19T14:38:03.004Z,X1909261,2166,-15.76122,-47.90861,7122.8,4.0,7.0,103.9,-12.7,33.1,427.3,RS41-SGP,403.502,23.5,-875,11,3.0,,
2026-09-19T14:38:04.004Z,X1909261,2167,-15.76123,-47.90854,7126.8,4.1,7.4,92.4,-12.7,33.2,427.1,RS41-SGP,403.502,23.2,-875,11,3.0,,
2026-09-19T14:38:05.004Z,X1909261,2168,-15.76122,-47.90848,7131.4,5.1,6.6,83.0,-12.7,33.3,426.9,RS41-SGP,403.502,22.7,-875,11,3.0,,
2026-09-19T14:38:06.004Z,X1909261,2169,-15.76121,-47.90842,7136.7,5.6,5.4,75.7,-12.7,32.9,426.5,RS41-SGP,403.502,24.1,-875,11,3.0,,
2026-09-19T14:38:07.004Z,X1909261,2170,-15.76120,-47.90838,7142.6,6.1,4.7,70.1,-12.6,30.0,426.2,RS41-SGP,403.502,24.1,-875,11,3.0,,
2026-09-19T14:38:08.004Z,X1909261,2171,-15.76118,-47.90834,7148.5,5.9,4.8,59.9,-12.5,27.8,425.9,RS41-SGP,403.502,23.2,-875,11,3.0,,
2026-09-19T14:38:11.004Z,X1909261,2174,-15.76110,-47.90826,7164.7,5.1,2.6,19.6,-12.7,26.1,425.1,RS41-SGP,403.502,22.4,-875,11,3.0,,
2026-09-19T14:38:12.004Z,X1909261,2175,-15.76108,-47.90825,7169.6,4.8,0.8,18.9,-12.7,25.8,424.7,RS41-SGP,403.502,22.7,-875,11,3.0,,
2026-09-19T14:38:13.004Z,X1909261,2176,-15.76108,-47.90825,7174.5,5.0,0.5,116.7,-12.6,24.9,424.5,RS41-SGP,403.502,23.2,-875,11,3.0,,
2026-09-19T14:38:14.004Z,X1909261,2177,-15.76108,-47.90824,7179.8,5.5,1.2,64.1,-12.6,24.7,424.1,RS41-SGP,403.502,23.8,-875,11,3.0,,
2026-09-19T14:38:15.004Z,X1909261,2178,-15.76107,-47.90823,7185.5,5.9,3.1,31.8,-12.6,23.9,423.8,RS41-SGP,403.502,23.8,-875,11,3.0,,
2026-09-19T14:38:16.004Z,X1909261,2179,-15.76103,-47.90822,7191.5,6.0,5.1,22.4,-12.3,22.1,423.5,RS41-SGP,403.502,23.9,-875,11,3.0,,
2026-09-19T14:38:17.004Z,X1909261,2180,-15.76099,-47.90820,7197.6,6.3,5.9,23.5,-12.3,21.5,423.1,RS41-SGP,403.502,23.9,-875,11,3.0,,
2026-09-19T14:38:18.004Z,X1909261,2181,-15.76094,-47.90817,7204.0,6.4,5.8,32.2,-12.4,21.5,422.9,RS41-SGP,403.502,24.4,-875,11,3.0,,
2026-09-19T14:38:19.004Z,X1909261,2182,-15.76090,-47.90814,7210.3,6.3,6.2,44.7,-12.6,21.4,422.4,RS41-SGP,403.502,24.4,-875,11,3.0,,
2026-09-19T14:38:20.004Z,X1909261,2183,-15.76086,-47.90809,7216.1,5.3,7.4,50.2,-12.7,21.5,422.1,RS41-SGP,403.502,23.2,-875,11,3.0,,
2026-09-19T14:38:21.004Z,X1909261,2184,-15.76081,-47.90803,7221.2,5.1,8.4,52.8,-12.7,21.9,421.9,RS41-SGP,403.502,22.7,-875,11,3.0,,
2026-09-19T14:38:22.004Z,X1909261,2185,-15.76077,-47.90797,7226.4,5.2,8.3,55.6,-12.7,21.4,421.6,RS41-SGP,403.502,22.4,-875,11,3.0,,
2026-09-19T14:38:23.004Z,X1909261,2186,-15.76073,-47.90791,7231.7,5.4,7.2,52.6,-12.8,21.1,421.4,RS41-SGP,403.502,23.5,-875,11,3.0,,
2026-09-19T14:38:24.004Z,X1909261,2187,-15.76069,-47.90786,7237.0,5.3,6.7,42.1,-12.8,20.7,420.9,RS41-SGP,403.502,23.6,-875,11,3.0,,
2026-09-19T14:38:25.004Z,X1909261,2188,-15.76064,-47.90782,7242.2,5.2,7.5,34.2,-12.8,21.1,420.7,RS41-SGP,403.502,23.6,-875,11,3.0,,
2026-09-19T14:38:26.004Z,X1909261,2189,-15.76058,-47.90778,7247.2,5.0,8.0,34.7,-12.9,21.2,420.5,RS41-SGP,403.502,23.3,-875,11,3.0,,
2026-09-19T14:38:27.004Z,X1909261,2190,-15.76052,-47.90773,7252.2,5.2,8.1,38.6,-12.9,21.5,420.2,RS41-SGP,403.502,21.6,-875,11,3.0,,
2026-09-19T14:38:28.004Z,X1909261,2191,-15.76047,-47.90769,7257.7,5.7,7.2,38.2,-13.0,20.6,419.8,RS41-SGP,403.502,21.9,-875,11,3.0,,
2026-09-19T14:38:29.004Z,X1909261,2192,-15.76042,-47.90766,7263.3,5.6,6.0,25.6,-13.1,20.5,419.6,RS41-SGP,403.502,22.4,-875,11,3.0,,
2026-09-19T14:38:30.004Z,X1909261,2193,-15.76037,-47.90764,7268.9,5.7,5.5,12.0,-13.1,19.4,419.3,RS41-SGP,403.502,22.5,-875,11,3.0,,
2026-09-19T14:38:31.004Z,X1909261,2194,-15.76032,-47.90763,7275.0,6.4,5.6,15.0,-13.0,18.5,418.9,RS41-SGP,403.502,22.8,-875,11,3.0,,
2026-09-19T14:38:32.004Z,X1909261,2195,-15.76027,-47.90761,7281.5,6.9,6.0,30.3,-13.1,18.7,418.5,RS41-SGP,403.502,22.8,-875,11,3.0,,
2026-09-19T14:38:33.004Z,X1909261,2196,-15.76023,-47.90757,7288.4,7.1,5.9,45.9,-13.2,18.8,418.2,RS41-SGP,403.502,22.0,-875,11,3.0,,
2026-09-19T14:38:34.004Z,X1909261,2197,-15.76020,-47.90753,7295.7,7.5,5.1,51.4,-13.3,19.3,417.8,RS41-SGP,403.502,22.8,-875,11,3.0,,
2026-09-19T14:38:35.004Z,X1909261,2198,-15.76017,-47.90750,7303.2,7.5,4.5,40.3,-13.4,20.1,417.4,RS41-SGP,403.502,23.5,-875,11,3.0,,
2026-09-19T14:38:36.004Z,X1909261,2199,-15.76013,-47.90747,7310.5,7.1,6.0,30.5,-13.5,20.3,417.0,RS41-SGP,403.502,23.5,-875,11,3.0,,
2026-09-19T14:38:37.004Z,X1909261,2200,-15.76007,-47.90744,7316.8,5.6,8.2,34.9,-13.6,20.1,416.6,RS41-SGP,403.502,22.7,-875,11,3.0,,
2026-09-19T14:38:38.004Z,X1909261,2201,-15.76001,-47.90738,7321.8,4.4,9.9,45.9,-13.6,19.8,416.4,RS41-SGP,403.502,21.6,-875,11,3.0,,
2026-09-19T14:38:39.004Z,X1909261,2202,-15.75996,-47.90731,7326.0,4.2,10.1,59.9,-13.6,19.8,416.1,RS41-SGP,403.502,19.9,-875,11,3.0,,
2026-09-19T14:38:40.004Z,X1909261,2203,-15.75992,-47.90723,7330.3,4.3,8.4,71.4,-13.7,19.8,415.9,RS41-SGP,403.502,22.9,-875,11,3.0,,
2026-09-19T14:38:41.004Z,X1909261,2204,-15.75990,-47.90717,7335.1,5.2,6.5,71.8,-13.6,19.7,415.8,RS41-SGP,403.502,24.0,-875,11,3.0,,
2026-09-19T14:38:42.004Z,X1909261,2205,-15.75987,-47.90711,7340.6,5.8,6.6,54.1,-13.7,19.4,415.3,RS41-SGP,403.502,24.0,-875,11,3.0,,
2026-09-19T14:38:43.004Z,X1909261,2206,-15.75983,-47.90706,7346.0,5.0,8.7,45.1,-13.9,19.5,415.1,RS41-SGP,403.502,23.0,-875,11,3.0,,
2026-09-19T14:38:44.004Z,X1909261,2207,-15.75977,-47.90700,7351.0,5.0,10.1,45.7,-13.9,19.4,414.8,RS41-SGP,403.502,21.7,-875,11,3.0,,
2026-09-19T14:38:45.004Z,X1909261,2208,-15.75971,-47.90693,7356.1,5.3,9.8,53.1,-13.9,19.5,414.5,RS41-SGP,403.502,21.6,-875,11,3.0,,
2026-09-19T14:38:46.004Z,X1909261,2209,-15.75966,-47.90685,7361.4,5.3,8.8,58.3,-14.0,19.7,414.2,RS41-SGP,403.502,22.4,-875,11,3.0,,
2026-09-19T14:38:47.004Z,X1909261,2210,-15.75962,-47.90679,7366.8,5.5,8.3,55.8,-14.0,19.8,413.9,RS41-SGP,403.502,22.9,-875,11,3.0,,
2026-09-19T14:38:48.004Z,X1909261,2211,-15.75957,-47.90672,7372.2,5.4,9.1,48.3,-14.1,19.6,413.6,RS41-SGP,403.502,23.0,-875,11,3.0,,
2026-09-19T14:38:49.004Z,X1909261,2212,-15.75951,-47.90666,7377.5,5.4,10.2,45.0,-14.2,19.7,413.4,RS41-SGP,403.502,23.0,-875,11,3.0,,
2026-09-19T14:38:50.004Z,X1909261,2213,-15.75945,-47.90659,7383.4,6.3,10.3,43.4,-14.2,19.7,413.0,RS41-SGP,403.502,21.0,-875,11,3.0,,
2026-09-19T14:38:51.004Z,X1909261,2214,-15.75938,-47.90653,7389.7,6.3,8.7,39.5,-14.2,20.1,412.6,RS41-SGP,403.502,21.5,-875,11,3.0,,
2026-09-19T14:38:52.004Z,X1909261,2215,-15.75933,-47.90649,7395.6,5.6,7.2,29.9,-14.3,20.2,412.4,RS41-SGP,403.502,23.1,-875,11,3.0,,
2026-09-19T14:38:53.004Z,X1909261,2216,-15.75927,-47.90646,7401.2,5.6,6.6,20.0,-14.3,19.8,412.0,RS41-SGP,403.502,24.2,-875,11,3.0,,
2026-09-19T14:38:54.004Z,X1909261,2217,-15.75921,-47.90644,7407.0,6.0,7.3,21.1,-14.4,19.7,411.8,RS41-SGP,403.502,24.2,-875,11,3.0,,
2026-09-19T14:38:55.004Z,X1909261,2218,-15.75915,-47.90641,7413.0,6.0,8.5,27.4,-14.5,18.5,411.5,RS41-SGP,403.502,23.2,-875,10,3.0,,
2026-09-19T14:38:56.004Z,X1909261,2219,-15.75908,-47.90637,7418.7,5.6,9.2,29.7,-14.5,17.4,411.1,RS41-SGP,403.502,22.0,-875,10,3.0,,
2026-09-19T14:38:57.004Z,X1909261,2220,-15.75901,-47.90633,7424.3,5.6,8.3,26.5,-14.5,17.2,410.7,RS41-SGP,403.502,21.6,-875,11,3.0,,
2026-09-19T14:38:58.004Z,X1909261,2221,-15.75894,-47.90631,7429.9,5.6,6.5,17.2,-14.6,17.1,410.5,RS41-SGP,403.502,22.7,-875,11,3.0,,
2026-09-19T14:38:59.004Z,X1909261,2222,-15.75889,-47.90629,7435.6,6.0,5.2,14.5,-14.6,15.6,410.1,RS41-SGP,403.502,23.0,-875,11,3.0,,
2026-09-19T14:39:00.004Z,X1909261,2223,-15.75885,-47.90627,7441.7,6.2,5.2,26.6,-14.7,15.3,409.9,RS41-SGP,403.502,23.0,-875,11,3.0,,
2026-09-19T14:39:01.004Z,X1909261,2224,-15.75881,-47.90625,7447.9,6.3,5.8,39.4,-14.7,15.6,409.6,RS41-SGP,403.502,22.8,-875,11,3.0,,
2026-09-19T14:39:02.004Z,X1909261,2225,-15.75877,-47.90621,7454.5,6.8,6.3,40.5,-14.8,15.9,409.2,RS41-SGP,403.502,21.7,-875,11,3.0,,
2026-09-19T14:39:03.004Z,X1909261,2226,-15.75872,-47.90618,7461.2,6.7,6.1,30.0,-14.8,13.8,408.8,RS41-SGP,403.502,22.4,-875,11,3.0,,
2026-09-19T14:39:04.004Z,X1909261,2227,-15.75867,-47.90615,7467.5,5.8,6.5,17.2,-14.8,13.0,408.5,RS41-SGP,403.502,22.9,-875,11,3.0,,
2026-09-19T14:39:05.004Z,X1909261,2228,-15.75861,-47.90614,7472.9,5.1,7.9,12.6,-14.9,12.7,408.1,RS41-SGP,403.502,22.9,-875,11,3.0,,
2026-09-19T14:39:06.004Z,X1909261,2229,-15.75853,-47.90611,7477.6,4.3,9.6,17.0,-14.9,12.6,407.9,RS41-SGP,403.502,22.9,-875,11,3.0,,
2026-09-19T14:39:07.004Z,X1909261,2230,-15.75845,-47.90608,7481.7,4.1,10.5,25.2,-14.9,12.5,407.7,RS41-SGP,403.502,21.6,-875,11,3.0,,
2026-09-19T14:39:08.004Z,X1909261,2231,-15.75836,-47.90604,7485.8,4.3,10.4,30.1,-15.0,12.6,407.5,RS41-SGP,403.502,20.9,-875,11,3.0,,
2026-09-19T14:39:09.004Z,X1909261,2232,-15.75829,-47.90599,7490.1,4.3,9.4,30.1,-15.0,12.6,407.3,RS41-SGP,403.502,23.7,-875,11,3.0,,
2026-09-19T14:39:10.004Z,X1909261,2233,-15.75821,-47.90595,7493.9,3.4,9.1,27.8,-15.0,12.5,407.1,RS41-SGP,403.502,23.7,-875,11,3.0,,
2026-09-19T14:39:11.004Z,X1909261,2234,-15.75814,-47.90590,7497.2,3.2,10.0,29.9,-15.0,12.4,406.9,RS41-SGP,403.502,23.0,-875,11,3.0,,
2026-09-19T14:39:12.004Z,X1909261,2235,-15.75806,-47.90585,7500.4,3.2,11.1,35.7,-15.0,12.3,406.8,RS41-SGP,403.502,21.6,-875,11,3.0,,
2026-09-19T14:39:13.004Z,X1909261,2236,-15.75798,-47.90579,7503.6,3.4,11.0,40.7,-15.1,12.3,406.6,RS41-SGP,403.502,18.8,-875,11,3.0,,
2026-09-19T14:39:14.004Z,X1909261,2237,-15.75791,-47.90573,7507.3,3.8,9.1,39.2,-15.0,12.3,406.4,RS41-SGP,403.502,19.6,-875,11,3.0,,
2026-09-19T14:39:15.004Z,X1909261,2238,-15.75785,-47.90568,7510.8,3.4,6.7,32.8,-15.0,12.2,406.2,RS41-SGP,403.502,22.4,-875,11,3.0,,
2026-09-19T14:39:16.004Z,X1909261,2239,-15.75781,-47.90565,7514.5,4.0,5.5,31.9,-15.0,12.1,406.0,RS41-SGP,403.502,22.9,-875,11,3.0,,
2026-09-19T14:39:17.004Z,X1909261,2240,-15.75776,-47.90562,7518.4,3.9,6.5,41.7,-15.0,12.0,405.8,RS41-SGP,403.502,22.9,-875,11,3.0,,
2026-09-19T14:39:18.004Z,X1909261,2241,-15.75772,-47.90557,7521.8,3.0,8.2,49.5,-15.0,12.0,405.6,RS41-SGP,403.502,20.9,-875,11,3.0,,
2026-09-19T14:39:19.004Z,X1909261,2242,-15.75767,-47.90551,7524.6,2.6,8.4,53.5,-15.1,12.0,405.5,RS41-SGP,403.502,18.6,-875,11,3.0,,
2026-09-19T14:39:20.004Z,X1909261,2243,-15.75763,-47.90545,7527.3,2.9,6.8,53.0,-15.0,11.8,405.3,RS41-SGP,403.502,21.3,-875,11,3.0,,
2026-09-19T14:39:21.004Z,X1909261,2244,-15.75760,-47.90541,7530.3,3.1,5.1,41.2,-14.9,11.7,405.1,RS41-SGP,403.502,22.6,-875,11,3.0,,
2026-09-19T14:39:22.004Z,X1909261,2245,-15.75756,-47.90538,7534.1,4.4,5.9,33.3,-15.0,11.5,404.9,RS41-SGP,403.502,22.9,-875,11,3.0,,
2026-09-19T14:39:23.004Z,X1909261,2246,-15.75751,-47.90534,7538.4,4.3,8.2,40.2,-15.2,11.6,404.7,RS41-SGP,403.502,22.9,-875,11,3.0,,
2026-09-19T14:39:24.004Z,X1909261,2247,-15.75744,-47.90528,7542.5,3.9,10.5,45.5,-15.3,11.6,404.5,RS41-SGP,403.502,21.5,-875,11,3.0,,
2026-09-19T14:39:25.004Z,X1909261,2248,-15.75738,-47.90521,7546.6,4.3,11.2,46.3,-15.2,11.6,404.3,RS41-SGP,403.502,19.6,-875,11,3.0,,
2026-09-19T14:39:26.004Z,X1909261,2249,-15.75731,-47.90514,7551.0,4.4,10.2,39.0,-15.4,11.9,404.1,RS41-SGP,403.502,20.6,-875,11,3.0,,
2026-09-19T14:39:27.004Z,X1909261,2250,-15.75723,-47.90509,7555.1,3.9,9.3,31.3,-15.4,12.0,403.8,RS41-SGP,403.502,21.2,-875,11,3.0,,
2026-09-19T14:39:28.004Z,X1909261,2251,-15.75716,-47.90505,7559.1,4.0,9.3,27.8,-15.4,11.9,403.6,RS41-SGP,403.502,21.2,-875,11,3.0,,
2026-09-19T14:39:29.004Z,X1909261,2252,-15.75709,-47.90500,7562.9,3.7,9.7,31.3,-15.3,11.7,403.4,RS41-SGP,403.502,20.6,-875,11,3.0,,
2026-09-19T14:39:30.004Z,X1909261,2253,-15.75701,-47.90496,7566.2,2.9,9.4,33.2,-15.5,11.9,403.3,RS41-SGP,403.502,18.6,-875,11,3.0,,
2026-09-19T14:39:31.004Z,X1909261,2254,-15.75695,-47.90491,7569.1,2.9,8.0,32.2,-15.5,12.0,403.1,RS41-SGP,403.502,21.2,-875,11,3.0,,
2026-09-19T14:39:32.004Z,X1909261,2255,-15.75689,-47.90487,7572.2,3.5,7.0,32.9,-15.4,11.9,402.9,RS41-SGP,403.502,22.9,-875,11,3.0,,
2026-09-19T14:39:33.004Z,X1909261,2256,-15.75684,-47.90483,7575.9,3.9,7.8,36.6,-15.4,11.6,402.8,RS41-SGP,403.502,22.9,-875,11,3.0,,
2026-09-19T14:39:34.004Z,X1909261,2257,-15.75677,-47.90478,7579.7,3.8,9.9,40.6,-15.5,11.6,402.5,RS41-SGP,403.502,22.6,-875,11,3.0,,
2026-09-19T14:39:35.004Z,X1909261,2258,-15.75670,-47.90472,7583.6,4.0,11.5,42.7,-15.5,11.5,402.2,RS41-SGP,403.502,20.1,-875,11,3.0,,
2026-09-19T14:39:36.004Z,X1909261,2259,-15.75663,-47.90465,7587.6,4.0,10.8,40.8,-15.6,11.6,402.0,RS41-SGP,403.502,18.0,-875,11,3.0,,
2026-09-19T14:39:37.004Z,X1909261,2260,-15.75656,-47.90459,7591.3,3.4,8.4,37.4,-15.6,11.7,401.8,RS41-SGP,403.502,22.3,-875,11,3.0,,
2026-09-19T14:39:38.004Z,X1909261,2261,-15.75650,-47.90455,7594.9,3.8,6.5,32.3,-15.8,11.7,401.6,RS41-SGP,403.502,23.2,-875,11,3.0,,
2026-09-19T14:39:39.004Z,X1909261,2262,-15.75645,-47.90451,7599.1,4.5,8.1,32.5,-15.8,11.7,401.4,RS41-SGP,403.502,23.2,-875,11,3.0,,
2026-09-19T14:39:40.004Z,X1909261,2263,-15.75638,-47.90446,7603.2,3.7,11.3,38.5,-15.8,11.8,401.1,RS41-SGP,403.502,22.7,-875,11,3.0,,
2026-09-19T14:39:41.004Z,X1909261,2264,-15.75629,-47.90438,7607.1,4.2,13.1,45.0,-15.9,11.9,401.0,RS41-SGP,403.502,19.5,-875,11,3.0,,
2026-09-19T14:39:42.004Z,X1909261,2265,-15.75622,-47.90430,7611.5,4.6,11.6,51.4,-15.8,11.8,400.7,RS41-SGP,403.502,20.6,-875,11,3.0,,
2026-09-19T14:39:43.004Z,X1909261,2266,-15.75617,-47.90422,7615.6,3.8,9.0,57.4,-15.9,12.1,400.6,RS41-SGP,403.502,23.1,-875,11,3.0,,
2026-09-19T14:39:44.004Z,X1909261,2267,-15.75612,-47.90416,7619.9,4.8,7.9,55.5,-16.0,12.3,400.3,RS41-SGP,403.502,23.1,-875,11,3.0,,
2026-09-19T14:39:45.004Z,X1909261,2268,-15.75607,-47.90409,7624.9,5.0,10.3,43.9,-16.1,12.4,400.0,RS41-SGP,403.502,22.6,-875,11,3.0,,
2026-09-19T14:39:46.004Z,X1909261,2269,-15.75599,-47.90402,7629.7,4.5,13.1,37.7,-16.1,12.4,399.8,RS41-SGP,403.502,21.1,-875,11,3.0,,
2026-09-19T14:39:47.004Z,X1909261,2270,-15.75590,-47.90395,7634.7,5.5,12.8,36.2,-16.1,12.6,399.6,RS41-SGP,403.502,13.0,-875,11,3.0,,
2026-09-19T14:39:48.004Z,X1909261,2271,-15.75582,-47.90389,7640.0,5.2,9.3,40.8,-16.1,12.9,399.2,RS41-SGP,403.502,21.5,-875,11,3.0,,
2026-09-19T14:39:49.004Z,X1909261,2272,-15.75577,-47.90383,7645.0,4.9,6.5,50.7,-16.0,12.8,398.9,RS41-SGP,403.502,23.1,-875,11,3.0,,
2026-09-19T14:39:50.004Z,X1909261,2273,-15.75573,-47.90378,7650.9,6.9,7.5,48.4,-16.3,13.0,398.6,RS41-SGP,403.502,23.4,-875,11,3.0,,
2026-09-19T14:39:51.004Z,X1909261,2274,-15.75566,-47.90373,7657.2,5.7,11.2,37.1,-16.3,13.1,398.4,RS41-SGP,403.502,23.4,-875,11,3.0,,
2026-09-19T14:39:52.004Z,X1909261,2275,-15.75557,-47.90366,7662.5,4.9,14.7,32.1,-16.4,13.2,398.1,RS41-SGP,403.502,20.0,-875,11,3.0,,
2026-09-19T14:39:53.004Z,X1909261,2276,-15.75546,-47.90358,7667.5,5.2,14.7,33.4,-16.3,13.3,397.7,RS41-SGP,403.502,19.4,-875,10,3.0,,
2026-09-19T14:39:54.004Z,X1909261,2277,-15.75535,-47.90351,7672.3,4.3,12.8,35.8,-16.3,13.4,397.5,RS41-SGP,403.502,20.7,-875,11,3.0,,
2026-09-19T14:39:55.004Z,X1909261,2278,-15.75527,-47.90344,7676.8,4.7,12.0,42.1,-16.4,13.7,397.3,RS41-SGP,403.502,21.1,-875,11,3.0,,
2026-09-19T14:39:56.004Z,X1909261,2279,-15.75519,-47.90336,7681.8,5.2,12.7,48.3,-16.4,13.9,397.1,RS41-SGP,403.502,21.1,-875,11,3.0,,
2026-09-19T14:39:57.004Z,X1909261,2280,-15.75511,-47.90327,7687.4,6.0,13.3,48.3,-16.4,14.0,396.8,RS41-SGP,403.502,18.4,-875,11,3.0,,
2026-09-19T14:39:58.004Z,X1909261,2281,-15.75503,-47.90318,7693.3,5.7,12.2,47.9,-16.5,14.2,396.4,RS41-SGP,403.502,17.8,-875,11,3.0,,
2026-09-19T14:39:59.004Z,X1909261,2282,-15.75497,-47.90310,7698.6,4.9,10.0,51.3,-16.5,14.4,396.2,RS41-SGP,403.502,20.5,-875,11,3.0,,
2026-09-19T14:40:00.004Z,X1909261,2283,-15.75492,-47.90303,7703.4,4.6,8.9,58.6,-16.6,14.5,395.9,RS41-SGP,403.502,21.2,-875,11,3.0,,
2026-09-19T14:40:01.004Z,X1909261,2284,-15.75488,-47.90295,7707.6,3.7,9.6,61.9,-16.7,14.4,395.8,RS41-SGP,403.502,21.2,-875,11,3.0,,
2026-09-19T14:40:02.004Z,X1909261,2285,-15.75483,-47.90287,7711.1,3.2,10.2,57.8,-16.7,14.4,395.6,RS41-SGP,403.502,20.6,-875,11,3.0,,
2026-09-19T14:40:03.004Z,X1909261,2286,-15.75478,-47.90280,7714.4,3.3,10.3,49.3,-16.6,14.4,395.3,RS41-SGP,403.502,19.7,-875,11,3.0,,
2026-09-19T14:40:04.004Z,X1909261,2287,-15.75471,-47.90273,7717.9,3.6,9.9,42.6,-16.5,14.4,395.2,RS41-SGP,403.502,18.6,-875,11,3.0,,
2026-09-19T14:40:05.004Z,X1909261,2288,-15.75465,-47.90267,7721.3,3.3,9.5,40.3,-16.3,14.2,394.9,RS41-SGP,403.502,18.9,-875,11,3.0,,
2026-09-19T14:40:06.004Z,X1909261,2289,-15.75458,-47.90261,7724.5,3.1,9.6,38.5,-16.3,14.3,394.8,RS41-SGP,403.502,19.8,-875,11,3.0,,
2026-09-19T14:40:07.004Z,X1909261,2290,-15.75451,-47.90256,7727.8,3.5,10.4,35.8,-16.3,14.3,394.7,RS41-SGP,403.502,19.8,-875,11,3.0,,
2026-09-19T14:40:08.004Z,X1909261,2291,-15.75443,-47.90250,7731.1,3.2,11.7,33.8,-16.2,14.4,394.5,RS41-SGP,403.502,19.4,-875,11,3.0,,
2026-09-19T14:40:09.004Z,X1909261,2292,-15.75434,-47.90244,7734.3,3.4,12.7,32.9,-16.4,14.7,394.3,RS41-SGP,403.502,18.1,-875,11,3.0,,
2026-09-19T14:40:10.004Z,X1909261,2293,-15.75424,-47.90237,7738.1,4.2,12.6,35.3,-16.5,14.6,394.1,RS41-SGP,403.502,15.5,-875,11,3.0,,
2026-09-19T14:40:11.004Z,X1909261,2294,-15.75416,-47.90230,7742.2,4.0,11.8,42.4,-16.7,15.0,393.8,RS41-SGP,403.502,15.4,-875,11,3.0,,
2026-09-19T14:40:12.004Z,X1909261,2295,-15.75408,-47.90222,7745.8,3.4,11.5,50.5,-16.7,15.3,393.8,RS41-SGP,403.502,15.4,-875,11,3.0,,
2026-09-19T14:40:13.004Z,X1909261,2296,-15.75402,-47.90213,7749.1,3.2,12.1,53.8,-16.6,15.6,393.6,RS41-SGP,403.502,14.1,-875,11,3.0,,
2026-09-19T14:40:14.004Z,X1909261,2297,-15.75395,-47.90204,7752.3,3.1,13.1,51.5,-16.8,16.2,393.4,RS41-SGP,403.502,12.2,-875,11,3.0,,
2026-09-19T14:40:15.004Z,X1909261,2298,-15.75387,-47.90195,7755.4,3.2,13.1,47.8,-16.9,16.7,393.3,RS41-SGP,403.502,10.0,-875,11,3.0,,
2026-09-19T14:40:16.004Z,X1909261,2299,-15.75380,-47.90186,7758.6,3.1,11.6,46.0,-16.9,17.0,393.1,RS41-SGP,403.502,10.0,-875,11,3.0,,
2026-09-19T14:40:17.004Z,X1909261,2300,-15.75373,-47.90179,7761.6,3.0,10.0,46.7,-17.1,17.3,392.9,RS41-SGP,403.502,11.0,-875,11,3.0,,
2026-09-19T14:40:18.004Z,X1909261,2301,-15.75367,-47.90172,7764.9,3.7,9.5,46.8,-17.1,17.5,392.7,RS41-SGP,403.502,11.0,-875,11,3.0,,
2026-09-19T14:40:19.004Z,X1909261,2302,-15.75361,-47.90166,7768.7,4.0,10.9,46.3,-17.1,17.8,392.6,RS41-SGP,403.502,13.6,-875,11,3.0,,
2026-09-19T14:40:20.004Z,X1909261,2303,-15.75353,-47.90158,7772.4,3.4,12.9,44.4,-17.2,18.2,392.4,RS41-SGP,403.502,13.6,-875,11,3.0,,
2026-09-19T14:40:21.004Z,X1909261,2304,-15.75344,-47.90149,7775.7,3.3,14.3,41.5,-17.1,18.1,392.1,RS41-SGP,403.502,11.7,-875,11,3.0,,
2026-09-19T14:40:22.004Z,X1909261,2305,-15.75334,-47.90140,7779.0,3.4,14.4,38.0,-17.2,18.7,392.0,RS41-SGP,403.502,11.9,-875,11,3.0,,
2026-09-19T14:40:23.004Z,X1909261,2306,-15.75324,-47.90132,7782.4,3.4,13.4,38.2,-17.2,19.1,391.8,RS41-SGP,403.502,14.0,-875,11,3.0,,
2026-09-19T14:40:24.004Z,X1909261,2307,-15.75315,-47.90125,7785.5,2.9,12.8,42.3,-17.2,19.4,391.7,RS41-SGP,403.502,14.2,-875,11,3.0,,
2026-09-19T14:40:25.004Z,X1909261,2308,-15.75307,-47.90116,7788.1,2.3,13.1,46.6,-17.2,19.5,391.6,RS41-SGP,403.502,14.2,-875,11,3.0,,
2026-09-19T14:40:26.004Z,X1909261,2309,-15.75298,-47.90107,7790.6,2.8,13.9,45.8,-17.2,19.6,391.4,RS41-SGP,403.502,12.1,-875,11,3.0,,
2026-09-19T14:40:27.004Z,X1909261,2310,-15.75289,-47.90098,7793.7,3.5,13.8,40.8,-17.3,19.5,391.2,RS41-SGP,403.502,12.1,-875,11,3.0,,
2026-09-19T14:40:28.004Z,X1909261,2311,-15.75280,-47.90090,7797.4,4.0,12.7,37.7,-17.3,19.6,390.9,RS41-SGP,403.502,13.8,-875,11,3.0,,
2026-09-19T14:40:29.004Z,X1909261,2312,-15.75272,-47.90083,7801.0,3.3,11.0,41.1,-17.3,19.9,390.8,RS41-SGP,403.502,17.0,-875,11,3.0,,
2026-09-19T14:40:30.004Z,X1909261,2313,-15.75265,-47.90076,7804.4,3.5,10.3,50.1,-17.3,19.9,390.7,RS41-SGP,403.502,17.0,-875,11,3.0,,
2026-09-19T14:40:31.004Z,X1909261,2314,-15.75259,-47.90069,7808.1,4.1,11.0,52.4,-17.4,20.5,390.5,RS41-SGP,403.502,16.0,-875,11,3.0,,
2026-09-19T14:40:32.004Z,X1909261,2315,-15.75252,-47.90061,7812.2,4.1,11.8,45.4,-17.5,20.8,390.2,RS41-SGP,403.502,17.0,-875,11,3.0,,
2026-09-19T14:40:33.004Z,X1909261,2316,-15.75244,-47.90053,7816.1,3.8,12.7,35.3,-17.4,20.8,390.1,RS41-SGP,403.502,17.0,-875,11,3.0,,
2026-09-19T14:40:34.004Z,X1909261,2317,-15.75234,-47.90046,7820.2,4.2,13.3,32.5,-17.5,20.5,389.9,RS41-SGP,403.502,15.9,-875,11,3.0,,
2026-09-19T14:40:35.004Z,X1909261,2318,-15.75224,-47.90039,7824.1,3.7,13.3,39.7,-17.5,20.2,389.7,RS41-SGP,403.502,15.6,-875,11,3.0,,
2026-09-19T14:40:36.004Z,X1909261,2319,-15.75216,-47.90030,7827.8,3.6,13.8,50.3,-17.5,20.2,389.4,RS41-SGP,403.502,14.5,-875,11,3.0,,
2026-09-19T14:40:37.004Z,X1909261,2320,-15.75208,-47.90020,7832.2,5.1,13.5,52.3,-17.5,20.2,389.2,RS41-SGP,403.502,10.9,-875,11,3.0,,
2026-09-19T14:40:38.004Z,X1909261,2321,-15.75201,-47.90012,7837.0,4.7,11.9,43.8,-17.5,19.4,389.0,RS41-SGP,403.502,8.8,-875,11,3.0,,
2026-09-19T14:40:39.004Z,X1909261,2322,-15.75193,-47.90005,7841.5,4.1,10.4,36.8,-17.5,19.1,388.8,RS41-SGP,403.502,10.8,-875,11,3.0,,
2026-09-19T14:40:40.004Z,X1909261,2323,-15.75186,-47.89999,7845.6,4.2,9.4,44.3,-17.6,18.5,388.5,RS41-SGP,403.502,14.2,-875,11,3.0,,
2026-09-19T14:40:41.004Z,X1909261,2324,-15.75181,-47.89992,7849.4,3.4,9.9,58.0,-17.8,18.1,388.3,RS41-SGP,403.502,14.2,-875,11,3.0,,
2026-09-19T14:40:42.004Z,X1909261,2325,-15.75176,-47.89984,7852.9,3.7,10.9,59.5,-17.8,17.4,388.2,RS41-SGP,403.502,13.9,-875,11,3.0,,
2026-09-19T14:40:43.004Z,X1909261,2326,-15.75170,-47.89976,7856.9,4.2,10.6,48.3,-17.8,16.8,387.9,RS41-SGP,403.502,13.0,-875,11,3.0,,
2026-09-19T14:40:44.004Z,X1909261,2327,-15.75163,-47.89969,7861.0,4.2,10.4,35.1,-17.8,16.7,387.8,RS41-SGP,403.502,12.7,-875,11,3.0,,
2026-09-19T14:40:45.004Z,X1909261,2328,-15.75155,-47.89963,7865.5,4.9,11.1,34.1,-17.9,16.7,387.5,RS41-SGP,403.502,13.0,-875,11,3.0,,
2026-09-19T14:40:46.004Z,X1909261,2329,-15.75147,-47.89957,7870.1,4.2,12.4,42.9,-18.0,16.6,387.1,RS41-SGP,403.502,13.0,-875,11,3.0,,
2026-09-19T14:40:48.004Z,X1909261,2331,-15.75130,-47.89939,7878.4,4.2,14.0,44.1,-17.9,16.3,386.8,RS41-SGP,403.502,10.3,-875,11,3.0,,
2026-09-19T14:40:49.004Z,X1909261,2332,-15.75120,-47.89930,7882.2,3.6,13.3,38.2,-18.1,16.6,386.6,RS41-SGP,403.502,17.2,-875,11,3.0,,
2026-09-19T14:40:50.004Z,X1909261,2333,-15.75111,-47.89923,7886.1,4.2,12.9,39.1,-18.1,16.6,386.4,RS41-SGP,403.502,17.2,-875,11,3.0,,
2026-09-19T14:40:51.004Z,X1909261,2334,-15.75103,-47.89914,7890.3,4.3,13.2,48.8,-18.1,16.7,386.2,RS41-SGP,403.502,16.1,-875,11,3.0,,
2026-09-19T14:40:53.004Z,X1909261,2336,-15.75090,-47.89895,7898.8,4.2,11.7,58.2,-17.7,16.5,385.8,RS41-SGP,403.502,12.4,-875,11,3.0,,
2026-09-19T14:40:54.004Z,X1909261,2337,-15.75084,-47.89886,7902.8,3.8,9.5,51.5,-17.8,17.0,385.6,RS41-SGP,403.502,15.9,-875,11,3.0,,
2026-09-19T14:40:55.004Z,X1909261,2338,-15.75079,-47.89880,7906.9,4.4,9.0,42.2,-17.9,17.2,385.3,RS41-SGP,403.502,15.9,-875,11,3.0,,
2026-09-19T14:40:56.004Z,X1909261,2339,-15.75072,-47.89874,7911.2,4.3,10.4,44.0,-18.2,18.1,385.1,RS41-SGP,403.502,14.1,-875,11,3.0,,
2026-09-19T14:40:57.004Z,X1909261,2340,-15.75066,-47.89867,7914.5,2.5,11.0,50.8,-18.3,19.8,385.0,RS41-SGP,403.502,11.3,-875,11,3.0,,
2026-09-19T14:40:58.004Z,X1909261,2341,-15.75060,-47.89858,7917.3,3.0,10.7,56.9,-18.2,21.0,384.8,RS41-SGP,403.502,13.9,-875,11,3.0,,
2026-09-19T14:40:59.004Z,X1909261,2342,-15.75055,-47.89850,7920.6,3.7,10.0,54.3,-18.2,22.3,384.6,RS41-SGP,403.502,18.1,-875,11,3.0,,
2026-09-19T14:41:00.004Z,X1909261,2343,-15.75049,-47.89843,7924.4,4.1,10.4,46.8,-18.1,22.6,384.4,RS41-SGP,403.502,18.1,-875,11,3.0,,
2026-09-19T14:41:01.004Z,X1909261,2344,-15.75042,-47.89836,7928.4,3.9,12.1,46.3,-18.1,22.6,384.3,RS41-SGP,403.502,18.0,-875,11,3.0,,
2026-09-19T14:41:02.004Z,X1909261,2345,-15.75034,-47.89826,7932.1,3.4,14.0,50.9,-18.1,22.9,384.0,RS41-SGP,403.502,14.7,-875,11,3.0,,
2026-09-19T14:41:04.004Z,X1909261,2347,-15.75019,-47.89805,7939.5,4.1,13.7,55.6,-18.4,24.5,383.7,RS41-SGP,403.502,11.1,-875,11,3.0,,
2026-09-19T14:41:05.004Z,X1909261,2348,-15.75012,-47.89795,7943.0,2.9,11.2,57.0,-18.5,25.0,383.5,RS41-SGP,403.502,12.4,-875,11,3.0,,
2026-09-19T14:41:06.004Z,X1909261,2349,-15.75007,-47.89787,7946.2,3.5,9.7,58.9,-18.5,25.4,383.3,RS41-SGP,403.502,15.5,-875,11,3.0,,
2026-09-19T14:41:07.004Z,X1909261,2350,-15.75002,-47.89779,7950.1,4.4,11.4,57.2,-18.5,25.9,383.0,RS41-SGP,403.502,15.5,-875,11,3.0,,
2026-09-19T14:41:10.004Z,X1909261,2353,-15.74981,-47.89747,7963.3,4.7,13.0,57.4,-18.7,26.8,382.3,RS41-SGP,403.502,11.2,-875,11,3.0,,
2026-09-19T14:41:11.004Z,X1909261,2354,-15.74976,-47.89737,7967.7,4.1,10.2,62.0,-18.8,26.5,382.1,RS41-SGP,403.502,17.7,-875,11,3.0,,
2026-09-19T14:41:12.004Z,X1909261,2355,-15.74972,-47.89730,7971.9,4.3,8.9,59.5,-18.8,26.5,381.9,RS41-SGP,403.502,19.0,-875,11,3.0,,
2026-09-19T14:41:13.004Z,X1909261,2356,-15.74966,-47.89723,7976.0,3.8,10.0,47.4,-18.9,26.5,381.8,RS41-SGP,403.502,19.0,-875,11,3.0,,
2026-09-19T14:41:14.004Z,X1909261,2357,-15.74959,-47.89716,7979.7,3.7,11.8,40.5,-19.0,26.5,381.6,RS41-SGP,403.502,16.6,-875,11,3.0,,
2026-09-19T14:41:15.004Z,X1909261,2358,-15.74951,-47.89708,7983.8,4.5,12.4,41.6,-18.9,26.6,381.4,RS41-SGP,403.502,11.4,-875,11,3.0,,
2026-09-19T14:41:16.004Z,X1909261,2359,-15.74943,-47.89701,7987.5,2.9,11.4,44.9,-18.9,26.8,381.2,RS41-SGP,403.502,16.1,-875,11,3.0,,
2026-09-19T14:41:17.004Z,X1909261,2360,-15.74936,-47.89693,7990.4,2.8,10.5,46.7,-18.8,26.6,381.0,RS41-SGP,403.502,18.1,-875,11,3.0,,
2026-09-19T14:41:18.004Z,X1909261,2361,-15.74929,-47.89686,7993.5,3.4,11.5,43.6,-18.7,26.1,380.9,RS41-SGP,403.502,18.1,-875,11,3.0,,
2026-09-19T14:41:19.004Z,X1909261,2362,-15.74921,-47.89678,7997.1,3.9,13.2,42.6,-18.7,25.4,380.7,RS41-SGP,403.502,17.1,-875,11,3.0,,
2026-09-19T14:41:20.004Z,X1909261,2363,-15.74913,-47.89669,8001.1,4.1,13.8,47.3,-19.0,25.8,380.4,RS41-SGP,403.502,11.3,-875,11,3.0,,
2026-09-19T14:41:21.004Z,X1909261,2364,-15.74905,-47.89659,8005.0,3.7,13.4,56.0,-19.0,26.1,380.3,RS41-SGP,403.502,13.9,-875,11,3.0,,
2026-09-19T14:41:22.004Z,X1909261,2365,-15.74899,-47.89649,8008.8,4.0,13.0,64.0,-19.1,25.9,380.1,RS41-SGP,403.502,16.5,-875,11,3.0,,
2026-09-19T14:41:23.004Z,X1909261,2366,-15.74894,-47.89638,8013.2,4.7,12.6,60.7,-19.2,25.9,379.8,RS41-SGP,403.502,17.1,-875,11,3.0,,
2026-09-19T14:41:24.004Z,X1909261,2367,-15.74887,-47.89628,8017.5,3.9,13.4,49.3,-19.2,26.1,379.6,RS41-SGP,403.502,17.1,-875,11,3.0,,
2026-09-19T14:41:25.004Z,X1909261,2368,-15.74878,-47.89619,8021.1,3.3,15.3,43.5,-19.3,26.3,379.4,RS41-SGP,403.502,17.1,-875,11,3.0,,
2026-09-19T14:41:27.004Z,X1909261,2370,-15.74859,-47.89597,8029.0,4.3,15.2,57.0,-19.3,26.3,378.9,RS41-SGP,403.502,8.0,-875,11,3.0,,
2026-09-19T14:41:28.004Z,X1909261,2371,-15.74853,-47.89585,8033.4,4.4,13.3,62.5,-19.4,25.6,378.8,RS41-SGP,403.502,8.4,-875,11,3.0,,
2026-09-19T14:41:29.004Z,X1909261,2372,-15.74848,-47.89575,8037.3,3.4,12.0,62.1,-19.5,25.5,378.6,RS41-SGP,403.502,11.4,-875,11,3.0,,
2026-09-19T14:41:30.004Z,X1909261,2373,-15.74842,-47.89565,8040.5,2.8,11.7,58.9,-19.5,25.6,378.5,RS41-SGP,403.502,11.4,-875,11,3.0,,
2026-09-19T14:41:31.004Z,X1909261,2374,-15.74837,-47.89555,8043.6,3.4,12.6,59.6,-19.4,25.5,378.3,RS41-SGP,403.502,11.2,-875,11,3.0,,
2026-09-19T14:41:35.004Z,X1909261,2378,-15.74810,-47.89517,8059.0,3.4,12.2,39.9,-19.5,25.3,377.5,RS41-SGP,403.502,9.9,-875,11,3.0,,
2026-09-19T14:41:36.004Z,X1909261,2379,-15.74802,-47.89509,8062.7,4.1,13.1,39.4,-19.6,24.9,377.2,RS41-SGP,403.502,10.6,-875,11,3.0,,
2026-09-19T14:41:40.004Z,X1909261,2383,-15.74771,-47.89470,8078.5,3.5,13.7,51.4,-19.7,27.5,376.6,RS41-SGP,403.502,9.3,-875,11,3.0,,
2026-09-19T14:41:41.004Z,X1909261,2384,-15.74763,-47.89460,8081.6,2.8,14.4,48.1,-19.7,27.6,376.4,RS41-SGP,403.502,9.3,-875,11,3.0,,
2026-09-19T14:41:49.004Z,X1909261,2392,-15.74708,-47.89389,8111.6,4.3,11.2,51.5,-19.9,27.6,374.9,RS41-SGP,403.502,10.3,-875,11,3.0,,
2026-09-19T14:41:50.004Z,X1909261,2393,-15.74701,-47.89380,8115.9,4.2,12.7,48.5,-20.0,27.6,374.7,RS41-SGP,403.502,10.3,-875,11,3.0,,
2026-09-19T14:41:54.004Z,X1909261,2397,-15.74664,-47.89339,8130.6,3.8,14.3,54.4,-20.2,27.4,373.9,RS41-SGP,403.502,8.6,-875,11,3.0,,
2026-09-19T14:41:55.004Z,X1909261,2398,-15.74657,-47.89328,8134.3,3.5,12.5,55.6,-20.2,27.5,373.7,RS41-SGP,403.502,10.4,-875,11,3.0,,
2026-09-19T14:41:56.004Z,X1909261,2399,-15.74650,-47.89319,8137.3,2.6,12.3,48.8,-20.0,27.3,373.6,RS41-SGP,403.502,11.6,-875,11,3.0,,
2026-09-19T14:41:57.004Z,X1909261,2400,-15.74642,-47.89311,8139.7,2.2,13.7,41.3,-20.2,27.5,373.5,RS41-SGP,403.502,11.6,-875,11,3.0,,
2026-09-19T14:41:58.004Z,X1909261,2401,-15.74632,-47.89302,8142.3,3.0,14.6,39.7,-20.2,27.6,373.4,RS41-SGP,403.502,9.9,-875,11,3.0,,
2026-09-19T14:41:59.004Z,X1909261,2402,-15.74622,-47.89293,8145.8,4.1,14.0,44.5,-20.2,27.7,373.2,RS41-SGP,403.502,12.1,-875,11,3.0,,
2026-09-19T14:42:00.004Z,X1909261,2403,-15.74614,-47.89284,8150.2,4.6,13.0,50.6,-20.3,27.7,372.9,RS41-SGP,403.502,14.8,-875,11,3.0,,
2026-09-19T14:42:01.004Z,X1909261,2404,-15.74607,-47.89274,8155.0,4.9,12.9,55.0,-20.3,27.7,372.6,RS41-SGP,403.502,15.9,-875,11,3.0,,
2026-09-19T14:42:02.004Z,X1909261,2405,-15.74600,-47.89264,8159.5,4.2,14.1,57.5,-20.4,27.8,372.5,RS41-SGP,403.502,15.9,-875,11,3.0,,
2026-09-19T14:42:05.004Z,X1909261,2408,-15.74579,-47.89228,8174.1,6.1,14.0,57.0,-20.6,27.6,371.8,RS41-SGP,403.502,10.7,-875,11,3.0,,
2026-09-19T14:42:06.004Z,X1909261,2409,-15.74572,-47.89218,8180.4,6.6,13.4,51.4,-20.6,27.6,371.4,RS41-SGP,403.502,13.0,-875,11,3.0,,
2026-09-19T14:42:07.004Z,X1909261,2410,-15.74564,-47.89208,8187.2,6.9,14.5,47.0,-20.7,27.8,371.2,RS41-SGP,403.502,13.0,-875,11,3.0,,
2026-09-19T14:42:08.004Z,X1909261,2411,-15.74554,-47.89198,8193.7,6.1,16.1,44.3,-20.9,27.8,370.7,RS41-SGP,403.502,12.2,-875,11,3.0,,
2026-09-19T14:42:10.004Z,X1909261,2413,-15.74532,-47.89178,8204.3,4.5,16.1,37.2,-20.9,28.4,370.2,RS41-SGP,403.502,10.2,-875,11,3.0,,
2026-09-19T14:42:11.004Z,X1909261,2414,-15.74520,-47.89169,8208.5,3.8,14.9,34.1,-21.0,29.0,370.1,RS41-SGP,403.502,13.2,-875,11,3.0,,
2026-09-19T14:42:12.004Z,X1909261,2415,-15.74509,-47.89162,8212.5,4.3,14.3,34.7,-21.0,29.3,369.8,RS41-SGP,403.502,14.3,-875,11,3.0,,
2026-09-19T14:42:13.004Z,X1909261,2416,-15.74499,-47.89153,8216.9,4.5,15.2,39.1,-21.1,29.8,369.7,RS41-SGP,403.502,14.3,-875,11,3.0,,
2026-09-19T14:42:16.004Z,X1909261,2419,-15.74466,-47.89124,8230.0,4.0,14.5,37.8,-21.1,29.7,369.0,RS41-SGP,403.502,10.7,-875,11,3.0,,
2026-09-19T14:42:17.004Z,X1909261,2420,-15.74456,-47.89116,8233.6,3.3,12.3,34.0,-21.2,30.2,368.8,RS41-SGP,403.502,12.4,-875,11,3.0,,
2026-09-19T14:42:18.004Z,X1909261,2421,-15.74447,-47.89110,8237.2,4.0,12.0,37.1,-21.2,30.0,368.6,RS41-SGP,403.502,14.2,-875,11,3.0,,
2026-09-19T14:42:19.004Z,X1909261,2422,-15.74438,-47.89102,8241.1,3.9,14.4,41.7,-21.2,30.0,368.4,RS41-SGP,403.502,14.2,-875,11,3.0,,
2026-09-19T14:42:28.004Z,X1909261,2431,-15.74355,-47.89000,8280.4,5.1,13.1,59.6,-21.2,28.9,366.4,RS41-SGP,403.502,10.1,-875,11,3.0,,
2026-09-19T14:42:29.004Z,X1909261,2432,-15.74349,-47.88990,8286.0,6.1,13.0,54.5,-21.4,28.9,366.2,RS41-SGP,403.502,10.1,-875,11,3.0,,
2026-09-19T14:42:33.004Z,X1909261,2436,-15.74318,-47.88955,8304.2,3.0,11.5,42.7,-21.9,30.8,365.3,RS41-SGP,403.502,11.1,-875,11,3.0,,
2026-09-19T14:42:34.004Z,X1909261,2437,-15.74310,-47.88948,8307.5,3.6,12.4,40.3,-21.9,30.9,365.1,RS41-SGP,403.502,11.1,-875,11,3.0,,
2026-09-19T14:42:35.004Z,X1909261,2438,-15.74300,-47.88940,8311.4,4.3,14.4,40.4,-21.9,31.4,364.9,RS41-SGP,403.502,10.9,-875,11,3.0,,
2026-09-19T14:42:36.004Z,X1909261,2439,-15.74290,-47.88931,8315.9,4.7,15.8,42.5,-21.9,31.7,364.7,RS41-SGP,403.502,11.9,-875,11,3.0,,
2026-09-19T14:42:37.004Z,X1909261,2440,-15.74279,-47.88920,8320.2,4.0,16.7,43.9,-21.9,31.8,364.6,RS41-SGP,403.502,12.2,-875,11,3.0,,
2026-09-19T14:42:38.004Z,X1909261,2441,-15.74269,-47.88909,8323.8,3.3,17.1,45.1,-21.9,31.8,364.4,RS41-SGP,403.502,12.2,-875,11,3.0,,
2026-09-19T14:42:39.004Z,X1909261,2442,-15.74258,-47.88898,8327.2,3.6,17.4,46.8,-21.9,31.6,364.2,RS41-SGP,403.502,11.2,-875,11,3.0,,
2026-09-19T14:42:42.004Z,X1909261,2445,-15.74229,-47.88864,8341.6,5.2,14.3,49.1,-22.0,30.9,363.5,RS41-SGP,403.502,9.3,-875,11,3.0,,
2026-09-19T14:42:43.004Z,X1909261,2446,-15.74221,-47.88854,8346.3,4.4,13.3,51.1,-21.9,30.2,363.2,RS41-SGP,403.502,10.8,-875,11,3.0,,
2026-09-19T14:42:44.004Z,X1909261,2447,-15.74213,-47.88844,8350.4,3.8,13.1,53.9,-22.0,30.1,363.1,RS41-SGP,403.502,11.3,-875,11,3.0,,
2026-09-19T14:42:45.004Z,X1909261,2448,-15.74206,-47.88834,8353.9,3.3,13.3,55.2,-22.2,30.6,362.9,RS41-SGP,403.502,13.1,-875,11,3.0,,
2026-09-19T14:42:46.004Z,X1909261,2449,-15.74199,-47.88824,8357.5,4.0,13.8,53.5,-22.3,30.4,362.7,RS41-SGP,403.502,14.6,-875,11,3.0,,
2026-09-19T14:42:47.004Z,X1909261,2450,-15.74191,-47.88813,8361.5,4.2,15.0,51.2,-22.3,30.3,362.5,RS41-SGP,403.502,14.6,-875,11,3.0,,
2026-09-19T14:42:48.004Z,X1909261,2451,-15.74183,-47.88802,8365.5,3.9,16.4,51.2,-22.2,30.2,362.3,RS41-SGP,403.502,13.3,-875,11,3.0,,
2026-09-19T14:42:51.004Z,X1909261,2454,-15.74154,-47.88767,8378.1,4.1,14.7,43.7,-22.2,30.5,361.7,RS41-SGP,403.502,7.2,-875,11,3.0,,
2026-09-19T14:42:52.004Z,X1909261,2455,-15.74144,-47.88758,8382.3,4.5,13.5,40.1,-22.2,30.3,361.5,RS41-SGP,403.502,10.7,-875,11,3.0,,
2026-09-19T14:42:53.004Z,X1909261,2456,-15.74135,-47.88750,8386.9,4.6,13.8,43.7,-22.2,30.0,361.2,RS41-SGP,403.502,10.7,-875,11,3.0,,
2026-09-19T14:42:54.004Z,X1909261,2457,-15.74127,-47.88740,8390.9,3.6,14.3,53.6,-22.3,29.9,361.1,RS41-SGP,403.502,7.9,-875,11,3.0,,
2026-09-19T14:42:55.004Z,X1909261,2458,-15.74119,-47.88729,8394.7,3.9,14.8,61.5,-22.4,30.1,360.8,RS41-SGP,403.502,10.0,-875,11,3.0,,
2026-09-19T14:42:56.004Z,X1909261,2459,-15.74113,-47.88717,8399.2,5.1,14.4,60.0,-22.5,30.0,360.6,RS41-SGP,403.502,14.0,-875,11,3.0,,
2026-09-19T14:42:57.004Z,X1909261,2460,-15.74106,-47.88706,8404.1,4.6,14.1,52.1,-22.6,30.2,360.4,RS41-SGP,403.502,14.0,-875,11,3.0,,
2026-09-19T14:42:58.004Z,X1909261,2461,-15.74098,-47.88695,8408.4,4.0,14.8,48.6,-22.5,30.3,360.2,RS41-SGP,403.502,13.7,-875,11,3.0,,
2026-09-19T14:43:02.004Z,X1909261,2465,-15.74065,-47.88648,8427.1,3.9,14.1,45.2,-22.8,31.3,359.3,RS41-SGP,403.502,10.5,-875,11,3.0,,
2026-09-19T14:43:03.004Z,X1909261,2466,-15.74055,-47.88640,8431.3,4.4,13.8,35.5,-22.7,30.8,359.0,RS41-SGP,403.502,11.2,-875,11,3.0,,
2026-09-19T14:43:04.004Z,X1909261,2467,-15.74045,-47.88631,8436.2,5.4,14.0,42.1,-22.8,31.0,358.7,RS41-SGP,403.502,11.2,-875,11,3.0,,
2026-09-19T14:43:07.004Z,X1909261,2470,-15.74026,-47.88598,8448.8,4.3,13.2,63.3,-23.0,32.1,358.2,RS41-SGP,403.502,8.5,-875,11,3.0,,
2026-09-19T14:43:08.004Z,X1909261,2471,-15.74020,-47.88588,8452.7,3.5,11.9,52.0,-23.0,32.4,358.0,RS41-SGP,403.502,11.9,-875,11,3.0,,
2026-09-19T14:43:09.004Z,X1909261,2472,-15.74012,-47.88579,8456.7,4.4,12.5,46.7,-23.1,32.6,357.8,RS41-SGP,403.502,11.9,-875,11,3.0,,
2026-09-19T14:43:10.004Z,X1909261,2473,-15.74005,-47.88570,8460.9,4.0,14.6,53.6,-23.0,32.4,357.5,RS41-SGP,403.502,10.8,-875,11,3.0,,
2026-09-19T14:43:14.004Z,X1909261,2477,-15.73973,-47.88519,8476.7,4.1,13.5,47.1,-23.1,33.0,356.9,RS41-SGP,403.502,10.8,-875,11,3.0,,
2026-09-19T14:43:15.004Z,X1909261,2478,-15.73965,-47.88511,8481.0,4.6,12.4,47.7,-23.1,32.9,356.6,RS41-SGP,403.502,11.1,-875,11,3.0,,
2026-09-19T14:43:19.004Z,X1909261,2482,-15.73940,-47.88465,8497.5,3.8,12.7,57.8,-23.3,33.0,355.8,RS41-SGP,403.502,12.4,-875,11,3.0,,
2026-09-19T14:43:20.004Z,X1909261,2483,-15.73934,-47.88456,8501.3,3.9,11.6,49.2,-23.3,32.9,355.7,RS41-SGP,403.502,16.4,-875,11,3.0,,
2026-09-19T14:43:21.004Z,X1909261,2484,-15.73926,-47.88448,8505.5,4.5,13.1,47.8,-23.4,32.8,355.5,RS41-SGP,403.502,16.4,-875,11,3.0,,
2026-09-19T14:43:25.004Z,X1909261,2488,-15.73890,-47.88404,8519.0,2.9,14.2,43.5,-23.6,32.8,354.7,RS41-SGP,403.502,15.4,-875,11,3.0,,
2026-09-19T14:43:26.004Z,X1909261,2489,-15.73881,-47.88395,8522.4,4.0,13.6,43.4,-23.7,32.8,354.6,RS41-SGP,403.502,15.4,-875,11,3.0,,
2026-09-19T14:43:27.004Z,X1909261,2490,-15.73872,-47.88385,8526.8,4.8,14.5,49.1,-23.7,33.0,354.4,RS41-SGP,403.502,14.5,-875,11,3.0,,
2026-09-19T14:43:28.004Z,X1909261,2491,-15.73864,-47.88374,8531.3,4.2,15.6,56.2,-23.7,32.9,354.2,RS41-SGP,403.502,12.4,-875,11,3.0,,
2026-09-19T14:43:31.004Z,X1909261,2494,-15.73845,-47.88338,8543.2,4.3,12.9,61.0,-23.9,34.2,353.6,RS41-SGP,403.502,8.3,-875,11,3.0,,
2026-09-19T14:43:32.004Z,X1909261,2495,-15.73839,-47.88328,8547.1,3.5,12.6,53.5,-23.9,34.4,353.5,RS41-SGP,403.502,8.3,-875,11,3.0,,
2026-09-19T14:43:33.004Z,X1909261,2496,-15.73832,-47.88319,8550.3,3.1,12.8,47.9,-23.7,34.5,353.3,RS41-SGP,403.502,8.3,-875,11,3.0,,
2026-09-19T14:43:34.004Z,X1909261,2497,-15.73824,-47.88310,8553.9,4.1,13.3,48.8,-23.8,34.6,353.1,RS41-SGP,403.502,8.1,-875,11,3.0,,
2026-09-19T14:43:35.004Z,X1909261,2498,-15.73816,-47.88300,8558.3,4.7,13.6,55.5,-23.9,35.1,352.8,RS41-SGP,403.502,8.3,-875,11,3.0,,
2026-09-19T14:43:38.004Z,X1909261,2501,-15.73793,-47.88267,8571.6,4.2,16.0,46.3,-24.0,35.0,352.2,RS41-SGP,403.502,10.1,-875,11,3.0,,
2026-09-19T14:43:39.004Z,X1909261,2502,-15.73783,-47.88256,8576.0,4.7,16.1,46.7,-24.1,35.2,352.0,RS41-SGP,403.502,10.1,-875,11,3.0,,
2026-09-19T14:43:44.004Z,X1909261,2507,-15.73746,-47.88199,8600.2,4.9,13.6,41.4,-24.4,36.3,350.9,RS41-SGP,403.502,13.8,-875,11,3.0,,
2026-09-19T14:43:45.004Z,X1909261,2508,-15.73738,-47.88190,8605.3,5.4,13.1,47.3,-24.5,36.8,350.6,RS41-SGP,403.502,13.8,-875,11,3.0,,
2026-09-19T14:43:48.004Z,X1909261,2511,-15.73721,-47.88158,8618.4,5.1,12.7,59.9,-24.6,36.7,349.9,RS41-SGP,403.502,11.2,-875,11,3.0,,
2026-09-19T14:43:49.004Z,X1909261,2512,-15.73714,-47.88149,8623.0,4.2,13.8,44.1,-24.7,36.9,349.8,RS41-SGP,403.502,16.1,-875,11,3.0,,
2026-09-19T14:43:50.004Z,X1909261,2513,-15.73704,-47.88139,8627.7,5.3,15.6,42.2,-24.7,36.7,349.5,RS41-SGP,403.502,16.1,-875,10,3.0,,
2026-09-19T14:43:52.004Z,X1909261,2515,-15.73688,-47.88114,8637.8,4.4,16.8,67.2,-24.7,37.5,349.1,RS41-SGP,403.502,14.3,-875,11,3.0,,
2026-09-19T14:43:53.004Z,X1909261,2516,-15.73682,-47.88101,8643.0,6.1,15.2,69.5,-24.8,38.3,348.8,RS41-SGP,403.502,14.3,-875,11,3.0,,
2026-09-19T14:43:55.004Z,X1909261,2518,-15.73668,-47.88080,8654.3,5.1,14.0,41.0,-24.7,40.2,348.3,RS41-SGP,403.502,15.5,-875,11,3.0,,
2026-09-19T14:43:56.004Z,X1909261,2519,-15.73659,-47.88070,8659.8,6.2,14.5,45.8,-24.8,41.5,348.0,RS41-SGP,403.502,15.5,-875,11,3.0,,
2026-09-19T14:43:58.004Z,X1909261,2521,-15.73646,-47.88047,8669.1,3.6,14.7,74.5,-24.9,43.3,347.6,RS41-SGP,403.502,12.3,-875,11,3.0,,
2026-09-19T14:44:00.004Z,X1909261,2523,-15.73638,-47.88024,8677.8,4.3,12.2,56.3,-25.0,43.5,347.2,RS41-SGP,403.502,11.5,-875,11,3.0,,
2026-09-19T14:44:01.004Z,X1909261,2524,-15.73630,-47.88015,8682.1,4.3,13.2,44.5,-25.0,43.6,346.9,RS41-SGP,403.502,13.7,-875,11,3.0,,
2026-09-19T14:44:02.004Z,X1909261,2525,-15.73622,-47.88006,8686.3,4.1,13.6,50.0,-25.0,44.0,346.7,RS41-SGP,403.502,13.7,-875,11,3.0,,
2026-09-19T14:44:04.004Z,X1909261,2527,-15.73610,-47.87985,8692.6,3.7,12.6,67.8,-25.1,43.7,346.5,RS41-SGP,403.502,9.3,-875,11,3.0,,
2026-09-19T14:44:05.004Z,X1909261,2528,-15.73605,-47.87974,8696.9,4.8,12.5,56.8,-25.2,42.4,346.3,RS41-SGP,403.502,14.4,-875,11,3.0,,
2026-09-19T14:44:06.004Z,X1909261,2529,-15.73598,-47.87965,8701.5,4.4,14.1,45.9,-25.3,41.4,346.0,RS41-SGP,403.502,14.4,-875,10,3.0,,
2026-09-19T14:44:08.004Z,X1909261,2531,-15.73580,-47.87942,8710.3,4.2,16.9,59.1,-25.3,40.5,345.7,RS41-SGP,403.502,9.1,-875,11,3.0,,
2026-09-19T14:44:09.004Z,X1909261,2532,-15.73573,-47.87928,8714.6,4.3,16.1,68.2,-25.3,40.5,345.4,RS41-SGP,403.502,9.8,-875,11,3.0,,
2026-09-19T14:44:10.004Z,X1909261,2533,-15.73568,-47.87915,8719.3,5.1,13.7,64.6,-25.4,40.6,345.2,RS41-SGP,403.502,9.8,-875,11,3.0,,
2026-09-19T14:44:11.004Z,X1909261,2534,-15.73561,-47.87905,8724.1,4.4,12.9,48.6,-25.2,40.5,345.1,RS41-SGP,403.502,12.7,-875,11,3.0,,
2026-09-19T14:44:12.004Z,X1909261,2535,-15.73552,-47.87896,8728.4,4.4,14.9,39.1,-25.4,40.5,344.7,RS41-SGP,403.502,12.7,-875,11,3.0,,
2026-09-19T14:44:13.004Z,X1909261,2536,-15.73541,-47.87886,8733.2,5.2,17.1,45.3,-25.5,40.7,344.5,RS41-SGP,403.502,11.2,-875,11,3.0,,
2026-09-19T14:44:14.004Z,X1909261,2537,-15.73532,-47.87874,8738.4,5.0,17.4,56.1,-25.5,40.9,344.3,RS41-SGP,403.502,10.7,-875,11,3.0,,
2026-09-19T14:44:17.004Z,X1909261,2540,-15.73510,-47.87842,8752.9,4.5,12.5,37.8,-25.6,39.3,343.6,RS41-SGP,403.502,10.7,-875,11,3.0,,
2026-09-19T14:44:57.004Z,X1909261,2580,-15.73207,-47.87443,8928.6,5.4,10.3,59.3,-27.3,40.4,335.3,RS41-SGP,403.502,9.1,-875,11,3.0,,
2026-09-19T14:44:59.004Z,X1909261,2582,-15.73191,-47.87422,8938.0,3.8,17.9,48.4,-27.2,40.3,334.9,RS41-SGP,403.502,8.5,-875,11,3.0,,
2026-09-19T14:45:02.004Z,X1909261,2585,-15.73168,-47.87387,8952.4,4.3,10.4,65.4,-27.4,40.5,334.2,RS41,403.502,7.0,-875,11,3.0,,
2026-09-19T14:45:04.004Z,X1909261,2587,-15.73155,-47.87370,8963.1,4.8,15.3,43.6,-27.4,38.8,333.7,RS41,403.502,10.1,-875,11,3.0,,
2026-09-19T14:45:05.004Z,X1909261,2588,-15.73145,-47.87359,8968.1,5.2,18.1,47.3,-27.5,38.8,333.5,RS41,403.502,11.0,-875,11,3.0,,
2026-09-19T14:45:07.004Z,X1909261,2590,-15.73129,-47.87335,8978.9,4.2,11.9,65.8,-27.5,38.0,332.9,RS41,403.502,8.9,-875,11,3.0,,
2026-09-19T14:45:08.004Z,X1909261,2591,-15.73125,-47.87326,8983.8,5.5,9.3,61.8,-27.6,37.6,332.7,RS41,403.502,10.1,-875,11,3.0,,
2026-09-19T14:45:09.004Z,X1909261,2592,-15.73119,-47.87318,8989.6,6.3,12.1,46.3,-27.7,37.3,332.5,RS41,403.502,10.1,-875,11,3.0,,
2026-09-19T14:45:10.004Z,X1909261,2593,-15.73110,-47.87309,8995.1,4.8,16.3,45.9,-27.7,37.2,332.2,RS41,403.502,10.0,-875,11,3.0,,
2026-09-19T14:45:11.004Z,X1909261,2594,-15.73101,-47.87297,9000.6,6.2,17.4,54.4,-27.7,37.0,331.9,RS41,403.502,11.3,-875,11,3.0,,
2026-09-19T14:45:13.004Z,X1909261,2596,-15.73089,-47.87275,9011.1,4.0,9.3,68.2,-27.8,36.8,331.4,RS41,403.502,10.2,-875,11,3.0,,
2026-09-19T14:45:14.004Z,X1909261,2597,-15.73085,-47.87267,9016.1,6.0,8.7,52.3,-27.9,36.8,331.2,RS41,403.502,13.7,-875,11,3.0,,
2026-09-19T14:45:15.004Z,X1909261,2598,-15.73079,-47.87260,9021.7,5.3,13.5,47.0,-27.8,36.9,331.0,RS41,403.502,13.7,-875,11,3.0,,
2026-09-19T14:45:17.004Z,X1909261,2600,-15.73061,-47.87235,9031.2,6.0,17.2,62.5,-27.9,37.4,330.6,RS41,403.502,12.2,-875,11,3.0,,
2026-09-19T14:45:19.004Z,X1909261,2602,-15.73052,-47.87214,9042.3,4.8,8.6,59.2,-28.0,37.0,330.1,RS41,403.502,16.5,-875,11,3.0,,
2026-09-19T14:45:20.004Z,X1909261,2603,-15.73046,-47.87207,9047.6,5.8,11.1,46.5,-28.0,36.8,329.7,RS41,403.502,16.5,-875,11,3.0,,
2026-09-19T14:45:22.004Z,X1909261,2605,-15.73031,-47.87184,9056.6,3.8,17.3,62.7,-28.0,36.0,329.4,RS41,403.502,11.8,-875,11,3.0,,
2026-09-19T14:45:25.004Z,X1909261,2608,-15.73017,-47.87154,9069.8,5.3,9.2,44.5,-28.2,35.9,328.8,RS41,403.502,13.5,-875,11,3.0,,
2026-09-19T14:45:26.004Z,X1909261,2609,-15.73010,-47.87147,9075.1,5.2,13.5,46.7,-28.2,36.1,328.4,RS41,403.502,13.5,-875,11,3.0,,
2026-09-19T14:45:28.004Z,X1909261,2611,-15.72995,-47.87123,9084.9,5.7,15.0,66.5,-28.3,36.5,328.0,RS41,403.502,13.1,-875,11,3.0,,
2026-09-19T14:45:30.004Z,X1909261,2613,-15.72986,-47.87105,9094.3,3.7,7.3,44.7,-28.3,36.2,327.6,RS41,403.502,12.4,-875,11,3.0,,
2026-09-19T14:45:31.004Z,X1909261,2614,-15.72980,-47.87100,9098.9,5.4,10.4,34.2,-28.4,36.1,327.4,RS41,403.502,12.4,-875,11,3.0,,
2026-09-19T14:45:33.004Z,X1909261,2616,-15.72965,-47.87083,9108.6,4.0,13.5,62.5,-28.4,36.6,327.0,RS41,403.502,9.5,-875,11,3.0,,
2026-09-19T14:45:35.004Z,X1909261,2618,-15.72958,-47.87065,9116.3,4.1,7.6,57.4,-28.5,36.4,326.6,RS41,403.502,9.5,-875,11,3.0,,
2026-09-19T14:45:36.004Z,X1909261,2619,-15.72953,-47.87058,9120.5,4.2,10.2,44.5,-28.5,36.2,326.4,RS41,403.502,11.4,-875,11,3.0,,
2026-09-19T14:45:41.004Z,X1909261,2624,-15.72925,-47.87008,9140.3,3.9,11.3,46.2,-28.7,36.2,325.5,RS41,403.502,10.2,-875,11,3.0,,
2026-09-19T14:45:43.004Z,X1909261,2626,-15.72909,-47.86989,9148.7,4.2,14.4,55.4,-28.6,36.0,325.2,RS41,403.502,7.7,-875,11,3.0,,
2026-09-19T14:45:45.004Z,X1909261,2628,-15.72898,-47.86970,9156.4,4.0,9.1,55.9,-28.7,35.5,324.9,RS41,403.502,11.5,-875,11,3.0,,
2026-09-19T14:45:46.004Z,X1909261,2629,-15.72892,-47.86964,9160.9,4.8,10.4,45.5,-28.7,34.8,324.7,RS41,403.502,15.2,-875,11,3.0,,
2026-09-19T14:45:47.004Z,X1909261,2630,-15.72885,-47.86955,9165.2,3.9,12.9,51.4,-28.5,33.4,324.4,RS41,403.502,15.2,-875,11,3.0,,
2026-09-19T14:45:49.004Z,X1909261,2632,-15.72874,-47.86933,9172.9,4.2,12.6,72.9,-28.6,30.7,324.1,RS41,403.502,10.6,-875,11,3.0,,
2026-09-19T14:45:51.004Z,X1909261,2634,-15.72867,-47.86915,9181.5,4.0,10.5,53.7,-28.6,24.6,323.6,RS41,403.502,12.8,-875,11,3.0,,
2026-09-19T14:45:52.004Z,X1909261,2635,-15.72860,-47.86906,9185.4,3.7,13.2,51.4,-28.4,22.1,323.4,RS41,403.502,13.5,-875,11,3.0,,
2026-09-19T14:45:53.004Z,X1909261,2636,-15.72853,-47.86896,9189.3,4.2,14.6,59.8,-28.3,19.3,323.3,RS41-SGP,403.502,13.5,-875,11,3.0,,
2026-09-19T14:45:54.004Z,X1909261,2637,-15.72848,-47.86884,9193.7,4.7,12.6,67.7,-28.2,16.0,323.1,RS41-SGP,403.502,13.4,-875,11,3.0,,
2026-09-19T14:45:57.004Z,X1909261,2640,-15.72831,-47.86861,9206.4,3.4,13.2,38.7,-28.0,9.6,322.6,RS41-SGP,403.502,15.1,-875,11,3.0,,
2026-09-19T14:45:58.004Z,X1909261,2641,-15.72821,-47.86852,9210.2,4.1,15.7,44.6,-27.9,8.5,322.4,RS41-SGP,403.502,15.1,-875,11,3.0,,
2026-09-19T14:45:59.004Z,X1909261,2642,-15.72812,-47.86842,9214.2,3.9,14.5,51.0,-27.7,7.5,322.3,RS41-SGP,403.502,13.2,-875,11,3.0,,
2026-09-19T14:46:02.005Z,X1909261,2645,-15.72790,-47.86819,9222.6,3.8,11.1,36.0,-27.9,6.3,321.9,RS41-SGP,403.502,14.9,-875,11,3.0,,
2026-09-19T14:46:03.005Z,X1909261,2646,-15.72782,-47.86812,9226.6,4.2,12.6,43.1,-27.8,6.0,321.6,RS41-SGP,403.502,15.7,-875,11,3.0,,
2026-09-19T14:46:04.005Z,X1909261,2647,-15.72774,-47.86803,9230.8,4.2,12.5,51.6,-27.8,5.8,321.5,RS41-SGP,403.502,15.7,-875,11,3.0,,
2026-09-19T14:46:08.005Z,X1909261,2651,-15.72749,-47.86776,9248.8,4.1,12.2,44.1,-27.9,5.1,320.6,RS41-SGP,403.502,14.3,-875,11,3.0,,
2026-09-19T14:46:09.005Z,X1909261,2652,-15.72741,-47.86767,9252.7,3.8,13.8,53.8,-27.9,5.0,320.5,RS41-SGP,403.502,14.3,-875,11,3.0,,
2026-09-19T14:46:13.005Z,X1909261,2656,-15.72715,-47.86737,9268.7,4.4,11.0,38.4,-27.9,5.4,319.8,RS41-SGP,403.502,11.8,-875,11,3.0,,
2026-09-19T14:46:14.005Z,X1909261,2657,-15.72708,-47.86729,9273.2,4.4,12.1,50.1,-27.9,5.9,319.6,RS41-SGP,403.502,11.8,-875,11,3.0,,
2026-09-19T14:46:17.005Z,X1909261,2660,-15.72687,-47.86707,9285.3,3.8,10.6,27.8,-28.1,8.4,319.1,RS41-SGP,403.502,9.9,-875,11,3.0,,
2026-09-19T14:46:18.005Z,X1909261,2661,-15.72678,-47.86702,9289.7,5.0,11.4,26.9,-28.1,9.2,318.9,RS41-SGP,403.502,13.5,-875,11,3.0,,
2026-09-19T14:46:19.005Z,X1909261,2662,-15.72670,-47.86696,9294.2,4.1,11.0,40.8,-28.0,10.1,318.7,RS41-SGP,403.502,13.5,-875,11,3.0,,
2026-09-19T14:46:29.005Z,X1909261,2672,-15.72606,-47.86634,9332.3,4.4,12.6,27.9,-28.3,21.3,317.0,RS41-SGP,403.502,10.2,-875,11,3.0,,
2026-09-19T14:46:34.005Z,X1909261,2677,-15.72567,-47.86596,9351.7,3.6,13.4,30.2,-28.3,21.2,316.1,RS41-SGP,403.502,13.5,-875,11,3.0,,
2026-09-19T14:46:35.005Z,X1909261,2678,-15.72557,-47.86590,9355.9,4.8,12.8,31.2,-28.4,21.7,315.9,RS41-SGP,403.502,13.5,-875,11,3.0,,
2026-09-19T14:46:37.005Z,X1909261,2680,-15.72541,-47.86576,9364.2,3.2,10.7,51.1,-28.4,22.0,315.6,RS41-SGP,403.502,7.4,-875,11,3.0,,
2026-09-19T14:46:39.005Z,X1909261,2682,-15.72526,-47.86562,9371.2,3.3,13.0,32.2,-28.3,22.4,315.2,RS41-SGP,403.502,12.3,-875,11,3.0,,
2026-09-19T14:46:40.005Z,X1909261,2683,-15.72515,-47.86556,9375.0,4.3,13.3,26.5,-28.5,23.1,315.1,RS41-SGP,403.502,16.1,-875,11,3.0,,
2026-09-19T14:46:41.005Z,X1909261,2684,-15.72506,-47.86550,9379.4,4.4,11.4,33.6,-28.5,23.4,314.9,RS41-SGP,403.502,16.1,-875,11,3.0,,
2026-09-19T14:46:43.005Z,X1909261,2686,-15.72493,-47.86537,9387.4,4.2,8.9,51.0,-28.6,23.2,314.6,RS41-SGP,403.502,10.7,-875,11,3.0,,
2026-09-19T14:46:45.005Z,X1909261,2688,-15.72478,-47.86525,9394.9,3.1,13.3,30.9,-28.7,23.2,314.2,RS41-SGP,403.502,16.6,-875,11,3.0,,
2026-09-19T14:46:46.005Z,X1909261,2689,-15.72467,-47.86518,9398.9,4.7,14.2,33.4,-28.7,23.3,314.1,RS41-SGP,403.502,16.9,-875,11,3.0,,
2026-09-19T14:46:48.005Z,X1909261,2691,-15.72451,-47.86504,9408.0,3.8,9.7,48.4,-28.8,23.6,313.7,RS41-SGP,403.502,12.7,-875,11,3.0,,
2026-09-19T14:46:49.005Z,X1909261,2692,-15.72445,-47.86497,9412.0,4.1,10.0,43.0,-28.9,23.8,313.6,RS41-SGP,403.502,12.7,-875,11,3.0,,
2026-09-19T14:46:50.005Z,X1909261,2693,-15.72437,-47.86491,9415.7,3.3,12.9,34.7,-28.9,23.9,313.3,RS41-SGP,403.502,13.0,-875,11,3.0,,
2026-09-19T14:46:51.005Z,X1909261,2694,-15.72426,-47.86484,9419.0,3.3,15.4,30.7,-29.0,24.0,313.2,RS41-SGP,403.502,16.9,-875,11,3.0,,
2026-09-19T14:46:52.005Z,X1909261,2695,-15.72415,-47.86477,9422.9,4.4,14.1,31.5,-28.9,24.0,313.0,RS41-SGP,403.502,16.9,-875,11,3.0,,
2026-09-19T14:46:54.005Z,X1909261,2697,-15.72399,-47.86465,9430.3,3.3,7.8,39.1,-29.0,24.5,312.6,RS41-SGP,403.502,9.4,-875,11,3.0,,
2026-09-19T14:46:57.005Z,X1909261,2700,-15.72375,-47.86449,9442.0,3.5,14.2,28.9,-29.2,24.7,312.2,RS41-SGP,403.502,13.4,-875,11,3.0,,
2026-09-19T14:46:58.005Z,X1909261,2701,-15.72364,-47.86443,9446.0,4.7,12.9,28.0,-29.1,25.0,312.0,RS41-SGP,403.502,13.4,-875,11,3.0,,
2026-09-19T14:47:00.005Z,X1909261,2703,-15.72349,-47.86432,9454.7,4.4,8.9,46.5,-29.0,24.4,311.6,RS41-SGP,403.502,8.3,-875,11,3.0,,
2026-09-19T14:47:02.005Z,X1909261,2705,-15.72334,-47.86417,9464.2,4.2,14.5,38.3,-29.2,23.9,311.2,RS41-SGP,403.502,15.6,-875,11,3.0,,
2026-09-19T14:47:03.005Z,X1909261,2706,-15.72323,-47.86410,9468.7,4.9,14.3,30.9,-29.2,23.4,311.0,RS41-SGP,403.502,15.6,-875,11,3.0,,
2026-09-19T14:47:05.005Z,X1909261,2708,-15.72307,-47.86399,9477.8,3.8,7.9,37.0,-29.2,22.8,310.6,RS41-SGP,403.502,10.6,-875,11,3.0,,
2026-09-19T14:47:07.005Z,X1909261,2710,-15.72294,-47.86386,9487.0,4.2,13.7,44.1,-29.2,22.0,310.3,RS41-SGP,403.502,15.8,-875,11,3.0,,
2026-09-19T14:47:08.005Z,X1909261,2711,-15.72283,-47.86377,9491.3,4.4,16.1,35.1,-29.3,21.6,310.0,RS41-SGP,403.502,18.5,-875,11,3.0,,
2026-09-19T14:47:09.005Z,X1909261,2712,-15.72272,-47.86370,9496.4,5.7,13.7,27.8,-29.3,21.1,309.7,RS41-SGP,403.502,18.5,-875,11,3.0,,
2026-09-19T14:47:11.005Z,X1909261,2714,-15.72256,-47.86360,9506.6,5.3,8.0,46.0,-29.4,20.3,309.3,RS41-SGP,403.502,12.0,-875,11,3.0,,
2026-09-19T14:47:13.005Z,X1909261,2716,-15.72241,-47.86344,9517.7,4.8,16.0,40.1,-29.4,19.9,308.8,RS41-SGP,403.502,17.4,-875,11,3.0,,
2026-09-19T14:47:14.005Z,X1909261,2717,-15.72229,-47.86335,9522.9,5.6,16.7,29.8,-29.5,19.7,308.6,RS41-SGP,403.502,18.8,-875,11,3.0,,
2026-09-19T14:47:15.005Z,X1909261,2718,-15.72217,-47.86328,9528.6,5.6,13.3,29.6,-29.5,20.0,308.4,RS41-SGP,403.502,18.8,-875,11,3.0,,
2026-09-19T14:47:17.005Z,X1909261,2720,-15.72203,-47.86314,9537.2,4.0,11.9,60.6,-29.6,19.9,308.0,RS41-SGP,403.502,11.4,-875,11,3.0,,
2026-09-19T14:47:18.005Z,X1909261,2721,-15.72196,-47.86303,9541.4,4.4,15.3,51.1,-29.6,20.1,307.9,RS41-SGP,403.502,12.6,-875,11,3.0,,
2026-09-19T14:47:19.005Z,X1909261,2722,-15.72185,-47.86293,9545.6,3.9,17.1,35.8,-29.6,20.2,307.7,RS41-SGP,403.502,18.0,-875,11,3.0,,
2026-09-19T14:47:20.005Z,X1909261,2723,-15.72173,-47.86285,9550.2,5.1,14.9,26.3,-29.7,20.3,307.5,RS41-SGP,403.502,18.0,-875,11,3.0,,
2026-09-19T14:47:22.005Z,X1909261,2725,-15.72156,-47.86273,9559.7,4.5,9.7,55.5,-29.7,20.8,307.1,RS41-SGP,403.502,9.9,-875,11,3.0,,
2026-09-19T14:47:24.005Z,X1909261,2727,-15.72142,-47.86255,9570.6,5.0,15.8,40.5,-29.9,20.8,306.6,RS41-SGP,403.502,17.6,-875,11,3.0,,
2026-09-19T14:47:25.005Z,X1909261,2728,-15.72130,-47.86246,9575.5,4.8,16.5,27.2,-29.9,20.9,306.4,RS41-SGP,403.502,17.6,-875,11,3.0,,
2026-09-19T14:47:26.005Z,X1909261,2729,-15.72118,-47.86240,9581.1,6.2,13.0,26.4,-29.9,21.2,306.2,RS41-SGP,403.502,17.5,-875,11,3.0,,
2026-09-19T14:47:28.005Z,X1909261,2731,-15.72104,-47.86225,9591.2,4.7,12.4,65.2,-30.0,21.6,305.7,RS41-SGP,403.502,8.1,-875,11,3.0,,
2026-09-19T14:47:29.005Z,X1909261,2732,-15.72097,-47.86214,9596.7,6.2,15.0,53.6,-30.1,21.1,305.5,RS41-SGP,403.502,15.3,-875,11,3.0,,
2026-09-19T14:47:30.005Z,X1909261,2733,-15.72088,-47.86204,9602.1,4.5,16.4,37.7,-30.1,21.1,305.3,RS41-SGP,403.502,16.9,-875,11,3.0,,
2026-09-19T14:47:31.005Z,X1909261,2734,-15.72076,-47.86196,9606.9,5.1,15.8,30.0,-30.2,21.3,305.1,RS41-SGP,403.502,16.9,-875,11,3.0,,
2026-09-19T14:47:33.005Z,X1909261,2736,-15.72056,-47.86179,9616.3,3.0,13.8,54.9,-30.1,20.7,304.8,RS41-SGP,403.502,12.9,-875,11,3.0,,
2026-09-19T14:47:34.005Z,X1909261,2737,-15.72049,-47.86167,9619.5,3.5,16.2,57.3,-30.3,20.7,304.6,RS41-SGP,403.502,19.1,-875,11,3.0,,
2026-09-19T14:47:35.005Z,X1909261,2738,-15.72039,-47.86155,9623.3,3.9,16.8,43.4,-30.3,20.8,304.4,RS41-SGP,403.502,20.0,-875,11,3.0,,
2026-09-19T14:47:36.005Z,X1909261,2739,-15.72028,-47.86146,9627.2,3.9,15.5,29.9,-30.2,20.8,304.2,RS41-SGP,403.502,20.0,-875,11,3.0,,
2026-09-19T14:47:39.005Z,X1909261,2742,-15.72001,-47.86122,9639.9,3.9,15.1,59.7,-30.2,20.0,303.6,RS41-SGP,403.502,13.2,-875,11,3.0,,
2026-09-19T14:47:40.005Z,X1909261,2743,-15.71993,-47.86110,9644.4,5.0,17.1,50.2,-30.3,19.8,303.5,RS41-SGP,403.502,19.1,-875,11,3.0,,
2026-09-19T14:47:41.005Z,X1909261,2744,-15.71982,-47.86099,9649.1,4.3,16.8,35.2,-30.2,19.6,303.4,RS41-SGP,403.502,19.1,-875,11,3.0,,
2026-09-19T14:47:42.005Z,X1909261,2745,-15.71970,-47.86092,9653.8,5.1,14.4,25.9,-30.2,19.4,303.1,RS41-SGP,403.502,16.6,-875,11,3.0,,
2026-09-19T14:47:44.005Z,X1909261,2747,-15.71952,-47.86076,9664.9,4.9,14.5,58.0,-30.1,18.4,302.7,RS41-SGP,403.502,15.5,-875,11,3.0,,
2026-09-19T14:47:45.005Z,X1909261,2748,-15.71944,-47.86063,9670.4,6.0,18.2,56.6,-30.3,18.0,302.4,RS41-SGP,403.502,20.0,-875,11,3.0,,
2026-09-19T14:47:46.005Z,X1909261,2749,-15.71934,-47.86050,9676.6,6.5,18.7,42.7,-30.2,17.9,302.1,RS41-SGP,403.502,20.0,-875,11,3.0,,
2026-09-19T14:47:47.005Z,X1909261,2750,-15.71921,-47.86040,9682.5,5.4,17.1,30.1,-30.2,17.7,301.9,RS41-SGP,403.502,18.4,-875,11,3.0,,
2026-09-19T14:47:48.005Z,X1909261,2751,-15.71908,-47.86033,9688.3,6.3,15.5,28.2,-30.2,17.3,301.6,RS41-SGP,403.502,13.3,-875,11,3.0,,
2026-09-19T14:47:50.005Z,X1909261,2753,-15.71884,-47.86012,9699.7,4.3,20.2,47.9,-30.0,16.1,301.2,RS41-SGP,403.502,18.6,-875,11,3.0,,
2026-09-19T14:47:51.005Z,X1909261,2754,-15.71871,-47.85997,9704.6,5.4,22.3,45.9,-30.1,15.6,300.9,RS41-SGP,403.502,21.1,-875,11,3.0,,
2026-09-19T14:47:52.005Z,X1909261,2755,-15.71857,-47.85984,9710.0,5.5,20.9,38.2,-30.2,15.6,300.7,RS41-SGP,403.502,21.1,-875,11,3.0,,
2026-09-19T14:47:53.005Z,X1909261,2756,-15.71842,-47.85973,9715.4,5.2,18.7,33.0,-30.3,15.7,300.5,RS41-SGP,403.502,16.0,-875,11,3.0,,
2026-09-19T14:47:54.005Z,X1909261,2757,-15.71829,-47.85963,9721.3,6.4,17.9,38.4,-30.3,15.7,300.3,RS41-SGP,403.502,12.6,-875,11,3.0,,
2026-09-19T14:47:55.005Z,X1909261,2758,-15.71816,-47.85951,9727.2,5.4,19.6,48.7,-30.3,15.6,300.0,RS41-SGP,403.502,14.0,-875,11,3.0,,
2026-09-19T14:47:56.005Z,X1909261,2759,-15.71805,-47.85936,9732.5,5.1,21.9,54.0,-30.2,15.5,299.8,RS41-SGP,403.502,18.7,-875,11,3.0,,
2026-09-19T14:47:57.005Z,X1909261,2760,-15.71793,-47.85920,9737.6,5.2,22.0,50.9,-30.4,15.2,299.5,RS41-SGP,403.502,18.7,-875,11,3.0,,
2026-09-19T14:47:58.005Z,X1909261,2761,-15.71780,-47.85905,9742.6,4.9,20.9,45.0,-30.4,15.1,299.4,RS41-SGP,403.502,17.5,-875,11,3.0,,
2026-09-19T14:48:00.005Z,X1909261,2763,-15.71753,-47.85879,9750.8,3.2,20.1,45.2,-30.5,14.8,299.1,RS41-SGP,403.502,10.5,-875,11,3.0,,
2026-09-19T14:48:01.005Z,X1909261,2764,-15.71741,-47.85865,9753.9,3.0,20.9,47.5,-30.5,14.8,298.9,RS41-SGP,403.502,15.8,-875,11,3.0,,
2026-09-19T14:48:02.005Z,X1909261,2765,-15.71728,-47.85851,9757.4,3.8,21.1,46.2,-30.6,14.7,298.7,RS41-SGP,403.502,16.7,-875,11,3.0,,
2026-09-19T14:48:03.005Z,X1909261,2766,-15.71715,-47.85837,9761.2,3.7,19.9,44.6,-30.6,14.6,298.6,RS41-SGP,403.502,16.7,-875,11,3.0,,
2026-09-19T14:48:06.005Z,X1909261,2769,-15.71682,-47.85800,9772.9,4.8,17.9,50.2,-30.7,14.5,298.1,RS41-SGP,403.502,15.8,-875,11,3.0,,
2026-09-19T14:48:07.005Z,X1909261,2770,-15.71671,-47.85787,9777.6,4.7,19.2,47.4,-30.7,14.4,297.9,RS41-SGP,403.502,19.3,-875,11,3.0,,
2026-09-19T14:48:08.005Z,X1909261,2771,-15.71659,-47.85774,9781.7,3.4,19.0,44.9,-30.7,14.3,297.8,RS41-SGP,403.502,19.3,-875,11,3.0,,
2026-09-19T14:48:09.005Z,X1909261,2772,-15.71647,-47.85763,9785.2,3.7,17.0,44.2,-30.5,14.2,297.6,RS41-SGP,403.502,17.0,-875,11,3.0,,
2026-09-19T14:48:12.005Z,X1909261,2775,-15.71615,-47.85730,9798.2,3.9,19.2,41.9,-30.8,14.0,297.0,RS41-SGP,403.502,14.3,-875,11,3.0,,
2026-09-19T14:48:13.005Z,X1909261,2776,-15.71601,-47.85718,9802.1,4.0,20.9,37.6,-30.8,14.2,296.9,RS41-SGP,403.502,16.6,-875,11,3.0,,
2026-09-19T14:48:14.005Z,X1909261,2777,-15.71586,-47.85706,9806.8,5.4,19.6,36.6,-30.9,14.3,296.7,RS41-SGP,403.502,16.6,-875,11,3.0,,
2026-09-19T14:48:18.005Z,X1909261,2781,-15.71536,-47.85659,9828.0,4.2,22.3,38.9,-31.0,14.3,295.8,RS41-SGP,403.502,15.7,-875,11,3.0,,
2026-09-19T14:48:19.005Z,X1909261,2782,-15.71520,-47.85646,9832.5,4.9,22.8,34.9,-31.1,14.4,295.6,RS41-SGP,403.502,18.2,-875,11,3.0,,
2026-09-19T14:48:20.005Z,X1909261,2783,-15.71504,-47.85634,9837.1,4.2,21.6,36.5,-31.1,14.5,295.5,RS41-SGP,403.502,18.2,-875,11,3.0,,
2026-09-19T14:48:21.005Z,X1909261,2784,-15.71489,-47.85622,9840.9,3.3,20.6,42.3,-31.1,14.7,295.3,RS41-SGP,403.502,16.2,-875,11,3.0,,
2026-09-19T14:48:22.005Z,X1909261,2785,-15.71476,-47.85608,9844.4,3.5,20.9,47.6,-31.0,14.5,295.1,RS41-SGP,403.502,9.6,-875,11,3.0,,
2026-09-19T14:48:23.005Z,X1909261,2786,-15.71463,-47.85593,9847.8,3.4,21.9,47.4,-31.1,14.2,295.0,RS41-SGP,403.502,12.2,-875,11,3.0,,
2026-09-19T14:48:24.005Z,X1909261,2787,-15.71449,-47.85578,9851.2,3.3,22.3,45.1,-31.2,14.2,294.9,RS41-SGP,403.502,15.4,-875,11,3.0,,
2026-09-19T14:48:25.005Z,X1909261,2788,-15.71435,-47.85564,9854.3,3.0,21.4,45.3,-31.2,14.2,294.7,RS41-SGP,403.502,15.5,-875,11,3.0,,
2026-09-19T14:48:26.005Z,X1909261,2789,-15.71422,-47.85550,9857.4,3.1,19.8,48.3,-31.0,13.9,294.6,RS41-SGP,403.502,15.5,-875,11,3.0,,
2026-09-19T14:48:27.005Z,X1909261,2790,-15.71411,-47.85536,9861.0,4.2,18.7,51.1,-31.0,14.0,294.5,RS41-SGP,403.502,13.5,-875,11,3.0,,
2026-09-19T14:48:28.005Z,X1909261,2791,-15.71400,-47.85523,9865.6,5.0,18.6,48.9,-31.1,14.0,294.3,RS41-SGP,403.502,13.4,-875,11,3.0,,
2026-09-19T14:48:29.005Z,X1909261,2792,-15.71389,-47.85510,9870.5,4.6,18.9,45.1,-31.1,13.7,294.1,RS41-SGP,403.502,13.4,-875,11,3.0,,
2026-09-19T14:48:30.005Z,X1909261,2793,-15.71377,-47.85498,9874.9,4.3,18.3,44.0,-31.2,13.6,293.9,RS41-SGP,403.502,12.1,-875,11,3.0,,
2026-09-19T14:48:31.005Z,X1909261,2794,-15.71365,-47.85486,9879.1,4.1,17.3,46.0,-31.3,13.1,293.7,RS41-SGP,403.502,12.1,-875,11,3.0,,
2026-09-19T14:48:35.005Z,X1909261,2798,-15.71320,-47.85441,9895.0,4.8,19.5,36.4,-31.6,13.5,293.1,RS41-SGP,403.502,7.5,-875,11,3.0,,
2026-09-19T14:48:46.005Z,X1909261,2809,-15.71169,-47.85293,9943.0,2.6,21.3,46.0,-32.0,14.4,291.1,RS41-SGP,403.502,9.0,-875,11,3.0,,
2026-09-19T14:48:47.005Z,X1909261,2810,-15.71156,-47.85279,9945.5,2.5,19.9,47.5,-32.0,14.4,291.0,RS41-SGP,403.502,9.0,-875,11,3.0,,
2026-09-19T14:48:49.005Z,X1909261,2812,-15.71133,-47.85252,9952.1,4.4,19.2,47.9,-32.1,14.3,290.7,RS41-SGP,403.502,10.2,-875,11,3.0,,
2026-09-19T14:48:50.005Z,X1909261,2813,-15.71121,-47.85239,9957.0,5.4,20.3,45.6,-32.1,14.1,290.5,RS41-SGP,403.502,11.4,-875,11,3.0,,
2026-09-19T14:48:51.005Z,X1909261,2814,-15.71108,-47.85225,9962.7,6.0,20.9,42.5,-32.1,14.0,290.2,RS41-SGP,403.502,11.4,-875,11,3.0,,
2026-09-19T14:48:55.005Z,X1909261,2818,-15.71046,-47.85175,9985.6,5.0,23.0,36.5,-32.3,14.3,289.3,RS41-SGP,403.502,10.1,-875,11,3.0,,
2026-09-19T14:48:56.005Z,X1909261,2819,-15.71029,-47.85162,9990.6,5.0,23.7,36.7,-32.4,14.8,289.1,RS41-SGP,403.502,11.7,-875,11,3.0,,
2026-09-19T14:48:57.005Z,X1909261,2820,-15.71011,-47.85149,9995.3,4.3,24.0,37.0,-32.4,15.1,288.9,RS41-SGP,403.502,15.3,-875,11,3.0,,
2026-09-19T14:48:58.005Z,X1909261,2821,-15.70994,-47.85136,9999.2,3.6,23.3,36.7,-32.3,15.0,288.8,RS41-SGP,403.502,17.1,-875,11,3.0,,
2026-09-19T14:48:59.005Z,X1909261,2822,-15.70978,-47.85123,10002.5,3.0,22.2,35.7,-32.4,15.2,288.6,RS41-SGP,403.502,17.1,-875,11,3.0,,
2026-09-19T14:49:00.005Z,X1909261,2823,-15.70962,-47.85111,10005.6,3.2,21.5,35.9,-32.4,15.1,288.6,RS41-SGP,403.502,14.6,-875,11,3.0,,
2026-09-19T14:49:01.005Z,X1909261,2824,-15.70946,-47.85099,10008.9,3.4,22.2,38.3,-32.5,15.1,288.4,RS41-SGP,403.502,9.8,-875,11,3.0,,
2026-09-19T14:49:02.005Z,X1909261,2825,-15.70930,-47.85085,10012.3,3.4,23.8,40.7,-32.5,15.0,288.3,RS41-SGP,403.502,15.7,-875,11,3.0,,
2026-09-19T14:49:03.005Z,X1909261,2826,-15.70914,-47.85070,10015.9,3.9,25.1,42.0,-32.5,14.9,288.1,RS41-SGP,403.502,19.1,-875,11,3.0,,
2026-09-19T14:49:04.005Z,X1909261,2827,-15.70897,-47.85055,10020.2,4.7,24.5,42.8,-32.6,14.7,287.9,RS41-SGP,403.502,19.1,-875,11,3.0,,
2026-09-19T14:49:05.005Z,X1909261,2828,-15.70882,-47.85039,10024.7,4.2,22.7,44.5,-32.6,14.7,287.8,RS41-SGP,403.502,17.9,-875,11,3.0,,
2026-09-19T14:49:06.005Z,X1909261,2829,-15.70868,-47.85025,10028.6,3.6,21.3,47.5,-32.5,14.8,287.6,RS41-SGP,403.502,15.3,-875,11,3.0,,
2026-09-19T14:49:07.005Z,X1909261,2830,-15.70855,-47.85010,10032.4,4.1,21.3,50.1,-32.5,14.8,287.4,RS41-SGP,403.502,14.4,-875,11,3.0,,
2026-09-19T14:49:08.005Z,X1909261,2831,-15.70842,-47.84994,10036.7,4.4,22.3,48.8,-32.4,14.5,287.2,RS41-SGP,403.502,17.3,-875,11,3.0,,
2026-09-19T14:49:09.005Z,X1909261,2832,-15.70828,-47.84979,10040.7,3.5,22.8,44.4,-32.5,14.4,287.1,RS41-SGP,403.502,17.7,-875,11,3.0,,
2026-09-19T14:49:10.005Z,X1909261,2833,-15.70813,-47.84965,10044.0,3.1,22.0,39.3,-32.4,14.1,286.9,RS41-SGP,403.502,17.7,-875,11,3.0,,
2026-09-19T14:49:13.005Z,X1909261,2836,-15.70770,-47.84926,10055.3,3.9,22.0,46.9,-32.7,13.9,286.5,RS41-SGP,403.502,10.7,-875,11,3.0,,
2026-09-19T14:49:14.005Z,X1909261,2837,-15.70756,-47.84911,10058.9,3.3,24.0,46.7,-32.6,13.6,286.4,RS41-SGP,403.502,13.0,-875,11,3.0,,
2026-09-19T14:49:15.005Z,X1909261,2838,-15.70741,-47.84895,10062.1,3.0,24.8,43.0,-32.7,13.7,286.2,RS41-SGP,403.502,16.1,-875,11,3.0,,
2026-09-19T14:49:16.005Z,X1909261,2839,-15.70724,-47.84880,10065.5,3.7,24.0,39.7,-32.7,13.6,286.1,RS41-SGP,403.502,16.1,-875,11,3.0,,
2026-09-19T14:49:17.005Z,X1909261,2840,-15.70708,-47.84866,10069.3,4.0,22.7,42.0,-32.7,13.5,285.9,RS41-SGP,403.502,15.8,-875,11,3.0,,
2026-09-19T14:49:18.005Z,X1909261,2841,-15.70694,-47.84851,10072.9,3.2,22.7,47.9,-32.6,13.4,285.8,RS41-SGP,403.502,10.8,-875,11,3.0,,
2026-09-19T14:49:19.005Z,X1909261,2842,-15.70680,-47.84834,10076.0,3.0,24.1,51.8,-32.7,13.4,285.7,RS41-SGP,403.502,15.2,-875,11,3.0,,
2026-09-19T14:49:20.005Z,X1909261,2843,-15.70666,-47.84816,10079.5,4.0,25.1,50.8,-32.8,13.4,285.5,RS41-SGP,403.502,18.7,-875,11,3.0,,
2026-09-19T14:49:21.005Z,X1909261,2844,-15.70652,-47.84799,10083.6,4.3,24.2,46.8,-32.8,13.2,285.3,RS41-SGP,403.502,18.7,-875,11,3.0,,
2026-09-19T14:49:22.005Z,X1909261,2845,-15.70637,-47.84783,10087.7,3.8,22.6,44.1,-32.8,13.1,285.2,RS41-SGP,403.502,15.3,-875,11,3.0,,
2026-09-19T14:49:23.005Z,X1909261,2846,-15.70622,-47.84769,10091.4,3.6,22.3,43.5,-32.8,13.1,285.0,RS41-SGP,403.502,11.5,-875,11,3.0,,
2026-09-19T14:49:24.005Z,X1909261,2847,-15.70607,-47.84754,10094.8,3.1,24.1,45.2,-32.8,13.2,284.8,RS41-SGP,403.502,17.7,-875,11,3.0,,
2026-09-19T14:49:25.005Z,X1909261,2848,-15.70591,-47.84737,10097.9,3.4,26.4,46.3,-32.6,12.7,284.7,RS41-SGP,403.502,19.8,-875,11,3.0,,
2026-09-19T14:49:26.005Z,X1909261,2849,-15.70575,-47.84719,10102.0,4.8,26.1,45.5,-32.8,12.7,284.6,RS41-SGP,403.502,21.1,-875,11,3.0,,
2026-09-19T14:49:27.005Z,X1909261,2850,-15.70559,-47.84703,10106.6,4.5,23.6,44.1,-32.9,12.6,284.4,RS41-SGP,403.502,21.1,-875,11,3.0,,
2026-09-19T14:49:28.005Z,X1909261,2851,-15.70545,-47.84688,10111.1,4.4,21.0,45.1,-32.9,12.3,284.2,RS41-SGP,403.502,18.1,-875,11,3.0,,
2026-09-19T14:49:29.005Z,X1909261,2852,-15.70532,-47.84674,10115.7,4.8,20.9,48.5,-32.9,12.1,284.1,RS41-SGP,403.502,13.6,-875,11,3.0,,
2026-09-19T14:49:30.005Z,X1909261,2853,-15.70519,-47.84659,10120.3,4.3,23.1,50.9,-32.9,11.8,283.9,RS41-SGP,403.502,18.5,-875,11,3.0,,
2026-09-19T14:49:31.005Z,X1909261,2854,-15.70505,-47.84641,10124.1,3.2,24.5,50.5,-32.9,11.5,283.7,RS41-SGP,403.502,19.4,-875,11,3.0,,
2026-09-19T14:49:32.005Z,X1909261,2855,-15.70491,-47.84624,10127.5,3.5,23.6,48.3,-33.0,11.6,283.5,RS41-SGP,403.502,19.4,-875,11,3.0,,
2026-09-19T14:49:33.005Z,X1909261,2856,-15.70477,-47.84609,10131.0,3.5,21.7,46.3,-32.7,11.0,283.4,RS41-SGP,403.502,17.9,-875,11,3.0,,
2026-09-19T14:49:36.005Z,X1909261,2859,-15.70436,-47.84561,10144.2,4.0,26.2,49.1,-33.2,11.1,282.9,RS41-SGP,403.502,17.9,-875,11,3.0,,
2026-09-19T14:49:37.005Z,X1909261,2860,-15.70420,-47.84543,10148.3,4.3,28.2,47.0,-33.2,11.0,282.7,RS41-SGP,403.502,19.7,-875,11,3.0,,
2026-09-19T14:49:38.005Z,X1909261,2861,-15.70403,-47.84524,10152.8,4.6,26.6,46.0,-33.2,11.0,282.5,RS41-SGP,403.502,19.7,-875,11,3.0,,
2026-09-19T14:49:39.005Z,X1909261,2862,-15.70387,-47.84507,10156.8,3.5,23.8,48.6,-33.1,11.1,282.4,RS41-SGP,403.502,18.1,-875,11,3.0,,
2026-09-19T14:49:41.005Z,X1909261,2864,-15.70361,-47.84472,10164.7,4.6,24.8,54.5,-33.3,10.9,282.1,RS41-SGP,403.502,11.9,-875,11,3.0,,
2026-09-19T14:49:42.005Z,X1909261,2865,-15.70347,-47.84453,10169.0,4.1,27.3,49.8,-33.4,10.6,281.9,RS41-SGP,403.502,16.7,-875,11,3.0,,
2026-09-19T14:49:43.005Z,X1909261,2866,-15.70330,-47.84434,10173.2,4.3,27.7,44.1,-33.3,10.4,281.7,RS41-SGP,403.502,17.1,-875,11,3.0,,
2026-09-19T14:49:44.005Z,X1909261,2867,-15.70313,-47.84417,10177.4,4.2,25.1,42.5,-33.3,10.4,281.6,RS41-SGP,403.502,17.1,-875,11,3.0,,
2026-09-19T14:49:48.005Z,X1909261,2871,-15.70256,-47.84347,10194.1,3.5,28.9,49.1,-33.5,9.9,280.9,RS41-SGP,403.502,13.2,-875,11,3.0,,
2026-09-19T14:49:49.005Z,X1909261,2872,-15.70238,-47.84327,10197.5,3.4,29.3,45.7,-33.5,9.8,280.7,RS41-SGP,403.502,13.2,-875,11,3.0,,
2026-09-19T14:49:54.005Z,X1909261,2877,-15.70160,-47.84227,10215.1,4.3,28.4,47.8,-33.6,9.1,280.0,RS41-SGP,403.502,8.9,-875,11,3.0,,
2026-09-19T14:49:55.005Z,X1909261,2878,-15.70143,-47.84208,10219.7,4.7,27.0,47.3,-33.6,9.2,279.8,RS41-SGP,403.502,8.9,-875,11,3.0,,
2026-09-19T14:49:56.005Z,X1909261,2879,-15.70128,-47.84190,10223.9,3.7,24.9,52.0,-33.5,9.0,279.7,RS41-SGP,403.502,8.8,-875,11,3.0,,
2026-09-19T14:49:59.005Z,X1909261,2882,-15.70091,-47.84133,10236.2,4.7,25.9,52.7,-33.8,8.5,279.2,RS41-SGP,403.502,11.8,-875,11,3.0,,
2026-09-19T14:50:00.005Z,X1909261,2883,-15.70075,-47.84114,10240.6,3.9,27.7,47.8,-33.9,8.4,279.0,RS41-SGP,403.502,15.8,-875,11,3.0,,
2026-09-19T14:50:01.005Z,X1909261,2884,-15.70058,-47.84095,10244.6,4.2,28.3,47.7,-33.8,8.4,278.9,RS41-SGP,403.502,15.9,-875,11,3.0,,
2026-09-19T14:50:02.005Z,X1909261,2885,-15.70042,-47.84075,10248.9,4.2,27.5,52.2,-33.8,8.4,278.7,RS41-SGP,403.502,15.9,-875,11,3.0,,
2026-09-19T14:50:05.005Z,X1909261,2888,-15.70001,-47.84012,10260.4,3.8,27.8,53.1,-33.9,8.0,278.3,RS41-SGP,403.502,13.1,-875,11,3.0,,
2026-09-19T14:50:06.005Z,X1909261,2889,-15.69985,-47.83992,10264.3,4.0,28.7,48.2,-33.8,7.8,278.0,RS41-SGP,403.502,17.6,-875,11,3.0,,
2026-09-19T14:50:07.005Z,X1909261,2890,-15.69968,-47.83973,10268.7,4.7,27.7,47.6,-33.9,7.8,277.8,RS41-SGP,403.502,17.6,-875,11,3.0,,
2026-09-19T14:50:08.005Z,X1909261,2891,-15.69953,-47.83954,10273.2,4.1,25.7,52.5,-33.9,7.7,277.7,RS41-SGP,403.502,17.1,-875,11,3.0,,
2026-09-19T14:50:10.005Z,X1909261,2893,-15.69928,-47.83916,10281.6,4.9,24.4,57.7,-34.1,7.4,277.4,RS41-SGP,403.502,11.1,-875,11,3.0,,
2026-09-19T14:50:11.005Z,X1909261,2894,-15.69915,-47.83896,10286.0,3.7,26.4,54.4,-34.1,7.2,277.2,RS41-SGP,403.502,17.3,-875,11,3.0,,
2026-09-19T14:50:12.005Z,X1909261,2895,-15.69901,-47.83875,10289.4,3.1,28.4,53.4,-34.1,7.2,277.1,RS41-SGP,403.502,17.6,-875,11,3.0,,
2026-09-19T14:50:13.005Z,X1909261,2896,-15.69886,-47.83854,10293.0,4.0,27.9,56.5,-34.1,7.1,276.9,RS41-SGP,403.502,17.6,-875,11,3.0,,
2026-09-19T14:50:14.005Z,X1909261,2897,-15.69873,-47.83833,10297.1,4.1,25.8,59.5,-34.2,7.1,276.8,RS41-SGP,403.502,14.9,-875,11,3.0,,
2026-09-19T14:50:15.005Z,X1909261,2898,-15.69861,-47.83812,10301.3,4.2,25.0,58.0,-34.1,6.9,276.6,RS41-SGP,403.502,10.2,-875,11,3.0,,
2026-09-19T14:50:16.005Z,X1909261,2899,-15.69848,-47.83792,10305.5,4.0,27.0,54.0,-34.2,6.9,276.5,RS41-SGP,403.502,17.7,-875,11,3.0,,
2026-09-19T14:50:17.005Z,X1909261,2900,-15.69833,-47.83771,10309.5,4.1,29.5,52.1,-34.3,6.8,276.3,RS41-SGP,403.502,20.3,-875,11,3.0,,
2026-09-19T14:50:18.005Z,X1909261,2901,-15.69817,-47.83750,10314.0,4.8,29.3,53.2,-34.3,6.9,276.1,RS41-SGP,403.502,20.3,-875,11,3.0,,
2026-09-19T14:50:19.005Z,X1909261,2902,-15.69802,-47.83729,10318.5,4.2,26.5,55.0,-34.3,6.8,276.0,RS41-SGP,403.502,18.8,-875,11,3.0,,
2026-09-19T14:50:21.005Z,X1909261,2904,-15.69776,-47.83691,10326.8,4.5,24.3,54.0,-34.4,6.7,275.6,RS41-SGP,403.502,10.2,-875,11,3.0,,
2026-09-19T14:50:22.005Z,X1909261,2905,-15.69763,-47.83672,10331.0,3.8,27.4,54.3,-34.4,6.8,275.4,RS41-SGP,403.502,14.1,-875,11,3.0,,
2026-09-19T14:50:23.005Z,X1909261,2906,-15.69748,-47.83650,10334.9,4.1,30.0,56.1,-34.4,6.8,275.3,RS41-SGP,403.502,16.0,-875,11,3.0,,
2026-09-19T14:50:24.005Z,X1909261,2907,-15.69733,-47.83627,10339.6,5.3,28.8,57.3,-34.5,6.7,275.1,RS41-SGP,403.502,16.0,-875,11,3.0,,
2026-09-19T14:50:25.005Z,X1909261,2908,-15.69720,-47.83606,10344.4,4.4,25.5,54.7,-34.4,6.6,274.9,RS41-SGP,403.502,14.8,-875,11,3.0,,
2026-09-19T14:50:26.005Z,X1909261,2909,-15.69706,-47.83588,10348.9,4.3,24.0,50.2,-34.6,6.6,274.8,RS41-SGP,403.502,13.6,-875,11,3.0,,
2026-09-19T14:50:27.005Z,X1909261,2910,-15.69692,-47.83570,10353.4,4.8,25.9,50.0,-34.5,6.5,274.5,RS41-SGP,403.502,18.7,-875,11,3.0,,
2026-09-19T14:50:28.005Z,X1909261,2911,-15.69677,-47.83550,10357.8,3.8,28.2,54.6,-34.5,6.5,274.3,RS41-SGP,403.502,20.4,-875,11,3.0,,
2026-09-19T14:50:29.005Z,X1909261,2912,-15.69663,-47.83528,10361.6,3.9,28.3,58.3,-34.6,6.5,274.2,RS41-SGP,403.502,20.4,-875,11,3.0,,
2026-09-19T14:50:30.005Z,X1909261,2913,-15.69650,-47.83507,10365.7,4.2,25.9,56.6,-34.7,6.4,274.1,RS41-SGP,403.502,20.4,-875,11,3.0,,
2026-09-19T14:50:31.005Z,X1909261,2914,-15.69636,-47.83488,10369.8,4.0,24.2,50.1,-34.8,6.3,273.8,RS41-SGP,403.502,14.9,-875,11,3.0,,
2026-09-19T14:50:32.005Z,X1909261,2915,-15.69621,-47.83471,10374.3,4.8,25.8,47.5,-34.8,6.3,273.7,RS41-SGP,403.502,17.9,-875,11,3.0,,
2026-09-19T14:50:33.005Z,X1909261,2916,-15.69606,-47.83451,10379.0,4.6,28.4,52.7,-34.8,6.1,273.6,RS41-SGP,403.502,17.9,-875,11,3.0,,
2026-09-19T14:50:34.005Z,X1909261,2917,-15.69591,-47.83429,10383.4,4.0,29.4,58.6,-34.8,6.0,273.4,RS41-SGP,403.502,17.5,-875,11,3.0,,
2026-09-19T14:50:35.005Z,X1909261,2918,-15.69577,-47.83406,10387.5,4.3,28.3,58.4,-34.9,5.9,273.2,RS41-SGP,403.502,14.4,-875,10,3.0,,
2026-09-19T14:50:36.005Z,X1909261,2919,-15.69563,-47.83385,10391.4,3.5,26.9,52.0,-34.8,5.9,273.1,RS41-SGP,403.502,13.2,-875,11,3.0,,
2026-09-19T14:50:37.005Z,X1909261,2920,-15.69547,-47.83366,10395.1,3.8,27.2,46.1,-34.9,5.9,272.9,RS41-SGP,403.502,17.8,-875,11,3.0,,
2026-09-19T14:50:38.005Z,X1909261,2921,-15.69530,-47.83347,10399.6,5.2,28.2,48.9,-35.0,5.9,272.7,RS41-SGP,403.502,18.7,-875,11,3.0,,
2026-09-19T14:50:41.005Z,X1909261,2924,-15.69489,-47.83284,10412.5,3.6,25.1,54.6,-35.1,6.0,272.2,RS41-SGP,403.502,14.3,-875,11,3.0,,
2026-09-19T14:50:42.005Z,X1909261,2925,-15.69474,-47.83266,10416.0,3.4,25.3,47.3,-35.2,6.1,272.1,RS41-SGP,403.502,18.8,-875,11,3.0,,
2026-09-19T14:50:43.005Z,X1909261,2926,-15.69458,-47.83249,10420.0,4.6,26.8,45.8,-35.2,6.1,271.9,RS41-SGP,403.502,19.6,-875,11,3.0,,
2026-09-19T14:50:44.005Z,X1909261,2927,-15.69442,-47.83230,10424.9,5.1,27.3,51.4,-35.0,6.1,271.7,RS41-SGP,403.502,19.6,-875,11,3.0,,
2026-09-19T14:50:45.005Z,X1909261,2928,-15.69428,-47.83209,10429.5,4.1,27.0,57.8,-35.1,6.1,271.6,RS41-SGP,403.502,18.8,-875,11,3.0,,
2026-09-19T14:50:46.005Z,X1909261,2929,-15.69416,-47.83188,10433.2,3.2,26.9,61.4,-35.3,6.2,271.4,RS41-SGP,403.502,15.6,-875,11,3.0,,
2026-09-19T14:50:47.005Z,X1909261,2930,-15.69404,-47.83165,10436.5,3.2,27.3,60.5,-35.3,6.2,271.3,RS41-SGP,403.502,15.7,-875,11,3.0,,
2026-09-19T14:50:48.005Z,X1909261,2931,-15.69391,-47.83143,10439.7,3.2,28.2,57.2,-35.3,6.2,271.2,RS41-SGP,403.502,17.1,-875,11,3.0,,
2026-09-19T14:50:49.005Z,X1909261,2932,-15.69376,-47.83121,10443.3,3.8,28.7,55.1,-35.3,6.2,271.0,RS41-SGP,403.502,17.1,-875,11,3.0,,
2026-09-19T14:50:50.005Z,X1909261,2933,-15.69362,-47.83100,10447.3,4.1,27.8,55.7,-35.2,6.4,270.8,RS41-SGP,403.502,16.9,-875,11,3.0,,
2026-09-19T14:50:51.005Z,X1909261,2934,-15.69348,-47.83078,10451.4,3.9,27.0,57.9,-35.0,6.4,270.7,RS41-SGP,403.502,13.1,-875,11,3.0,,
2026-09-19T14:50:52.005Z,X1909261,2935,-15.69335,-47.83057,10455.3,3.9,27.5,57.5,-35.2,6.3,270.6,RS41-SGP,403.502,13.8,-875,11,3.0,,
2026-09-19T14:50:53.005Z,X1909261,2936,-15.69321,-47.83035,10459.3,3.9,29.3,54.4,-35.4,6.2,270.4,RS41-SGP,403.502,16.9,-875,11,3.0,,
2026-09-19T14:50:54.005Z,X1909261,2937,-15.69305,-47.83013,10463.4,4.2,30.3,51.4,-35.4,6.1,270.3,RS41-SGP,403.502,18.2,-875,11,3.0,,
2026-09-19T14:50:55.005Z,X1909261,2938,-15.69288,-47.82991,10467.6,4.3,29.2,51.5,-35.4,6.0,270.1,RS41-SGP,403.502,18.2,-875,11,3.0,,
2026-09-19T14:50:56.005Z,X1909261,2939,-15.69273,-47.82970,10471.5,3.4,27.1,54.7,-35.3,6.1,269.9,RS41-SGP,403.502,17.5,-875,11,3.0,,
2026-09-19T14:50:57.005Z,X1909261,2940,-15.69260,-47.82950,10475.0,3.5,25.6,59.1,-35.3,5.9,269.8,RS41-SGP,403.502,13.9,-875,11,3.0,,
2026-09-19T14:50:58.005Z,X1909261,2941,-15.69248,-47.82929,10479.1,4.8,26.1,60.3,-35.5,5.9,269.6,RS41-SGP,403.502,9.4,-875,11,3.0,,
2026-09-19T14:50:59.005Z,X1909261,2942,-15.69235,-47.82908,10484.1,5.0,27.8,56.7,-35.6,5.8,269.5,RS41-SGP,403.502,13.9,-875,11,3.0,,
2026-09-19T14:51:00.005Z,X1909261,2943,-15.69220,-47.82886,10488.6,4.0,29.7,54.1,-35.7,5.9,269.3,RS41-SGP,403.502,17.1,-875,11,3.0,,
2026-09-19T14:51:01.005Z,X1909261,2944,-15.69205,-47.82863,10492.5,3.7,30.3,54.8,-35.6,6.1,269.1,RS41-SGP,403.502,17.4,-875,11,3.0,,
2026-09-19T14:51:02.005Z,X1909261,2945,-15.69190,-47.82840,10495.9,3.1,29.2,57.8,-35.6,6.4,269.0,RS41-SGP,403.502,17.4,-875,11,3.0,,
2026-09-19T14:51:03.005Z,X1909261,2946,-15.69177,-47.82817,10499.0,3.1,28.1,60.2,-35.6,6.6,268.9,RS41-SGP,403.502,14.8,-875,11,3.0,,
2026-09-19T14:51:04.005Z,X1909261,2947,-15.69164,-47.82794,10502.8,4.4,28.2,58.7,-35.6,6.8,268.8,RS41-SGP,403.502,14.1,-875,11,3.0,,
2026-09-19T14:51:05.005Z,X1909261,2948,-15.69149,-47.82772,10507.4,4.7,29.1,54.7,-35.8,7.0,268.5,RS41-SGP,403.502,15.9,-875,11,3.0,,
2026-09-19T14:51:06.005Z,X1909261,2949,-15.69134,-47.82751,10511.8,4.2,28.7,51.7,-35.7,7.3,268.4,RS41-SGP,403.502,15.9,-875,11,3.0,,
2026-09-19T14:51:07.005Z,X1909261,2950,-15.69118,-47.82730,10515.8,3.7,26.7,51.2,-35.7,7.5,268.2,RS41-SGP,403.502,15.3,-875,11,3.0,,
2026-09-19T14:51:10.005Z,X1909261,2953,-15.69078,-47.82672,10528.8,4.5,28.2,56.7,-35.9,8.0,267.7,RS41-SGP,403.502,8.2,-875,11,3.0,,
2026-09-19T14:51:11.005Z,X1909261,2954,-15.69063,-47.82649,10533.2,4.2,30.6,55.8,-35.8,8.1,267.6,RS41-SGP,403.502,9.4,-875,11,3.0,,
2026-09-19T14:51:12.005Z,X1909261,2955,-15.69048,-47.82626,10537.9,5.1,30.0,54.7,-35.9,8.5,267.4,RS41-SGP,403.502,10.5,-875,11,3.0,,
2026-09-19T14:51:13.005Z,X1909261,2956,-15.69033,-47.82604,10542.8,4.6,27.0,54.5,-36.0,8.7,267.1,RS41-SGP,403.502,10.5,-875,11,3.0,,
2026-09-19T14:51:16.005Z,X1909261,2959,-15.68996,-47.82544,10556.6,4.2,28.0,60.8,-36.0,8.9,266.7,RS41-SGP,403.502,10.8,-875,11,3.0,,
2026-09-19T14:51:17.005Z,X1909261,2960,-15.68983,-47.82520,10560.9,4.4,30.5,60.0,-36.1,9.0,266.4,RS41-SGP,403.502,14.3,-875,11,3.0,,
2026-09-19T14:51:18.005Z,X1909261,2961,-15.68969,-47.82496,10565.5,4.8,29.5,57.7,-36.1,9.0,266.3,RS41-SGP,403.502,14.3,-875,11,3.0,,
2026-09-19T14:51:19.005Z,X1909261,2962,-15.68955,-47.82475,10569.7,3.6,26.4,54.5,-36.1,9.1,266.1,RS41-SGP,403.502,10.3,-875,11,3.0,,
2026-09-19T14:51:21.005Z,X1909261,2964,-15.68929,-47.82436,10578.2,4.9,26.0,57.1,-36.2,9.0,265.8,RS41-SGP,403.502,10.9,-875,11,3.0,,
2026-09-19T14:51:22.005Z,X1909261,2965,-15.68916,-47.82414,10582.6,3.9,29.3,60.2,-36.1,8.8,265.7,RS41-SGP,403.502,15.1,-875,11,3.0,,
2026-09-19T14:51:23.005Z,X1909261,2966,-15.68902,-47.82390,10586.8,4.4,31.3,59.2,-36.3,8.9,265.5,RS41-SGP,403.502,16.1,-875,11,3.0,,
2026-09-19T14:51:24.005Z,X1909261,2967,-15.68887,-47.82366,10591.4,4.9,29.6,54.9,-36.4,8.8,265.3,RS41-SGP,403.502,16.1,-875,11,3.0,,
2026-09-19T14:51:25.005Z,X1909261,2968,-15.68872,-47.82345,10595.9,3.9,26.4,51.0,-36.3,8.5,265.1,RS41-SGP,403.502,14.9,-875,11,3.0,,
2026-09-19T14:51:26.005Z,X1909261,2969,-15.68858,-47.82327,10600.4,5.0,24.7,53.5,-36.5,8.3,265.0,RS41-SGP,403.502,10.7,-875,11,3.0,,
2026-09-19T14:51:30.005Z,X1909261,2973,-15.68803,-47.82236,10620.1,4.5,29.4,51.3,-36.6,7.8,264.2,RS41-SGP,403.502,12.3,-875,11,3.0,,
2026-09-19T14:51:31.005Z,X1909261,2974,-15.68787,-47.82216,10624.8,4.7,26.5,49.6,-36.7,7.7,264.0,RS41-SGP,403.502,12.3,-875,11,3.0,,
2026-09-19T14:51:32.005Z,X1909261,2975,-15.68773,-47.82197,10629.9,5.4,25.4,57.0,-36.7,7.6,263.8,RS41-SGP,403.502,11.0,-875,11,3.0,,
2026-09-19T14:51:33.005Z,X1909261,2976,-15.68761,-47.82175,10634.9,4.6,28.1,63.0,-36.6,7.4,263.6,RS41-SGP,403.502,13.7,-875,11,3.0,,
2026-09-19T14:51:34.005Z,X1909261,2977,-15.68748,-47.82151,10639.7,4.8,31.3,60.7,-36.9,7.4,263.5,RS41-SGP,403.502,19.1,-875,11,3.0,,
2026-09-19T14:51:35.005Z,X1909261,2978,-15.68733,-47.82127,10644.5,4.8,31.4,53.1,-36.9,7.4,263.3,RS41-SGP,403.502,19.1,-875,11,3.0,,
2026-09-19T14:51:36.005Z,X1909261,2979,-15.68716,-47.82105,10649.0,4.3,28.4,48.4,-36.9,7.4,263.1,RS41-SGP,403.502,18.8,-875,11,3.0,,
2026-09-19T14:51:37.005Z,X1909261,2980,-15.68700,-47.82086,10653.8,5.0,25.4,52.9,-37.0,7.5,262.9,RS41-SGP,403.502,16.6,-875,10,3.0,,
2026-09-19T14:51:38.005Z,X1909261,2981,-15.68688,-47.82065,10658.5,4.3,26.4,62.5,-36.9,7.6,262.7,RS41-SGP,403.502,12.9,-875,11,3.0,,
2026-09-19T14:51:41.005Z,X1909261,2984,-15.68647,-47.81995,10671.9,4.1,29.1,49.5,-37.1,8.0,262.2,RS41-SGP,403.502,19.5,-875,11,3.0,,
2026-09-19T14:51:42.005Z,X1909261,2985,-15.68631,-47.81976,10676.3,4.5,25.3,48.9,-37.2,8.3,262.0,RS41-SGP,403.502,19.5,-875,11,3.0,,
2026-09-19T14:51:43.005Z,X1909261,2986,-15.68618,-47.81957,10681.0,4.8,24.4,58.4,-37.2,8.5,261.8,RS41-SGP,403.502,14.6,-875,11,3.0,,
2026-09-19T14:51:44.005Z,X1909261,2987,-15.68606,-47.81936,10685.8,4.6,27.7,64.3,-37.2,8.6,261.7,RS41-SGP,403.502,15.4,-875,11,3.0,,
2026-09-19T14:51:45.005Z,X1909261,2988,-15.68594,-47.81912,10690.6,4.8,30.9,59.6,-37.4,8.8,261.6,RS41-SGP,403.502,19.0,-875,11,3.0,,
2026-09-19T14:51:46.005Z,X1909261,2989,-15.68578,-47.81888,10695.1,4.2,30.6,50.8,-37.3,8.8,261.4,RS41-SGP,403.502,19.1,-875,11,3.0,,
2026-09-19T14:51:47.005Z,X1909261,2990,-15.68561,-47.81868,10699.7,4.8,27.3,46.2,-37.4,8.8,261.2,RS41-SGP,403.502,19.1,-875,11,3.0,,
2026-09-19T14:51:48.005Z,X1909261,2991,-15.68546,-47.81850,10704.5,5.0,24.5,53.5,-37.5,8.8,260.9,RS41-SGP,403.502,15.6,-875,11,3.0,,
2026-09-19T14:51:49.005Z,X1909261,2992,-15.68534,-47.81830,10709.2,4.1,26.6,63.3,-37.4,8.8,260.9,RS41-SGP,403.502,16.6,-875,11,3.0,,
2026-09-19T14:51:50.005Z,X1909261,2993,-15.68522,-47.81806,10713.6,4.6,30.2,62.8,-37.5,8.7,260.7,RS41-SGP,403.502,20.7,-875,11,3.0,,
2026-09-19T14:51:51.005Z,X1909261,2994,-15.68508,-47.81782,10718.0,4.2,30.5,54.8,-37.6,8.7,260.5,RS41-SGP,403.502,20.9,-875,11,3.0,,
2026-09-19T14:51:52.005Z,X1909261,2995,-15.68492,-47.81761,10721.9,3.6,27.4,47.7,-37.5,8.6,260.4,RS41-SGP,403.502,20.9,-875,11,3.0,,
2026-09-19T14:51:53.005Z,X1909261,2996,-15.68477,-47.81743,10725.9,4.3,24.7,50.1,-37.6,8.5,260.2,RS41-SGP,403.502,17.9,-875,11,3.0,,
2026-09-19T14:51:54.005Z,X1909261,2997,-15.68463,-47.81724,10730.1,3.8,26.0,57.9,-37.6,8.5,260.0,RS41-SGP,403.502,17.5,-875,11,3.0,,
2026-09-19T14:51:55.005Z,X1909261,2998,-15.68450,-47.81701,10733.6,3.1,29.8,60.3,-37.5,8.5,259.9,RS41-SGP,403.502,21.8,-875,11,3.0,,
2026-09-19T14:51:56.005Z,X1909261,2999,-15.68436,-47.81677,10737.4,4.4,31.6,56.4,-37.7,8.5,259.7,RS41-SGP,403.502,22.5,-875,11,3.0,,
2026-09-19T14:51:57.005Z,X1909261,3000,-15.68420,-47.81654,10741.8,4.4,29.1,52.5,-37.7,8.4,259.6,RS41-SGP,403.502,22.5,-875,11,3.0,,
2026-09-19T14:51:58.005Z,X1909261,3001,-15.68405,-47.81634,10746.0,3.8,25.3,53.4,-37.7,8.3,259.5,RS41-SGP,403.502,19.6,-875,11,3.0,,
2026-09-19T14:51:59.005Z,X1909261,3002,-15.68393,-47.81615,10750.3,4.8,24.4,59.6,-37.9,8.4,259.3,RS41-SGP,403.502,13.4,-875,11,3.0,,
2026-09-19T14:52:00.005Z,X1909261,3003,-15.68381,-47.81594,10755.3,5.3,27.6,60.1,-37.8,8.4,259.1,RS41-SGP,403.502,18.7,-875,11,3.0,,
2026-09-19T14:52:01.005Z,X1909261,3004,-15.68367,-47.81571,10760.3,4.6,30.2,56.0,-37.9,8.2,258.9,RS41-SGP,403.502,21.3,-875,11,3.0,,
2026-09-19T14:52:02.005Z,X1909261,3005,-15.68351,-47.81548,10764.8,4.1,30.2,53.4,-37.9,8.0,258.8,RS41-SGP,403.502,21.3,-875,11,3.0,,
2026-09-19T14:52:03.005Z,X1909261,3006,-15.68336,-47.81526,10768.8,3.8,28.0,56.1,-37.9,8.0,258.6,RS41-SGP,403.502,20.5,-875,11,3.0,,
2026-09-19T14:52:04.005Z,X1909261,3007,-15.68323,-47.81504,10772.5,3.7,26.5,61.5,-37.9,7.7,258.5,RS41-SGP,403.502,17.4,-875,11,3.0,,
2026-09-19T14:52:05.005Z,X1909261,3008,-15.68312,-47.81482,10776.6,4.5,27.0,62.4,-38.1,7.6,258.3,RS41-SGP,403.502,17.8,-875,11,3.0,,
2026-09-19T14:52:06.005Z,X1909261,3009,-15.68300,-47.81460,10780.9,4.0,27.7,57.1,-38.1,7.4,258.1,RS41-SGP,403.502,19.4,-875,11,3.0,,
2026-09-19T14:52:07.005Z,X1909261,3010,-15.68285,-47.81439,10784.8,3.7,27.7,51.5,-38.0,7.2,258.0,RS41-SGP,403.502,19.4,-875,11,3.0,,
2026-09-19T14:52:08.005Z,X1909261,3011,-15.68270,-47.81420,10789.0,4.6,26.4,51.6,-38.1,7.2,257.9,RS41-SGP,403.502,18.1,-875,11,3.0,,
2026-09-19T14:52:09.005Z,X1909261,3012,-15.68256,-47.81400,10793.4,4.2,25.9,58.3,-38.1,7.2,257.6,RS41-SGP,403.502,18.2,-875,11,3.0,,
2026-09-19T14:52:10.005Z,X1909261,3013,-15.68245,-47.81378,10797.5,3.8,27.0,64.3,-38.0,7.2,257.5,RS41-SGP,403.502,19.4,-875,11,3.0,,
2026-09-19T14:52:11.005Z,X1909261,3014,-15.68234,-47.81355,10801.5,4.2,27.7,63.2,-38.2,7.1,257.4,RS41-SGP,403.502,20.4,-875,11,3.0,,
2026-09-19T14:52:12.005Z,X1909261,3015,-15.68222,-47.81333,10805.6,3.9,26.7,57.3,-38.3,7.0,257.2,RS41-SGP,403.502,20.4,-875,11,3.0,,
2026-09-19T14:52:13.005Z,X1909261,3016,-15.68209,-47.81314,10809.5,3.7,25.3,52.3,-38.4,7.0,257.0,RS41-SGP,403.502,19.2,-875,11,3.0,,
2026-09-19T14:52:14.005Z,X1909261,3017,-15.68195,-47.81295,10813.7,4.7,25.4,53.5,-38.4,7.0,256.9,RS41-SGP,403.502,17.0,-875,11,3.0,,
2026-09-19T14:52:15.005Z,X1909261,3018,-15.68182,-47.81274,10818.2,4.1,27.4,58.6,-38.4,6.9,256.7,RS41-SGP,403.502,17.5,-875,11,3.0,,
2026-09-19T14:52:16.005Z,X1909261,3019,-15.68169,-47.81252,10822.6,4.6,29.5,60.8,-38.4,6.8,256.6,RS41-SGP,403.502,20.2,-875,11,3.0,,
2026-09-19T14:52:17.005Z,X1909261,3020,-15.68155,-47.81228,10827.6,5.4,28.5,58.2,-38.5,6.6,256.3,RS41-SGP,403.502,20.2,-875,11,3.0,,
2026-09-19T14:52:18.005Z,X1909261,3021,-15.68142,-47.81207,10832.5,4.2,25.5,54.3,-38.5,6.5,256.2,RS41-SGP,403.502,16.9,-875,11,3.0,,
2026-09-19T14:52:19.005Z,X1909261,3022,-15.68129,-47.81189,10836.7,4.2,23.7,51.9,-38.6,6.5,256.0,RS41-SGP,403.502,12.5,-875,11,3.0,,
2026-09-19T14:52:20.005Z,X1909261,3023,-15.68115,-47.81171,10841.2,4.6,25.4,53.8,-38.7,6.5,255.9,RS41-SGP,403.502,14.5,-875,11,3.0,,
2026-09-19T14:52:21.005Z,X1909261,3024,-15.68101,-47.81150,10845.2,3.4,28.4,55.1,-38.6,6.5,255.8,RS41-SGP,403.502,19.2,-875,11,3.0,,
2026-09-19T14:52:22.005Z,X1909261,3025,-15.68086,-47.81128,10849.4,4.7,29.4,54.6,-38.7,6.5,255.6,RS41-SGP,403.502,19.8,-875,11,3.0,,
2026-09-19T14:52:23.005Z,X1909261,3026,-15.68071,-47.81107,10854.4,5.2,26.7,54.1,-38.7,6.4,255.4,RS41-SGP,403.502,19.8,-875,11,3.0,,
2026-09-19T14:52:24.005Z,X1909261,3027,-15.68058,-47.81088,10859.3,4.4,23.9,55.3,-38.6,6.3,255.3,RS41-SGP,403.502,17.2,-875,11,3.0,,
2026-09-19T14:52:25.005Z,X1909261,3028,-15.68046,-47.81069,10864.0,5.0,24.3,57.4,-38.8,6.3,255.1,RS41-SGP,403.502,12.2,-875,11,3.0,,
2026-09-19T14:52:26.005Z,X1909261,3029,-15.68033,-47.81049,10868.6,4.3,27.7,57.6,-38.8,6.3,254.9,RS41-SGP,403.502,17.6,-875,11,3.0,,
2026-09-19T14:52:27.005Z,X1909261,3030,-15.68019,-47.81026,10872.7,3.7,30.5,57.1,-38.8,6.2,254.7,RS41-SGP,403.502,20.1,-875,11,3.0,,
2026-09-19T14:52:28.005Z,X1909261,3031,-15.68005,-47.81002,10876.8,4.4,30.2,57.7,-38.9,6.3,254.5,RS41-SGP,403.502,20.1,-875,11,3.0,,
2026-09-19T14:52:29.005Z,X1909261,3032,-15.67991,-47.80979,10880.7,3.3,27.6,60.1,-39.0,6.2,254.5,RS41-SGP,403.502,18.0,-875,11,3.0,,
2026-09-19T14:52:30.005Z,X1909261,3033,-15.67980,-47.80958,10883.9,3.3,25.4,62.4,-39.1,6.2,254.3,RS41-SGP,403.502,13.5,-875,11,3.0,,
2026-09-19T14:52:31.005Z,X1909261,3034,-15.67968,-47.80937,10887.9,4.5,26.3,59.7,-39.1,6.1,254.2,RS41-SGP,403.502,14.5,-875,11,3.0,,
2026-09-19T14:52:32.005Z,X1909261,3035,-15.67955,-47.80915,10892.2,4.1,28.8,55.2,-39.2,6.0,254.0,RS41-SGP,403.502,17.6,-875,11,3.0,,
2026-09-19T14:52:33.005Z,X1909261,3036,-15.67940,-47.80893,10896.6,4.6,29.7,54.1,-39.2,6.0,253.8,RS41-SGP,403.502,18.1,-875,11,3.0,,
2026-09-19T14:52:34.005Z,X1909261,3037,-15.67925,-47.80870,10901.2,4.6,28.2,58.0,-39.2,6.0,253.7,RS41-SGP,403.502,18.1,-875,11,3.0,,
2026-09-19T14:52:35.005Z,X1909261,3038,-15.67913,-47.80849,10905.4,4.0,26.0,63.1,-39.2,6.0,253.6,RS41-SGP,403.502,16.5,-875,11,3.0,,
2026-09-19T14:52:36.005Z,X1909261,3039,-15.67903,-47.80828,10909.8,4.7,24.7,62.7,-39.3,6.0,253.4,RS41-SGP,403.502,14.6,-875,11,3.0,,
2026-09-19T14:52:37.005Z,X1909261,3040,-15.67891,-47.80808,10914.3,4.3,25.2,55.8,-39.3,6.1,253.2,RS41-SGP,403.502,15.8,-875,11,3.0,,
2026-09-19T14:52:38.005Z,X1909261,3041,-15.67877,-47.80788,10918.6,4.1,26.4,50.4,-39.4,6.1,253.1,RS41-SGP,403.502,15.8,-875,11,3.0,,
2026-09-19T14:52:39.005Z,X1909261,3042,-15.67862,-47.80769,10923.2,5.2,26.8,51.9,-39.4,6.2,252.9,RS41-SGP,403.502,14.1,-875,11,3.0,,
2026-09-19T14:52:40.005Z,X1909261,3043,-15.67848,-47.80749,10927.9,4.1,26.8,57.3,-39.4,6.2,252.7,RS41-SGP,403.502,12.1,-875,11,3.0,,
2026-09-19T14:52:41.005Z,X1909261,3044,-15.67835,-47.80727,10931.9,3.6,27.4,60.2,-39.4,6.2,252.6,RS41-SGP,403.502,9.8,-875,11,3.0,,
2026-09-19T14:52:42.005Z,X1909261,3045,-15.67822,-47.80705,10935.8,4.2,28.0,56.7,-39.5,6.2,252.4,RS41-SGP,403.502,10.7,-875,11,3.0,,
2026-09-19T14:52:43.005Z,X1909261,3046,-15.67808,-47.80684,10939.9,4.0,28.1,51.7,-39.4,6.1,252.3,RS41-SGP,403.502,10.7,-875,11,3.0,,
2026-09-19T14:52:44.005Z,X1909261,3047,-15.67792,-47.80664,10944.3,4.5,27.3,51.6,-39.5,6.1,252.1,RS41-SGP,403.502,10.1,-875,11,3.0,,
2026-09-19T14:52:48.005Z,X1909261,3051,-15.67741,-47.80578,10962.5,4.1,26.4,54.1,-39.7,6.1,251.4,RS41-SGP,403.502,8.3,-875,11,3.0,,
2026-09-19T14:52:49.005Z,X1909261,3052,-15.67726,-47.80559,10966.7,4.3,25.7,49.0,-39.8,6.1,251.3,RS41-SGP,403.502,11.2,-875,11,3.0,,
2026-09-19T14:52:50.005Z,X1909261,3053,-15.67712,-47.80540,10971.4,4.9,26.3,53.4,-39.7,6.2,251.1,RS41-SGP,403.502,11.2,-875,11,3.0,,
2026-09-19T14:52:51.005Z,X1909261,3054,-15.67698,-47.80519,10975.7,3.7,27.9,60.7,-39.7,6.2,251.0,RS41-SGP,403.502,7.9,-875,11,3.0,,
2026-09-19T14:52:52.005Z,X1909261,3055,-15.67687,-47.80496,10979.7,4.2,29.0,64.7,-39.9,6.3,250.8,RS41-SGP,403.502,10.1,-875,11,3.0,,
2026-09-19T14:52:53.005Z,X1909261,3056,-15.67675,-47.80472,10984.2,4.9,27.7,61.6,-40.0,6.3,250.6,RS41-SGP,403.502,10.1,-875,11,3.0,,
2026-09-19T14:52:54.005Z,X1909261,3057,-15.67662,-47.80451,10988.5,3.5,25.6,55.3,-40.0,6.4,250.5,RS41-SGP,403.502,9.9,-875,11,3.0,,
2026-09-19T14:52:55.005Z,X1909261,3058,-15.67649,-47.80432,10992.1,3.6,24.6,52.6,-40.1,6.6,250.3,RS41-SGP,403.502,9.9,-875,11,3.0,,
2026-09-19T14:52:56.005Z,X1909261,3059,-15.67636,-47.80413,10996.0,4.0,25.8,57.2,-40.0,7.0,250.2,RS41-SGP,403.502,12.2,-875,11,3.0,,
2026-09-19T14:52:57.005Z,X1909261,3060,-15.67624,-47.80391,10999.4,2.7,27.6,63.0,-39.9,7.4,250.1,RS41-SGP,403.502,13.5,-875,11,3.0,,
2026-09-19T14:52:58.005Z,X1909261,3061,-15.67613,-47.80368,11002.7,4.0,28.2,64.7,-40.0,7.6,250.0,RS41-SGP,403.502,13.5,-875,11,3.0,,
2026-09-19T14:52:59.005Z,X1909261,3062,-15.67602,-47.80345,11007.3,5.0,26.7,61.0,-40.1,7.8,249.8,RS41-SGP,403.502,12.6,-875,11,3.0,,
2026-09-19T14:53:00.005Z,X1909261,3063,-15.67589,-47.80324,11011.9,4.1,25.7,54.8,-40.2,7.6,249.6,RS41-SGP,403.502,12.6,-875,11,3.0,,
2026-09-19T14:53:01.005Z,X1909261,3064,-15.67575,-47.80305,11016.2,4.4,26.9,51.7,-40.2,7.5,249.4,RS41-SGP,403.502,16.4,-875,11,3.0,,
2026-09-19T14:53:02.005Z,X1909261,3065,-15.67560,-47.80284,11020.6,4.3,29.2,54.5,-40.2,7.4,249.3,RS41-SGP,403.502,17.8,-875,11,3.0,,
2026-09-19T14:53:03.005Z,X1909261,3066,-15.67545,-47.80261,11024.7,3.9,30.2,59.8,-40.3,7.4,249.1,RS41-SGP,403.502,17.8,-875,11,3.0,,
2026-09-19T14:53:04.005Z,X1909261,3067,-15.67533,-47.80237,11029.0,4.6,27.8,63.4,-40.4,7.5,249.0,RS41-SGP,403.502,17.1,-875,11,3.0,,
2026-09-19T14:53:05.005Z,X1909261,3068,-15.67522,-47.80215,11033.5,4.3,24.6,60.9,-40.3,7.5,248.9,RS41-SGP,403.502,14.7,-875,11,3.0,,
2026-09-19T14:53:06.005Z,X1909261,3069,-15.67510,-47.80196,11037.6,3.9,24.1,55.3,-40.5,7.8,248.7,RS41-SGP,403.502,12.2,-875,11,3.0,,
2026-09-19T14:53:07.005Z,X1909261,3070,-15.67497,-47.80177,11041.6,4.1,27.2,54.3,-40.4,8.2,248.5,RS41-SGP,403.502,16.1,-875,11,3.0,,
2026-09-19T14:53:08.005Z,X1909261,3071,-15.67483,-47.80155,11045.5,3.5,30.0,57.7,-40.4,8.7,248.4,RS41-SGP,403.502,17.9,-875,11,3.0,,
2026-09-19T14:53:09.005Z,X1909261,3072,-15.67469,-47.80130,11049.3,4.2,30.1,61.4,-40.5,9.2,248.2,RS41-SGP,403.502,17.9,-875,11,3.0,,
2026-09-19T14:53:10.005Z,X1909261,3073,-15.67456,-47.80107,11053.8,4.7,27.0,61.5,-40.5,9.3,248.1,RS41-SGP,403.502,16.6,-875,11,3.0,,
2026-09-19T14:53:11.005Z,X1909261,3074,-15.67445,-47.80087,11058.5,4.3,24.3,56.9,-40.6,9.8,247.9,RS41-SGP,403.502,12.8,-875,11,3.0,,
2026-09-19T14:53:12.005Z,X1909261,3075,-15.67432,-47.80068,11062.9,4.6,25.1,52.0,-40.7,10.1,247.7,RS41-SGP,403.502,11.1,-875,11,3.0,,
2026-09-19T14:53:13.005Z,X1909261,3076,-15.67417,-47.80048,11067.4,4.2,28.7,53.3,-40.6,10.4,247.6,RS41-SGP,403.502,18.3,-875,11,3.0,,
2026-09-19T14:53:14.005Z,X1909261,3077,-15.67402,-47.80025,11071.6,4.1,31.1,57.9,-40.6,10.6,247.4,RS41-SGP,403.502,18.3,-875,11,3.0,,
2026-09-19T14:53:15.005Z,X1909261,3078,-15.67388,-47.80001,11076.0,4.8,29.1,61.5,-40.6,10.6,247.3,RS41-SGP,403.502,17.9,-875,11,3.0,,
2026-09-19T14:53:16.005Z,X1909261,3079,-15.67376,-47.79979,11080.6,4.2,25.1,59.8,-40.7,10.7,247.2,RS41-SGP,403.502,16.9,-875,11,3.0,,
2026-09-19T14:53:17.005Z,X1909261,3080,-15.67364,-47.79960,11085.0,4.6,23.4,52.4,-40.8,10.8,247.0,RS41-SGP,403.502,12.2,-875,11,3.0,,
2026-09-19T14:53:18.005Z,X1909261,3081,-15.67350,-47.79942,11090.2,5.5,26.5,49.5,-40.7,10.7,246.8,RS41-SGP,403.502,17.6,-875,11,3.0,,
2026-09-19T14:53:19.005Z,X1909261,3082,-15.67334,-47.79921,11095.3,4.6,30.3,53.4,-40.8,10.8,246.6,RS41-SGP,403.502,21.2,-875,11,3.0,,
2026-09-19T14:53:20.005Z,X1909261,3083,-15.67319,-47.79897,11100.2,5.1,31.2,59.7,-40.8,10.8,246.4,RS41-SGP,403.502,21.2,-875,11,3.0,,
2026-09-19T14:53:21.005Z,X1909261,3084,-15.67306,-47.79874,11105.5,5.5,27.7,62.2,-40.8,10.6,246.2,RS41-SGP,403.502,20.1,-875,11,3.0,,
2026-09-19T14:53:22.005Z,X1909261,3085,-15.67294,-47.79853,11110.4,4.3,24.0,56.8,-40.8,10.4,246.1,RS41-SGP,403.502,16.2,-875,11,3.0,,
2026-09-19T14:53:23.005Z,X1909261,3086,-15.67281,-47.79835,11114.9,4.5,24.8,48.3,-40.9,10.4,245.9,RS41-SGP,403.502,14.3,-875,11,3.0,,
2026-09-19T14:53:24.005Z,X1909261,3087,-15.67265,-47.79816,11119.6,4.8,29.5,49.4,-40.9,10.2,245.7,RS41-SGP,403.502,20.4,-875,11,3.0,,
2026-09-19T14:53:25.005Z,X1909261,3088,-15.67248,-47.79793,11124.2,4.3,31.8,56.3,-40.9,10.1,245.5,RS41-SGP,403.502,20.8,-875,11,3.0,,
2026-09-19T14:53:26.005Z,X1909261,3089,-15.67234,-47.79769,11128.7,4.6,29.5,62.1,-41.0,10.0,245.5,RS41-SGP,403.502,20.8,-875,11,3.0,,
2026-09-19T14:53:27.005Z,X1909261,3090,-15.67222,-47.79746,11133.0,3.9,24.7,60.3,-41.0,9.9,245.3,RS41-SGP,403.502,18.6,-875,11,3.0,,
2026-09-19T14:53:29.005Z,X1909261,3092,-15.67195,-47.79709,11142.0,4.6,28.5,49.1,-41.1,10.0,244.9,RS41-SGP,403.502,17.5,-875,11,3.0,,
2026-09-19T14:53:30.005Z,X1909261,3093,-15.67178,-47.79687,11146.1,3.6,32.4,54.8,-41.2,10.2,244.8,RS41-SGP,403.502,22.0,-875,11,3.0,,
2026-09-19T14:53:31.005Z,X1909261,3094,-15.67163,-47.79661,11150.3,4.7,31.7,62.0,-41.2,9.9,244.6,RS41-SGP,403.502,22.0,-875,11,3.0,,
2026-09-19T14:53:32.005Z,X1909261,3095,-15.67150,-47.79637,11154.9,4.3,26.8,61.9,-41.2,9.6,244.4,RS41-SGP,403.502,20.8,-875,11,3.0,,
2026-09-19T14:53:33.005Z,X1909261,3096,-15.67138,-47.79617,11159.0,3.6,24.0,53.3,-41.3,9.6,244.3,RS41-SGP,403.502,16.3,-875,11,3.0,,
2026-09-19T14:53:34.005Z,X1909261,3097,-15.67123,-47.79599,11163.2,4.7,27.1,48.2,-41.3,9.4,244.2,RS41-SGP,403.502,15.5,-875,11,3.0,,
2026-09-19T14:53:35.005Z,X1909261,3098,-15.67107,-47.79578,11167.4,3.7,31.3,53.6,-41.3,9.4,244.0,RS41-SGP,403.502,20.0,-875,11,3.0,,
2026-09-19T14:53:36.005Z,X1909261,3099,-15.67092,-47.79553,11171.3,4.0,32.6,61.4,-41.3,9.2,243.9,RS41-SGP,403.502,20.0,-875,11,3.0,,
2026-09-19T14:53:37.005Z,X1909261,3100,-15.67078,-47.79527,11176.1,5.5,29.5,62.0,-41.4,9.0,243.7,RS41-SGP,403.502,19.1,-875,11,3.0,,
2026-09-19T14:53:38.005Z,X1909261,3101,-15.67065,-47.79505,11180.6,3.4,27.3,54.7,-41.4,8.9,243.5,RS41-SGP,403.502,16.6,-875,11,3.0,,
2026-09-19T14:53:39.005Z,X1909261,3102,-15.67049,-47.79485,11183.9,3.1,28.6,47.1,-41.5,9.0,243.4,RS41-SGP,403.502,19.5,-875,11,3.0,,
2026-09-19T14:53:40.005Z,X1909261,3103,-15.67031,-47.79464,11187.8,4.6,31.1,50.8,-41.5,9.0,243.2,RS41-SGP,403.502,22.2,-875,11,3.0,,
2026-09-19T14:53:41.005Z,X1909261,3104,-15.67015,-47.79440,11191.9,3.4,30.7,58.7,-41.5,8.9,243.2,RS41-SGP,403.502,22.2,-875,11,3.0,,
2026-09-19T14:53:42.005Z,X1909261,3105,-15.67002,-47.79417,11195.6,3.9,27.8,63.3,-41.6,8.9,242.9,RS41-SGP,403.502,19.7,-875,11,3.0,,
2026-09-19T14:53:43.005Z,X1909261,3106,-15.66990,-47.79395,11200.0,4.8,26.3,56.3,-41.6,8.8,242.8,RS41-SGP,403.502,16.4,-875,11,3.0,,
2026-09-19T14:53:44.005Z,X1909261,3107,-15.66975,-47.79375,11204.4,3.7,28.9,48.8,-41.6,8.7,242.7,RS41-SGP,403.502,20.7,-875,11,3.0,,
2026-09-19T14:53:45.005Z,X1909261,3108,-15.66957,-47.79353,11208.2,3.9,31.8,48.3,-41.6,8.7,242.5,RS41-SGP,403.502,23.1,-875,11,3.0,,
2026-09-19T14:53:46.005Z,X1909261,3109,-15.66939,-47.79331,11211.7,3.2,31.2,52.0,-41.6,8.6,242.4,RS41-SGP,403.502,23.1,-875,11,3.0,,
2026-09-19T14:53:47.005Z,X1909261,3110,-15.66923,-47.79309,11214.6,2.5,28.5,55.3,-41.5,8.6,242.3,RS41-SGP,403.502,21.6,-875,11,3.0,,
2026-09-19T14:53:48.005Z,X1909261,3111,-15.66909,-47.79288,11217.8,3.7,26.4,55.2,-41.7,8.6,242.2,RS41-SGP,403.502,18.9,-875,11,3.0,,
2026-09-19T14:53:49.005Z,X1909261,3112,-15.66894,-47.79267,11221.9,4.3,27.6,53.0,-41.8,8.6,242.0,RS41-SGP,403.502,20.3,-875,11,3.0,,
2026-09-19T14:53:50.005Z,X1909261,3113,-15.66879,-47.79246,11226.0,3.8,29.9,54.2,-41.7,8.5,241.9,RS41-SGP,403.502,22.3,-875,11,3.0,,
2026-09-19T14:53:51.005Z,X1909261,3114,-15.66864,-47.79222,11229.9,4.0,30.4,58.0,-41.8,8.4,241.8,RS41-SGP,403.502,22.3,-875,11,3.0,,
2026-09-19T14:53:52.005Z,X1909261,3115,-15.66850,-47.79199,11234.1,4.2,28.4,60.2,-41.9,8.4,241.7,RS41-SGP,403.502,21.9,-875,11,3.0,,
2026-09-19T14:53:53.005Z,X1909261,3116,-15.66837,-47.79177,11238.3,4.1,26.6,57.5,-41.9,8.3,241.5,RS41-SGP,403.502,19.4,-875,11,3.0,,
2026-09-19T14:53:54.005Z,X1909261,3117,-15.66823,-47.79156,11242.4,3.9,27.7,53.4,-41.9,8.2,241.4,RS41-SGP,403.502,19.7,-875,11,3.0,,
2026-09-19T14:53:55.005Z,X1909261,3118,-15.66808,-47.79135,11246.0,3.3,30.3,52.6,-41.9,8.2,241.2,RS41-SGP,403.502,22.0,-875,11,3.0,,
2026-09-19T14:53:56.005Z,X1909261,3119,-15.66791,-47.79111,11249.3,3.4,31.7,55.5,-41.9,8.2,241.1,RS41-SGP,403.502,22.5,-875,11,3.0,,
2026-09-19T14:53:57.005Z,X1909261,3120,-15.66776,-47.79087,11252.9,3.8,30.6,58.0,-42.0,8.1,240.9,RS41-SGP,403.502,22.5,-875,11,3.0,,
2026-09-19T14:53:58.005Z,X1909261,3121,-15.66761,-47.79064,11256.6,3.4,28.0,56.5,-42.0,8.2,240.8,RS41-SGP,403.502,22.2,-875,11,3.0,,
2026-09-19T14:53:59.005Z,X1909261,3122,-15.66747,-47.79044,11259.8,3.0,26.5,51.4,-42.0,8.3,240.7,RS41-SGP,403.502,20.1,-875,11,3.0,,
2026-09-19T14:54:01.005Z,X1909261,3124,-15.66715,-47.79004,11267.0,3.7,29.6,52.0,-42.0,8.5,240.5,RS41-SGP,403.502,19.8,-875,11,3.0,,
2026-09-19T14:54:02.005Z,X1909261,3125,-15.66699,-47.78981,11270.6,3.5,30.4,57.7,-42.0,8.6,240.3,RS41-SGP,403.502,23.0,-875,11,3.0,,
2026-09-19T14:54:03.005Z,X1909261,3126,-15.66685,-47.78957,11274.2,3.6,29.1,60.2,-42.1,8.6,240.2,RS41-SGP,403.502,23.0,-875,11,3.0,,
2026-09-19T14:54:04.005Z,X1909261,3127,-15.66672,-47.78935,11277.4,2.8,26.8,56.7,-42.1,8.5,240.1,RS41-SGP,403.502,22.8,-875,11,3.0,,
2026-09-19T14:54:05.005Z,X1909261,3128,-15.66658,-47.78916,11280.3,2.8,25.9,49.2,-42.1,8.4,240.0,RS41-SGP,403.502,21.2,-875,11,3.0,,
2026-09-19T14:54:06.005Z,X1909261,3129,-15.66642,-47.78897,11283.8,4.2,27.0,47.8,-42.1,8.3,239.8,RS41-SGP,403.502,21.1,-875,11,3.0,,
2026-09-19T14:54:07.005Z,X1909261,3130,-15.66626,-47.78877,11288.0,4.0,27.9,53.4,-42.0,8.1,239.7,RS41-SGP,403.502,22.6,-875,11,3.0,,
2026-09-19T14:54:08.005Z,X1909261,3131,-15.66613,-47.78856,11291.5,2.9,27.9,59.6,-42.1,8.1,239.6,RS41-SGP,403.502,22.6,-875,11,3.0,,
2026-09-19T14:54:09.005Z,X1909261,3132,-15.66601,-47.78833,11294.7,3.6,27.1,62.6,-42.2,8.2,239.4,RS41-SGP,403.502,21.8,-875,11,3.0,,
2026-09-19T14:54:10.005Z,X1909261,3133,-15.66589,-47.78812,11298.7,4.2,26.0,58.6,-42.3,8.1,239.3,RS41-SGP,403.502,20.7,-875,11,3.0,,
2026-09-19T14:54:11.005Z,X1909261,3134,-15.66575,-47.78792,11302.8,3.9,26.9,52.8,-42.4,8.1,239.2,RS41-SGP,403.502,20.4,-875,11,3.0,,
2026-09-19T14:54:12.005Z,X1909261,3135,-15.66560,-47.78771,11306.9,4.1,29.2,51.9,-42.3,8.0,239.0,RS41-SGP,403.502,22.2,-875,11,3.0,,
2026-09-19T14:54:13.005Z,X1909261,3136,-15.66544,-47.78748,11311.2,4.3,30.5,55.8,-42.2,8.1,238.9,RS41-SGP,403.502,22.2,-875,11,3.0,,
2026-09-19T14:54:14.005Z,X1909261,3137,-15.66529,-47.78725,11315.1,3.4,30.5,58.5,-42.3,8.0,238.7,RS41-SGP,403.502,21.2,-875,11,3.0,,
2026-09-19T14:54:15.005Z,X1909261,3138,-15.66515,-47.78701,11318.5,3.2,29.9,57.5,-42.2,7.9,238.6,RS41-SGP,403.502,21.0,-875,11,3.0,,
2026-09-19T14:54:16.005Z,X1909261,3139,-15.66500,-47.78678,11321.6,3.0,29.7,53.2,-42.2,7.8,238.6,RS41-SGP,403.502,20.3,-875,11,3.0,,
2026-09-19T14:54:17.005Z,X1909261,3140,-15.66483,-47.78656,11325.0,3.7,30.2,50.4,-42.2,7.5,238.4,RS41-SGP,403.502,20.6,-875,11,3.0,,
2026-09-19T14:54:18.005Z,X1909261,3141,-15.66466,-47.78634,11329.0,4.2,30.2,51.7,-42.3,7.6,238.3,RS41-SGP,403.502,21.4,-875,11,3.0,,
2026-09-19T14:54:19.005Z,X1909261,3142,-15.66450,-47.78612,11332.9,3.6,29.0,54.7,-42.3,7.6,238.2,RS41-SGP,403.502,21.4,-875,11,3.0,,
2026-09-19T14:54:20.005Z,X1909261,3143,-15.66435,-47.78591,11336.2,2.9,27.3,55.0,-42.4,7.7,238.0,RS41-SGP,403.502,21.4,-875,11,3.0,,
2026-09-19T14:54:21.005Z,X1909261,3144,-15.66420,-47.78571,11339.3,3.1,26.7,50.9,-42.5,7.7,237.9,RS41-SGP,403.502,20.1,-875,11,3.0,,
2026-09-19T14:54:22.005Z,X1909261,3145,-15.66404,-47.78551,11342.7,3.7,28.0,47.5,-42.6,7.7,237.8,RS41-SGP,403.502,22.3,-875,11,3.0,,
2026-09-19T14:54:23.005Z,X1909261,3146,-15.66387,-47.78532,11346.7,4.2,29.0,49.4,-42.3,7.6,237.7,RS41-SGP,403.502,22.8,-875,11,3.0,,
2026-09-19T14:54:24.005Z,X1909261,3147,-15.66371,-47.78511,11350.6,3.7,28.4,54.4,-42.3,7.7,237.5,RS41-SGP,403.502,22.8,-875,11,3.0,,
2026-09-19T14:54:25.005Z,X1909261,3148,-15.66357,-47.78489,11354.4,3.7,26.9,58.6,-42.5,7.9,237.4,RS41-SGP,403.502,21.8,-875,11,3.0,,
2026-09-19T14:54:26.005Z,X1909261,3149,-15.66345,-47.78468,11358.4,4.2,26.2,56.5,-42.6,8.1,237.2,RS41-SGP,403.502,18.8,-875,11,3.0,,
2026-09-19T14:54:27.005Z,X1909261,3150,-15.66330,-47.78448,11362.5,3.7,27.6,51.3,-42.8,8.2,237.1,RS41-SGP,403.502,21.0,-875,11,3.0,,
2026-09-19T14:54:28.005Z,X1909261,3151,-15.66314,-47.78428,11366.0,3.4,29.5,49.7,-42.7,8.4,236.9,RS41-SGP,403.502,21.5,-875,11,3.0,,
2026-09-19T14:54:29.005Z,X1909261,3152,-15.66297,-47.78406,11369.5,3.6,29.3,53.3,-42.6,8.7,236.9,RS41-SGP,403.502,21.5,-875,11,3.0,,
2026-09-19T14:54:30.005Z,X1909261,3153,-15.66283,-47.78385,11373.0,3.3,27.3,57.8,-42.6,8.8,236.7,RS41-SGP,403.502,20.8,-875,11,3.0,,
2026-09-19T14:54:31.005Z,X1909261,3154,-15.66270,-47.78364,11376.8,4.1,25.5,58.2,-42.8,8.9,236.6,RS41-SGP,403.502,17.5,-875,11,3.0,,
2026-09-19T14:54:32.005Z,X1909261,3155,-15.66257,-47.78344,11381.1,4.4,26.9,52.9,-42.7,8.7,236.4,RS41-SGP,403.502,16.9,-875,11,3.0,,
2026-09-19T14:54:33.005Z,X1909261,3156,-15.66241,-47.78323,11385.0,3.4,30.1,49.8,-42.8,8.8,236.3,RS41-SGP,403.502,19.6,-875,11,3.0,,
2026-09-19T14:54:34.005Z,X1909261,3157,-15.66223,-47.78301,11388.8,4.0,32.0,50.5,-42.8,8.8,236.1,RS41-SGP,403.502,21.6,-875,11,3.0,,
2026-09-19T14:54:35.005Z,X1909261,3158,-15.66206,-47.78278,11392.8,4.1,30.4,53.3,-42.6,8.6,236.1,RS41-SGP,403.502,21.6,-875,11,3.0,,
2026-09-19T14:54:38.005Z,X1909261,3161,-15.66160,-47.78216,11403.7,3.8,28.3,50.1,-43.0,9.2,235.7,RS41-SGP,403.502,18.6,-875,11,3.0,,
2026-09-19T14:54:39.005Z,X1909261,3162,-15.66143,-47.78195,11407.4,3.5,30.3,51.3,-43.0,9.3,235.6,RS41-SGP,403.502,21.9,-875,11,3.0,,
2026-09-19T14:54:40.005Z,X1909261,3163,-15.66126,-47.78173,11410.9,3.5,29.7,53.1,-43.0,9.4,235.4,RS41-SGP,403.502,22.0,-875,11,3.0,,
2026-09-19T14:54:41.005Z,X1909261,3164,-15.66111,-47.78152,11414.3,3.1,27.1,53.9,-42.9,9.2,235.3,RS41-SGP,403.502,22.0,-875,11,3.0,,
2026-09-19T14:54:42.005Z,X1909261,3165,-15.66097,-47.78132,11417.8,3.7,24.8,51.7,-43.1,9.2,235.1,RS41-SGP,403.502,21.0,-875,11,3.0,,
2026-09-19T14:54:43.005Z,X1909261,3166,-15.66083,-47.78114,11421.8,4.3,25.6,50.0,-43.0,8.9,235.0,RS41-SGP,403.502,18.3,-875,11,3.0,,
2026-09-19T14:54:44.005Z,X1909261,3167,-15.66068,-47.78095,11425.7,3.3,28.1,52.4,-43.0,9.0,234.9,RS41-SGP,403.502,21.5,-875,11,3.0,,
2026-09-19T14:54:45.005Z,X1909261,3168,-15.66053,-47.78073,11428.8,2.9,29.8,56.9,-43.1,9.0,234.8,RS41-SGP,403.502,22.9,-875,11,3.0,,
2026-09-19T14:54:46.005Z,X1909261,3169,-15.66038,-47.78050,11432.2,3.8,29.0,59.2,-43.2,9.1,234.7,RS41-SGP,403.502,22.9,-875,11,3.0,,
2026-09-19T14:54:47.005Z,X1909261,3170,-15.66025,-47.78028,11436.1,3.8,26.6,56.3,-43.3,9.1,234.6,RS41-SGP,403.502,20.5,-875,11,3.0,,
2026-09-19T14:54:48.005Z,X1909261,3171,-15.66011,-47.78008,11439.7,3.3,26.3,49.7,-43.4,9.1,234.4,RS41-SGP,403.502,19.4,-875,11,3.0,,
2026-09-19T14:54:49.005Z,X1909261,3172,-15.65994,-47.77989,11443.3,3.8,28.5,46.8,-43.4,9.0,234.2,RS41-SGP,403.502,21.4,-875,11,3.0,,
2026-09-19T14:54:50.005Z,X1909261,3173,-15.65977,-47.77968,11447.2,3.8,30.4,51.2,-43.3,9.0,234.2,RS41-SGP,403.502,21.4,-875,11,3.0,,
2026-09-19T14:54:51.005Z,X1909261,3174,-15.65961,-47.77945,11450.8,3.3,30.1,57.6,-43.3,9.0,234.0,RS41-SGP,403.502,21.3,-875,11,3.0,,
2026-09-19T14:54:52.005Z,X1909261,3175,-15.65947,-47.77922,11454.3,3.4,28.4,59.2,-43.4,8.9,233.9,RS41-SGP,403.502,20.7,-875,11,3.0,,
2026-09-19T14:54:53.005Z,X1909261,3176,-15.65933,-47.77901,11457.7,3.3,27.4,53.5,-43.3,8.8,233.8,RS41-SGP,403.502,19.1,-875,11,3.0,,
2026-09-19T14:54:54.005Z,X1909261,3177,-15.65917,-47.77881,11461.0,3.1,28.9,47.3,-43.5,9.0,233.7,RS41-SGP,403.502,21.6,-875,11,3.0,,
2026-09-19T14:54:55.005Z,X1909261,3178,-15.65899,-47.77860,11464.7,4.2,30.5,48.3,-43.4,9.1,233.6,RS41-SGP,403.502,22.5,-875,11,3.0,,
2026-09-19T14:54:56.005Z,X1909261,3179,-15.65882,-47.77838,11468.8,4.0,29.3,53.8,-43.2,9.0,233.4,RS41-SGP,403.502,22.5,-875,11,3.0,,
2026-09-19T14:54:57.005Z,X1909261,3180,-15.65868,-47.77817,11472.7,3.7,26.6,58.1,-43.4,9.2,233.3,RS41-SGP,403.502,21.1,-875,11,3.0,,
2026-09-19T14:54:58.005Z,X1909261,3181,-15.65855,-47.77797,11477.0,4.7,25.5,55.4,-43.5,9.1,233.1,RS41-SGP,403.502,16.9,-875,11,3.0,,
2026-09-19T14:54:59.005Z,X1909261,3182,-15.65841,-47.77777,11481.3,3.7,28.0,50.4,-43.4,8.9,232.9,RS41-SGP,403.502,20.0,-875,11,3.0,,
2026-09-19T14:55:00.005Z,X1909261,3183,-15.65823,-47.77756,11484.8,3.1,31.5,49.3,-43.3,8.9,232.8,RS41-SGP,403.502,23.0,-875,11,3.0,,
2026-09-19T14:55:01.005Z,X1909261,3184,-15.65805,-47.77733,11488.6,4.4,31.9,52.4,-43.4,8.8,232.7,RS41-SGP,403.502,23.4,-875,11,3.0,,
2026-09-19T14:55:02.005Z,X1909261,3185,-15.65789,-47.77710,11492.8,3.9,28.7,54.7,-43.4,8.7,232.6,RS41-SGP,403.502,23.4,-875,11,3.0,,
2026-09-19T14:55:03.005Z,X1909261,3186,-15.65775,-47.77690,11496.5,3.3,25.1,53.3,-43.4,8.5,232.4,RS41-SGP,403.502,20.0,-875,11,3.0,,
2026-09-19T14:55:04.005Z,X1909261,3187,-15.65761,-47.77671,11500.5,4.6,25.5,49.0,-43.5,8.3,232.3,RS41-SGP,403.502,18.1,-875,11,3.0,,
2026-09-19T14:55:05.005Z,X1909261,3188,-15.65745,-47.77652,11504.8,3.8,29.1,49.9,-43.3,8.0,232.2,RS41-SGP,403.502,21.6,-875,11,3.0,,
2026-09-19T14:55:06.005Z,X1909261,3189,-15.65728,-47.77630,11508.5,3.5,31.9,54.8,-43.4,7.8,232.1,RS41-SGP,403.502,22.3,-875,11,3.0,,
2026-09-19T14:55:07.005Z,X1909261,3190,-15.65712,-47.77605,11512.6,4.5,30.6,58.0,-43.5,7.6,231.9,RS41-SGP,403.502,22.3,-875,11,3.0,,
2026-09-19T14:55:08.005Z,X1909261,3191,-15.65698,-47.77583,11516.9,3.8,27.2,54.4,-43.3,7.4,231.8,RS41-SGP,403.502,21.1,-875,11,3.0,,
2026-09-19T14:55:09.005Z,X1909261,3192,-15.65683,-47.77564,11520.2,2.9,25.9,47.0,-43.5,7.4,231.6,RS41-SGP,403.502,18.3,-875,11,3.0,,
2026-09-19T14:55:10.005Z,X1909261,3193,-15.65666,-47.77546,11523.8,4.1,28.2,45.3,-43.5,7.2,231.4,RS41-SGP,403.502,20.1,-875,11,3.0,,
2026-09-19T14:55:11.005Z,X1909261,3194,-15.65648,-47.77526,11527.6,3.6,30.3,51.3,-43.5,7.2,231.4,RS41-SGP,403.502,20.3,-875,11,3.0,,
2026-09-19T14:55:12.005Z,X1909261,3195,-15.65633,-47.77503,11531.2,3.4,30.1,57.6,-43.5,7.0,231.2,RS41-SGP,403.502,20.3,-875,11,3.0,,
2026-09-19T14:55:13.005Z,X1909261,3196,-15.65619,-47.77480,11535.1,4.3,27.2,56.5,-43.5,6.9,231.1,RS41-SGP,403.502,19.3,-875,11,3.0,,
2026-09-19T14:55:14.005Z,X1909261,3197,-15.65604,-47.77461,11539.1,3.8,25.8,48.9,-43.6,6.8,230.9,RS41-SGP,403.502,18.4,-875,11,3.0,,
2026-09-19T14:55:15.005Z,X1909261,3198,-15.65588,-47.77443,11542.9,3.8,27.2,44.5,-43.6,6.7,230.8,RS41-SGP,403.502,18.7,-875,11,3.0,,
2026-09-19T14:55:16.005Z,X1909261,3199,-15.65571,-47.77424,11546.9,3.9,28.4,49.1,-43.4,6.5,230.7,RS41-SGP,403.502,20.4,-875,11,3.0,,
2026-09-19T14:55:17.005Z,X1909261,3200,-15.65555,-47.77403,11550.3,2.9,28.1,56.2,-43.4,6.5,230.6,RS41-SGP,403.502,20.4,-875,11,3.0,,
2026-09-19T14:55:18.005Z,X1909261,3201,-15.65542,-47.77382,11553.8,3.8,26.4,58.4,-43.6,6.5,230.5,RS41-SGP,403.502,19.8,-875,11,3.0,,
2026-09-19T14:55:19.005Z,X1909261,3202,-15.65528,-47.77362,11557.7,3.9,25.7,52.0,-43.7,6.4,230.4,RS41-SGP,403.502,17.8,-875,11,3.0,,
2026-09-19T14:55:20.005Z,X1909261,3203,-15.65513,-47.77343,11561.3,3.2,27.1,46.6,-43.7,6.3,230.2,RS41-SGP,403.502,19.0,-875,11,3.0,,
2026-09-19T14:55:21.005Z,X1909261,3204,-15.65496,-47.77324,11565.0,3.9,28.5,48.9,-43.6,6.3,230.1,RS41-SGP,403.502,20.7,-875,11,3.0,,
2026-09-19T14:55:22.005Z,X1909261,3205,-15.65480,-47.77303,11568.6,3.2,28.2,56.0,-43.5,6.1,230.0,RS41-SGP,403.502,20.7,-875,11,3.0,,
2026-09-19T14:55:23.005Z,X1909261,3206,-15.65468,-47.77281,11572.2,3.8,26.9,61.6,-43.7,6.1,229.8,RS41-SGP,403.502,19.7,-875,11,3.0,,
2026-09-19T14:55:24.005Z,X1909261,3207,-15.65456,-47.77260,11576.3,4.4,26.4,58.7,-43.7,6.0,229.7,RS41-SGP,403.502,17.8,-875,11,3.0,,
2026-09-19T14:55:25.005Z,X1909261,3208,-15.65442,-47.77239,11580.2,3.3,27.8,51.8,-43.6,5.8,229.6,RS41-SGP,403.502,20.0,-875,11,3.0,,
2026-09-19T14:55:26.005Z,X1909261,3209,-15.65425,-47.77218,11583.5,3.2,30.2,48.6,-43.7,5.7,229.5,RS41-SGP,403.502,21.9,-875,11,3.0,,
2026-09-19T14:55:27.005Z,X1909261,3210,-15.65407,-47.77197,11587.4,4.7,30.4,51.8,-43.8,5.8,229.3,RS41-SGP,403.502,21.9,-875,11,3.0,,
2026-09-19T14:55:28.005Z,X1909261,3211,-15.65392,-47.77175,11591.7,3.8,27.8,56.3,-43.7,5.6,229.2,RS41-SGP,403.502,21.6,-875,11,3.0,,
2026-09-19T14:55:29.005Z,X1909261,3212,-15.65379,-47.77154,11595.3,3.3,24.9,57.2,-43.8,5.6,229.1,RS41-SGP,403.502,18.9,-875,11,3.0,,
2026-09-19T14:55:30.005Z,X1909261,3213,-15.65366,-47.77135,11598.9,3.7,25.0,51.9,-43.9,5.5,228.9,RS41-SGP,403.502,14.4,-875,11,3.0,,
2026-09-19T14:55:31.005Z,X1909261,3214,-15.65350,-47.77116,11602.2,3.0,28.3,48.7,-43.9,5.5,228.8,RS41-SGP,403.502,18.9,-875,11,3.0,,
2026-09-19T14:55:32.005Z,X1909261,3215,-15.65333,-47.77095,11605.6,3.6,31.1,50.0,-43.8,5.4,228.7,RS41-SGP,403.502,21.0,-875,11,3.0,,
2026-09-19T14:55:33.005Z,X1909261,3216,-15.65316,-47.77073,11609.5,4.3,29.5,53.3,-43.7,5.2,228.6,RS41-SGP,403.502,21.0,-875,11,3.0,,
2026-09-19T14:55:34.005Z,X1909261,3217,-15.65301,-47.77052,11613.2,3.0,25.9,54.4,-43.7,5.2,228.4,RS41-SGP,403.502,20.0,-875,11,3.0,,
2026-09-19T14:55:35.005Z,X1909261,3218,-15.65288,-47.77034,11616.5,3.5,23.4,51.6,-43.9,5.3,228.4,RS41-SGP,403.502,16.2,-875,11,3.0,,
2026-09-19T14:55:36.005Z,X1909261,3219,-15.65274,-47.77016,11620.4,4.2,25.3,49.7,-44.0,5.3,228.2,RS41-SGP,403.502,17.3,-875,11,3.0,,
2026-09-19T14:55:37.005Z,X1909261,3220,-15.65259,-47.76997,11624.1,3.1,28.8,52.6,-43.9,5.3,228.1,RS41-SGP,403.502,19.6,-875,11,3.0,,
2026-09-19T14:55:38.005Z,X1909261,3221,-15.65243,-47.76974,11627.6,3.8,30.4,57.3,-43.9,5.3,228.0,RS41-SGP,403.502,19.6,-875,11,3.0,,
2026-09-19T14:55:39.005Z,X1909261,3222,-15.65229,-47.76951,11631.8,4.5,28.0,58.2,-44.0,5.2,227.8,RS41-SGP,403.502,19.3,-875,11,3.0,,
2026-09-19T14:55:40.005Z,X1909261,3223,-15.65216,-47.76931,11635.8,3.3,25.1,53.4,-44.1,5.2,227.8,RS41-SGP,403.502,16.8,-875,11,3.0,,
2026-09-19T14:55:41.005Z,X1909261,3224,-15.65201,-47.76913,11639.5,3.9,25.1,46.4,-44.2,5.2,227.6,RS41-SGP,403.502,16.0,-875,11,3.0,,
2026-09-19T14:55:42.005Z,X1909261,3225,-15.65185,-47.76895,11643.4,3.8,27.2,48.3,-44.1,5.1,227.5,RS41-SGP,403.502,17.3,-875,11,3.0,,
2026-09-19T14:55:43.005Z,X1909261,3226,-15.65170,-47.76875,11646.8,2.8,27.9,54.5,-43.9,5.0,227.3,RS41-SGP,403.502,18.6,-875,11,3.0,,
2026-09-19T14:55:44.005Z,X1909261,3227,-15.65157,-47.76854,11649.7,3.1,26.4,59.9,-44.1,5.1,227.2,RS41-SGP,403.502,18.6,-875,11,3.0,,
2026-09-19T14:55:45.005Z,X1909261,3228,-15.65145,-47.76834,11653.4,4.0,24.6,56.9,-44.2,5.2,227.1,RS41-SGP,403.502,16.4,-875,11,3.0,,
2026-09-19T14:55:46.005Z,X1909261,3229,-15.65131,-47.76815,11657.2,3.6,25.7,50.1,-44.3,5.1,227.0,RS41-SGP,403.502,17.2,-875,11,3.0,,
2026-09-19T14:55:47.005Z,X1909261,3230,-15.65115,-47.76796,11660.8,3.5,28.3,48.9,-44.3,5.0,226.9,RS41-SGP,403.502,20.4,-875,11,3.0,,
2026-09-19T14:55:48.005Z,X1909261,3231,-15.65099,-47.76775,11664.3,3.5,28.7,53.7,-44.3,5.1,226.8,RS41-SGP,403.502,20.4,-875,11,3.0,,
2026-09-19T14:55:49.005Z,X1909261,3232,-15.65086,-47.76754,11667.7,3.0,26.4,59.4,-44.3,5.1,226.7,RS41-SGP,403.502,19.6,-875,11,3.0,,
2026-09-19T14:55:50.005Z,X1909261,3233,-15.65074,-47.76733,11671.1,3.7,23.7,60.1,-44.4,5.1,226.5,RS41-SGP,403.502,17.5,-875,11,3.0,,
2026-09-19T14:55:51.005Z,X1909261,3234,-15.65062,-47.76715,11675.1,4.0,24.6,55.3,-44.4,5.0,226.4,RS41-SGP,403.502,12.8,-875,11,3.0,,
2026-09-19T14:55:52.005Z,X1909261,3235,-15.65049,-47.76695,11678.6,3.0,27.7,54.1,-44.2,4.9,226.3,RS41-SGP,403.502,17.7,-875,11,3.0,,
2026-09-19T14:55:53.005Z,X1909261,3236,-15.65034,-47.76673,11681.8,3.3,30.0,56.8,-44.2,5.0,226.2,RS41-SGP,403.502,18.0,-875,11,3.0,,
2026-09-19T14:55:54.005Z,X1909261,3237,-15.65020,-47.76649,11685.4,4.0,28.3,59.9,-44.4,5.0,226.0,RS41-SGP,403.502,18.0,-875,11,3.0,,
2026-09-19T14:55:55.005Z,X1909261,3238,-15.65008,-47.76628,11689.3,3.6,25.0,58.1,-44.5,5.1,225.9,RS41-SGP,403.502,17.6,-875,11,3.0,,
2026-09-19T14:55:56.005Z,X1909261,3239,-15.64995,-47.76610,11693.1,3.7,24.1,51.5,-44.5,5.1,225.8,RS41-SGP,403.502,15.8,-875,11,3.0,,
2026-09-19T14:55:57.005Z,X1909261,3240,-15.64981,-47.76591,11696.9,3.7,26.3,50.1,-44.5,5.0,225.7,RS41-SGP,403.502,16.3,-875,11,3.0,,
2026-09-19T14:55:58.005Z,X1909261,3241,-15.64966,-47.76571,11700.3,3.1,28.4,55.4,-44.5,5.2,225.5,RS41-SGP,403.502,18.8,-875,11,3.0,,
2026-09-19T14:55:59.005Z,X1909261,3242,-15.64953,-47.76549,11703.5,3.1,28.1,62.3,-44.5,5.2,225.4,RS41-SGP,403.502,18.8,-875,11,3.0,,
2026-09-19T14:56:00.005Z,X1909261,3243,-15.64942,-47.76526,11707.1,4.0,25.6,63.1,-44.6,5.3,225.3,RS41-SGP,403.502,18.0,-875,11,3.0,,
2026-09-19T14:56:01.005Z,X1909261,3244,-15.64930,-47.76506,11711.0,3.8,24.8,55.8,-44.6,5.2,225.2,RS41-SGP,403.502,15.8,-875,11,3.0,,
2026-09-19T14:56:02.005Z,X1909261,3245,-15.64916,-47.76487,11714.5,3.2,26.9,50.2,-44.6,5.3,225.0,RS41-SGP,403.502,16.3,-875,11,3.0,,
2026-09-19T14:56:03.005Z,X1909261,3246,-15.64900,-47.76467,11717.9,3.5,29.0,52.2,-44.7,5.4,224.9,RS41-SGP,403.502,19.0,-875,11,3.0,,
2026-09-19T14:56:04.005Z,X1909261,3247,-15.64886,-47.76445,11721.3,3.1,28.0,57.6,-44.6,5.4,224.8,RS41-SGP,403.502,19.4,-875,11,3.0,,
2026-09-19T14:56:05.005Z,X1909261,3248,-15.64873,-47.76424,11724.3,2.8,25.1,61.4,-44.6,5.4,224.7,RS41-SGP,403.502,19.4,-875,11,3.0,,
2026-09-19T14:56:06.005Z,X1909261,3249,-15.64862,-47.76404,11727.6,3.6,23.0,57.5,-44.7,5.5,224.6,RS41-SGP,403.502,16.1,-875,11,3.0,,
2026-09-19T14:56:07.005Z,X1909261,3250,-15.64850,-47.76386,11731.2,3.7,24.7,51.6,-44.8,5.4,224.5,RS41-SGP,403.502,12.9,-875,11,3.0,,
2026-09-19T14:56:08.005Z,X1909261,3251,-15.64835,-47.76367,11734.8,3.4,28.1,51.5,-44.7,5.4,224.4,RS41-SGP,403.502,18.3,-875,11,3.0,,
2026-09-19T14:56:09.005Z,X1909261,3252,-15.64820,-47.76346,11738.3,3.3,29.3,56.4,-44.7,5.4,224.2,RS41-SGP,403.502,20.3,-875,11,3.0,,
2026-09-19T14:56:10.005Z,X1909261,3253,-15.64807,-47.76323,11741.4,2.8,27.4,61.6,-44.7,5.4,224.1,RS41-SGP,403.502,20.3,-875,11,3.0,,
2026-09-19T14:56:11.005Z,X1909261,3254,-15.64796,-47.76302,11744.5,3.3,24.2,61.8,-44.8,5.5,224.1,RS41-SGP,403.502,19.0,-875,11,3.0,,
2026-09-19T14:56:12.005Z,X1909261,3255,-15.64785,-47.76283,11748.1,3.8,23.8,55.8,-44.9,5.6,223.9,RS41-SGP,403.502,14.2,-875,11,3.0,,
2026-09-19T14:56:13.005Z,X1909261,3256,-15.64771,-47.76264,11751.9,3.6,26.6,52.8,-44.8,5.7,223.8,RS41-SGP,403.502,9.5,-875,11,3.0,,
2026-09-19T14:56:14.005Z,X1909261,3257,-15.64757,-47.76243,11755.2,3.1,29.0,56.0,-44.7,5.8,223.7,RS41-SGP,403.502,16.1,-875,11,3.0,,
2026-09-19T14:56:15.005Z,X1909261,3258,-15.64743,-47.76220,11758.4,3.1,28.7,61.7,-44.8,5.7,223.6,RS41-SGP,403.502,17.8,-875,11,3.0,,
2026-09-19T14:56:16.005Z,X1909261,3259,-15.64732,-47.76197,11761.7,3.5,25.9,64.4,-44.9,5.6,223.5,RS41-SGP,403.502,17.8,-875,11,3.0,,
2026-09-19T14:56:17.005Z,X1909261,3260,-15.64722,-47.76176,11765.5,4.0,24.1,60.2,-44.9,5.5,223.3,RS41-SGP,403.502,14.1,-875,11,3.0,,
2026-09-19T14:56:18.005Z,X1909261,3261,-15.64710,-47.76157,11769.4,3.7,25.8,55.3,-44.8,5.3,223.2,RS41-SGP,403.502,13.7,-875,11,3.0,,
2026-09-19T14:56:19.005Z,X1909261,3262,-15.64695,-47.76136,11772.8,3.0,29.2,55.1,-44.8,5.2,223.1,RS41-SGP,403.502,19.1,-875,11,3.0,,
2026-09-19T14:56:20.005Z,X1909261,3263,-15.64681,-47.76112,11776.0,3.2,30.9,58.2,-44.9,5.2,222.9,RS41-SGP,403.502,20.7,-875,11,3.0,,
2026-09-19T14:56:21.005Z,X1909261,3264,-15.64666,-47.76088,11779.7,4.2,29.7,59.8,-45.0,5.2,222.9,RS41-SGP,403.502,20.7,-875,11,3.0,,
2026-09-19T14:56:22.005Z,X1909261,3265,-15.64653,-47.76066,11784.0,4.3,26.9,57.4,-44.9,5.1,222.7,RS41-SGP,403.502,19.9,-875,11,3.0,,
2026-09-19T14:56:23.005Z,X1909261,3266,-15.64640,-47.76046,11788.1,3.7,25.6,52.5,-45.0,5.2,222.6,RS41-SGP,403.502,19.1,-875,11,3.0,,
2026-09-19T14:56:24.005Z,X1909261,3267,-15.64625,-47.76027,11791.8,3.5,26.6,50.6,-45.1,5.2,222.5,RS41-SGP,403.502,16.9,-875,11,3.0,,
2026-09-19T14:56:25.005Z,X1909261,3268,-15.64610,-47.76006,11795.1,2.9,28.7,53.2,-45.1,5.4,222.4,RS41-SGP,403.502,20.5,-875,11,3.0,,
2026-09-19T14:56:26.005Z,X1909261,3269,-15.64594,-47.75984,11797.9,2.7,30.2,57.0,-45.1,5.4,222.3,RS41-SGP,403.502,21.4,-875,11,3.0,,
2026-09-19T14:56:27.005Z,X1909261,3270,-15.64580,-47.75960,11801.4,4.3,29.5,57.9,-45.1,5.3,222.2,RS41-SGP,403.502,21.4,-875,11,3.0,,
2026-09-19T14:56:28.005Z,X1909261,3271,-15.64566,-47.75938,11806.0,4.6,27.3,55.1,-45.1,5.2,222.0,RS41-SGP,403.502,21.3,-875,11,3.0,,
2026-09-19T14:56:29.005Z,X1909261,3272,-15.64552,-47.75918,11810.2,3.6,25.4,53.2,-45.2,5.2,221.9,RS41-SGP,403.502,20.4,-875,11,3.0,,
2026-09-19T14:56:30.005Z,X1909261,3273,-15.64539,-47.75900,11813.6,3.0,24.2,55.1,-45.1,5.2,221.8,RS41-SGP,403.502,19.8,-875,11,3.0,,
2026-09-19T14:56:31.005Z,X1909261,3274,-15.64527,-47.75881,11816.5,2.8,24.6,58.9,-45.0,5.3,221.7,RS41-SGP,403.502,21.0,-875,11,3.0,,
2026-09-19T14:56:32.005Z,X1909261,3275,-15.64516,-47.75861,11819.6,3.4,25.5,60.6,-44.9,5.1,221.5,RS41-SGP,403.502,21.0,-875,11,3.0,,
2026-09-19T14:56:33.005Z,X1909261,3276,-15.64504,-47.75840,11823.5,4.4,26.2,58.5,-45.1,5.1,221.4,RS41-SGP,403.502,21.0,-875,12,3.0,,
2026-09-19T14:56:35.005Z,X1909261,3278,-15.64477,-47.75798,11831.6,3.7,27.4,56.0,-45.2,5.0,221.2,RS41-SGP,403.502,18.2,-875,12,3.0,,
2026-09-19T14:56:36.005Z,X1909261,3279,-15.64464,-47.75776,11835.4,3.8,28.2,58.3,-45.1,4.9,221.0,RS41-SGP,403.502,21.1,-875,12,3.0,,
2026-09-19T14:56:37.005Z,X1909261,3280,-15.64451,-47.75754,11839.3,4.0,28.5,60.0,-45.2,5.0,220.9,RS41-SGP,403.502,21.6,-875,12,3.0,,
2026-09-19T14:56:38.005Z,X1909261,3281,-15.64438,-47.75731,11843.5,4.2,27.2,59.0,-45.4,5.0,220.8,RS41-SGP,403.502,21.6,-875,12,3.0,,
2026-09-19T14:56:39.005Z,X1909261,3282,-15.64425,-47.75711,11847.7,3.9,25.5,54.8,-45.4,5.0,220.6,RS41-SGP,403.502,20.5,-875,12,3.0,,
2026-09-19T14:56:40.005Z,X1909261,3283,-15.64411,-47.75692,11851.6,3.7,25.5,52.2,-45.5,4.9,220.5,RS41-SGP,403.502,16.0,-875,12,3.0,,
2026-09-19T14:56:41.005Z,X1909261,3284,-15.64397,-47.75672,11855.1,3.3,27.3,54.7,-45.3,4.9,220.4,RS41-SGP,403.502,19.2,-875,12,3.0,,
2026-09-19T14:56:42.005Z,X1909261,3285,-15.64383,-47.75650,11858.4,3.2,29.4,59.5,-45.5,5.1,220.3,RS41-SGP,403.502,20.5,-875,12,3.0,,
2026-09-19T14:56:43.005Z,X1909261,3286,-15.64370,-47.75626,11862.3,4.4,29.7,61.5,-45.4,5.0,220.1,RS41-SGP,403.502,21.2,-875,12,3.0,,
2026-09-19T14:56:44.005Z,X1909261,3287,-15.64357,-47.75603,11866.7,4.5,27.9,58.0,-45.5,5.2,220.0,RS41-SGP,403.502,21.2,-875,12,3.0,,
2026-09-19T14:56:45.005Z,X1909261,3288,-15.64343,-47.75582,11870.8,3.5,26.2,52.3,-45.6,5.3,219.9,RS41-SGP,403.502,20.0,-875,12,3.0,,
2026-09-19T14:56:46.005Z,X1909261,3289,-15.64328,-47.75563,11874.5,3.8,25.9,49.7,-45.7,5.4,219.7,RS41-SGP,403.502,17.0,-875,12,3.0,,
2026-09-19T14:56:47.005Z,X1909261,3290,-15.64314,-47.75544,11878.1,3.5,27.1,53.7,-45.7,5.6,219.6,RS41-SGP,403.502,18.5,-875,12,3.0,,
2026-09-19T14:56:48.005Z,X1909261,3291,-15.64300,-47.75522,11881.4,2.9,28.9,59.8,-45.6,5.7,219.5,RS41-SGP,403.502,20.4,-875,12,3.0,,
2026-09-19T14:56:49.005Z,X1909261,3292,-15.64287,-47.75498,11885.1,4.4,29.7,62.2,-45.7,5.7,219.4,RS41-SGP,403.502,20.4,-875,12,3.0,,
2026-09-19T14:56:50.005Z,X1909261,3293,-15.64274,-47.75475,11889.7,4.9,28.6,58.7,-45.8,5.7,219.3,RS41-SGP,403.502,20.1,-875,12,3.0,,
2026-09-19T14:56:51.005Z,X1909261,3294,-15.64260,-47.75453,11893.9,3.3,27.1,53.0,-45.7,5.5,219.1,RS41-SGP,403.502,20.1,-875,12,3.0,,
2026-09-19T14:56:52.005Z,X1909261,3295,-15.64245,-47.75434,11897.1,3.2,26.5,48.6,-45.7,5.4,219.0,RS41-SGP,403.502,18.0,-875,12,3.0,,
2026-09-19T14:56:53.005Z,X1909261,3296,-15.64229,-47.75415,11900.9,4.1,26.9,51.0,-45.8,5.4,218.9,RS41-SGP,403.502,17.2,-875,12,3.0,,
2026-09-19T14:56:54.005Z,X1909261,3297,-15.64215,-47.75394,11904.6,3.3,27.9,58.0,-45.8,5.5,218.8,RS41-SGP,403.502,19.4,-875,12,3.0,,
2026-09-19T14:56:55.005Z,X1909261,3298,-15.64203,-47.75372,11908.0,3.5,28.3,63.6,-45.9,5.4,218.7,RS41-SGP,403.502,20.2,-875,12,3.0,,
2026-09-19T14:56:56.005Z,X1909261,3299,-15.64191,-47.75349,11912.0,4.4,26.8,62.3,-46.0,5.3,218.5,RS41-SGP,403.502,20.2,-875,12,3.0,,
2026-09-19T14:56:57.005Z,X1909261,3300,-15.64179,-47.75328,11916.1,3.6,25.7,54.8,-45.9,5.2,218.4,RS41-SGP,403.502,18.1,-875,12,3.0,,
2026-09-19T14:56:58.005Z,X1909261,3301,-15.64164,-47.75309,11919.8,3.7,26.4,48.3,-46.0,5.2,218.3,RS41-SGP,403.502,17.1,-875,12,3.0,,
2026-09-19T14:56:59.005Z,X1909261,3302,-15.64149,-47.75290,11924.1,4.8,27.4,51.1,-45.9,5.2,218.2,RS41-SGP,403.502,17.2,-875,12,3.0,,
2026-09-19T14:57:00.005Z,X1909261,3303,-15.64135,-47.75269,11928.5,3.9,27.5,59.0,-45.9,5.2,218.0,RS41-SGP,403.502,18.8,-875,11,3.0,,
2026-09-19T14:57:01.005Z,X1909261,3304,-15.64123,-47.75247,11932.3,3.6,27.1,64.8,-46.0,5.3,217.8,RS41-SGP,403.502,18.8,-875,12,3.0,,
2026-09-19T14:57:02.005Z,X1909261,3305,-15.64112,-47.75224,11936.3,4.1,26.5,62.4,-46.1,5.5,217.7,RS41-SGP,403.502,17.1,-875,12,3.0,,
2026-09-19T14:57:03.005Z,X1909261,3306,-15.64100,-47.75203,11940.1,3.3,27.2,55.3,-46.1,5.6,217.7,RS41-SGP,403.502,16.9,-875,12,3.0,,
2026-09-19T14:57:04.005Z,X1909261,3307,-15.64085,-47.75182,11943.6,3.8,28.6,51.5,-46.2,5.6,217.5,RS41-SGP,403.502,18.4,-875,12,3.0,,
2026-09-19T14:57:05.005Z,X1909261,3308,-15.64069,-47.75161,11948.1,4.9,28.6,55.6,-46.2,5.8,217.3,RS41-SGP,403.502,18.7,-875,12,3.0,,
2026-09-19T14:57:06.005Z,X1909261,3309,-15.64056,-47.75138,11952.5,3.9,27.3,61.7,-46.2,5.9,217.2,RS41-SGP,403.502,18.7,-875,12,3.0,,
2026-09-19T14:57:07.005Z,X1909261,3310,-15.64045,-47.75117,11956.4,3.9,25.9,62.7,-46.3,5.9,217.1,RS41-SGP,403.502,18.5,-875,12,3.0,,
2026-09-19T14:57:08.005Z,X1909261,3311,-15.64033,-47.75096,11960.3,3.7,26.3,56.3,-46.2,5.9,217.0,RS41-SGP,403.502,17.0,-875,12,3.0,,
2026-09-19T14:57:09.005Z,X1909261,3312,-15.64019,-47.75075,11963.9,3.4,28.2,50.7,-46.4,6.0,216.8,RS41-SGP,403.502,17.7,-875,12,3.0,,
2026-09-19T14:57:10.005Z,X1909261,3313,-15.64003,-47.75055,11967.9,4.5,28.8,52.1,-46.3,5.9,216.7,RS41-SGP,403.502,19.5,-875,12,3.0,,
2026-09-19T14:57:11.005Z,X1909261,3314,-15.63988,-47.75033,11972.3,4.0,26.8,57.4,-46.3,6.0,216.5,RS41-SGP,403.502,19.5,-875,12,3.0,,
2026-09-19T14:57:12.005Z,X1909261,3315,-15.63976,-47.75013,11976.2,3.6,24.1,62.5,-46.4,6.2,216.4,RS41-SGP,403.502,18.9,-875,12,3.0,,
2026-09-19T14:57:13.005Z,X1909261,3316,-15.63966,-47.74993,11980.4,4.6,23.3,61.1,-46.6,6.2,216.3,RS41-SGP,403.502,16.6,-875,12,3.0,,
2026-09-19T14:57:14.005Z,X1909261,3317,-15.63955,-47.74974,11984.7,3.9,26.0,56.5,-46.6,6.3,216.2,RS41-SGP,403.502,16.8,-875,12,3.0,,
2026-09-19T14:57:15.005Z,X1909261,3318,-15.63941,-47.74953,11988.3,3.2,29.4,54.5,-46.6,6.4,216.0,RS41-SGP,403.502,20.5,-875,12,3.0,,
2026-09-19T14:57:16.005Z,X1909261,3319,-15.63926,-47.74930,11992.3,4.6,29.9,56.7,-46.5,6.4,215.9,RS41-SGP,403.502,21.6,-875,12,3.0,,
2026-09-19T14:57:17.005Z,X1909261,3320,-15.63912,-47.74907,11996.7,3.9,27.0,59.8,-46.6,6.4,215.7,RS41-SGP,403.502,21.6,-875,12,3.0,,
2026-09-19T14:57:18.005Z,X1909261,3321,-15.63900,-47.74887,12000.2,2.9,23.6,59.8,-46.6,6.4,215.7,RS41-SGP,403.502,21.2,-875,12,3.0,,
2026-09-19T14:57:19.005Z,X1909261,3322,-15.63889,-47.74869,12003.8,4.1,23.1,55.0,-46.8,6.3,215.6,RS41-SGP,403.502,17.2,-875,12,3.0,,
2026-09-19T14:57:20.005Z,X1909261,3323,-15.63876,-47.74850,12007.9,4.0,26.4,53.6,-46.7,6.1,215.4,RS41-SGP,403.502,20.2,-875,12,3.0,,
2026-09-19T14:57:21.005Z,X1909261,3324,-15.63862,-47.74829,12011.8,3.8,29.0,57.7,-46.7,6.0,215.3,RS41-SGP,403.502,22.6,-875,12,3.0,,
2026-09-19T14:57:22.005Z,X1909261,3325,-15.63849,-47.74806,12015.8,3.9,27.5,61.8,-46.6,5.9,215.1,RS41-SGP,403.502,22.6,-875,12,3.0,,
2026-09-19T14:57:23.005Z,X1909261,3326,-15.63838,-47.74785,12019.4,3.4,23.9,61.0,-46.7,6.0,215.1,RS41-SGP,403.502,21.6,-875,12,3.0,,
2026-09-19T14:57:24.005Z,X1909261,3327,-15.63827,-47.74767,12023.1,3.8,22.0,54.9,-46.9,6.2,214.9,RS41-SGP,403.502,19.1,-875,12,3.0,,
2026-09-19T14:57:25.005Z,X1909261,3328,-15.63815,-47.74750,12027.3,4.5,23.9,53.0,-46.9,6.2,214.7,RS41-SGP,403.502,17.2,-875,12,3.0,,
2026-09-19T14:57:26.005Z,X1909261,3329,-15.63802,-47.74730,12031.4,3.5,26.8,57.3,-46.8,6.4,214.7,RS41-SGP,403.502,20.7,-875,12,3.0,,
2026-09-19T14:57:27.005Z,X1909261,3330,-15.63790,-47.74708,12034.6,2.9,28.3,63.5,-46.8,6.5,214.5,RS41-SGP,403.502,21.7,-875,12,3.0,,
2026-09-19T14:57:28.005Z,X1909261,3331,-15.63779,-47.74684,12038.1,3.8,27.6,66.3,-46.9,6.6,214.4,RS41-SGP,403.502,21.7,-875,12,3.0,,
2026-09-19T14:57:29.005Z,X1909261,3332,-15.63769,-47.74662,12042.1,4.1,25.8,63.4,-47.0,6.6,214.2,RS41-SGP,403.502,21.2,-875,12,3.0,,
2026-09-19T14:57:30.005Z,X1909261,3333,-15.63757,-47.74641,12046.0,3.6,25.9,58.0,-47.1,6.7,214.2,RS41-SGP,403.502,18.6,-875,12,3.0,,
2026-09-19T14:57:31.005Z,X1909261,3334,-15.63744,-47.74620,12049.3,3.2,27.9,55.5,-47.1,6.7,214.0,RS41-SGP,403.502,20.1,-875,12,3.0,,
2026-09-19T14:57:32.005Z,X1909261,3335,-15.63730,-47.74598,12052.8,3.7,29.8,57.0,-47.1,6.8,214.0,RS41-SGP,403.502,22.0,-875,12,3.0,,
2026-09-19T14:57:33.005Z,X1909261,3336,-15.63716,-47.74574,12056.9,4.4,29.2,59.3,-47.1,6.8,213.8,RS41-SGP,403.502,22.0,-875,12,3.0,,
2026-09-19T14:57:34.005Z,X1909261,3337,-15.63703,-47.74552,12061.2,4.2,26.6,58.5,-47.0,6.7,213.7,RS41-SGP,403.502,21.5,-875,12,3.0,,
2026-09-19T14:57:35.005Z,X1909261,3338,-15.63690,-47.74532,12065.3,4.0,24.5,54.2,-47.1,6.7,213.6,RS41-SGP,403.502,20.1,-875,12,3.0,,
2026-09-19T14:57:36.005Z,X1909261,3339,-15.63676,-47.74514,12069.5,4.1,25.0,52.6,-47.2,6.8,213.4,RS41-SGP,403.502,17.6,-875,12,3.0,,
2026-09-19T14:57:37.005Z,X1909261,3340,-15.63663,-47.74494,12073.5,3.8,27.0,57.3,-47.2,6.8,213.4,RS41-SGP,403.502,21.0,-875,12,3.0,,
2026-09-19T14:57:38.005Z,X1909261,3341,-15.63651,-47.74472,12077.2,3.6,28.3,63.1,-47.2,6.7,213.2,RS41-SGP,403.502,21.1,-875,12,3.0,,
2026-09-19T14:57:39.005Z,X1909261,3342,-15.63639,-47.74449,12081.3,4.4,27.6,63.4,-47.4,6.7,213.1,RS41-SGP,403.502,21.1,-875,12,3.0,,
2026-09-19T14:57:40.005Z,X1909261,3343,-15.63627,-47.74427,12085.4,3.7,26.1,57.3,-47.3,6.5,212.9,RS41-SGP,403.502,20.4,-875,12,3.0,,
2026-09-19T14:57:41.005Z,X1909261,3344,-15.63614,-47.74407,12089.0,3.6,25.8,50.9,-47.4,6.6,212.9,RS41-SGP,403.502,18.6,-875,12,3.0,,
2026-09-19T14:57:42.005Z,X1909261,3345,-15.63599,-47.74388,12093.4,5.0,26.8,52.0,-47.4,6.6,212.7,RS41-SGP,403.502,20.5,-875,12,3.0,,
2026-09-19T14:57:43.005Z,X1909261,3346,-15.63585,-47.74368,12097.9,4.0,26.8,58.8,-47.4,6.6,212.5,RS41-SGP,403.502,20.5,-875,12,3.0,,
2026-09-19T14:57:44.005Z,X1909261,3347,-15.63574,-47.74346,12101.8,3.8,25.5,64.9,-47.5,6.6,212.4,RS41-SGP,403.502,20.5,-875,12,3.0,,
2026-09-19T14:57:45.005Z,X1909261,3348,-15.63564,-47.74326,12106.0,4.6,24.0,63.1,-47.6,6.6,212.2,RS41-SGP,403.502,19.2,-875,12,3.0,,
2026-09-19T14:57:46.005Z,X1909261,3349,-15.63553,-47.74306,12110.3,3.9,24.8,56.2,-47.7,6.6,212.1,RS41-SGP,403.502,18.7,-875,12,3.0,,
2026-09-19T14:57:47.005Z,X1909261,3350,-15.63540,-47.74286,12114.1,3.7,27.3,53.3,-47.6,6.6,212.0,RS41-SGP,403.502,21.6,-875,12,3.0,,
2026-09-19T14:57:48.005Z,X1909261,3351,-15.63525,-47.74265,12118.3,4.4,28.1,57.0,-47.6,6.5,211.8,RS41-SGP,403.502,21.8,-875,12,3.0,,
2026-09-19T14:57:49.005Z,X1909261,3352,-15.63513,-47.74243,12122.6,4.1,26.1,62.2,-47.7,6.7,211.7,RS41-SGP,403.502,21.8,-875,12,3.0,,
2026-09-19T14:57:50.005Z,X1909261,3353,-15.63502,-47.74223,12126.5,3.7,24.1,62.9,-47.8,6.8,211.6,RS41-SGP,403.502,19.3,-875,12,3.0,,
2026-09-19T14:57:51.005Z,X1909261,3354,-15.63492,-47.74203,12130.2,3.5,24.8,58.7,-47.7,6.8,211.5,RS41-SGP,403.502,18.5,-875,12,3.0,,
2026-09-19T14:57:52.005Z,X1909261,3355,-15.63479,-47.74182,12133.4,3.0,28.0,55.2,-47.6,6.9,211.4,RS41-SGP,403.502,21.5,-875,12,3.0,,
2026-09-19T14:57:53.005Z,X1909261,3356,-15.63464,-47.74160,12137.0,4.2,30.1,56.0,-47.7,7.0,211.3,RS41-SGP,403.502,22.2,-875,12,3.0,,
2026-09-19T14:57:54.005Z,X1909261,3357,-15.63449,-47.74137,12141.5,4.7,28.4,58.7,-47.7,6.9,211.1,RS41-SGP,403.502,22.2,-875,12,3.0,,
2026-09-19T14:57:55.005Z,X1909261,3358,-15.63437,-47.74116,12145.7,3.7,25.1,58.7,-47.8,7.0,211.0,RS41-SGP,403.502,22.2,-875,12,3.0,,
2026-09-19T14:57:56.005Z,X1909261,3359,-15.63425,-47.74097,12149.5,3.8,23.4,54.9,-47.9,7.1,210.8,RS41-SGP,403.502,17.7,-875,12,3.0,,
2026-09-19T14:57:57.005Z,X1909261,3360,-15.63412,-47.74078,12153.4,3.8,25.4,52.3,-48.0,7.2,210.8,RS41-SGP,403.502,18.6,-875,12,3.0,,
2026-09-19T14:57:58.005Z,X1909261,3361,-15.63398,-47.74058,12156.9,3.2,28.2,55.0,-48.0,7.3,210.6,RS41-SGP,403.502,21.8,-875,12,3.0,,
2026-09-19T14:57:59.005Z,X1909261,3362,-15.63384,-47.74036,12160.6,4.1,28.9,59.3,-48.0,7.3,210.4,RS41-SGP,403.502,21.8,-875,12,3.0,,
2026-09-19T14:58:00.005Z,X1909261,3363,-15.63371,-47.74014,12164.8,4.2,26.2,60.0,-47.9,7.1,210.4,RS41-SGP,403.502,21.4,-875,12,3.0,,
2026-09-19T14:58:01.005Z,X1909261,3364,-15.63359,-47.73994,12168.8,3.7,23.5,54.7,-48.1,7.2,210.2,RS41-SGP,403.502,19.7,-875,12,3.0,,
2026-09-19T14:58:02.005Z,X1909261,3365,-15.63346,-47.73977,12172.9,4.4,24.2,48.8,-48.2,7.2,210.1,RS41-SGP,403.502,16.0,-875,12,3.0,,
2026-09-19T14:58:03.005Z,X1909261,3366,-15.63331,-47.73959,12177.3,4.3,26.7,51.9,-47.9,6.9,210.0,RS41-SGP,403.502,19.9,-875,12,3.0,,
2026-09-19T14:58:04.005Z,X1909261,3367,-15.63317,-47.73938,12181.3,3.8,27.8,59.2,-48.0,7.0,209.8,RS41-SGP,403.502,19.9,-875,12,3.0,,
2026-09-19T14:58:05.005Z,X1909261,3368,-15.63305,-47.73916,12185.3,3.9,27.0,62.8,-48.2,7.1,209.8,RS41-SGP,403.502,19.8,-875,12,3.0,,
2026-09-19T14:58:06.005Z,X1909261,3369,-15.63293,-47.73894,12189.2,3.8,25.7,58.1,-48.2,7.1,209.6,RS41-SGP,403.502,18.1,-875,12,3.0,,
2026-09-19T14:58:07.005Z,X1909261,3370,-15.63280,-47.73875,12192.7,3.2,26.3,50.6,-48.2,7.2,209.4,RS41-SGP,403.502,17.2,-875,12,3.0,,
2026-09-19T14:58:08.005Z,X1909261,3371,-15.63264,-47.73855,12196.4,4.2,28.3,48.9,-48.3,7.3,209.4,RS41-SGP,403.502,18.3,-875,12,3.0,,
2026-09-19T14:58:09.005Z,X1909261,3372,-15.63248,-47.73834,12200.9,4.6,28.8,54.1,-48.2,7.2,209.3,RS41-SGP,403.502,20.0,-875,12,3.0,,
2026-09-19T14:58:10.005Z,X1909261,3373,-15.63234,-47.73813,12205.2,4.0,27.6,58.8,-48.3,7.4,209.1,RS41-SGP,403.502,20.0,-875,12,3.0,,
2026-09-19T14:58:11.005Z,X1909261,3374,-15.63221,-47.73792,12209.2,3.9,25.7,58.0,-48.4,7.6,208.9,RS41-SGP,403.502,18.4,-875,12,3.0,,
2026-09-19T14:58:12.005Z,X1909261,3375,-15.63208,-47.73772,12213.1,3.7,25.6,53.0,-48.5,7.7,208.8,RS41-SGP,403.502,18.1,-875,12,3.0,,
2026-09-19T14:58:13.005Z,X1909261,3376,-15.63194,-47.73752,12216.9,3.8,27.2,51.6,-48.5,7.9,208.7,RS41-SGP,403.502,20.0,-875,12,3.0,,
2026-09-19T14:58:14.005Z,X1909261,3377,-15.63179,-47.73732,12220.8,4.1,28.2,55.6,-48.5,7.9,208.6,RS41-SGP,403.502,20.2,-875,12,3.0,,
2026-09-19T14:58:15.005Z,X1909261,3378,-15.63166,-47.73710,12224.8,4.0,26.8,60.7,-48.5,8.0,208.4,RS41-SGP,403.502,20.2,-875,12,3.0,,
2026-09-19T14:58:16.005Z,X1909261,3379,-15.63154,-47.73689,12228.9,4.2,24.5,60.5,-48.6,8.1,208.3,RS41-SGP,403.502,19.2,-875,12,3.0,,
2026-09-19T14:58:17.005Z,X1909261,3380,-15.63142,-47.73670,12233.2,4.3,24.1,54.7,-48.4,7.8,208.2,RS41-SGP,403.502,17.3,-875,12,3.0,,
2026-09-19T14:58:18.005Z,X1909261,3381,-15.63129,-47.73652,12237.3,3.9,26.1,50.9,-48.5,7.7,208.1,RS41-SGP,403.502,18.9,-875,12,3.0,,
2026-09-19T14:58:19.005Z,X1909261,3382,-15.63114,-47.73632,12241.0,3.4,27.6,52.6,-48.6,7.9,208.0,RS41-SGP,403.502,19.8,-875,12,3.0,,
2026-09-19T14:58:20.005Z,X1909261,3383,-15.63100,-47.73611,12244.3,3.1,27.1,57.2,-48.5,8.0,207.8,RS41-SGP,403.502,19.8,-875,12,3.0,,
2026-09-19T14:58:21.005Z,X1909261,3384,-15.63087,-47.73590,12247.5,3.4,25.5,58.9,-48.6,8.1,207.8,RS41-SGP,403.502,19.5,-875,12,3.0,,
2026-09-19T14:58:22.005Z,X1909261,3385,-15.63074,-47.73571,12251.4,4.2,25.1,54.7,-48.8,8.2,207.6,RS41-SGP,403.502,18.0,-875,12,3.0,,
2026-09-19T14:58:23.005Z,X1909261,3386,-15.63060,-47.73551,12255.7,4.2,26.9,51.1,-48.9,8.2,207.5,RS41-SGP,403.502,20.7,-875,12,3.0,,
2026-09-19T14:58:24.005Z,X1909261,3387,-15.63045,-47.73531,12260.1,4.7,28.6,53.0,-48.8,8.3,207.3,RS41-SGP,403.502,21.3,-875,12,3.0,,
2026-09-19T14:58:25.005Z,X1909261,3388,-15.63030,-47.73509,12264.8,4.6,28.1,57.9,-48.8,8.4,207.2,RS41-SGP,403.502,21.3,-875,12,3.0,,
2026-09-19T14:58:26.005Z,X1909261,3389,-15.63018,-47.73488,12268.9,3.6,26.1,60.9,-48.9,8.5,207.1,RS41-SGP,403.502,20.5,-875,12,3.0,,
2026-09-19T14:58:27.005Z,X1909261,3390,-15.63006,-47.73467,12272.4,3.2,25.6,59.7,-48.8,8.4,206.9,RS41-SGP,403.502,19.0,-875,12,3.0,,
2026-09-19T14:58:28.005Z,X1909261,3391,-15.62994,-47.73446,12275.6,3.1,27.6,56.8,-48.9,8.6,206.8,RS41-SGP,403.502,21.6,-875,12,3.0,,
2026-09-19T14:58:29.005Z,X1909261,3392,-15.62979,-47.73424,12279.0,3.6,29.8,55.7,-48.8,8.7,206.8,RS41-SGP,403.502,22.4,-875,12,3.0,,
2026-09-19T14:58:30.005Z,X1909261,3393,-15.62964,-47.73401,12283.2,4.7,29.4,56.7,-49.0,8.8,206.7,RS41-SGP,403.502,22.4,-875,12,3.0,,
2026-09-19T14:58:31.005Z,X1909261,3394,-15.62950,-47.73379,12287.4,3.7,27.1,56.1,-49.0,8.8,206.5,RS41-SGP,403.502,22.3,-875,12,3.0,,
2026-09-19T14:58:32.005Z,X1909261,3395,-15.62937,-47.73359,12291.0,3.2,25.4,52.8,-49.0,8.9,206.4,RS41-SGP,403.502,20.6,-875,12,3.0,,
2026-09-19T14:58:33.005Z,X1909261,3396,-15.62922,-47.73340,12294.8,4.1,26.2,50.3,-49.2,9.0,206.3,RS41-SGP,403.502,20.1,-875,12,3.0,,
2026-09-19T14:58:34.005Z,X1909261,3397,-15.62906,-47.73320,12299.1,4.4,28.7,51.6,-49.2,9.1,206.2,RS41-SGP,403.502,22.5,-875,12,3.0,,
2026-09-19T14:58:35.005Z,X1909261,3398,-15.62891,-47.73299,12303.6,4.4,30.0,55.6,-49.2,9.1,206.0,RS41-SGP,403.502,22.8,-875,12,3.0,,
2026-09-19T14:58:36.005Z,X1909261,3399,-15.62876,-47.73276,12307.7,3.7,28.8,57.5,-49.2,9.1,205.9,RS41-SGP,403.502,22.8,-875,12,3.0,,
2026-09-19T14:58:37.005Z,X1909261,3400,-15.62863,-47.73254,12311.1,2.9,26.2,55.9,-49.2,9.2,205.8,RS41-SGP,403.502,21.8,-875,12,3.0,,
2026-09-19T14:58:38.005Z,X1909261,3401,-15.62849,-47.73235,12314.3,3.3,24.9,51.1,-49.2,9.2,205.7,RS41-SGP,403.502,20.4,-875,12,3.0,,
2026-09-19T14:58:39.005Z,X1909261,3402,-15.62834,-47.73217,12318.3,4.5,26.3,49.8,-49.3,9.4,205.5,RS41-SGP,403.502,21.4,-875,12,3.0,,
2026-09-19T14:58:40.005Z,X1909261,3403,-15.62819,-47.73197,12322.5,3.8,27.9,53.5,-49.1,9.1,205.4,RS41-SGP,403.502,22.4,-875,12,3.0,,
2026-09-19T14:58:41.005Z,X1909261,3404,-15.62805,-47.73176,12326.0,3.1,27.6,58.4,-49.2,9.3,205.2,RS41-SGP,403.502,22.4,-875,12,3.0,,
2026-09-19T14:58:42.005Z,X1909261,3405,-15.62793,-47.73154,12329.5,3.7,25.7,60.3,-49.4,9.5,205.2,RS41-SGP,403.502,21.5,-875,12,3.0,,
2026-09-19T14:58:43.005Z,X1909261,3406,-15.62781,-47.73135,12333.7,4.6,24.3,56.1,-49.5,9.5,205.0,RS41-SGP,403.502,20.3,-875,12,3.0,,
2026-09-19T14:58:44.005Z,X1909261,3407,-15.62768,-47.73116,12338.3,4.5,25.8,52.1,-49.6,9.4,204.9,RS41-SGP,403.502,19.5,-875,12,3.0,,
2026-09-19T14:58:45.005Z,X1909261,3408,-15.62753,-47.73096,12342.6,4.0,28.3,53.6,-49.6,9.6,204.8,RS41-SGP,403.502,22.5,-875,12,3.0,,
2026-09-19T14:58:46.005Z,X1909261,3409,-15.62738,-47.73073,12346.6,3.8,29.5,58.8,-49.5,9.4,204.7,RS41-SGP,403.502,22.5,-875,12,3.0,,
2026-09-19T14:58:47.005Z,X1909261,3410,-15.62725,-47.73050,12350.6,4.2,28.7,62.5,-49.6,9.5,204.5,RS41-SGP,403.502,20.4,-875,12,3.0,,
2026-09-19T14:58:48.005Z,X1909261,3411,-15.62713,-47.73027,12354.8,4.1,26.9,59.7,-49.7,9.5,204.4,RS41-SGP,403.502,20.4,-875,12,3.0,,
2026-09-19T14:58:49.005Z,X1909261,3412,-15.62700,-47.73006,12358.7,3.6,27.4,52.8,-49.6,9.5,204.3,RS41-SGP,403.502,21.5,-875,12,3.0,,
2026-09-19T14:58:50.005Z,X1909261,3413,-15.62684,-47.72986,12362.7,4.3,29.2,50.2,-49.7,9.6,204.1,RS41-SGP,403.502,22.7,-875,12,3.0,,
2026-09-19T14:58:51.005Z,X1909261,3414,-15.62668,-47.72964,12367.1,4.5,29.2,53.9,-49.7,9.8,204.0,RS41-SGP,403.502,22.9,-875,12,3.0,,
2026-09-19T14:58:52.005Z,X1909261,3415,-15.62654,-47.72942,12371.2,3.6,27.1,59.2,-49.7,9.9,203.9,RS41-SGP,403.502,22.9,-875,12,3.0,,
2026-09-19T14:58:53.005Z,X1909261,3416,-15.62642,-47.72922,12375.1,4.1,24.7,59.4,-49.9,10.1,203.8,RS41-SGP,403.502,21.4,-875,12,3.0,,
2026-09-19T14:58:54.005Z,X1909261,3417,-15.62629,-47.72902,12379.5,4.5,25.2,53.5,-49.9,9.9,203.6,RS41-SGP,403.502,19.8,-875,12,3.0,,
2026-09-19T14:58:55.005Z,X1909261,3418,-15.62614,-47.72883,12383.6,3.8,28.4,50.5,-49.8,9.9,203.5,RS41-SGP,403.502,22.2,-875,12,3.0,,
2026-09-19T14:58:56.005Z,X1909261,3419,-15.62598,-47.72861,12387.6,4.1,30.9,53.0,-49.9,10.0,203.3,RS41-SGP,403.502,23.9,-875,12,3.0,,
2026-09-19T14:58:57.005Z,X1909261,3420,-15.62582,-47.72838,12391.9,4.3,29.7,57.2,-50.0,10.0,203.2,RS41-SGP,403.502,23.9,-875,12,3.0,,
2026-09-19T14:58:58.005Z,X1909261,3421,-15.62568,-47.72816,12395.6,3.2,26.7,57.4,-50.0,10.1,203.1,RS41-SGP,403.502,22.4,-875,12,3.0,,
2026-09-19T14:58:59.005Z,X1909261,3422,-15.62555,-47.72796,12399.1,3.7,24.9,52.0,-50.0,10.1,203.0,RS41-SGP,403.502,20.1,-875,12,3.0,,
2026-09-19T14:59:00.005Z,X1909261,3423,-15.62540,-47.72778,12403.2,4.4,27.0,48.8,-50.1,10.3,202.9,RS41-SGP,403.502,21.6,-875,12,3.0,,
2026-09-19T14:59:01.005Z,X1909261,3424,-15.62524,-47.72757,12407.5,4.2,29.8,51.8,-50.1,10.3,202.7,RS41-SGP,403.502,22.1,-875,12,3.0,,
2026-09-19T14:59:02.005Z,X1909261,3425,-15.62508,-47.72735,12411.5,3.8,30.0,57.0,-50.1,10.2,202.6,RS41-SGP,403.502,23.3,-875,12,3.0,,
2026-09-19T14:59:03.005Z,X1909261,3426,-15.62494,-47.72712,12414.9,3.0,27.4,59.1,-50.0,10.2,202.5,RS41-SGP,403.502,23.3,-875,12,3.0,,
2026-09-19T14:59:04.005Z,X1909261,3427,-15.62482,-47.72692,12418.1,3.1,24.8,55.3,-50.1,10.4,202.4,RS41-SGP,403.502,21.1,-875,12,3.0,,
2026-09-19T14:59:05.005Z,X1909261,3428,-15.62468,-47.72673,12421.8,4.3,25.7,50.3,-50.2,10.2,202.3,RS41-SGP,403.502,20.8,-875,12,3.0,,
2026-09-19T14:59:06.005Z,X1909261,3429,-15.62452,-47.72653,12426.3,4.5,28.2,51.7,-49.9,9.7,202.2,RS41-SGP,403.502,21.8,-875,12,3.0,,
2026-09-19T14:59:07.005Z,X1909261,3430,-15.62437,-47.72632,12430.5,3.8,29.3,56.9,-50.0,9.8,202.1,RS41-SGP,403.502,22.4,-875,12,3.0,,
2026-09-19T14:59:08.005Z,X1909261,3431,-15.62424,-47.72609,12434.4,4.1,27.9,62.3,-50.2,10.0,201.9,RS41-SGP,403.502,22.4,-875,12,3.0,,
2026-09-19T14:59:09.005Z,X1909261,3432,-15.62413,-47.72587,12438.9,4.7,25.6,61.8,-50.3,10.1,201.7,RS41-SGP,403.502,21.0,-875,12,3.0,,
2026-09-19T14:59:10.005Z,X1909261,3433,-15.62401,-47.72566,12443.5,4.5,25.7,56.1,-50.4,10.0,201.6,RS41-SGP,403.502,18.4,-875,12,3.0,,
2026-09-19T14:59:11.005Z,X1909261,3434,-15.62387,-47.72546,12447.6,3.7,28.6,52.6,-50.3,10.1,201.5,RS41-SGP,403.502,21.2,-875,12,3.0,,
2026-09-19T14:59:12.005Z,X1909261,3435,-15.62371,-47.72523,12451.6,4.0,31.3,55.1,-50.3,10.2,201.3,RS41-SGP,403.502,22.8,-875,12,3.0,,
2026-09-19T14:59:13.005Z,X1909261,3436,-15.62356,-47.72499,12456.0,4.7,30.9,59.1,-50.4,10.1,201.2,RS41-SGP,403.502,22.8,-875,12,3.0,,
2026-09-19T14:59:14.005Z,X1909261,3437,-15.62342,-47.72476,12460.7,4.4,27.5,59.5,-50.3,10.0,201.1,RS41-SGP,403.502,22.2,-875,12,3.0,,
2026-09-19T14:59:15.005Z,X1909261,3438,-15.62330,-47.72455,12464.9,3.7,24.8,54.7,-50.4,10.1,200.9,RS41-SGP,403.502,20.0,-875,12,3.0,,
2026-09-19T14:59:16.005Z,X1909261,3439,-15.62316,-47.72437,12469.0,4.5,25.8,50.4,-50.5,10.1,200.8,RS41-SGP,403.502,19.8,-875,12,3.0,,
2026-09-19T14:59:17.005Z,X1909261,3440,-15.62301,-47.72416,12473.6,4.5,28.5,54.4,-50.4,9.9,200.7,RS41-SGP,403.502,22.1,-875,12,3.0,,
2026-09-19T14:59:18.005Z,X1909261,3441,-15.62287,-47.72394,12477.9,4.1,29.4,60.7,-50.4,9.9,200.6,RS41-SGP,403.502,22.1,-875,12,3.0,,
2026-09-19T14:59:19.005Z,X1909261,3442,-15.62275,-47.72371,12482.7,5.3,27.0,63.2,-50.5,10.0,200.4,RS41-SGP,403.502,21.9,-875,12,3.0,,
2026-09-19T14:59:20.005Z,X1909261,3443,-15.62264,-47.72350,12487.6,4.4,24.2,58.5,-50.6,10.0,200.3,RS41-SGP,403.502,20.6,-875,12,3.0,,
2026-09-19T14:59:21.005Z,X1909261,3444,-15.62252,-47.72331,12491.4,3.2,23.6,53.5,-50.7,10.0,200.2,RS41-SGP,403.502,19.9,-875,12,3.0,,
2026-09-19T14:59:22.005Z,X1909261,3445,-15.62239,-47.72313,12495.0,3.7,24.7,54.8,-50.5,10.1,200.0,RS41-SGP,403.502,19.8,-875,12,3.0,,
2026-09-19T14:59:23.005Z,X1909261,3446,-15.62227,-47.72293,12498.6,3.5,26.4,60.5,-50.3,10.1,199.9,RS41-SGP,403.502,20.9,-875,12,3.0,,
2026-09-19T14:59:24.005Z,X1909261,3447,-15.62215,-47.72271,12502.8,4.6,27.0,62.9,-50.5,10.1,199.9,RS41-SGP,403.502,20.9,-875,12,3.0,,
2026-09-19T14:59:25.005Z,X1909261,3448,-15.62203,-47.72250,12507.4,4.6,26.3,58.3,-50.7,10.2,199.6,RS41-SGP,403.502,20.8,-875,12,3.0,,
2026-09-19T14:59:26.005Z,X1909261,3449,-15.62190,-47.72230,12511.7,3.8,26.3,51.1,-50.7,10.1,199.5,RS41-SGP,403.502,20.0,-875,12,3.0,,
2026-09-19T14:59:27.005Z,X1909261,3450,-15.62174,-47.72211,12516.0,4.7,27.0,48.7,-50.8,10.1,199.4,RS41-SGP,403.502,19.4,-875,12,3.0,,
2026-09-19T14:59:28.005Z,X1909261,3451,-15.62159,-47.72191,12520.8,4.8,26.8,53.9,-50.6,9.8,199.3,RS41-SGP,403.502,19.7,-875,12,3.0,,
2026-09-19T14:59:29.005Z,X1909261,3452,-15.62146,-47.72171,12525.1,3.7,25.4,60.8,-50.6,9.9,199.1,RS41-SGP,403.502,19.7,-875,12,3.0,,
2026-09-19T14:59:30.005Z,X1909261,3453,-15.62136,-47.72151,12529.3,4.7,23.7,62.7,-50.9,10.0,199.0,RS41-SGP,403.502,19.3,-875,12,3.0,,
2026-09-19T14:59:31.005Z,X1909261,3454,-15.62125,-47.72132,12533.9,4.5,24.1,56.6,-50.8,9.5,198.9,RS41-SGP,403.502,17.9,-875,12,3.0,,
2026-09-19T14:59:32.005Z,X1909261,3455,-15.62112,-47.72113,12538.0,3.6,26.6,52.6,-50.9,9.5,198.7,RS41-SGP,403.502,19.4,-875,12,2.9,,
2026-09-19T14:59:33.005Z,X1909261,3456,-15.62097,-47.72092,12542.0,4.2,28.0,54.8,-50.9,9.7,198.6,RS41-SGP,403.502,21.9,-875,12,3.0,,
2026-09-19T14:59:34.005Z,X1909261,3457,-15.62084,-47.72071,12546.1,3.9,26.4,60.1,-50.9,9.6,198.5,RS41-SGP,403.502,21.9,-875,12,3.0,,
2026-09-19T14:59:35.005Z,X1909261,3458,-15.62073,-47.72051,12550.1,4.0,23.3,62.1,-51.0,9.6,198.4,RS41-SGP,403.502,20.4,-875,12,3.0,,
2026-09-19T14:59:36.005Z,X1909261,3459,-15.62063,-47.72032,12554.8,5.0,22.6,56.9,-51.2,9.6,198.2,RS41-SGP,403.502,17.6,-875,12,3.0,,
2026-09-19T14:59:37.005Z,X1909261,3460,-15.62050,-47.72014,12559.5,4.3,25.4,53.7,-51.0,9.3,198.1,RS41-SGP,403.502,19.0,-875,12,3.0,,
2026-09-19T14:59:38.005Z,X1909261,3461,-15.62036,-47.71993,12563.6,3.7,28.7,55.9,-51.0,9.3,197.9,RS41-SGP,403.502,20.4,-875,12,3.0,,
2026-09-19T14:59:39.005Z,X1909261,3462,-15.62022,-47.71971,12567.6,4.3,29.0,60.5,-51.1,9.4,197.8,RS41-SGP,403.502,21.4,-875,12,3.0,,
2026-09-19T14:59:40.005Z,X1909261,3463,-15.62010,-47.71948,12572.1,4.5,25.9,61.3,-51.0,9.2,197.7,RS41-SGP,403.502,21.4,-875,12,3.0,,
2026-09-19T14:59:41.005Z,X1909261,3464,-15.61999,-47.71929,12576.3,3.6,23.4,56.2,-51.1,9.4,197.6,RS41-SGP,403.502,19.1,-875,12,3.0,,
2026-09-19T14:59:42.005Z,X1909261,3465,-15.61986,-47.71911,12580.0,3.6,24.1,50.6,-51.3,9.4,197.4,RS41-SGP,403.502,16.9,-875,12,3.0,,
2026-09-19T14:59:43.005Z,X1909261,3466,-15.61972,-47.71892,12583.7,3.8,27.0,52.2,-51.3,9.6,197.4,RS41-SGP,403.502,19.9,-875,12,3.0,,
2026-09-19T14:59:44.005Z,X1909261,3467,-15.61957,-47.71871,12587.6,4.0,28.6,57.9,-51.3,9.6,197.2,RS41-SGP,403.502,20.8,-875,12,3.0,,
2026-09-19T14:59:45.005Z,X1909261,3468,-15.61945,-47.71849,12592.1,4.8,27.0,60.6,-51.3,9.4,197.1,RS41-SGP,403.502,20.8,-875,12,3.0,,
2026-09-19T14:59:46.005Z,X1909261,3469,-15.61933,-47.71829,12596.7,4.3,23.9,56.8,-51.3,9.4,197.0,RS41-SGP,403.502,19.7,-875,12,3.0,,
2026-09-19T14:59:47.005Z,X1909261,3470,-15.61920,-47.71811,12600.9,4.0,22.8,50.1,-51.4,9.5,196.9,RS41-SGP,403.502,18.2,-875,12,3.0,,
2026-09-19T14:59:48.005Z,X1909261,3471,-15.61907,-47.71794,12605.2,4.5,24.5,50.5,-51.4,9.5,196.6,RS41-SGP,403.502,18.5,-875,12,3.0,,
2026-09-19T14:59:49.005Z,X1909261,3472,-15.61893,-47.71775,12609.4,3.7,26.1,57.7,-51.3,9.3,196.6,RS41-SGP,403.502,20.0,-875,12,3.0,,
2026-09-19T14:59:50.005Z,X1909261,3473,-15.61882,-47.71754,12613.2,3.9,26.4,65.0,-51.4,9.4,196.5,RS41-SGP,403.502,20.0,-875,12,3.0,,
2026-09-19T14:59:51.005Z,X1909261,3474,-15.61872,-47.71732,12617.8,5.0,24.8,63.8,-51.5,9.2,196.3,RS41-SGP,403.502,18.8,-875,12,3.0,,
2026-09-19T14:59:52.005Z,X1909261,3475,-15.61861,-47.71713,12622.5,4.2,24.1,55.3,-51.3,9.0,196.2,RS41-SGP,403.502,17.7,-875,12,3.0,,
2026-09-19T14:59:53.005Z,X1909261,3476,-15.61847,-47.71694,12626.7,4.1,25.9,49.1,-51.6,9.1,196.1,RS41-SGP,403.502,18.4,-875,12,3.0,,
2026-09-19T14:59:54.005Z,X1909261,3477,-15.61832,-47.71675,12631.2,4.8,27.1,53.0,-51.6,9.3,195.9,RS41-SGP,403.502,20.3,-875,12,3.0,,
2026-09-19T14:59:55.005Z,X1909261,3478,-15.61819,-47.71654,12635.6,3.9,26.3,60.9,-51.6,9.3,195.8,RS41-SGP,403.502,20.3,-875,12,3.0,,
2026-09-19T14:59:56.005Z,X1909261,3479,-15.61809,-47.71633,12639.7,4.2,24.2,65.8,-51.7,9.4,195.6,RS41-SGP,403.502,19.6,-875,12,3.0,,
2026-09-19T14:59:57.005Z,X1909261,3480,-15.61799,-47.71614,12644.2,4.7,23.5,59.8,-51.7,9.3,195.5,RS41-SGP,403.502,16.8,-875,12,3.0,,
2026-09-19T14:59:58.005Z,X1909261,3481,-15.61786,-47.71595,12648.4,3.5,25.6,51.7,-51.6,9.3,195.4,RS41-SGP,403.502,18.5,-875,12,3.0,,
2026-09-19T14:59:59.005Z,X1909261,3482,-15.61771,-47.71575,12652.1,4.0,28.6,48.8,-51.8,9.5,195.2,RS41-SGP,403.502,20.5,-875,12,3.0,,
2026-09-19T15:00:00.005Z,X1909261,3483,-15.61754,-47.71555,12656.5,4.7,28.7,52.6,-51.7,9.3,195.1,RS41-SGP,403.502,20.5,-875,12,3.0,,
2026-09-19T15:00:01.005Z,X1909261,3484,-15.61740,-47.71534,12660.5,3.1,26.9,55.9,-51.6,9.4,195.0,RS41-SGP,403.502,20.3,-875,12,3.0,,
2026-09-19T15:00:02.005Z,X1909261,3485,-15.61727,-47.71514,12663.6,3.0,24.8,56.0,-51.7,9.8,195.0,RS41-SGP,403.502,19.3,-875,12,3.0,,
2026-09-19T15:00:03.005Z,X1909261,3486,-15.61713,-47.71495,12667.1,3.9,25.1,51.6,-51.9,10.0,194.8,RS41-SGP,403.502,18.4,-875,12,3.0,,
2026-09-19T15:00:04.005Z,X1909261,3487,-15.61698,-47.71476,12671.2,4.3,27.3,50.1,-52.0,10.0,194.7,RS41-SGP,403.502,19.9,-875,12,3.0,,
2026-09-19T15:00:05.005Z,X1909261,3488,-15.61683,-47.71456,12675.7,4.7,28.3,52.3,-52.0,10.1,194.5,RS41-SGP,403.502,20.8,-875,12,3.0,,
2026-09-19T15:00:06.005Z,X1909261,3489,-15.61668,-47.71436,12680.2,4.2,26.5,55.2,-51.8,9.9,194.5,RS41-SGP,403.502,20.8,-875,12,3.0,,
2026-09-19T15:00:07.005Z,X1909261,3490,-15.61655,-47.71416,12684.2,3.8,23.4,56.2,-52.0,10.1,194.3,RS41-SGP,403.502,20.0,-875,12,3.0,,
2026-09-19T15:00:08.005Z,X1909261,3491,-15.61644,-47.71399,12688.8,5.2,22.5,54.0,-52.1,10.1,194.2,RS41-SGP,403.502,17.4,-875,12,3.0,,
2026-09-19T15:00:09.005Z,X1909261,3492,-15.61631,-47.71381,12694.0,5.1,25.4,53.8,-52.1,10.1,194.0,RS41-SGP,403.502,18.6,-875,12,3.0,,
2026-09-19T15:00:10.005Z,X1909261,3493,-15.61617,-47.71360,12698.6,4.1,28.7,56.5,-52.0,9.9,193.9,RS41-SGP,403.502,21.1,-875,12,3.0,,
2026-09-19T15:00:11.005Z,X1909261,3494,-15.61603,-47.71337,12702.8,4.3,29.3,59.1,-52.1,10.0,193.7,RS41-SGP,403.502,21.1,-875,12,3.0,,
2026-09-19T15:00:12.005Z,X1909261,3495,-15.61590,-47.71315,12706.9,3.7,26.7,58.0,-52.1,10.0,193.7,RS41-SGP,403.502,20.4,-875,12,2.9,,
2026-09-19T15:00:13.005Z,X1909261,3496,-15.61577,-47.71296,12710.4,3.3,24.2,52.8,-52.2,10.0,193.5,RS41-SGP,403.502,19.2,-875,12,3.0,,
2026-09-19T15:00:14.005Z,X1909261,3497,-15.61563,-47.71278,12714.6,4.8,24.9,48.6,-52.3,10.0,193.4,RS41-SGP,403.502,17.8,-875,12,3.0,,
2026-09-19T15:00:15.005Z,X1909261,3498,-15.61548,-47.71259,12719.4,4.7,27.2,51.8,-52.1,9.8,193.3,RS41-SGP,403.502,20.4,-875,12,3.0,,
2026-09-19T15:00:16.005Z,X1909261,3499,-15.61534,-47.71238,12723.6,3.6,27.9,57.6,-52.2,9.8,193.1,RS41-SGP,403.502,20.4,-875,12,3.0,,
2026-09-19T15:00:17.005Z,X1909261,3500,-15.61521,-47.71217,12727.3,3.7,25.9,61.8,-52.3,9.9,193.1,RS41-SGP,403.502,20.0,-875,12,3.0,,
2026-09-19T15:00:18.005Z,X1909261,3501,-15.61510,-47.71197,12731.4,4.3,23.5,58.8,-52.4,10.0,192.9,RS41-SGP,403.502,19.0,-875,12,3.0,,
2026-09-19T15:00:19.005Z,X1909261,3502,-15.61498,-47.71178,12736.0,4.8,24.5,52.7,-52.5,9.8,192.8,RS41-SGP,403.502,16.7,-875,12,3.0,,
2026-09-19T15:00:20.005Z,X1909261,3503,-15.61484,-47.71159,12740.7,4.4,27.7,52.5,-52.4,9.8,192.6,RS41-SGP,403.502,19.7,-875,12,3.0,,
2026-09-19T15:00:21.005Z,X1909261,3504,-15.61469,-47.71137,12744.7,3.6,29.6,56.9,-52.3,9.8,192.5,RS41-SGP,403.502,21.1,-875,12,3.0,,
2026-09-19T15:00:22.005Z,X1909261,3505,-15.61455,-47.71114,12748.3,3.5,28.4,61.7,-52.4,9.9,192.4,RS41-SGP,403.502,21.1,-875,12,3.0,,
2026-09-19T15:00:23.005Z,X1909261,3506,-15.61444,-47.71092,12752.1,3.9,25.0,62.1,-52.5,9.9,192.3,RS41-SGP,403.502,20.9,-875,12,3.0,,
2026-09-19T15:00:24.005Z,X1909261,3507,-15.61433,-47.71073,12756.5,4.7,23.6,56.4,-52.6,9.9,192.1,RS41-SGP,403.502,18.4,-875,12,3.0,,
2026-09-19T15:00:25.005Z,X1909261,3508,-15.61420,-47.71054,12761.4,4.9,26.0,52.3,-52.6,9.8,191.9,RS41-SGP,403.502,18.5,-875,12,3.0,,
2026-09-19T15:00:26.005Z,X1909261,3509,-15.61405,-47.71033,12765.9,4.2,29.3,54.0,-52.5,9.7,191.9,RS41-SGP,403.502,20.7,-875,12,3.0,,
2026-09-19T15:00:27.005Z,X1909261,3510,-15.61390,-47.71010,12770.2,4.4,30.5,58.2,-52.6,9.7,191.7,RS41-SGP,403.502,21.7,-875,12,3.0,,
2026-09-19T15:00:28.005Z,X1909261,3511,-15.61376,-47.70987,12774.9,4.8,28.2,60.1,-52.7,9.7,191.6,RS41-SGP,403.502,21.7,-875,12,3.0,,
2026-09-19T15:00:29.005Z,X1909261,3512,-15.61364,-47.70966,12779.2,3.6,25.0,56.5,-52.7,9.8,191.5,RS41-SGP,403.502,9.3,-875,12,3.0,,
2026-09-19T15:00:30.005Z,X1909261,3513,-15.61350,-47.70948,12782.7,3.4,24.1,49.4,-52.8,9.9,191.3,RS41-SGP,403.502,17.4,-875,12,3.0,,
2026-09-19T15:00:31.005Z,X1909261,3514,-15.61335,-47.70930,12786.6,4.3,26.4,47.8,-52.8,9.8,191.3,RS41-SGP,403.502,19.1,-875,12,3.0,,
2026-09-19T15:00:32.005Z,X1909261,3515,-15.61320,-47.70910,12791.0,4.3,28.8,53.1,-52.8,9.8,191.1,RS41-SGP,403.502,21.0,-875,12,3.0,,
2026-09-19T15:00:33.005Z,X1909261,3516,-15.61305,-47.70888,12795.5,4.5,29.0,58.3,-52.8,9.8,191.0,RS41-SGP,403.502,21.0,-875,12,3.0,,
2026-09-19T15:00:34.005Z,X1909261,3517,-15.61292,-47.70866,12799.8,4.1,27.0,58.3,-52.8,9.7,190.9,RS41-SGP,403.502,20.8,-875,12,3.0,,
2026-09-19T15:00:35.005Z,X1909261,3518,-15.61278,-47.70846,12803.4,3.2,25.2,52.0,-52.8,9.8,190.8,RS41-SGP,403.502,19.8,-875,12,3.0,,
2026-09-19T15:00:36.005Z,X1909261,3519,-15.61263,-47.70828,12807.3,4.3,25.5,46.3,-53.0,9.9,190.6,RS41-SGP,403.502,20.2,-875,12,3.0,,
2026-09-19T15:00:37.005Z,X1909261,3520,-15.61247,-47.70810,12812.0,5.0,26.8,49.3,-52.9,9.9,190.5,RS41-SGP,403.502,21.1,-875,12,3.0,,
2026-09-19T15:00:38.005Z,X1909261,3521,-15.61233,-47.70790,12816.4,3.7,26.5,56.1,-52.8,9.8,190.3,RS41-SGP,403.502,21.1,-875,12,3.0,,
2026-09-19T15:00:39.005Z,X1909261,3522,-15.61221,-47.70770,12820.1,3.6,24.8,61.7,-52.9,10.0,190.3,RS41-SGP,403.502,20.8,-875,12,3.0,,
2026-09-19T15:00:40.005Z,X1909261,3523,-15.61210,-47.70750,12824.5,5.0,23.1,59.8,-53.1,10.0,190.1,RS41-SGP,403.502,20.4,-875,12,3.0,,
2026-09-19T15:00:41.005Z,X1909261,3524,-15.61199,-47.70732,12829.3,4.6,24.5,54.4,-53.2,9.8,190.0,RS41-SGP,403.502,19.2,-875,12,3.0,,
2026-09-19T15:00:42.005Z,X1909261,3525,-15.61185,-47.70712,12833.7,4.2,27.4,53.6,-53.2,9.8,189.9,RS41-SGP,403.502,21.5,-875,12,3.0,,
2026-09-19T15:00:43.005Z,X1909261,3526,-15.61171,-47.70691,12838.1,4.4,28.8,57.8,-53.2,9.8,189.8,RS41-SGP,403.502,21.5,-875,12,3.0,,
2026-09-19T15:00:44.005Z,X1909261,3527,-15.61158,-47.70668,12842.6,4.4,27.1,61.3,-53.3,9.9,189.6,RS41-SGP,403.502,20.9,-875,12,3.0,,
2026-09-19T15:00:45.005Z,X1909261,3528,-15.61146,-47.70647,12846.9,4.1,24.5,59.5,-53.3,9.9,189.5,RS41-SGP,403.502,20.9,-875,12,2.9,,
2026-09-19T15:00:46.005Z,X1909261,3529,-15.61134,-47.70629,12851.1,4.2,24.1,52.6,-53.4,10.0,189.4,RS41-SGP,403.502,19.0,-875,12,3.0,,
2026-09-19T15:00:47.005Z,X1909261,3530,-15.61120,-47.70610,12855.4,4.3,26.8,50.3,-53.4,10.0,189.2,RS41-SGP,403.502,20.6,-875,12,3.0,,
2026-09-19T15:00:48.005Z,X1909261,3531,-15.61105,-47.70590,12859.7,4.1,28.4,55.4,-53.4,9.9,189.1,RS41-SGP,403.502,21.8,-875,12,3.0,,
2026-09-19T15:00:49.005Z,X1909261,3532,-15.61092,-47.70568,12863.7,3.9,27.5,61.9,-53.4,10.1,189.0,RS41-SGP,403.502,21.8,-875,12,3.0,,
2026-09-19T15:00:50.005Z,X1909261,3533,-15.61081,-47.70546,12868.0,4.5,24.6,63.0,-53.5,10.3,188.8,RS41-SGP,403.502,21.3,-875,12,3.0,,
2026-09-19T15:00:51.005Z,X1909261,3534,-15.61070,-47.70527,12872.5,4.5,23.2,56.2,-53.6,10.4,188.7,RS41-SGP,403.502,19.8,-875,12,3.0,,
2026-09-19T15:00:52.005Z,X1909261,3535,-15.61057,-47.70509,12876.8,3.9,25.5,50.2,-53.6,10.3,188.6,RS41-SGP,403.502,19.2,-875,12,3.0,,
2026-09-19T15:00:53.005Z,X1909261,3536,-15.61041,-47.70489,12880.6,3.5,28.6,51.5,-53.5,10.5,188.5,RS41-SGP,403.502,22.0,-875,12,3.0,,
2026-09-19T15:00:54.005Z,X1909261,3537,-15.61026,-47.70467,12884.4,4.0,29.6,56.6,-53.6,10.6,188.3,RS41-SGP,403.502,22.0,-875,12,3.0,,
2026-09-19T15:00:55.005Z,X1909261,3538,-15.61012,-47.70445,12888.7,4.4,27.6,59.1,-53.6,10.6,188.2,RS41-SGP,403.502,22.0,-875,12,3.0,,
2026-09-19T15:00:56.005Z,X1909261,3539,-15.60999,-47.70424,12892.5,3.2,25.0,56.2,-53.6,10.7,188.1,RS41-SGP,403.502,10.1,-875,12,3.0,,
2026-09-19T15:00:57.005Z,X1909261,3540,-15.60986,-47.70406,12895.8,3.2,24.8,50.1,-53.8,10.8,188.0,RS41-SGP,403.502,19.8,-875,12,3.0,,
2026-09-19T15:00:58.005Z,X1909261,3541,-15.60971,-47.70387,12899.6,4.4,27.0,49.0,-53.8,10.8,187.9,RS41-SGP,403.502,21.6,-875,12,3.0,,
2026-09-19T15:00:59.005Z,X1909261,3542,-15.60955,-47.70367,12904.1,4.5,27.9,53.8,-53.7,10.6,187.8,RS41-SGP,403.502,22.5,-875,12,3.0,,
2026-09-19T15:01:00.005Z,X1909261,3543,-15.60942,-47.70347,12908.7,4.4,26.0,58.6,-53.7,10.6,187.7,RS41-SGP,403.502,22.5,-875,12,3.0,,
2026-09-19T15:01:01.005Z,X1909261,3544,-15.60930,-47.70327,12913.1,4.4,23.3,58.0,-53.9,10.8,187.5,RS41-SGP,403.502,20.6,-875,12,3.0,,
2026-09-19T15:01:02.005Z,X1909261,3545,-15.60918,-47.70309,12917.9,5.0,23.3,52.4,-54.0,10.7,187.4,RS41-SGP,403.502,18.6,-875,12,3.0,,
2026-09-19T15:01:03.005Z,X1909261,3546,-15.60904,-47.70291,12922.8,4.8,26.5,51.6,-53.9,10.5,187.3,RS41-SGP,403.502,20.7,-875,12,3.0,,
2026-09-19T15:01:04.005Z,X1909261,3547,-15.60890,-47.70270,12927.5,4.5,28.9,56.0,-53.9,10.5,187.1,RS41-SGP,403.502,22.4,-875,12,3.0,,
2026-09-19T15:01:05.005Z,X1909261,3548,-15.60876,-47.70248,12932.3,5.0,27.4,60.0,-54.0,10.5,187.0,RS41-SGP,403.502,22.4,-875,12,3.0,,
2026-09-19T15:01:06.005Z,X1909261,3549,-15.60864,-47.70228,12937.1,4.4,23.4,58.3,-54.0,10.6,186.8,RS41-SGP,403.502,22.3,-875,12,3.0,,
2026-09-19T15:01:07.005Z,X1909261,3550,-15.60853,-47.70211,12941.6,4.6,21.2,51.1,-54.2,10.9,186.7,RS41-SGP,403.502,20.2,-875,12,3.0,,
2026-09-19T15:01:08.005Z,X1909261,3551,-15.60840,-47.70195,12946.8,5.4,23.0,50.7,-54.2,11.0,186.6,RS41-SGP,403.502,19.2,-875,12,3.0,,
2026-09-19T15:01:09.005Z,X1909261,3552,-15.60827,-47.70177,12951.6,4.3,25.8,57.4,-54.0,11.0,186.4,RS41-SGP,403.502,21.3,-875,12,3.0,,
2026-09-19T15:01:10.005Z,X1909261,3553,-15.60816,-47.70155,12955.9,4.3,27.2,64.1,-54.1,11.2,186.3,RS41-SGP,403.502,21.3,-875,12,3.0,,
2026-09-19T15:01:11.005Z,X1909261,3554,-15.60805,-47.70133,12960.6,4.9,26.1,63.3,-54.2,11.1,186.1,RS41-SGP,403.502,21.2,-875,12,3.0,,
2026-09-19T15:01:12.005Z,X1909261,3555,-15.60794,-47.70112,12964.9,3.5,25.2,56.7,-54.2,11.2,186.0,RS41-SGP,403.502,20.7,-875,12,2.9,,
2026-09-19T15:01:13.005Z,X1909261,3556,-15.60780,-47.70093,12968.8,4.1,26.0,51.3,-54.4,11.4,185.9,RS41-SGP,403.502,21.5,-875,12,3.0,,
2026-09-19T15:01:14.005Z,X1909261,3557,-15.60766,-47.70073,12973.4,5.0,26.7,54.8,-54.4,11.5,185.8,RS41-SGP,403.502,21.7,-875,12,3.0,,
2026-09-19T15:01:15.005Z,X1909261,3558,-15.60753,-47.70053,12978.1,4.2,25.7,61.6,-54.4,11.5,185.6,RS41-SGP,403.502,22.2,-875,12,3.0,,
2026-09-19T15:01:16.005Z,X1909261,3559,-15.60743,-47.70032,12982.6,4.6,23.4,63.9,-54.5,11.6,185.5,RS41-SGP,403.502,22.2,-875,12,3.0,,
2026-09-19T15:01:17.005Z,X1909261,3560,-15.60733,-47.70014,12987.5,5.0,22.3,56.0,-54.6,11.5,185.3,RS41-SGP,403.502,20.7,-875,12,3.0,,
2026-09-19T15:01:18.005Z,X1909261,3561,-15.60720,-47.69997,12992.2,4.2,24.5,48.6,-54.7,11.5,185.2,RS41-SGP,403.502,21.8,-875,12,3.0,,
2026-09-19T15:01:19.005Z,X1909261,3562,-15.60705,-47.69979,12996.8,4.9,26.6,49.1,-54.6,11.4,185.1,RS41-SGP,403.502,22.6,-875,12,3.0,,
2026-09-19T15:01:20.005Z,X1909261,3563,-15.60690,-47.69960,13001.5,4.4,25.9,55.7,-54.7,11.5,185.0,RS41-SGP,403.502,22.6,-875,12,3.0,,
2026-09-19T15:01:21.005Z,X1909261,3564,-15.60679,-47.69940,13005.4,3.2,23.7,63.2,-54.7,11.6,184.8,RS41-SGP,403.502,22.2,-875,12,3.0,,
2026-09-19T15:01:22.005Z,X1909261,3565,-15.60670,-47.69921,13009.5,4.9,22.0,65.5,-54.8,11.7,184.8,RS41-SGP,403.502,20.7,-875,12,3.0,,
2026-09-19T15:01:23.005Z,X1909261,3566,-15.60660,-47.69902,13014.7,5.3,23.4,59.0,-54.7,11.4,184.6,RS41-SGP,403.502,20.5,-875,12,3.0,,
2026-09-19T15:01:24.005Z,X1909261,3567,-15.60648,-47.69883,13019.4,3.9,26.5,54.6,-54.7,11.5,184.4,RS41-SGP,403.502,22.3,-875,12,3.0,,
2026-09-19T15:01:25.005Z,X1909261,3568,-15.60634,-47.69862,13023.9,5.1,28.0,55.1,-54.9,11.9,184.3,RS41-SGP,403.502,22.7,-875,12,3.0,,
2026-09-19T15:01:26.005Z,X1909261,3569,-15.60621,-47.69841,13029.2,5.4,25.2,59.3,-54.9,11.8,184.2,RS41-SGP,403.502,22.7,-875,12,3.0,,
2026-09-19T15:01:27.005Z,X1909261,3570,-15.60610,-47.69822,13033.9,3.9,21.5,61.4,-54.9,11.9,184.1,RS41-SGP,403.502,22.3,-875,12,3.0,,
2026-09-19T15:01:28.005Z,X1909261,3571,-15.60601,-47.69805,13038.2,4.5,20.8,58.5,-55.1,11.8,183.9,RS41-SGP,403.502,18.6,-875,12,3.0,,
2026-09-19T15:01:29.005Z,X1909261,3572,-15.60590,-47.69788,13042.7,4.2,24.4,55.2,-54.8,11.6,183.8,RS41-SGP,403.502,20.5,-875,12,3.0,,
2026-09-19T15:01:30.005Z,X1909261,3573,-15.60576,-47.69768,13046.7,3.9,28.1,55.8,-54.9,11.9,183.7,RS41-SGP,403.502,22.1,-875,12,3.0,,
2026-09-19T15:01:31.005Z,X1909261,3574,-15.60563,-47.69746,13051.5,5.6,27.9,58.2,-55.0,11.8,183.5,RS41-SGP,403.502,22.1,-875,12,3.0,,
2026-09-19T15:01:32.005Z,X1909261,3575,-15.60550,-47.69725,13056.8,4.8,23.9,58.3,-54.8,11.6,183.4,RS41-SGP,403.502,22.1,-875,12,3.0,,
2026-09-19T15:01:33.005Z,X1909261,3576,-15.60539,-47.69708,13061.2,3.9,20.4,54.6,-55.1,12.0,183.3,RS41-SGP,403.502,21.2,-875,12,3.0,,
2026-09-19T15:01:34.005Z,X1909261,3577,-15.60528,-47.69693,13065.9,5.4,20.4,52.3,-55.2,12.2,183.1,RS41-SGP,403.502,17.7,-875,12,3.0,,
2026-09-19T15:01:35.005Z,X1909261,3578,-15.60517,-47.69676,13070.7,4.2,23.2,56.4,-55.2,12.4,183.0,RS41-SGP,403.502,20.8,-875,12,3.0,,
2026-09-19T15:01:36.005Z,X1909261,3579,-15.60506,-47.69657,13074.6,3.4,25.6,62.5,-55.2,12.5,182.9,RS41-SGP,403.502,21.7,-875,12,2.9,,
2026-09-19T15:01:37.005Z,X1909261,3580,-15.60496,-47.69636,13078.7,4.8,24.9,64.7,-55.3,12.6,182.7,RS41-SGP,403.502,21.8,-875,12,3.0,,
2026-09-19T15:01:38.005Z,X1909261,3581,-15.60486,-47.69617,13083.4,4.3,21.9,59.1,-55.4,12.6,182.7,RS41-SGP,403.502,21.8,-875,12,3.0,,
2026-09-19T15:01:39.005Z,X1909261,3582,-15.60475,-47.69600,13087.6,4.1,20.4,50.7,-55.5,12.5,182.4,RS41-SGP,403.502,20.6,-875,12,3.0,,
2026-09-19T15:01:40.005Z,X1909261,3583,-15.60463,-47.69585,13092.5,5.5,21.9,52.8,-55.4,12.4,182.3,RS41-SGP,403.502,19.5,-875,12,3.0,,
2026-09-19T15:01:41.005Z,X1909261,3584,-15.60452,-47.69567,13097.4,4.3,24.3,61.1,-55.4,12.4,182.3,RS41-SGP,403.502,21.3,-875,12,3.0,,
2026-09-19T15:01:42.005Z,X1909261,3585,-15.60442,-47.69546,13101.8,4.4,25.9,66.2,-55.6,12.7,182.1,RS41-SGP,403.502,21.3,-875,12,3.0,,
2026-09-19T15:01:43.005Z,X1909261,3586,-15.60432,-47.69525,13106.8,5.4,25.2,61.4,-55.4,12.3,181.9,RS41-SGP,403.502,21.4,-875,12,3.0,,
2026-09-19T15:01:44.005Z,X1909261,3587,-15.60420,-47.69506,13111.6,4.1,23.9,52.2,-55.5,12.4,181.8,RS41-SGP,403.502,21.4,-875,12,3.0,,
2026-09-19T15:01:46.005Z,X1909261,3589,-15.60393,-47.69473,13123.0,6.9,22.5,53.3,-55.7,12.9,181.5,RS41-SGP,403.502,10.2,-875,12,3.0,,
2026-09-19T15:01:47.005Z,X1909261,3590,-15.60382,-47.69456,13128.5,4.0,22.4,60.8,-55.6,12.7,181.4,RS41-SGP,403.502,20.5,-875,12,3.0,,
2026-09-19T15:01:48.005Z,X1909261,3591,-15.60373,-47.69437,13133.0,4.8,21.6,65.5,-55.6,12.7,181.2,RS41-SGP,403.502,20.5,-875,12,3.0,,
2026-09-19T15:01:49.005Z,X1909261,3592,-15.60364,-47.69420,13137.8,4.5,20.4,62.0,-55.8,12.9,181.1,RS41-SGP,403.502,20.2,-875,12,3.0,,
2026-09-19T15:01:50.005Z,X1909261,3593,-15.60355,-47.69403,13141.9,3.6,20.7,58.2,-55.8,12.8,181.0,RS41-SGP,403.502,18.6,-875,12,3.0,,
2026-09-19T15:01:51.005Z,X1909261,3594,-15.60345,-47.69386,13145.7,3.8,22.5,60.2,-55.6,12.9,180.8,RS41-SGP,403.502,19.7,-875,12,3.0,,
2026-09-19T15:01:52.005Z,X1909261,3595,-15.60336,-47.69367,13149.4,3.7,23.9,65.5,-55.8,13.1,180.7,RS41-SGP,403.502,20.6,-875,12,3.0,,
2026-09-19T15:01:53.005Z,X1909261,3596,-15.60327,-47.69346,13153.7,4.6,23.6,68.2,-55.9,12.9,180.6,RS41-SGP,403.502,20.6,-875,12,3.0,,
2026-09-19T15:01:54.005Z,X1909261,3597,-15.60319,-47.69327,13158.4,4.8,22.1,65.7,-55.9,12.9,180.5,RS41-SGP,403.502,20.2,-875,12,3.0,,
2026-09-19T15:01:55.005Z,X1909261,3598,-15.60310,-47.69309,13162.8,4.0,22.0,60.8,-56.1,12.9,180.3,RS41-SGP,403.502,17.8,-875,12,3.0,,
2026-09-19T15:01:56.005Z,X1909261,3599,-15.60300,-47.69290,13166.4,3.3,23.7,58.3,-55.9,12.8,180.3,RS41-SGP,403.502,17.9,-875,12,3.0,,
2026-09-19T15:01:57.005Z,X1909261,3600,-15.60288,-47.69271,13169.8,3.4,25.7,60.5,-56.0,13.2,180.2,RS41-SGP,403.502,20.1,-875,12,3.0,,
2026-09-19T15:01:58.005Z,X1909261,3601,-15.60278,-47.69249,13173.7,4.3,25.7,63.8,-56.0,13.0,180.1,RS41-SGP,403.502,20.1,-875,12,2.9,,
2026-09-19T15:01:59.005Z,X1909261,3602,-15.60268,-47.69229,13178.2,4.6,23.9,64.3,-56.1,13.0,180.0,RS41-SGP,403.502,19.7,-875,12,3.0,,
2026-09-19T15:02:00.005Z,X1909261,3603,-15.60258,-47.69210,13182.6,4.1,22.1,59.6,-56.1,12.8,179.8,RS41-SGP,403.502,19.1,-875,12,3.0,,
2026-09-19T15:02:01.005Z,X1909261,3604,-15.60247,-47.69193,13186.9,4.3,21.8,54.1,-56.2,12.7,179.8,RS41-SGP,403.502,18.0,-875,12,3.0,,
2026-09-19T15:02:02.005Z,X1909261,3605,-15.60236,-47.69176,13191.4,4.6,22.3,54.3,-56.2,12.9,179.5,RS41-SGP,403.502,18.7,-875,12,3.0,,
2026-09-19T15:02:03.005Z,X1909261,3606,-15.60225,-47.69159,13195.6,3.7,22.5,58.8,-56.2,13.1,179.4,RS41-SGP,403.502,19.5,-875,12,3.0,,
2026-09-19T15:02:04.005Z,X1909261,3607,-15.60215,-47.69141,13198.8,2.6,21.6,63.8,-56.1,13.1,179.4,RS41-SGP,403.502,19.5,-875,12,3.0,,
2026-09-19T15:02:05.005Z,X1909261,3608,-15.60207,-47.69123,13201.8,3.3,19.7,65.2,-56.3,13.2,179.2,RS41-SGP,403.502,18.9,-875,12,3.0,,
2026-09-19T15:02:06.005Z,X1909261,3609,-15.60199,-47.69107,13205.8,4.7,19.6,60.1,-56.4,12.9,179.1,RS41-SGP,403.502,17.3,-875,12,3.0,,
2026-09-19T15:02:07.005Z,X1909261,3610,-15.60189,-47.69091,13210.9,5.4,21.6,57.0,-56.3,12.6,178.9,RS41-SGP,403.502,16.4,-875,12,3.0,,
2026-09-19T15:02:08.005Z,X1909261,3611,-15.60179,-47.69073,13216.4,5.6,23.2,61.0,-56.3,12.5,178.8,RS41-SGP,403.502,18.5,-875,12,3.0,,
2026-09-19T15:02:09.005Z,X1909261,3612,-15.60170,-47.69054,13221.6,4.7,23.0,68.0,-56.3,12.5,178.7,RS41-SGP,403.502,19.0,-875,12,3.0,,
2026-09-19T15:02:10.005Z,X1909261,3613,-15.60163,-47.69034,13226.0,4.0,21.5,74.5,-56.5,12.9,178.6,RS41-SGP,403.502,19.0,-875,12,3.0,,
2026-09-19T15:02:11.005Z,X1909261,3614,-15.60159,-47.69015,13230.5,4.9,20.0,75.3,-56.6,13.0,178.4,RS41-SGP,403.502,17.1,-875,12,3.0,,
2026-09-19T15:02:12.005Z,X1909261,3615,-15.60153,-47.68997,13235.7,5.3,20.8,70.0,-56.7,13.0,178.3,RS41-SGP,403.502,14.5,-875,12,3.0,,
2026-09-19T15:02:13.005Z,X1909261,3616,-15.60145,-47.68978,13240.9,5.2,23.4,65.5,-56.6,13.1,178.1,RS41-SGP,403.502,14.4,-875,12,3.0,,
2026-09-19T15:02:14.005Z,X1909261,3617,-15.60136,-47.68958,13246.7,6.1,25.3,65.6,-56.3,13.0,178.0,RS41-SGP,403.502,15.5,-875,12,3.0,,
2026-09-19T15:02:15.005Z,X1909261,3618,-15.60127,-47.68936,13253.2,6.8,25.0,67.6,-56.5,13.5,177.8,RS41-SGP,403.502,16.2,-875,12,3.0,,
2026-09-19T15:02:16.005Z,X1909261,3619,-15.60119,-47.68915,13259.8,6.3,24.0,67.6,-56.7,13.7,177.6,RS41-SGP,403.502,16.2,-875,12,3.0,,
2026-09-19T15:02:17.005Z,X1909261,3620,-15.60110,-47.68895,13265.4,4.8,23.3,63.6,-56.8,13.8,177.5,RS41-SGP,403.502,16.3,-875,12,3.0,,
2026-09-19T15:02:18.005Z,X1909261,3621,-15.60100,-47.68876,13270.0,4.3,23.6,57.5,-56.8,13.5,177.3,RS41-SGP,403.502,16.3,-875,12,3.0,,
2026-09-19T15:02:19.005Z,X1909261,3622,-15.60088,-47.68858,13275.2,5.8,23.3,55.1,-56.9,13.7,177.2,RS41-SGP,403.502,15.2,-875,12,2.9,,
2026-09-19T15:02:20.005Z,X1909261,3623,-15.60077,-47.68840,13281.5,6.8,22.0,59.5,-56.8,13.6,177.0,RS41-SGP,403.502,16.6,-875,12,3.0,,
2026-09-19T15:02:21.005Z,X1909261,3624,-15.60068,-47.68823,13288.2,6.4,20.4,65.1,-56.9,13.6,176.8,RS41-SGP,403.502,16.9,-875,12,3.0,,
2026-09-19T15:02:22.005Z,X1909261,3625,-15.60061,-47.68806,13294.5,6.2,19.2,64.5,-57.0,13.5,176.7,RS41-SGP,403.502,16.9,-875,12,3.0,,
2026-09-19T15:02:23.005Z,X1909261,3626,-15.60052,-47.68791,13300.3,5.2,19.0,57.2,-57.2,13.6,176.6,RS41-SGP,403.502,15.8,-875,12,3.0,,
2026-09-19T15:02:24.005Z,X1909261,3627,-15.60042,-47.68776,13305.4,5.0,19.7,52.2,-57.2,13.3,176.4,RS41-SGP,403.502,15.6,-875,12,3.0,,
2026-09-19T15:02:25.005Z,X1909261,3628,-15.60032,-47.68761,13310.9,5.8,19.6,56.7,-57.2,13.4,176.2,RS41-SGP,403.502,15.8,-875,12,3.0,,
2026-09-19T15:02:26.005Z,X1909261,3629,-15.60023,-47.68746,13316.1,4.4,18.8,65.3,-57.2,13.3,176.1,RS41-SGP,403.502,15.8,-875,12,3.0,,
2026-09-19T15:02:27.005Z,X1909261,3630,-15.60017,-47.68730,13320.4,4.1,18.4,69.9,-57.1,13.4,175.9,RS41-SGP,403.502,15.1,-875,12,3.0,,
2026-09-19T15:02:28.005Z,X1909261,3631,-15.60010,-47.68714,13324.9,4.8,18.9,64.4,-57.4,13.7,175.8,RS41-SGP,403.502,14.6,-875,12,3.0,,
2026-09-19T15:02:29.005Z,X1909261,3632,-15.60002,-47.68698,13329.5,4.4,20.8,56.4,-57.6,13.7,175.7,RS41-SGP,403.502,15.2,-875,12,3.0,,
2026-09-19T15:02:30.005Z,X1909261,3633,-15.59990,-47.68681,13334.7,6.0,22.5,54.9,-57.5,13.7,175.5,RS41-SGP,403.502,15.2,-875,11,3.0,,
2026-09-19T15:02:31.005Z,X1909261,3634,-15.59980,-47.68664,13341.3,7.0,21.4,62.0,-57.4,13.7,175.3,RS41-SGP,403.502,16.7,-875,12,3.0,,
2026-09-19T15:02:32.005Z,X1909261,3635,-15.59973,-47.68646,13348.3,6.9,19.3,71.2,-57.4,13.8,175.2,RS41-SGP,403.502,16.7,-875,12,3.0,,
2026-09-19T15:02:33.005Z,X1909261,3636,-15.59968,-47.68630,13356.0,8.6,18.5,74.4,-57.6,14.0,174.9,RS41-SGP,403.502,14.7,-875,12,3.0,,
2026-09-19T15:02:34.005Z,X1909261,3637,-15.59962,-47.68612,13364.9,8.9,20.5,68.9,-57.7,13.9,174.6,RS41-SGP,403.502,14.5,-875,12,3.0,,
2026-09-19T15:02:35.005Z,X1909261,3638,-15.59955,-47.68594,13373.6,8.4,23.1,66.9,-57.7,13.9,174.5,RS41-SGP,403.502,15.9,-875,12,3.0,,
2026-09-19T15:02:36.005Z,X1909261,3639,-15.59947,-47.68573,13381.9,8.1,23.8,72.2,-57.8,14.1,174.2,RS41-SGP,403.502,17.1,-875,12,3.0,,
2026-09-19T15:02:37.005Z,X1909261,3640,-15.59942,-47.68552,13388.8,5.7,22.7,79.9,-57.8,14.1,174.0,RS41-SGP,403.502,17.1,-875,12,3.0,,
2026-09-19T15:02:38.005Z,X1909261,3641,-15.59940,-47.68532,13393.8,4.1,21.0,86.8,-58.0,14.4,173.9,RS41-SGP,403.502,16.6,-875,12,2.9,,
2026-09-19T15:02:39.005Z,X1909261,3642,-15.59939,-47.68513,13398.3,4.8,19.3,86.3,-58.1,14.4,173.7,RS41-SGP,403.502,15.6,-875,12,3.0,,
2026-09-19T15:02:40.005Z,X1909261,3643,-15.59937,-47.68495,13403.2,4.7,19.5,78.8,-58.0,13.9,173.7,RS41-SGP,403.502,14.0,-875,12,3.0,,
2026-09-19T15:02:41.005Z,X1909261,3644,-15.59932,-47.68477,13408.0,4.8,20.9,74.8,-57.9,14.3,173.6,RS41-SGP,403.502,14.9,-875,12,3.0,,
2026-09-19T15:02:42.005Z,X1909261,3645,-15.59928,-47.68458,13413.0,5.3,21.6,77.2,-57.8,14.8,173.4,RS41-SGP,403.502,16.4,-875,12,3.0,,
2026-09-19T15:02:43.005Z,X1909261,3646,-15.59924,-47.68439,13418.3,5.0,20.4,81.8,-57.6,14.8,173.2,RS41-SGP,403.502,16.8,-875,12,3.0,,
2026-09-19T15:02:44.005Z,X1909261,3647,-15.59922,-47.68421,13423.6,5.4,17.9,81.6,-57.9,15.1,173.1,RS41-SGP,403.502,16.8,-875,12,3.0,,
2026-09-19T15:02:45.005Z,X1909261,3648,-15.59918,-47.68405,13429.4,5.9,17.1,72.8,-58.3,15.1,172.9,RS41-SGP,403.502,14.0,-875,12,3.0,,
2026-09-19T15:02:46.005Z,X1909261,3649,-15.59912,-47.68390,13435.3,5.8,18.4,64.5,-58.4,14.7,172.8,RS41-SGP,403.502,15.4,-875,12,3.0,,
2026-09-19T15:02:47.005Z,X1909261,3650,-15.59905,-47.68374,13441.4,6.3,19.8,63.7,-58.2,14.2,172.6,RS41-SGP,403.502,17.5,-875,12,3.0,,
2026-09-19T15:02:48.005Z,X1909261,3651,-15.59898,-47.68357,13447.7,6.3,19.1,69.0,-58.2,14.1,172.4,RS41-SGP,403.502,17.8,-875,12,3.0,,
2026-09-19T15:02:49.005Z,X1909261,3652,-15.59893,-47.68341,13453.5,5.4,17.3,74.3,-58.3,14.2,172.3,RS41-SGP,403.502,17.8,-875,12,3.0,,
2026-09-19T15:02:50.005Z,X1909261,3653,-15.59888,-47.68326,13459.1,5.6,15.8,72.5,-58.6,14.3,172.2,RS41-SGP,403.502,15.1,-875,12,3.0,,
2026-09-19T15:02:51.005Z,X1909261,3654,-15.59883,-47.68312,13464.8,5.7,16.7,64.1,-58.6,13.9,172.0,RS41-SGP,403.502,13.7,-875,12,3.0,,
2026-09-19T15:02:52.005Z,X1909261,3655,-15.59875,-47.68298,13470.5,5.6,18.8,60.7,-58.4,13.3,171.8,RS41-SGP,403.502,16.1,-875,12,3.0,,
2026-09-19T15:02:53.005Z,X1909261,3656,-15.59867,-47.68282,13476.2,5.8,19.2,63.6,-58.2,13.5,171.7,RS41-SGP,403.502,17.2,-875,12,3.0,,
2026-09-19T15:02:54.005Z,X1909261,3657,-15.59861,-47.68266,13481.7,5.2,18.0,69.2,-58.5,14.5,171.5,RS41-SGP,403.502,17.2,-875,12,3.0,,
2026-09-19T15:02:55.005Z,X1909261,3658,-15.59855,-47.68251,13486.8,4.8,16.8,70.0,-58.5,14.9,171.4,RS41-SGP,403.502,16.6,-875,12,3.0,,
2026-09-19T15:02:56.005Z,X1909261,3659,-15.59849,-47.68236,13491.8,5.0,17.9,64.1,-58.6,14.8,171.2,RS41-SGP,403.502,14.9,-875,11,2.9,,
2026-09-19T15:02:57.005Z,X1909261,3660,-15.59841,-47.68221,13496.5,4.5,20.0,60.4,-58.8,14.8,171.1,RS41-SGP,403.502,17.7,-875,12,3.0,,
2026-09-19T15:02:58.005Z,X1909261,3661,-15.59832,-47.68204,13501.6,5.5,20.4,62.9,-58.9,14.9,171.0,RS41-SGP,403.502,17.7,-875,12,3.0,,
2026-09-19T15:02:59.005Z,X1909261,3662,-15.59825,-47.68188,13506.7,4.9,18.4,70.6,-58.8,15.2,170.9,RS41-SGP,403.502,18.0,-875,12,3.0,,
2026-09-19T15:03:00.005Z,X1909261,3663,-15.59821,-47.68172,13511.5,4.4,16.5,79.0,-58.7,15.3,170.8,RS41-SGP,403.502,18.0,-875,12,3.0,,
2026-09-19T15:03:01.005Z,X1909261,3664,-15.59819,-47.68157,13516.3,5.2,16.0,79.4,-59.0,15.2,170.5,RS41-SGP,403.502,15.9,-875,12,3.0,,
2026-09-19T15:03:02.005Z,X1909261,3665,-15.59815,-47.68142,13521.3,4.7,16.9,71.5,-59.2,15.0,170.4,RS41-SGP,403.502,15.9,-875,12,3.0,,
2026-09-19T15:03:03.005Z,X1909261,3666,-15.59809,-47.68127,13525.3,3.2,18.1,65.4,-59.0,14.3,170.3,RS41-SGP,403.502,16.0,-875,12,3.0,,
2026-09-19T15:03:04.005Z,X1909261,3667,-15.59803,-47.68112,13528.8,3.7,18.4,68.4,-59.0,14.5,170.3,RS41-SGP,403.502,16.0,-875,12,3.0,,
2026-09-19T15:03:05.005Z,X1909261,3668,-15.59798,-47.68095,13532.1,2.8,18.2,78.3,-59.0,14.7,170.2,RS41-SGP,403.502,16.5,-875,12,3.0,,
2026-09-19T15:03:06.005Z,X1909261,3669,-15.59796,-47.68078,13535.3,3.4,18.6,86.1,-59.2,15.0,170.1,RS41-SGP,403.502,16.5,-875,12,3.0,,
2026-09-19T15:03:07.005Z,X1909261,3670,-15.59794,-47.68061,13539.4,4.8,19.0,81.2,-59.3,15.0,170.0,RS41-SGP,403.502,14.8,-875,12,3.0,,
2026-09-19T15:03:08.005Z,X1909261,3671,-15.59789,-47.68043,13543.9,3.9,20.1,70.5,-59.4,15.0,169.9,RS41-SGP,403.502,14.2,-875,12,3.0,,
2026-09-19T15:03:09.005Z,X1909261,3672,-15.59782,-47.68025,13547.9,4.2,22.1,64.9,-59.4,15.0,169.7,RS41-SGP,403.502,15.9,-875,12,3.0,,
2026-09-19T15:03:10.005Z,X1909261,3673,-15.59774,-47.68006,13552.6,5.1,23.1,70.2,-59.3,15.2,169.5,RS41-SGP,403.502,17.1,-875,12,3.0,,
2026-09-19T15:03:11.005Z,X1909261,3674,-15.59769,-47.67985,13557.1,3.8,23.4,77.9,-59.3,15.5,169.4,RS41-SGP,403.502,17.2,-875,12,3.0,,
2026-09-19T15:03:12.005Z,X1909261,3675,-15.59765,-47.67964,13561.0,3.9,23.5,81.5,-59.4,15.7,169.4,RS41-SGP,403.502,17.2,-875,12,3.0,,
2026-09-19T15:03:13.005Z,X1909261,3676,-15.59761,-47.67942,13565.0,4.0,23.4,76.2,-59.5,15.6,169.3,RS41-SGP,403.502,17.0,-875,12,2.9,,
2026-09-19T15:03:14.005Z,X1909261,3677,-15.59754,-47.67921,13568.7,3.5,23.7,68.7,-59.6,15.5,169.2,RS41-SGP,403.502,17.7,-875,12,3.0,,
2026-09-19T15:03:15.005Z,X1909261,3678,-15.59746,-47.67901,13573.3,5.6,23.4,67.2,-59.5,15.4,169.0,RS41-SGP,403.502,17.8,-875,12,3.0,,
2026-09-19T15:03:16.005Z,X1909261,3679,-15.59740,-47.67881,13579.3,6.2,22.6,74.3,-59.5,15.9,168.8,RS41-SGP,403.502,19.3,-875,12,3.0,,
2026-09-19T15:03:17.005Z,X1909261,3680,-15.59735,-47.67861,13585.2,5.4,21.8,81.4,-59.6,15.7,168.8,RS41-SGP,403.502,19.3,-875,12,3.0,,
2026-09-19T15:03:18.005Z,X1909261,3681,-15.59732,-47.67842,13590.6,5.3,20.0,80.5,-59.6,15.4,168.6,RS41-SGP,403.502,18.4,-875,12,3.0,,
2026-09-19T15:03:19.005Z,X1909261,3682,-15.59728,-47.67824,13595.5,4.3,19.0,70.1,-59.7,15.5,168.4,RS41-SGP,403.502,17.6,-875,12,3.0,,
2026-09-19T15:03:20.005Z,X1909261,3683,-15.59721,-47.67807,13600.3,5.3,20.2,62.1,-59.8,15.2,168.3,RS41-SGP,403.502,17.1,-875,12,3.0,,
2026-09-19T15:03:21.005Z,X1909261,3684,-15.59713,-47.67790,13606.5,6.8,22.0,69.9,-59.6,14.6,168.1,RS41-SGP,403.502,18.9,-875,12,3.0,,
2026-09-19T15:03:22.005Z,X1909261,3685,-15.59708,-47.67769,13612.7,5.4,23.1,81.2,-59.7,15.0,168.0,RS41-SGP,403.502,19.7,-875,12,3.0,,
2026-09-19T15:03:23.005Z,X1909261,3686,-15.59706,-47.67748,13618.6,6.2,23.1,88.2,-59.9,15.3,167.8,RS41-SGP,403.502,19.7,-875,12,3.0,,
2026-09-19T15:03:24.005Z,X1909261,3687,-15.59704,-47.67727,13625.3,7.2,21.2,81.4,-60.0,15.8,167.6,RS41-SGP,403.502,18.4,-875,12,3.0,,
2026-09-19T15:03:25.005Z,X1909261,3688,-15.59700,-47.67708,13631.4,4.8,21.2,68.8,-59.9,16.1,167.5,RS41-SGP,403.502,17.3,-875,12,3.0,,
2026-09-19T15:03:26.005Z,X1909261,3689,-15.59691,-47.67690,13636.5,5.2,23.6,62.8,-60.0,16.2,167.4,RS41-SGP,403.502,17.3,-875,12,3.0,,
2026-09-19T15:03:27.005Z,X1909261,3690,-15.59683,-47.67669,13642.4,6.5,25.2,71.5,-60.1,16.7,167.1,RS41-SGP,403.502,19.6,-875,12,3.0,,
2026-09-19T15:03:28.005Z,X1909261,3691,-15.59678,-47.67646,13647.8,4.1,25.4,82.0,-60.2,16.8,167.1,RS41-SGP,403.502,20.1,-875,12,3.0,,
2026-09-19T15:03:29.005Z,X1909261,3692,-15.59676,-47.67623,13652.1,4.5,23.4,87.5,-60.3,16.8,166.9,RS41-SGP,403.502,20.1,-875,12,3.0,,
2026-09-19T15:03:30.005Z,X1909261,3693,-15.59673,-47.67603,13656.5,4.1,21.4,78.8,-60.3,16.6,166.8,RS41-SGP,403.502,17.5,-875,12,2.9,,
2026-09-19T15:03:31.005Z,X1909261,3694,-15.59668,-47.67583,13659.7,2.1,22.3,67.7,-60.3,16.8,166.7,RS41-SGP,403.502,18.9,-875,12,3.0,,
2026-09-19T15:03:32.005Z,X1909261,3695,-15.59659,-47.67563,13663.2,4.6,25.0,66.5,-60.3,16.5,166.7,RS41-SGP,403.502,21.0,-875,12,3.0,,
2026-09-19T15:03:33.005Z,X1909261,3696,-15.59652,-47.67541,13668.2,5.4,25.0,76.3,-60.4,16.1,166.5,RS41-SGP,403.502,21.0,-875,12,3.0,,
2026-09-19T15:03:34.005Z,X1909261,3697,-15.59649,-47.67519,13673.3,4.5,22.6,85.5,-60.5,16.1,166.3,RS41-SGP,403.502,20.6,-875,12,3.0,,
2026-09-19T15:03:35.005Z,X1909261,3698,-15.59647,-47.67500,13678.0,4.8,19.2,84.6,-60.4,16.1,166.2,RS41-SGP,403.502,19.5,-875,12,3.0,,
2026-09-19T15:03:36.005Z,X1909261,3699,-15.59643,-47.67483,13682.7,4.5,19.0,71.4,-60.5,16.3,166.1,RS41-SGP,403.502,16.8,-875,12,3.0,,
2026-09-19T15:03:37.005Z,X1909261,3700,-15.59636,-47.67465,13687.1,4.2,22.8,65.2,-60.5,16.7,166.0,RS41-SGP,403.502,19.9,-875,12,3.0,,
2026-09-19T15:03:38.005Z,X1909261,3701,-15.59629,-47.67444,13691.9,5.2,25.5,72.1,-60.7,17.1,165.8,RS41-SGP,403.502,21.3,-875,12,3.0,,
2026-09-19T15:03:39.005Z,X1909261,3702,-15.59624,-47.67421,13696.7,4.5,24.4,83.3,-60.7,16.9,165.7,RS41-SGP,403.502,21.4,-875,12,3.0,,
2026-09-19T15:03:40.005Z,X1909261,3703,-15.59622,-47.67400,13701.0,3.9,20.5,88.8,-60.7,17.0,165.6,RS41-SGP,403.502,21.4,-875,12,3.0,,
2026-09-19T15:03:41.005Z,X1909261,3704,-15.59620,-47.67383,13705.4,4.7,17.7,78.1,-60.8,16.9,165.5,RS41-SGP,403.502,17.4,-875,12,3.0,,
2026-09-19T15:03:42.005Z,X1909261,3705,-15.59615,-47.67366,13710.1,4.7,20.8,67.3,-60.8,16.8,165.4,RS41-SGP,403.502,17.3,-875,12,3.0,,
2026-09-19T15:03:43.005Z,X1909261,3706,-15.59608,-47.67345,13714.8,4.6,25.5,71.2,-60.8,17.0,165.2,RS41-SGP,403.502,21.0,-875,12,3.0,,
2026-09-19T15:03:44.005Z,X1909261,3707,-15.59602,-47.67322,13719.3,4.2,26.4,82.0,-60.8,16.8,165.2,RS41-SGP,403.502,21.7,-875,12,3.0,,
2026-09-19T15:03:45.005Z,X1909261,3708,-15.59601,-47.67299,13723.4,4.0,23.1,90.4,-60.8,17.0,165.1,RS41-SGP,403.502,21.7,-875,12,3.0,,
2026-09-19T15:03:46.005Z,X1909261,3709,-15.59600,-47.67280,13727.5,4.2,18.7,85.4,-60.9,17.2,164.9,RS41-SGP,403.502,18.6,-875,12,2.9,,
2026-09-19T15:03:47.005Z,X1909261,3710,-15.59597,-47.67262,13731.6,3.9,19.7,70.7,-60.9,17.5,164.8,RS41-SGP,403.502,16.5,-875,12,3.0,,
2026-09-19T15:03:48.005Z,X1909261,3711,-15.59590,-47.67243,13735.7,4.1,24.6,69.8,-61.0,18.0,164.7,RS41-SGP,403.502,20.0,-875,12,3.0,,
2026-09-19T15:03:49.005Z,X1909261,3712,-15.59584,-47.67220,13739.7,3.9,26.6,79.8,-60.9,17.8,164.6,RS41-SGP,403.502,21.4,-875,12,3.0,,
2026-09-19T15:03:50.005Z,X1909261,3713,-15.59582,-47.67197,13743.6,3.7,23.9,89.0,-61.0,17.8,164.5,RS41-SGP,403.502,21.4,-875,12,3.0,,
2026-09-19T15:03:51.005Z,X1909261,3714,-15.59581,-47.67177,13747.4,4.0,19.0,86.5,-61.1,18.0,164.4,RS41-SGP,403.502,19.5,-875,12,3.0,,
2026-09-19T15:03:52.005Z,X1909261,3715,-15.59578,-47.67159,13751.5,3.9,19.4,71.9,-61.1,17.8,164.3,RS41-SGP,403.502,15.0,-875,12,3.0,,
2026-09-19T15:03:53.005Z,X1909261,3716,-15.59571,-47.67140,13755.2,3.3,23.9,69.8,-61.0,17.6,164.2,RS41-SGP,403.502,20.4,-875,12,3.0,,
2026-09-19T15:03:54.005Z,X1909261,3717,-15.59565,-47.67118,13758.5,3.2,26.6,77.8,-61.1,17.5,164.1,RS41-SGP,403.502,21.6,-875,12,3.0,,
2026-09-19T15:03:55.005Z,X1909261,3718,-15.59562,-47.67094,13762.1,3.9,24.4,86.7,-61.2,17.7,164.0,RS41-SGP,403.502,21.6,-875,12,3.0,,
2026-09-19T15:03:56.005Z,X1909261,3719,-15.59560,-47.67074,13766.2,4.1,19.9,85.1,-61.2,17.8,163.9,RS41-SGP,403.502,20.2,-875,12,3.0,,
2026-09-19T15:03:57.005Z,X1909261,3720,-15.59557,-47.67056,13770.2,3.8,19.3,72.8,-61.2,17.9,163.8,RS41-SGP,403.502,16.7,-875,12,3.0,,
2026-09-19T15:03:58.005Z,X1909261,3721,-15.59551,-47.67037,13773.9,3.6,23.1,69.5,-61.1,18.0,163.7,RS41-SGP,403.502,20.7,-875,12,3.0,,
2026-09-19T15:03:59.005Z,X1909261,3722,-15.59545,-47.67016,13777.7,3.8,25.9,77.2,-61.2,18.0,163.6,RS41-SGP,403.502,22.0,-875,12,3.0,,
2026-09-19T15:04:00.005Z,X1909261,3723,-15.59541,-47.66992,13781.7,4.2,24.8,86.8,-61.3,18.3,163.5,RS41-SGP,403.502,22.0,-875,12,3.0,,
2026-09-19T15:04:01.005Z,X1909261,3724,-15.59540,-47.66971,13786.2,4.6,21.4,86.4,-61.3,18.1,163.3,RS41-SGP,403.502,20.3,-875,12,2.9,,
2026-09-19T15:04:02.005Z,X1909261,3725,-15.59537,-47.66952,13790.4,3.7,20.6,76.0,-61.1,17.7,163.3,RS41-SGP,403.502,18.4,-875,12,3.0,,
2026-09-19T15:04:03.005Z,X1909261,3726,-15.59532,-47.66932,13793.9,3.1,23.0,70.2,-61.3,18.4,163.2,RS41-SGP,403.502,21.1,-875,12,3.0,,
2026-09-19T15:04:04.005Z,X1909261,3727,-15.59525,-47.66911,13797.2,3.6,24.8,74.4,-61.4,18.7,163.1,RS41-SGP,403.502,22.0,-875,12,3.0,,
2026-09-19T15:04:05.005Z,X1909261,3728,-15.59520,-47.66889,13800.7,3.3,23.2,81.4,-61.4,18.6,163.0,RS41-SGP,403.502,22.0,-875,12,3.0,,
2026-09-19T15:04:06.005Z,X1909261,3729,-15.59518,-47.66869,13804.2,3.7,19.9,83.7,-61.5,18.9,162.9,RS41-SGP,403.502,20.3,-875,12,3.0,,
2026-09-19T15:04:07.005Z,X1909261,3730,-15.59515,-47.66851,13808.4,4.5,19.3,75.7,-61.6,18.7,162.8,RS41-SGP,403.502,17.8,-875,12,3.0,,
2026-09-19T15:04:08.005Z,X1909261,3731,-15.59509,-47.66833,13812.6,3.8,22.4,70.6,-61.5,18.4,162.7,RS41-SGP,403.502,20.6,-875,11,3.0,,
2026-09-19T15:04:09.005Z,X1909261,3732,-15.59503,-47.66812,13816.5,4.0,25.4,73.7,-61.5,18.4,162.6,RS41-SGP,403.502,21.8,-875,11,3.0,,
2026-09-19T15:04:10.005Z,X1909261,3733,-15.59498,-47.66789,13820.7,4.4,24.2,79.8,-61.6,18.1,162.5,RS41-SGP,403.502,22.2,-875,11,3.0,,
2026-09-19T15:04:11.005Z,X1909261,3734,-15.59494,-47.66769,13824.7,3.5,20.2,81.5,-61.5,18.2,162.4,RS41-SGP,403.502,22.2,-875,11,3.0,,
2026-09-19T15:04:12.005Z,X1909261,3735,-15.59491,-47.66752,13828.2,3.5,17.3,74.9,-61.7,18.5,162.3,RS41-SGP,403.502,19.6,-875,11,3.0,,
2026-09-19T15:04:13.005Z,X1909261,3736,-15.59486,-47.66736,13832.1,4.1,18.6,68.1,-61.8,18.4,162.2,RS41-SGP,403.502,19.4,-875,11,3.0,,
2026-09-19T15:04:14.005Z,X1909261,3737,-15.59479,-47.66719,13835.7,3.1,20.6,69.8,-61.6,18.5,162.1,RS41-SGP,403.502,21.8,-875,11,3.0,,
2026-09-19T15:04:15.005Z,X1909261,3738,-15.59474,-47.66701,13838.7,2.9,21.2,75.9,-61.4,18.6,162.0,RS41-SGP,403.502,21.8,-875,11,3.0,,
2026-09-19T15:04:16.005Z,X1909261,3739,-15.59470,-47.66682,13841.9,3.3,19.8,79.7,-61.6,19.1,161.9,RS41-SGP,403.502,21.8,-875,11,2.9,,
2026-09-19T15:04:17.005Z,X1909261,3740,-15.59467,-47.66664,13845.7,4.1,18.5,78.2,-61.8,19.4,161.8,RS41-SGP,403.502,20.4,-875,11,3.0,,
2026-09-19T15:04:18.005Z,X1909261,3741,-15.59463,-47.66647,13849.8,4.1,19.2,74.6,-61.8,19.4,161.7,RS41-SGP,403.502,18.4,-875,11,3.0,,
2026-09-19T15:04:19.005Z,X1909261,3742,-15.59458,-47.66629,13853.4,3.3,21.4,76.7,-61.7,19.5,161.6,RS41-SGP,403.502,21.0,-875,11,3.0,,
2026-09-19T15:04:20.005Z,X1909261,3743,-15.59455,-47.66609,13856.7,3.2,23.1,82.1,-61.7,19.4,161.5,RS41-SGP,403.502,21.4,-875,11,3.0,,
2026-09-19T15:04:21.005Z,X1909261,3744,-15.59453,-47.66588,13860.4,4.3,22.6,86.5,-61.9,19.6,161.4,RS41-SGP,403.502,21.4,-875,11,3.0,,
2026-09-19T15:04:22.005Z,X1909261,3745,-15.59451,-47.66567,13865.0,4.8,21.1,84.4,-61.7,18.7,161.3,RS41-SGP,403.502,20.9,-875,11,3.0,,
2026-09-19T15:04:23.005Z,X1909261,3746,-15.59448,-47.66548,13869.5,4.0,21.1,78.0,-62.0,19.1,161.2,RS41-SGP,403.502,19.0,-875,11,3.0,,
2026-09-19T15:04:24.005Z,X1909261,3747,-15.59443,-47.66528,13873.1,3.4,22.8,73.0,-61.8,18.9,161.1,RS41-SGP,403.502,21.2,-875,11,3.0,,
2026-09-19T15:04:25.005Z,X1909261,3748,-15.59437,-47.66507,13876.9,4.2,24.4,74.1,-61.9,19.3,161.0,RS41-SGP,403.502,22.1,-875,11,3.0,,
2026-09-19T15:04:26.005Z,X1909261,3749,-15.59432,-47.66486,13881.0,4.0,23.3,77.5,-62.0,19.5,160.9,RS41-SGP,403.502,22.1,-875,11,3.0,,
2026-09-19T15:04:27.005Z,X1909261,3750,-15.59428,-47.66466,13884.7,3.3,20.5,79.0,-61.9,19.5,160.8,RS41-SGP,403.502,21.6,-875,11,3.0,,
2026-09-19T15:04:28.005Z,X1909261,3751,-15.59424,-47.66448,13888.4,3.9,18.5,75.1,-62.1,19.7,160.7,RS41-SGP,403.502,19.6,-875,11,3.0,,
2026-09-19T15:04:29.005Z,X1909261,3752,-15.59419,-47.66431,13892.3,3.8,19.7,72.5,-62.1,20.0,160.6,RS41-SGP,403.502,17.7,-875,11,3.0,,
2026-09-19T15:04:30.005Z,X1909261,3753,-15.59414,-47.66412,13895.8,3.2,22.4,75.9,-62.1,20.5,160.6,RS41-SGP,403.502,21.7,-875,11,2.9,,
2026-09-19T15:04:31.005Z,X1909261,3754,-15.59410,-47.66391,13899.4,4.0,24.1,81.7,-62.1,20.7,160.5,RS41-SGP,403.502,21.9,-875,11,3.0,,
2026-09-19T15:04:32.005Z,X1909261,3755,-15.59407,-47.66369,13903.8,4.8,22.5,84.1,-61.9,20.0,160.3,RS41-SGP,403.502,21.9,-875,11,3.0,,
2026-09-19T15:04:33.005Z,X1909261,3756,-15.59404,-47.66350,13908.2,3.8,20.6,78.6,-62.1,20.5,160.2,RS41-SGP,403.502,20.7,-875,11,3.0,,
2026-09-19T15:04:34.005Z,X1909261,3757,-15.59399,-47.66331,13911.6,3.0,21.0,70.8,-62.3,20.8,160.1,RS41-SGP,403.502,19.5,-875,11,3.0,,
2026-09-19T15:04:35.005Z,X1909261,3758,-15.59393,-47.66312,13915.1,3.9,23.2,69.5,-62.3,20.9,160.0,RS41-SGP,403.502,21.4,-875,10,3.0,,
2026-09-19T15:04:37.005Z,X1909261,3760,-15.59381,-47.66270,13923.8,4.6,22.4,76.9,-62.2,20.5,159.8,RS41-SGP,403.502,9.5,-875,11,3.0,,
2026-09-19T15:04:38.005Z,X1909261,3761,-15.59376,-47.66251,13928.1,4.1,19.7,75.1,-62.2,20.8,159.7,RS41-SGP,403.502,18.6,-875,11,3.0,,
2026-09-19T15:04:39.005Z,X1909261,3762,-15.59371,-47.66234,13932.3,4.2,18.8,71.0,-62.4,21.2,159.6,RS41-SGP,403.502,18.6,-875,11,3.0,,
2026-09-19T15:04:40.005Z,X1909261,3763,-15.59365,-47.66216,13936.6,4.4,20.9,71.5,-62.3,21.8,159.4,RS41-SGP,403.502,19.2,-875,11,3.0,,
2026-09-19T15:04:41.005Z,X1909261,3764,-15.59360,-47.66196,13940.7,3.6,23.6,77.7,-62.3,22.4,159.4,RS41-SGP,403.502,21.9,-875,11,3.0,,
2026-09-19T15:04:42.005Z,X1909261,3765,-15.59357,-47.66175,13944.9,4.7,24.1,83.1,-62.4,22.3,159.3,RS41-SGP,403.502,21.9,-875,11,3.0,,
2026-09-19T15:04:43.005Z,X1909261,3766,-15.59354,-47.66153,13950.0,5.4,21.7,82.0,-62.3,21.4,159.1,RS41-SGP,403.502,20.8,-875,11,3.0,,
2026-09-19T15:04:44.005Z,X1909261,3767,-15.59350,-47.66134,13954.7,3.8,20.4,74.1,-62.2,21.2,159.0,RS41-SGP,403.502,19.9,-875,11,2.9,,
2026-09-19T15:04:45.005Z,X1909261,3768,-15.59343,-47.66116,13958.4,3.6,21.9,65.6,-62.4,21.3,158.9,RS41-SGP,403.502,19.4,-875,11,3.0,,
2026-09-19T15:04:46.005Z,X1909261,3769,-15.59335,-47.66096,13962.5,4.7,23.8,67.1,-62.3,21.0,158.8,RS41-SGP,403.502,21.7,-875,11,3.0,,
2026-09-19T15:04:47.005Z,X1909261,3770,-15.59328,-47.66076,13966.9,4.2,22.8,73.3,-62.0,19.8,158.7,RS41-SGP,403.502,21.8,-875,11,3.0,,
2026-09-19T15:04:48.005Z,X1909261,3771,-15.59323,-47.66057,13970.8,3.5,19.8,75.5,-62.1,20.0,158.6,RS41-SGP,403.502,21.8,-875,11,3.0,,
2026-09-19T15:04:49.005Z,X1909261,3772,-15.59318,-47.66040,13974.6,3.9,18.3,69.1,-62.3,20.3,158.5,RS41-SGP,403.502,19.1,-875,11,3.0,,
2026-09-19T15:04:50.005Z,X1909261,3773,-15.59311,-47.66024,13978.4,3.8,20.2,63.2,-62.2,20.2,158.4,RS41-SGP,403.502,17.0,-875,11,3.0,,
2026-09-19T15:04:51.005Z,X1909261,3774,-15.59302,-47.66006,13982.1,3.5,23.1,66.8,-62.2,20.3,158.3,RS41-SGP,403.502,20.9,-875,11,3.0,,
2026-09-19T15:04:52.005Z,X1909261,3775,-15.59296,-47.65985,13985.7,3.6,23.6,74.4,-62.2,20.0,158.2,RS41-SGP,403.502,21.7,-875,11,3.0,,
2026-09-19T15:04:53.005Z,X1909261,3776,-15.59291,-47.65965,13989.5,4.0,21.5,78.3,-62.2,20.0,158.1,RS41-SGP,403.502,21.7,-875,11,3.0,,
2026-09-19T15:04:54.005Z,X1909261,3777,-15.59286,-47.65946,13993.3,3.6,19.2,72.1,-62.2,19.7,158.0,RS41-SGP,403.502,19.8,-875,11,3.0,,
2026-09-19T15:04:55.005Z,X1909261,3778,-15.59279,-47.65930,13996.6,3.0,20.2,63.1,-62.2,19.4,157.9,RS41-SGP,403.502,17.1,-875,11,3.0,,
2026-09-19T15:04:56.005Z,X1909261,3779,-15.59270,-47.65911,14000.0,3.6,23.3,62.6,-62.2,19.3,157.9,RS41-SGP,403.502,20.2,-875,11,3.0,,
2026-09-19T15:04:57.005Z,X1909261,3780,-15.59262,-47.65891,14003.8,4.1,24.0,68.9,-62.2,19.1,157.7,RS41-SGP,403.502,21.8,-875,11,2.9,,
2026-09-19T15:04:58.005Z,X1909261,3781,-15.59255,-47.65871,14007.8,3.9,21.8,73.4,-62.3,19.0,157.7,RS41-SGP,403.502,21.8,-875,11,2.9,,
2026-09-19T15:04:59.005Z,X1909261,3782,-15.59249,-47.65853,14011.8,3.9,19.0,69.3,-62.3,18.9,157.6,RS41-SGP,403.502,20.4,-875,11,3.0,,
2026-09-19T15:05:00.005Z,X1909261,3783,-15.59242,-47.65837,14015.9,4.2,19.3,61.4,-62.4,18.9,157.4,RS41-SGP,403.502,17.6,-875,11,3.0,,
2026-09-19T15:05:01.005Z,X1909261,3784,-15.59233,-47.65820,14020.0,4.2,21.3,62.1,-62.4,19.1,157.4,RS41-SGP,403.502,18.9,-875,11,3.0,,
2026-09-19T15:05:02.005Z,X1909261,3785,-15.59225,-47.65802,14023.9,3.7,22.1,69.8,-62.2,18.7,157.2,RS41-SGP,403.502,20.4,-875,11,3.0,,
2026-09-19T15:05:03.005Z,X1909261,3786,-15.59220,-47.65783,14027.9,4.2,21.0,76.5,-62.4,18.9,157.1,RS41-SGP,403.502,20.4,-875,11,3.0,,
2026-09-19T15:05:04.005Z,X1909261,3787,-15.59215,-47.65765,14032.2,4.2,19.5,73.5,-62.5,18.8,157.1,RS41-SGP,403.502,19.8,-875,11,3.0,,
2026-09-19T15:05:05.005Z,X1909261,3788,-15.59208,-47.65747,14036.1,3.6,20.6,64.8,-62.4,18.2,157.0,RS41-SGP,403.502,17.3,-875,11,3.0,,
2026-09-19T15:05:06.005Z,X1909261,3789,-15.59199,-47.65729,14039.7,3.8,23.5,61.4,-62.5,18.5,156.9,RS41-SGP,403.502,19.9,-875,11,3.0,,
2026-09-19T15:05:07.005Z,X1909261,3790,-15.59190,-47.65709,14043.9,4.5,24.3,65.3,-62.5,18.2,156.8,RS41-SGP,403.502,21.1,-875,11,3.0,,
2026-09-19T15:05:08.005Z,X1909261,3791,-15.59182,-47.65689,14048.0,3.7,22.1,69.5,-62.2,17.6,156.6,RS41-SGP,403.502,21.1,-875,11,3.0,,
2026-09-19T15:05:09.005Z,X1909261,3792,-15.59175,-47.65671,14051.6,3.3,19.2,68.6,-62.5,18.2,156.6,RS41-SGP,403.502,20.4,-875,11,3.0,,
2026-09-19T15:05:10.005Z,X1909261,3793,-15.59168,-47.65655,14055.4,4.2,18.9,62.2,-62.7,18.4,156.5,RS41-SGP,403.502,17.1,-875,11,2.9,,
2026-09-19T15:05:11.005Z,X1909261,3794,-15.59159,-47.65639,14059.6,4.2,21.5,60.5,-62.7,18.5,156.3,RS41-SGP,403.502,16.4,-875,11,2.9,,
2026-09-19T15:05:12.005Z,X1909261,3795,-15.59150,-47.65620,14063.5,3.6,23.8,66.6,-62.7,18.6,156.3,RS41-SGP,403.502,20.2,-875,11,3.0,,
2026-09-19T15:05:13.005Z,X1909261,3796,-15.59143,-47.65599,14067.3,3.9,23.5,73.7,-62.7,18.3,156.2,RS41-SGP,403.502,20.3,-875,11,3.0,,
2026-09-19T15:05:14.005Z,X1909261,3797,-15.59137,-47.65579,14071.3,4.1,20.9,74.0,-62.8,18.3,156.1,RS41-SGP,403.502,20.3,-875,11,3.0,,
2026-09-19T15:05:15.005Z,X1909261,3798,-15.59131,-47.65562,14074.9,3.1,19.8,66.2,-62.9,18.2,156.0,RS41-SGP,403.502,17.8,-875,11,3.0,,
2026-09-19T15:05:16.005Z,X1909261,3799,-15.59123,-47.65544,14078.1,3.3,21.8,60.1,-62.8,17.8,155.9,RS41-SGP,403.502,15.3,-875,11,3.0,,
2026-09-19T15:05:17.005Z,X1909261,3800,-15.59113,-47.65525,14081.7,3.9,24.2,63.3,-62.8,17.7,155.8,RS41-SGP,403.502,19.9,-875,11,3.0,,
2026-09-19T15:05:18.005Z,X1909261,3801,-15.59104,-47.65505,14085.5,3.6,23.7,69.9,-62.9,17.6,155.7,RS41-SGP,403.502,20.9,-875,11,3.0,,
2026-09-19T15:05:19.005Z,X1909261,3802,-15.59098,-47.65486,14089.2,3.6,20.6,72.3,-63.0,17.8,155.6,RS41-SGP,403.502,20.9,-875,11,3.0,,
2026-09-19T15:05:20.005Z,X1909261,3803,-15.59091,-47.65469,14092.9,3.9,18.5,66.0,-63.1,17.8,155.5,RS41-SGP,403.502,18.0,-875,11,3.0,,
2026-09-19T15:05:21.005Z,X1909261,3804,-15.59084,-47.65453,14097.0,4.1,20.0,59.8,-63.1,17.5,155.4,RS41-SGP,403.502,13.5,-875,11,3.0,,
2026-09-19T15:05:22.005Z,X1909261,3805,-15.59074,-47.65435,14100.8,3.4,22.5,62.9,-63.1,17.7,155.3,RS41-SGP,403.502,18.2,-875,11,2.9,,
2026-09-19T15:05:23.005Z,X1909261,3806,-15.59066,-47.65416,14104.1,3.1,23.3,70.7,-63.0,17.4,155.2,RS41-SGP,403.502,19.6,-875,11,2.9,,
2026-09-19T15:05:24.005Z,X1909261,3807,-15.59060,-47.65396,14107.8,4.2,21.5,75.5,-63.1,17.5,155.1,RS41-SGP,403.502,19.6,-875,11,3.0,,
2026-09-19T15:05:25.005Z,X1909261,3808,-15.59055,-47.65378,14112.1,4.4,19.7,69.8,-63.2,17.4,155.0,RS41-SGP,403.502,18.3,-875,11,3.0,,
2026-09-19T15:05:26.005Z,X1909261,3809,-15.59047,-47.65361,14116.0,3.4,20.9,61.2,-63.3,17.2,154.9,RS41-SGP,403.502,15.0,-875,11,3.0,,
2026-09-19T15:05:27.005Z,X1909261,3810,-15.59037,-47.65342,14119.5,3.4,23.9,60.9,-63.2,16.8,154.8,RS41-SGP,403.502,17.1,-875,11,3.0,,
2026-09-19T15:05:28.005Z,X1909261,3811,-15.59028,-47.65322,14123.2,3.9,25.4,67.5,-63.3,16.8,154.7,RS41-SGP,403.502,19.8,-875,11,3.0,,
2026-09-19T15:05:29.005Z,X1909261,3812,-15.59020,-47.65300,14127.3,4.2,23.8,73.4,-63.3,16.7,154.6,RS41-SGP,403.502,20.0,-875,11,3.0,,
2026-09-19T15:05:30.005Z,X1909261,3813,-15.59014,-47.65280,14131.5,4.1,20.6,70.9,-63.3,16.5,154.5,RS41-SGP,403.502,20.0,-875,11,3.0,,
2026-09-19T15:05:31.005Z,X1909261,3814,-15.59007,-47.65263,14135.3,3.5,19.9,61.6,-63.4,16.6,154.4,RS41-SGP,403.502,16.9,-875,11,3.0,,
2026-09-19T15:05:32.005Z,X1909261,3815,-15.58998,-47.65246,14139.2,4.1,21.9,58.5,-63.4,16.7,154.4,RS41-SGP,403.502,15.3,-875,11,3.0,,
2026-09-19T15:05:33.005Z,X1909261,3816,-15.58988,-47.65228,14143.3,4.0,23.2,64.4,-63.4,17.2,154.2,RS41-SGP,403.502,18.7,-875,11,3.0,,
2026-09-19T15:05:34.005Z,X1909261,3817,-15.58980,-47.65208,14146.8,3.3,22.6,72.2,-63.3,17.0,154.2,RS41-SGP,403.502,19.5,-875,11,3.0,,
2026-09-19T15:05:35.005Z,X1909261,3818,-15.58975,-47.65189,14150.7,4.3,19.9,74.0,-63.5,17.3,154.0,RS41-SGP,403.502,19.5,-875,11,2.9,,
2026-09-19T15:05:36.005Z,X1909261,3819,-15.58969,-47.65172,14155.0,4.3,19.5,66.8,-63.5,16.8,153.9,RS41-SGP,403.502,15.4,-875,11,2.9,,
2026-09-19T15:05:37.005Z,X1909261,3820,-15.58961,-47.65155,14159.1,3.8,22.2,61.8,-63.4,16.5,153.9,RS41-SGP,403.502,15.7,-875,11,3.0,,
2026-09-19T15:05:38.005Z,X1909261,3821,-15.58951,-47.65135,14163.1,4.1,24.8,65.4,-63.5,16.7,153.7,RS41-SGP,403.502,18.7,-875,11,2.9,,
2026-09-19T15:05:39.005Z,X1909261,3822,-15.58943,-47.65114,14167.3,4.1,24.1,70.3,-63.6,16.6,153.6,RS41-SGP,403.502,18.7,-875,11,3.0,,
2026-09-19T15:05:40.005Z,X1909261,3823,-15.58936,-47.65094,14171.3,3.8,21.5,69.8,-63.5,16.4,153.5,RS41-SGP,403.502,18.5,-875,11,3.0,,
2026-09-19T15:05:41.005Z,X1909261,3824,-15.58928,-47.65076,14175.0,3.6,20.5,62.0,-63.7,16.7,153.4,RS41-SGP,403.502,15.6,-875,11,3.0,,
2026-09-19T15:05:42.005Z,X1909261,3825,-15.58918,-47.65059,14178.9,4.1,22.7,57.4,-63.7,16.6,153.4,RS41-SGP,403.502,14.1,-875,11,3.0,,
2026-09-19T15:05:43.005Z,X1909261,3826,-15.58907,-47.65040,14183.1,4.2,24.5,60.5,-63.8,16.5,153.3,RS41-SGP,403.502,17.1,-875,11,3.0,,
2026-09-19T15:05:44.005Z,X1909261,3827,-15.58898,-47.65020,14187.1,3.8,23.6,66.5,-63.8,16.3,153.1,RS41-SGP,403.502,17.9,-875,11,3.0,,
2026-09-19T15:05:45.005Z,X1909261,3828,-15.58890,-47.65001,14190.8,3.4,20.9,69.0,-63.8,16.5,153.1,RS41-SGP,403.502,17.9,-875,11,3.0,,
2026-09-19T15:05:46.005Z,X1909261,3829,-15.58883,-47.64984,14194.6,4.1,19.8,64.4,-63.9,16.7,153.0,RS41-SGP,403.502,14.8,-875,11,3.0,,
2026-09-19T15:05:47.005Z,X1909261,3830,-15.58874,-47.64967,14198.6,3.9,21.9,61.0,-63.9,16.9,152.8,RS41-SGP,403.502,13.7,-875,11,2.9,,
2026-09-19T15:05:48.005Z,X1909261,3831,-15.58865,-47.64948,14202.6,3.9,24.4,63.6,-63.8,16.6,152.8,RS41-SGP,403.502,17.2,-875,11,2.9,,
2026-09-19T15:05:49.005Z,X1909261,3832,-15.58856,-47.64927,14206.8,4.5,24.3,68.6,-63.9,16.8,152.7,RS41-SGP,403.502,17.8,-875,11,2.9,,
2026-09-19T15:05:50.005Z,X1909261,3833,-15.58848,-47.64907,14211.1,4.0,22.1,68.8,-64.0,16.8,152.6,RS41-SGP,403.502,17.8,-875,11,2.9,,
2026-09-19T15:05:51.005Z,X1909261,3834,-15.58840,-47.64889,14215.1,3.9,20.9,61.9,-64.0,16.7,152.4,RS41-SGP,403.502,15.1,-875,11,2.9,,
2026-09-19T15:05:52.005Z,X1909261,3835,-15.58830,-47.64871,14218.9,3.8,22.8,56.9,-64.1,16.7,152.3,RS41-SGP,403.502,11.7,-875,11,3.0,,
2026-09-19T15:05:53.005Z,X1909261,3836,-15.58819,-47.64852,14222.8,3.7,25.4,59.4,-64.1,16.6,152.3,RS41-SGP,403.502,15.8,-875,11,3.0,,
2026-09-19T15:05:54.005Z,X1909261,3837,-15.58808,-47.64831,14226.5,3.7,26.2,64.9,-64.1,16.5,152.2,RS41-SGP,403.502,16.9,-875,11,3.0,,
2026-09-19T15:05:57.005Z,X1909261,3840,-15.58778,-47.64771,14238.1,3.4,22.5,55.1,-64.0,16.4,151.9,RS41-SGP,403.502,10.1,-875,11,2.9,,
2026-09-19T15:05:58.005Z,X1909261,3841,-15.58766,-47.64754,14242.3,4.7,22.9,54.5,-64.2,16.9,151.8,RS41-SGP,403.502,10.1,-875,11,2.9,,
2026-09-19T15:05:59.005Z,X1909261,3842,-15.58755,-47.64735,14247.0,4.5,23.5,61.6,-64.2,17.3,151.7,RS41-SGP,403.502,14.1,-875,11,2.9,,
2026-09-19T15:06:00.005Z,X1909261,3843,-15.58747,-47.64715,14251.2,4.0,24.1,69.2,-64.1,17.0,151.5,RS41-SGP,403.502,15.2,-875,11,2.9,,
2026-09-19T15:06:01.005Z,X1909261,3844,-15.58739,-47.64694,14255.2,3.8,24.2,70.3,-64.3,17.0,151.4,RS41-SGP,403.502,15.5,-875,11,3.0,,
2026-09-19T15:06:02.005Z,X1909261,3845,-15.58731,-47.64673,14258.5,2.8,24.1,65.1,-64.3,16.6,151.4,RS41-SGP,403.502,15.5,-875,11,3.0,,
2026-09-19T15:06:03.005Z,X1909261,3846,-15.58720,-47.64653,14261.5,2.9,24.8,58.4,-64.3,16.2,151.3,RS41-SGP,403.502,13.5,-875,11,3.0,,
2026-09-19T15:06:04.005Z,X1909261,3847,-15.58709,-47.64634,14265.4,4.9,25.0,58.4,-64.4,16.6,151.2,RS41-SGP,403.502,13.0,-875,11,3.0,,
2026-09-19T15:06:05.005Z,X1909261,3848,-15.58698,-47.64614,14270.1,4.6,24.1,64.4,-64.4,16.3,151.1,RS41-SGP,403.502,16.9,-875,11,3.0,,
2026-09-19T15:06:06.005Z,X1909261,3849,-15.58690,-47.64594,14274.2,3.5,22.5,68.8,-64.5,16.6,151.0,RS41-SGP,403.502,16.9,-875,11,3.0,,
2026-09-19T15:06:07.005Z,X1909261,3850,-15.58682,-47.64575,14278.0,3.8,20.8,65.7,-64.6,16.7,150.9,RS41-SGP,403.502,15.0,-875,11,3.0,,
2026-09-19T15:06:08.005Z,X1909261,3851,-15.58673,-47.64558,14281.9,4.0,21.3,58.9,-64.7,16.8,150.8,RS41-SGP,403.502,11.3,-875,11,3.0,,
2026-09-19T15:06:09.005Z,X1909261,3852,-15.58663,-47.64540,14286.3,4.7,23.6,57.9,-64.7,16.9,150.7,RS41-SGP,403.502,11.4,-875,11,3.0,,
2026-09-19T15:06:10.005Z,X1909261,3853,-15.58652,-47.64521,14290.7,4.1,24.6,63.3,-64.6,16.7,150.6,RS41-SGP,403.502,14.5,-875,11,2.9,,
2026-09-19T15:06:11.005Z,X1909261,3854,-15.58643,-47.64500,14294.3,3.3,23.8,70.3,-64.5,16.7,150.5,RS41-SGP,403.502,15.1,-875,11,2.9,,
2026-09-19T15:06:12.005Z,X1909261,3855,-15.58637,-47.64480,14298.1,4.2,21.8,72.3,-64.7,17.1,150.4,RS41-SGP,403.502,15.1,-875,11,2.9,,
2026-09-19T15:06:13.005Z,X1909261,3856,-15.58630,-47.64461,14302.7,4.8,21.0,66.3,-64.9,17.2,150.3,RS41-SGP,403.502,12.5,-875,11,2.9,,
2026-09-19T15:06:14.005Z,X1909261,3857,-15.58621,-47.64443,14307.2,4.1,23.1,60.0,-64.9,17.2,150.2,RS41-SGP,403.502,10.6,-875,11,2.9,,
2026-09-19T15:06:15.005Z,X1909261,3858,-15.58610,-47.64423,14311.1,3.6,26.3,59.7,-64.8,17.3,150.1,RS41-SGP,403.502,14.8,-875,11,2.9,,
2026-09-19T15:06:16.005Z,X1909261,3859,-15.58598,-47.64401,14315.1,4.4,27.4,63.7,-64.8,17.2,150.1,RS41-SGP,403.502,15.0,-875,11,3.0,,
2026-09-19T15:06:17.005Z,X1909261,3860,-15.58589,-47.64379,14319.6,4.5,25.1,67.1,-64.9,17.2,149.9,RS41-SGP,403.502,15.0,-875,11,3.0,,
2026-09-19T15:06:18.005Z,X1909261,3861,-15.58580,-47.64359,14323.6,3.5,21.6,65.2,-65.0,17.5,149.8,RS41-SGP,403.502,14.7,-875,11,2.9,,
2026-09-19T15:06:19.005Z,X1909261,3862,-15.58571,-47.64342,14327.5,4.1,20.1,58.0,-65.1,17.6,149.6,RS41-SGP,403.502,12.1,-875,11,3.0,,
2026-09-19T15:06:20.005Z,X1909261,3863,-15.58561,-47.64325,14332.1,4.9,22.4,56.2,-65.0,17.5,149.5,RS41-SGP,403.502,12.7,-875,11,3.0,,
2026-09-19T15:06:21.005Z,X1909261,3864,-15.58550,-47.64307,14336.3,3.7,25.0,60.9,-65.0,17.6,149.5,RS41-SGP,403.502,14.9,-875,11,2.9,,
2026-09-19T15:06:22.005Z,X1909261,3865,-15.58540,-47.64285,14339.6,2.9,25.8,68.2,-65.0,17.5,149.4,RS41-SGP,403.502,15.9,-875,11,2.9,,
2026-09-19T15:06:23.005Z,X1909261,3866,-15.58532,-47.64264,14343.0,3.8,23.8,72.5,-65.1,17.7,149.3,RS41-SGP,403.502,15.9,-875,11,2.9,,
2026-09-19T15:06:24.005Z,X1909261,3867,-15.58525,-47.64244,14347.2,4.5,21.4,67.7,-65.2,17.5,149.2,RS41-SGP,403.502,13.4,-875,11,2.9,,
2026-09-19T15:06:25.005Z,X1909261,3868,-15.58517,-47.64226,14351.8,4.5,22.5,59.8,-65.3,17.2,149.1,RS41-SGP,403.502,11.6,-875,11,2.9,,
2026-09-19T15:06:26.005Z,X1909261,3869,-15.58505,-47.64206,14356.0,3.9,25.7,58.1,-65.2,17.3,149.0,RS41-SGP,403.502,15.2,-875,11,2.9,,
2026-09-19T15:06:27.005Z,X1909261,3870,-15.58493,-47.64185,14359.9,3.8,27.8,61.9,-65.2,17.2,148.8,RS41-SGP,403.502,16.5,-875,11,2.9,,
2026-09-19T15:06:28.005Z,X1909261,3871,-15.58482,-47.64162,14363.8,4.0,27.2,65.9,-65.3,17.2,148.8,RS41-SGP,403.502,16.5,-875,11,2.9,,
2026-09-19T15:06:29.005Z,X1909261,3872,-15.58473,-47.64140,14367.8,4.0,24.9,64.8,-65.0,16.4,148.7,RS41-SGP,403.502,15.7,-875,11,2.9,,
2026-09-19T15:06:30.005Z,X1909261,3873,-15.58462,-47.64120,14371.5,3.4,23.6,58.7,-65.2,17.0,148.7,RS41-SGP,403.502,14.2,-875,11,3.0,,
2026-09-19T15:06:31.005Z,X1909261,3874,-15.58450,-47.64101,14375.3,4.2,24.5,55.0,-65.4,17.3,148.5,RS41-SGP,403.502,15.6,-875,11,2.9,,
2026-09-19T15:06:32.005Z,X1909261,3875,-15.58438,-47.64082,14379.7,4.4,25.7,59.6,-65.4,17.9,148.4,RS41-SGP,403.502,16.8,-875,11,2.9,,
2026-09-19T15:06:33.005Z,X1909261,3876,-15.58428,-47.64060,14383.8,3.9,25.4,66.9,-65.4,17.8,148.3,RS41-SGP,403.502,16.8,-875,11,2.9,,
2026-09-19T15:06:34.005Z,X1909261,3877,-15.58420,-47.64039,14388.1,4.7,23.8,70.7,-65.6,17.9,148.2,RS41-SGP,403.502,16.4,-875,11,2.9,,
2026-09-19T15:06:35.005Z,X1909261,3878,-15.58412,-47.64019,14392.8,4.5,22.8,65.2,-65.4,17.2,148.1,RS41-SGP,403.502,14.1,-875,11,2.9,,
2026-09-19T15:06:36.005Z,X1909261,3879,-15.58402,-47.64000,14396.6,3.2,24.4,58.2,-65.4,17.3,148.0,RS41-SGP,403.502,16.2,-875,11,2.9,,
2026-09-19T15:06:37.005Z,X1909261,3880,-15.58389,-47.63979,14399.9,3.6,27.4,56.5,-65.5,17.6,147.9,RS41-SGP,403.502,17.9,-875,11,2.9,,
2026-09-19T15:06:38.005Z,X1909261,3881,-15.58377,-47.63958,14404.1,4.7,27.6,61.4,-65.6,17.6,147.8,RS41-SGP,403.502,18.1,-875,11,2.9,,
2026-09-19T15:06:39.005Z,X1909261,3882,-15.58366,-47.63936,14408.6,4.1,24.9,65.8,-65.7,17.5,147.8,RS41-SGP,403.502,18.1,-875,11,2.9,,
2026-09-19T15:06:40.005Z,X1909261,3883,-15.58357,-47.63916,14412.6,3.8,21.9,63.7,-65.8,17.8,147.6,RS41-SGP,403.502,16.4,-875,11,2.9,,
2026-09-19T15:06:41.005Z,X1909261,3884,-15.58347,-47.63898,14416.6,3.9,22.2,55.5,-65.9,17.8,147.5,RS41-SGP,403.502,14.5,-875,11,2.9,,
2026-09-19T15:06:42.005Z,X1909261,3885,-15.58334,-47.63880,14420.6,4.0,25.5,52.8,-65.8,18.0,147.4,RS41-SGP,403.502,17.8,-875,11,2.9,,
2026-09-19T15:06:43.005Z,X1909261,3886,-15.58320,-47.63860,14424.7,4.2,27.8,56.3,-65.8,17.8,147.3,RS41-SGP,403.502,19.1,-875,11,2.9,,
2026-09-19T15:06:44.005Z,X1909261,3887,-15.58308,-47.63839,14429.0,4.2,26.5,60.1,-65.6,17.1,147.2,RS41-SGP,403.502,19.1,-875,11,2.9,,
2026-09-19T15:06:45.005Z,X1909261,3888,-15.58296,-47.63819,14432.8,3.4,23.3,60.3,-65.7,17.7,147.1,RS41-SGP,403.502,18.0,-875,11,2.9,,
2026-09-19T15:06:47.005Z,X1909261,3890,-15.58274,-47.63784,14441.3,5.0,22.8,53.7,-66.0,18.4,146.9,RS41-SGP,403.502,17.7,-875,11,2.9,,
2026-09-19T15:06:48.005Z,X1909261,3891,-15.58262,-47.63766,14445.9,4.1,24.9,58.6,-65.8,18.1,146.8,RS41-SGP,403.502,18.8,-875,11,2.9,,
2026-09-19T15:06:49.005Z,X1909261,3892,-15.58252,-47.63746,14449.9,3.8,25.1,64.8,-65.9,18.3,146.7,RS41-SGP,403.502,18.8,-875,11,2.9,,
2026-09-19T15:06:50.005Z,X1909261,3893,-15.58243,-47.63725,14454.1,4.3,22.9,67.3,-66.1,18.7,146.6,RS41-SGP,403.502,18.5,-875,11,2.9,,
2026-09-19T15:06:51.005Z,X1909261,3894,-15.58234,-47.63707,14458.6,4.6,20.7,61.4,-66.2,18.7,146.5,RS41-SGP,403.502,16.8,-875,11,2.9,,
2026-09-19T15:06:52.005Z,X1909261,3895,-15.58224,-47.63690,14463.2,4.6,21.8,54.8,-66.3,18.2,146.4,RS41-SGP,403.502,16.6,-875,11,2.9,,
2026-09-19T15:06:53.005Z,X1909261,3896,-15.58212,-47.63672,14467.7,4.2,24.6,56.1,-66.1,18.1,146.3,RS41-SGP,403.502,18.8,-875,11,2.9,,
2026-09-19T15:06:54.005Z,X1909261,3897,-15.58201,-47.63652,14471.6,3.5,26.5,62.1,-66.1,18.0,146.2,RS41-SGP,403.502,19.2,-875,11,2.9,,
2026-09-19T15:06:55.005Z,X1909261,3898,-15.58190,-47.63630,14475.6,4.5,25.7,66.6,-66.2,18.1,146.1,RS41-SGP,403.502,19.2,-875,11,2.9,,
2026-09-19T15:06:56.005Z,X1909261,3899,-15.58181,-47.63609,14480.2,4.6,23.4,62.9,-66.3,18.1,146.0,RS41-SGP,403.502,18.0,-875,11,2.9,,
2026-09-19T15:06:57.005Z,X1909261,3900,-15.58170,-47.63591,14484.6,4.0,23.0,54.2,-66.4,18.2,145.9,RS41-SGP,403.502,17.1,-875,11,2.9,,
2026-09-19T15:06:58.005Z,X1909261,3901,-15.58157,-47.63573,14489.1,4.9,25.0,50.8,-66.4,18.1,145.8,RS41-SGP,403.502,19.0,-875,11,2.9,,
2026-09-19T15:06:59.005Z,X1909261,3902,-15.58143,-47.63554,14494.0,4.9,26.4,55.9,-66.3,18.0,145.6,RS41-SGP,403.502,20.2,-875,11,2.9,,
2026-09-19T15:07:00.005Z,X1909261,3903,-15.58131,-47.63533,14498.7,4.4,25.8,62.0,-66.2,17.5,145.5,RS41-SGP,403.502,20.2,-875,11,2.9,,
2026-09-19T15:07:01.005Z,X1909261,3904,-15.58120,-47.63513,14503.2,4.3,23.6,61.6,-66.1,17.5,145.4,RS41-SGP,403.502,19.0,-875,11,2.9,,
2026-09-19T15:07:02.005Z,X1909261,3905,-15.58109,-47.63495,14507.3,3.7,22.6,54.6,-66.2,17.8,145.3,RS41-SGP,403.502,18.4,-875,11,2.9,,
2026-09-19T15:07:03.005Z,X1909261,3906,-15.58097,-47.63478,14511.5,4.7,23.4,49.6,-66.4,18.1,145.2,RS41-SGP,403.502,19.5,-875,11,2.9,,
2026-09-19T15:07:04.005Z,X1909261,3907,-15.58084,-47.63461,14516.5,5.3,24.0,54.4,-66.3,17.9,145.1,RS41-SGP,403.502,20.0,-875,11,2.9,,
2026-09-19T15:07:05.005Z,X1909261,3908,-15.58073,-47.63442,14521.2,4.1,23.4,63.6,-66.1,17.5,145.0,RS41-SGP,403.502,20.2,-875,11,2.9,,
2026-09-19T15:07:06.005Z,X1909261,3909,-15.58065,-47.63423,14525.6,4.5,21.8,70.7,-66.3,18.0,144.9,RS41-SGP,403.502,20.2,-875,11,2.9,,
2026-09-19T15:07:07.005Z,X1909261,3910,-15.58058,-47.63404,14530.7,5.5,20.6,68.6,-66.5,18.3,144.7,RS41-SGP,403.502,18.1,-875,11,2.9,,
2026-09-19T15:07:08.005Z,X1909261,3911,-15.58050,-47.63386,14535.7,4.4,21.6,63.2,-66.5,17.9,144.7,RS41-SGP,403.502,18.9,-875,11,2.9,,
2026-09-19T15:07:09.005Z,X1909261,3912,-15.58041,-47.63367,14539.9,3.9,24.0,62.6,-66.3,18.1,144.6,RS41-SGP,403.502,20.7,-875,11,2.9,,
2026-09-19T15:07:10.005Z,X1909261,3913,-15.58032,-47.63347,14544.3,4.8,24.9,67.1,-66.3,18.2,144.4,RS41-SGP,403.502,20.7,-875,11,2.9,,
2026-09-19T15:07:11.005Z,X1909261,3914,-15.58024,-47.63326,14549.0,4.7,23.3,70.9,-66.5,18.3,144.3,RS41-SGP,403.502,20.2,-875,11,2.9,,
2026-09-19T15:07:12.005Z,X1909261,3915,-15.58017,-47.63306,14553.8,4.6,21.4,67.6,-66.5,18.1,144.2,RS41-SGP,403.502,18.8,-875,11,2.9,,
2026-09-19T15:07:13.005Z,X1909261,3916,-15.58008,-47.63288,14558.3,4.2,22.2,60.3,-66.5,17.7,144.1,RS41-SGP,403.502,18.7,-875,11,2.9,,
2026-09-19T15:07:14.005Z,X1909261,3917,-15.57997,-47.63269,14562.4,4.0,25.1,57.7,-66.5,17.7,144.0,RS41-SGP,403.502,20.6,-875,11,2.9,,
2026-09-19T15:07:15.005Z,X1909261,3918,-15.57985,-47.63248,14566.7,4.5,26.8,62.1,-66.5,17.3,143.9,RS41-SGP,403.502,20.6,-875,11,2.9,,
2026-09-19T15:07:16.005Z,X1909261,3919,-15.57975,-47.63226,14571.3,4.7,25.7,67.0,-66.2,16.6,143.8,RS41-SGP,403.502,20.5,-875,11,2.9,,
2026-09-19T15:07:17.005Z,X1909261,3920,-15.57966,-47.63205,14576.2,4.9,23.5,66.2,-66.2,16.8,143.7,RS41-SGP,403.502,20.2,-875,11,2.9,,
2026-09-19T15:07:18.005Z,X1909261,3921,-15.57957,-47.63187,14581.3,5.1,22.4,59.5,-66.6,17.5,143.6,RS41-SGP,403.502,19.4,-875,11,2.9,,
2026-09-19T15:07:19.005Z,X1909261,3922,-15.57946,-47.63169,14586.7,5.6,22.8,56.7,-66.8,17.9,143.5,RS41-SGP,403.502,19.8,-875,11,2.9,,
2026-09-19T15:07:20.005Z,X1909261,3923,-15.57936,-47.63150,14592.1,5.2,22.8,62.5,-66.7,18.7,143.3,RS41-SGP,403.502,21.1,-875,11,2.9,,
2026-09-19T15:07:21.005Z,X1909261,3924,-15.57928,-47.63131,14596.7,3.9,21.9,71.5,-66.7,19.0,143.2,RS41-SGP,403.502,21.1,-875,11,2.9,,
2026-09-19T15:07:22.005Z,X1909261,3925,-15.57922,-47.63112,14601.2,5.1,21.0,75.4,-66.8,19.0,143.1,RS41-SGP,403.502,19.5,-875,11,2.9,,
2026-09-19T15:07:23.005Z,X1909261,3926,-15.57916,-47.63094,14606.6,5.5,21.0,68.1,-66.8,18.4,143.0,RS41-SGP,403.502,17.7,-875,11,2.9,,
2026-09-19T15:07:24.005Z,X1909261,3927,-15.57908,-47.63075,14611.4,4.1,23.1,59.8,-66.7,18.2,142.9,RS41-SGP,403.502,20.1,-875,11,2.9,,
2026-09-19T15:07:25.005Z,X1909261,3928,-15.57897,-47.63056,14615.9,4.9,24.9,59.5,-66.7,18.0,142.7,RS41-SGP,403.502,20.5,-875,11,2.9,,
2026-09-19T15:07:26.005Z,X1909261,3929,-15.57887,-47.63036,14620.8,4.7,23.0,66.9,-66.8,18.2,142.6,RS41-SGP,403.502,20.5,-875,11,2.9,,
2026-09-19T15:07:27.005Z,X1909261,3930,-15.57881,-47.63018,14624.9,3.4,19.9,74.3,-66.9,18.6,142.6,RS41-SGP,403.502,20.4,-875,11,2.9,,
2026-09-19T15:07:28.005Z,X1909261,3931,-15.57876,-47.63000,14629.0,4.6,18.4,74.2,-67.1,18.8,142.4,RS41-SGP,403.502,16.8,-875,11,2.9,,
2026-09-19T15:07:29.005Z,X1909261,3932,-15.57870,-47.62983,14633.4,4.0,20.4,68.6,-66.9,18.1,142.3,RS41-SGP,403.502,18.6,-875,11,2.9,,
2026-09-19T15:07:30.005Z,X1909261,3933,-15.57863,-47.62965,14637.0,3.2,23.5,67.1,-66.8,18.3,142.2,RS41-SGP,403.502,20.8,-875,11,2.9,,
2026-09-19T15:07:31.005Z,X1909261,3934,-15.57855,-47.62944,14641.1,4.6,24.2,69.0,-67.0,18.9,142.1,RS41-SGP,403.502,20.8,-875,11,2.9,,
2026-09-19T15:07:32.005Z,X1909261,3935,-15.57847,-47.62924,14645.7,4.5,21.7,69.7,-67.1,18.7,142.1,RS41-SGP,403.502,20.3,-875,11,2.9,,
2026-09-19T15:07:33.005Z,X1909261,3936,-15.57841,-47.62906,14649.9,4.0,19.2,66.7,-67.1,18.4,142.0,RS41-SGP,403.502,18.9,-875,11,2.9,,
2026-09-19T15:07:34.005Z,X1909261,3937,-15.57833,-47.62890,14654.0,4.2,20.0,62.6,-67.2,18.3,141.8,RS41-SGP,403.502,17.6,-875,11,2.9,,
2026-09-19T15:07:35.005Z,X1909261,3938,-15.57824,-47.62872,14657.9,3.6,23.2,64.6,-67.1,17.8,141.8,RS41-SGP,403.502,20.1,-875,11,2.9,,
2026-09-19T15:07:36.005Z,X1909261,3939,-15.57816,-47.62851,14661.7,3.9,25.6,69.2,-67.1,17.4,141.7,RS41-SGP,403.502,20.6,-875,11,2.9,,
2026-09-19T15:07:37.005Z,X1909261,3940,-15.57808,-47.62829,14666.1,4.8,24.4,70.8,-67.3,17.7,141.6,RS41-SGP,403.502,20.6,-875,11,2.9,,
2026-09-19T15:07:40.005Z,X1909261,3943,-15.57783,-47.62775,14678.8,4.9,21.4,60.7,-67.4,18.5,141.3,RS41-SGP,403.502,19.3,-875,11,2.9,,
2026-09-19T15:07:41.005Z,X1909261,3944,-15.57774,-47.62756,14683.3,4.1,23.1,68.2,-67.3,19.0,141.2,RS41-SGP,403.502,20.8,-875,11,2.9,,
2026-09-19T15:07:42.005Z,X1909261,3945,-15.57767,-47.62735,14687.6,4.3,23.6,74.7,-67.4,19.3,141.0,RS41-SGP,403.502,20.8,-875,11,2.9,,
2026-09-19T15:07:43.005Z,X1909261,3946,-15.57762,-47.62715,14692.4,5.1,22.0,73.4,-67.5,19.1,141.0,RS41-SGP,403.502,19.6,-875,11,2.9,,
2026-09-19T15:07:44.005Z,X1909261,3947,-15.57755,-47.62697,14696.7,3.7,20.7,65.8,-67.5,18.9,140.9,RS41-SGP,403.502,18.8,-875,11,2.9,,
2026-09-19T15:07:45.005Z,X1909261,3948,-15.57746,-47.62679,14700.4,3.5,21.7,59.4,-67.5,18.7,140.8,RS41-SGP,403.502,19.9,-875,11,2.9,,
2026-09-19T15:07:46.005Z,X1909261,3949,-15.57736,-47.62661,14704.3,4.2,23.5,62.8,-67.6,18.7,140.7,RS41-SGP,403.502,21.4,-875,11,2.9,,
2026-09-19T15:07:47.005Z,X1909261,3950,-15.57728,-47.62640,14708.4,3.9,23.6,71.5,-67.3,17.7,140.6,RS41-SGP,403.502,21.4,-875,11,2.9,,
2026-09-19T15:07:48.005Z,X1909261,3951,-15.57723,-47.62620,14712.5,4.3,21.3,76.3,-67.2,17.1,140.5,RS41-SGP,403.502,20.7,-875,11,2.9,,
2026-09-19T15:07:49.005Z,X1909261,3952,-15.57718,-47.62602,14716.7,4.2,19.0,70.7,-67.1,16.8,140.3,RS41-SGP,403.502,18.6,-875,11,2.9,,
2026-09-19T15:07:50.005Z,X1909261,3953,-15.57710,-47.62586,14720.7,3.7,20.2,62.0,-67.3,17.0,140.3,RS41-SGP,403.502,17.8,-875,11,2.9,,
2026-09-19T15:07:51.005Z,X1909261,3954,-15.57701,-47.62568,14724.4,3.7,23.7,61.4,-67.7,17.9,140.2,RS41-SGP,403.502,20.4,-875,11,2.9,,
2026-09-19T15:07:52.005Z,X1909261,3955,-15.57692,-47.62547,14728.6,4.5,25.3,67.9,-67.9,18.6,140.1,RS41-SGP,403.502,21.3,-875,11,2.9,,
2026-09-19T15:07:53.005Z,X1909261,3956,-15.57684,-47.62526,14733.1,4.5,23.8,72.7,-67.9,18.7,140.0,RS41-SGP,403.502,21.3,-875,11,2.9,,
2026-09-19T15:07:54.005Z,X1909261,3957,-15.57678,-47.62506,14737.4,3.9,20.8,70.6,-68.0,19.0,139.9,RS41-SGP,403.502,20.0,-875,11,2.9,,
2026-09-19T15:07:55.005Z,X1909261,3958,-15.57671,-47.62489,14741.2,3.7,19.7,62.9,-68.1,19.3,139.8,RS41-SGP,403.502,18.9,-875,11,2.9,,
2026-09-19T15:07:56.005Z,X1909261,3959,-15.57662,-47.62472,14745.2,4.1,21.2,61.0,-68.1,19.6,139.8,RS41-SGP,403.502,20.2,-875,11,2.9,,
2026-09-19T15:07:57.005Z,X1909261,3960,-15.57654,-47.62453,14749.2,3.7,22.9,68.8,-68.0,19.7,139.7,RS41-SGP,403.502,20.9,-875,11,2.9,,
2026-09-19T15:07:58.005Z,X1909261,3961,-15.57648,-47.62433,14753.2,4.3,22.8,77.9,-68.1,19.9,139.5,RS41-SGP,403.502,20.9,-875,11,2.9,,
2026-09-19T15:07:59.005Z,X1909261,3962,-15.57644,-47.62413,14758.2,5.6,20.6,78.8,-68.0,19.0,139.4,RS41-SGP,403.502,20.1,-875,11,2.9,,
2026-09-19T15:08:00.005Z,X1909261,3963,-15.57639,-47.62395,14763.0,4.0,20.1,71.4,-68.2,19.3,139.3,RS41-SGP,403.502,19.0,-875,11,2.9,,
2026-09-19T15:08:01.005Z,X1909261,3964,-15.57632,-47.62377,14766.6,3.2,22.0,64.9,-68.2,19.3,139.3,RS41-SGP,403.502,20.7,-875,11,2.9,,
2026-09-19T15:08:02.005Z,X1909261,3965,-15.57624,-47.62357,14770.4,4.3,24.2,67.2,-68.2,19.1,139.1,RS41-SGP,403.502,21.4,-875,11,2.9,,
2026-09-19T15:08:03.005Z,X1909261,3966,-15.57616,-47.62337,14774.9,4.5,23.4,73.7,-68.2,19.0,139.0,RS41-SGP,403.502,21.4,-875,11,2.9,,
2026-09-19T15:08:04.005Z,X1909261,3967,-15.57611,-47.62317,14779.5,4.5,20.6,76.5,-68.3,19.0,138.9,RS41-SGP,403.502,21.1,-875,11,2.9,,
2026-09-19T15:08:05.005Z,X1909261,3968,-15.57606,-47.62299,14784.1,4.6,18.5,70.9,-68.3,18.9,138.8,RS41-SGP,403.502,18.9,-875,11,2.9,,
2026-09-19T15:08:06.005Z,X1909261,3969,-15.57600,-47.62283,14788.5,4.2,20.2,66.2,-68.3,18.9,138.8,RS41-SGP,403.502,19.4,-875,11,2.9,,
2026-09-19T15:08:07.005Z,X1909261,3970,-15.57593,-47.62264,14792.6,4.0,23.3,70.1,-68.2,18.8,138.6,RS41-SGP,403.502,21.2,-875,11,2.9,,
2026-09-19T15:08:08.005Z,X1909261,3971,-15.57587,-47.62243,14796.8,4.3,24.3,77.4,-68.3,19.1,138.5,RS41-SGP,403.502,21.2,-875,11,2.9,,
2026-09-19T15:08:09.005Z,X1909261,3972,-15.57583,-47.62222,14801.4,4.8,21.9,81.6,-68.1,18.3,138.4,RS41-SGP,403.502,20.6,-875,11,2.9,,
2026-09-19T15:08:10.005Z,X1909261,3973,-15.57580,-47.62203,14805.9,4.2,19.4,77.0,-68.2,19.0,138.3,RS41-SGP,403.502,18.7,-875,11,2.9,,
2026-09-19T15:08:11.005Z,X1909261,3974,-15.57574,-47.62185,14809.7,3.3,19.9,69.0,-68.2,18.8,138.2,RS41-SGP,403.502,19.0,-875,11,2.9,,
2026-09-19T15:08:12.005Z,X1909261,3975,-15.57567,-47.62167,14812.9,3.1,22.9,67.4,-68.2,18.9,138.2,RS41-SGP,403.502,20.9,-875,11,2.9,,
2026-09-19T15:08:13.005Z,X1909261,3976,-15.57560,-47.62146,14816.5,4.0,24.7,73.1,-68.3,18.8,138.1,RS41-SGP,403.502,21.0,-875,11,2.9,,
2026-09-19T15:08:14.005Z,X1909261,3977,-15.57555,-47.62124,14821.0,4.9,23.2,79.0,-68.3,18.8,138.0,RS41-SGP,403.502,21.0,-875,11,2.9,,
2026-09-19T15:08:15.005Z,X1909261,3978,-15.57551,-47.62105,14825.6,4.4,20.1,78.5,-68.3,18.7,137.9,RS41-SGP,403.502,20.1,-875,11,2.9,,
2026-09-19T15:08:16.005Z,X1909261,3979,-15.57546,-47.62087,14829.7,3.5,19.1,71.2,-68.2,18.3,137.8,RS41-SGP,403.502,18.3,-875,11,2.9,,
2026-09-19T15:08:17.005Z,X1909261,3980,-15.57540,-47.62070,14833.4,3.8,21.2,64.6,-68.3,18.8,137.7,RS41-SGP,403.502,20.3,-875,11,2.9,,
2026-09-19T15:08:18.005Z,X1909261,3981,-15.57531,-47.62051,14837.4,4.3,24.0,66.8,-68.3,19.1,137.6,RS41-SGP,403.502,21.3,-875,11,2.9,,
2026-09-19T15:08:19.005Z,X1909261,3982,-15.57524,-47.62030,14842.1,4.9,23.9,73.3,-68.1,18.4,137.5,RS41-SGP,403.502,21.3,-875,11,2.9,,
2026-09-19T15:08:20.005Z,X1909261,3983,-15.57519,-47.62010,14846.6,4.0,20.9,77.7,-68.2,18.9,137.4,RS41-SGP,403.502,21.1,-875,11,2.9,,
2026-09-19T15:08:21.005Z,X1909261,3984,-15.57515,-47.61992,14850.3,3.3,17.8,75.7,-68.4,19.6,137.3,RS41-SGP,403.502,19.7,-875,11,2.9,,
2026-09-19T15:08:22.005Z,X1909261,3985,-15.57510,-47.61976,14854.0,3.9,17.5,68.3,-68.6,19.6,137.2,RS41-SGP,403.502,18.1,-875,11,2.9,,
2026-09-19T15:08:23.005Z,X1909261,3986,-15.57503,-47.61960,14858.1,4.4,20.4,65.4,-68.4,19.0,137.1,RS41-SGP,403.502,19.3,-875,11,2.9,,
2026-09-19T15:08:24.005Z,X1909261,3987,-15.57496,-47.61942,14862.8,5.0,22.7,70.1,-68.4,18.7,137.1,RS41-SGP,403.502,20.0,-875,11,2.9,,
2026-09-19T15:08:25.005Z,X1909261,3988,-15.57490,-47.61922,14867.6,4.6,22.4,77.2,-68.5,18.7,136.9,RS41-SGP,403.502,20.6,-875,11,2.9,,
2026-09-19T15:08:26.005Z,X1909261,3989,-15.57487,-47.61902,14871.9,4.0,20.3,82.0,-68.5,18.9,136.8,RS41-SGP,403.502,20.6,-875,11,2.9,,
2026-09-19T15:08:27.005Z,X1909261,3990,-15.57484,-47.61884,14876.1,4.2,18.8,81.6,-68.6,19.4,136.7,RS41-SGP,403.502,18.7,-875,11,2.9,,
2026-09-19T15:08:28.005Z,X1909261,3991,-15.57481,-47.61866,14880.3,4.1,19.9,77.6,-68.7,20.0,136.7,RS41-SGP,403.502,17.9,-875,11,2.9,,
2026-09-19T15:08:29.005Z,X1909261,3992,-15.57477,-47.61847,14884.1,3.3,22.6,76.1,-68.5,20.5,136.6,RS41-SGP,403.502,20.7,-875,11,2.8,,
2026-09-19T15:08:30.005Z,X1909261,3993,-15.57472,-47.61826,14887.8,4.1,24.5,77.2,-68.4,20.6,136.4,RS41-SGP,403.502,21.2,-875,11,2.9,,
2026-09-19T15:08:31.005Z,X1909261,3994,-15.57467,-47.61804,14892.4,4.9,22.8,78.5,-68.7,20.9,136.3,RS41-SGP,403.502,21.2,-875,11,2.9,,
2026-09-19T15:08:32.005Z,X1909261,3995,-15.57463,-47.61785,14897.1,4.3,19.3,76.1,-68.8,20.8,136.2,RS41-SGP,403.502,19.9,-875,11,2.9,,
2026-09-19T15:08:33.005Z,X1909261,3996,-15.57458,-47.61769,14901.4,4.4,17.9,71.1,-68.8,20.4,136.2,RS41-SGP,403.502,17.6,-875,11,2.9,,
2026-09-19T15:08:34.005Z,X1909261,3997,-15.57453,-47.61752,14905.6,4.0,19.9,71.2,-68.6,19.9,136.1,RS41-SGP,403.502,19.5,-875,11,2.9,,
2026-09-19T15:08:35.005Z,X1909261,3998,-15.57447,-47.61733,14909.2,3.1,22.9,76.4,-68.7,19.7,135.9,RS41-SGP,403.502,20.5,-875,11,2.9,,
2026-09-19T15:08:36.005Z,X1909261,3999,-15.57443,-47.61712,14913.1,4.6,24.0,81.2,-69.0,20.1,135.8,RS41-SGP,403.502,20.5,-875,11,2.9,,
2026-09-19T15:08:37.005Z,X1909261,4000,-15.57440,-47.61690,14918.0,5.2,22.0,80.4,-68.7,18.8,135.7,RS41-SGP,403.502,20.1,-875,11,2.9,,
2026-09-19T15:08:38.005Z,X1909261,4001,-15.57436,-47.61671,14922.6,3.9,20.1,73.7,-68.7,18.7,135.7,RS41-SGP,403.502,18.5,-875,11,2.9,,
2026-09-19T15:08:39.005Z,X1909261,4002,-15.57430,-47.61654,14926.3,3.4,20.6,65.9,-69.0,19.0,135.6,RS41-SGP,403.502,19.4,-875,11,2.9,,
2026-09-19T15:08:40.005Z,X1909261,4003,-15.57422,-47.61635,14930.2,4.3,22.7,66.0,-69.0,19.4,135.5,RS41-SGP,403.502,21.0,-875,11,2.9,,
2026-09-19T15:08:41.005Z,X1909261,4004,-15.57414,-47.61615,14934.8,4.8,23.7,73.0,-69.1,20.4,135.4,RS41-SGP,403.502,21.0,-875,11,2.9,,
2026-09-19T15:08:42.005Z,X1909261,4005,-15.57409,-47.61595,14939.3,4.3,22.2,78.9,-69.1,20.4,135.3,RS41-SGP,403.502,21.0,-875,11,2.9,,
2026-09-19T15:08:43.005Z,X1909261,4006,-15.57406,-47.61576,14943.2,3.4,19.3,78.9,-69.0,20.1,135.2,RS41-SGP,403.502,19.7,-875,11,2.9,,
2026-09-19T15:08:44.005Z,X1909261,4007,-15.57401,-47.61559,14946.6,3.3,17.6,70.2,-69.3,20.6,135.1,RS41-SGP,403.502,18.6,-875,11,2.9,,
2026-09-19T15:08:45.005Z,X1909261,4008,-15.57395,-47.61543,14950.3,4.0,19.0,63.4,-69.3,20.3,135.0,RS41-SGP,403.502,19.2,-875,11,2.9,,
2026-09-19T15:08:46.005Z,X1909261,4009,-15.57387,-47.61527,14954.8,4.8,20.9,66.4,-69.1,19.8,134.9,RS41-SGP,403.502,20.4,-875,11,2.9,,
2026-09-19T15:08:47.005Z,X1909261,4010,-15.57381,-47.61508,14959.4,4.2,21.2,74.5,-69.2,20.1,134.9,RS41-SGP,403.502,20.5,-875,11,2.9,,
2026-09-19T15:08:48.005Z,X1909261,4011,-15.57377,-47.61489,14963.2,3.2,20.3,81.9,-69.3,20.6,134.8,RS41-SGP,403.502,20.5,-875,11,2.9,,
2026-09-19T15:08:49.005Z,X1909261,4012,-15.57375,-47.61471,14966.8,4.0,19.0,84.9,-69.5,21.1,134.6,RS41-SGP,403.502,19.2,-875,11,2.9,,
2026-09-19T15:08:50.005Z,X1909261,4013,-15.57373,-47.61454,14971.3,4.9,19.2,80.2,-69.6,20.8,134.6,RS41-SGP,403.502,18.0,-875,11,2.9,,
2026-09-19T15:08:51.005Z,X1909261,4014,-15.57369,-47.61435,14976.0,4.3,21.0,75.5,-69.4,20.5,134.5,RS41-SGP,403.502,19.1,-875,11,2.9,,
2026-09-19T15:08:52.005Z,X1909261,4015,-15.57364,-47.61416,14979.9,3.4,22.8,74.7,-69.2,20.7,134.4,RS41-SGP,403.502,20.4,-875,11,2.9,,
2026-09-19T15:08:53.005Z,X1909261,4016,-15.57359,-47.61395,14983.3,3.2,23.3,77.5,-69.3,21.5,134.3,RS41-SGP,403.502,20.4,-875,11,2.9,,
2026-09-19T15:08:54.005Z,X1909261,4017,-15.57355,-47.61374,14986.3,2.8,22.4,80.9,-69.4,21.9,134.2,RS41-SGP,403.502,20.2,-875,11,2.9,,
2026-09-19T15:08:55.005Z,X1909261,4018,-15.57352,-47.61354,14989.3,3.2,21.4,82.6,-69.5,21.6,134.2,RS41-SGP,403.502,19.9,-875,11,2.9,,
2026-09-19T15:08:56.005Z,X1909261,4019,-15.57349,-47.61334,14993.3,4.7,21.0,80.2,-69.6,21.1,134.1,RS41-SGP,403.502,19.0,-875,11,2.9,,
2026-09-19T15:08:57.005Z,X1909261,4020,-15.57345,-47.61315,14998.1,4.8,21.7,75.7,-69.8,20.4,134.0,RS41-SGP,403.502,18.9,-875,11,2.9,,
2026-09-19T15:08:58.005Z,X1909261,4021,-15.57340,-47.61295,15002.4,3.5,22.8,71.3,-69.6,19.5,133.9,RS41-SGP,403.502,20.0,-875,11,2.9,,
2026-09-19T15:08:59.005Z,X1909261,4022,-15.57332,-47.61275,15005.7,3.1,23.4,67.8,-69.7,19.5,133.8,RS41-SGP,403.502,20.1,-875,11,2.9,,
2026-09-19T15:09:00.005Z,X1909261,4023,-15.57324,-47.61255,15009.1,3.8,23.1,66.9,-69.7,20.0,133.7,RS41-SGP,403.502,20.6,-875,11,2.9,,
2026-09-19T15:09:01.005Z,X1909261,4024,-15.57317,-47.61236,15013.4,4.6,22.2,70.0,-69.7,20.4,133.6,RS41-SGP,403.502,20.6,-875,11,2.9,,
2026-09-19T15:09:02.005Z,X1909261,4025,-15.57311,-47.61216,15018.0,4.4,21.0,74.0,-69.7,20.5,133.5,RS41-SGP,403.502,20.5,-875,11,2.9,,
2026-09-19T15:09:03.005Z,X1909261,4026,-15.57306,-47.61198,15021.9,3.4,19.7,77.1,-69.5,20.3,133.4,RS41-SGP,403.502,20.4,-875,11,2.9,,
2026-09-19T15:09:04.005Z,X1909261,4027,-15.57302,-47.61181,15025.5,3.6,18.8,78.3,-69.8,21.0,133.3,RS41-SGP,403.502,20.1,-875,11,2.9,,
2026-09-19T15:09:05.005Z,X1909261,4028,-15.57299,-47.61164,15029.7,4.6,19.0,76.9,-69.9,21.2,133.2,RS41-SGP,403.502,18.6,-875,11,2.9,,
2026-09-19T15:09:06.005Z,X1909261,4029,-15.57294,-47.61146,15034.3,4.6,20.9,74.4,-69.9,21.5,133.2,RS41-SGP,403.502,18.3,-875,11,2.9,,
2026-09-19T15:09:07.005Z,X1909261,4030,-15.57289,-47.61126,15038.5,3.6,23.1,72.4,-69.8,22.0,133.1,RS41-SGP,403.502,19.5,-875,11,2.9,,
2026-09-19T15:09:08.005Z,X1909261,4031,-15.57282,-47.61105,15042.2,3.8,24.5,71.3,-69.6,22.0,133.0,RS41-SGP,403.502,20.3,-875,11,2.9,,
2026-09-19T15:09:09.005Z,X1909261,4032,-15.57275,-47.61084,15046.2,4.1,24.0,71.9,-69.8,22.6,132.9,RS41-SGP,403.502,20.3,-875,11,2.9,,
2026-09-19T15:09:10.005Z,X1909261,4033,-15.57269,-47.61063,15050.2,3.8,22.2,74.1,-69.9,22.5,132.8,RS41-SGP,403.502,20.0,-875,11,2.9,,
2026-09-19T15:09:11.005Z,X1909261,4034,-15.57264,-47.61044,15053.7,3.1,21.0,77.8,-69.9,22.0,132.8,RS41-SGP,403.502,20.0,-875,11,2.9,,
2026-09-19T15:09:12.005Z,X1909261,4035,-15.57260,-47.61024,15056.9,3.4,21.0,79.6,-70.0,21.7,132.7,RS41-SGP,403.502,19.8,-875,11,2.9,,
2026-09-19T15:09:13.005Z,X1909261,4036,-15.57257,-47.61005,15060.6,3.9,21.5,78.6,-70.1,21.1,132.6,RS41-SGP,403.502,20.2,-875,11,2.9,,
2026-09-19T15:09:14.005Z,X1909261,4037,-15.57252,-47.60986,15064.7,4.2,21.3,75.4,-70.1,20.5,132.5,RS41-SGP,403.502,20.2,-875,11,2.9,,
2026-09-19T15:09:15.005Z,X1909261,4038,-15.57247,-47.60967,15068.7,3.7,19.9,73.0,-70.1,20.1,132.4,RS41-SGP,403.502,20.2,-875,11,2.9,,
2026-09-19T15:09:16.005Z,X1909261,4039,-15.57242,-47.60950,15072.3,3.5,18.5,72.4,-70.2,20.3,132.3,RS41-SGP,403.502,19.7,-875,11,2.9,,
2026-09-19T15:09:17.005Z,X1909261,4040,-15.57237,-47.60934,15076.2,4.3,18.5,73.8,-70.2,20.9,132.2,RS41-SGP,403.502,18.7,-875,11,2.9,,
2026-09-19T15:09:18.005Z,X1909261,4041,-15.57233,-47.60916,15080.8,4.7,20.1,76.0,-70.2,21.4,132.1,RS41-SGP,403.502,18.7,-875,11,2.9,,
2026-09-19T15:09:20.005Z,X1909261,4043,-15.57224,-47.60877,15089.1,3.6,23.6,76.1,-70.0,22.1,132.0,RS41-SGP,403.502,18.2,-875,11,2.9,,
2026-09-19T15:09:21.005Z,X1909261,4044,-15.57218,-47.60855,15092.7,3.6,23.7,75.2,-69.8,21.8,131.9,RS41-SGP,403.502,21.3,-875,11,2.9,,
2026-09-19T15:09:22.005Z,X1909261,4045,-15.57213,-47.60835,15096.5,3.9,22.3,75.3,-70.0,22.1,131.8,RS41-SGP,403.502,21.3,-875,11,2.9,,
2026-09-19T15:09:23.005Z,X1909261,4046,-15.57208,-47.60815,15100.5,4.0,20.7,76.5,-69.5,20.5,131.7,RS41-SGP,403.502,20.2,-875,11,2.9,,
2026-09-19T15:09:24.005Z,X1909261,4047,-15.57204,-47.60797,15104.6,4.3,19.9,76.7,-69.8,21.3,131.6,RS41-SGP,403.502,20.1,-875,11,2.9,,
2026-09-19T15:09:25.005Z,X1909261,4048,-15.57200,-47.60779,15108.7,3.7,19.4,73.8,-70.0,21.7,131.6,RS41-SGP,403.502,20.2,-875,11,2.9,,
2026-09-19T15:09:26.005Z,X1909261,4049,-15.57194,-47.60762,15112.2,3.5,19.1,69.0,-70.0,21.1,131.5,RS41-SGP,403.502,20.2,-875,11,2.9,,
2026-09-19T15:09:27.005Z,X1909261,4050,-15.57188,-47.60746,15116.2,4.4,18.8,66.2,-70.2,20.4,131.4,RS41-SGP,403.502,19.3,-875,11,2.9,,
2026-09-19T15:09:28.005Z,X1909261,4051,-15.57181,-47.60730,15121.0,5.3,19.2,69.0,-70.3,20.2,131.3,RS41-SGP,403.502,19.3,-875,11,2.9,,
2026-09-19T15:09:29.005Z,X1909261,4052,-15.57176,-47.60712,15126.2,5.0,20.4,74.7,-70.4,20.5,131.2,RS41-SGP,403.502,18.7,-875,11,2.9,,
2026-09-19T15:09:30.005Z,X1909261,4053,-15.57171,-47.60693,15130.8,4.0,22.1,79.0,-70.5,20.6,131.1,RS41-SGP,403.502,19.7,-875,11,2.9,,
2026-09-19T15:09:31.005Z,X1909261,4054,-15.57168,-47.60672,15135.1,4.6,23.3,80.0,-70.4,20.3,130.9,RS41-SGP,403.502,20.5,-875,11,2.9,,
2026-09-19T15:09:32.005Z,X1909261,4055,-15.57163,-47.60651,15140.0,5.3,22.6,76.5,-70.6,20.8,130.8,RS41-SGP,403.502,20.5,-875,11,2.9,,
2026-09-19T15:09:33.005Z,X1909261,4056,-15.57158,-47.60632,15144.9,4.5,20.4,71.0,-70.7,21.0,130.8,RS41-SGP,403.502,20.1,-875,11,2.9,,
2026-09-19T15:09:34.005Z,X1909261,4057,-15.57152,-47.60615,15149.0,3.7,18.2,66.8,-70.3,20.2,130.7,RS41-SGP,403.502,19.9,-875,11,2.9,,
2026-09-19T15:09:35.005Z,X1909261,4058,-15.57145,-47.60600,15153.1,4.4,17.2,66.5,-70.6,21.0,130.6,RS41-SGP,403.502,18.7,-875,11,2.9,,
2026-09-19T15:09:36.005Z,X1909261,4059,-15.57140,-47.60585,15157.8,4.9,18.3,70.5,-70.8,21.3,130.5,RS41-SGP,403.502,20.1,-875,11,2.9,,
2026-09-19T15:09:37.005Z,X1909261,4060,-15.57134,-47.60568,15162.3,4.1,19.4,73.5,-70.5,20.6,130.3,RS41-SGP,403.502,20.3,-875,11,2.8,,
2026-09-19T15:09:38.005Z,X1909261,4061,-15.57130,-47.60551,15166.0,3.2,19.2,75.1,-70.6,21.2,130.3,RS41-SGP,403.502,20.3,-875,11,2.9,,
2026-09-19T15:09:39.005Z,X1909261,4062,-15.57126,-47.60534,15169.4,3.6,17.9,76.4,-70.9,22.7,130.2,RS41-SGP,403.502,19.3,-875,11,2.9,,
2026-09-19T15:09:40.005Z,X1909261,4063,-15.57122,-47.60518,15173.6,4.8,17.4,77.6,-71.0,23.1,130.1,RS41-SGP,403.502,18.0,-875,11,2.9,,
2026-09-19T15:09:41.005Z,X1909261,4064,-15.57118,-47.60502,15178.7,5.3,19.2,77.6,-71.1,23.0,130.0,RS41-SGP,403.502,16.7,-875,11,2.9,,
2026-09-19T15:09:42.005Z,X1909261,4065,-15.57114,-47.60483,15183.6,4.4,21.8,76.4,-71.0,23.1,129.9,RS41-SGP,403.502,18.6,-875,11,2.9,,
2026-09-19T15:09:43.005Z,X1909261,4066,-15.57109,-47.60462,15187.8,4.0,24.0,75.4,-71.0,23.5,129.8,RS41-SGP,403.502,19.1,-875,11,2.9,,
2026-09-19T15:09:44.005Z,X1909261,4067,-15.57104,-47.60441,15192.3,5.0,23.8,75.6,-71.2,23.7,129.7,RS41-SGP,403.502,19.1,-875,11,2.9,,
2026-09-19T15:09:45.005Z,X1909261,4068,-15.57099,-47.60420,15197.3,5.0,21.5,77.6,-71.0,22.5,129.6,RS41-SGP,403.502,19.3,-875,11,2.8,,
2026-09-19T15:09:46.005Z,X1909261,4069,-15.57096,-47.60402,15201.8,3.9,19.3,80.7,-70.9,22.0,129.5,RS41-SGP,403.502,19.3,-875,11,2.9,,
2026-09-19T15:09:47.005Z,X1909261,4070,-15.57093,-47.60384,15205.3,3.2,18.7,83.7,-70.8,21.0,129.4,RS41-SGP,403.502,17.5,-875,11,2.9,,
2026-09-19T15:09:48.005Z,X1909261,4071,-15.57091,-47.60366,15208.8,3.6,20.1,83.9,-70.7,20.8,129.4,RS41-SGP,403.502,18.7,-875,11,2.9,,
2026-09-19T15:09:49.005Z,X1909261,4072,-15.57089,-47.60347,15212.7,4.2,21.8,81.4,-70.8,20.7,129.3,RS41-SGP,403.502,19.0,-875,11,2.9,,
2026-09-19T15:09:52.005Z,X1909261,4075,-15.57076,-47.60290,15226.0,3.5,19.2,71.7,-71.0,22.4,129.0,RS41-SGP,403.502,16.6,-875,11,2.9,,
2026-09-19T15:09:53.005Z,X1909261,4076,-15.57070,-47.60273,15230.0,4.5,19.5,68.7,-71.3,23.7,128.9,RS41-SGP,403.502,17.5,-875,11,2.8,,
2026-09-19T15:09:54.005Z,X1909261,4077,-15.57064,-47.60255,15234.7,5.0,20.9,70.9,-71.4,24.2,128.8,RS41-SGP,403.502,18.5,-875,11,2.9,,
2026-09-19T15:09:55.005Z,X1909261,4078,-15.57059,-47.60236,15239.3,4.3,21.6,77.2,-71.0,23.1,128.7,RS41-SGP,403.502,19.0,-875,11,2.9,,
2026-09-19T15:09:56.005Z,X1909261,4079,-15.57056,-47.60217,15243.5,4.1,20.5,83.7,-71.3,23.5,128.6,RS41-SGP,403.502,19.0,-875,11,2.9,,
2026-09-19T15:09:57.005Z,X1909261,4080,-15.57054,-47.60199,15247.9,4.7,18.7,86.1,-71.6,23.8,128.6,RS41-SGP,403.502,18.8,-875,11,2.9,,
2026-09-19T15:09:58.005Z,X1909261,4081,-15.57052,-47.60182,15253.1,5.7,18.3,81.7,-71.8,23.1,128.4,RS41-SGP,403.502,17.3,-875,11,2.9,,
2026-09-19T15:09:59.005Z,X1909261,4082,-15.57049,-47.60164,15258.2,4.6,20.1,76.6,-71.6,21.7,128.3,RS41-SGP,403.502,16.5,-875,11,2.9,,
2026-09-19T15:10:00.005Z,X1909261,4083,-15.57044,-47.60145,15262.1,3.2,22.6,74.5,-71.7,22.0,128.2,RS41-SGP,403.502,18.7,-875,11,2.9,,
2026-09-19T15:10:01.005Z,X1909261,4084,-15.57039,-47.60124,15265.6,4.0,23.7,76.1,-71.8,22.2,128.2,RS41-SGP,403.502,19.2,-875,11,2.8,,
2026-09-19T15:10:02.005Z,X1909261,4085,-15.57035,-47.60104,15270.2,5.2,21.8,79.4,-71.8,23.1,128.0,RS41-SGP,403.502,19.2,-875,11,2.9,,
2026-09-19T15:10:03.005Z,X1909261,4086,-15.57031,-47.60085,15275.2,4.9,18.6,79.7,-71.5,23.0,127.9,RS41-SGP,403.502,19.0,-875,11,2.9,,
2026-09-19T15:10:04.005Z,X1909261,4087,-15.57028,-47.60069,15279.6,3.9,16.7,74.9,-71.7,23.6,127.8,RS41-SGP,403.502,17.6,-875,11,2.9,,
2026-09-19T15:10:05.005Z,X1909261,4088,-15.57023,-47.60054,15283.4,3.7,16.9,68.5,-72.0,23.7,127.8,RS41-SGP,403.502,17.1,-875,11,2.9,,
2026-09-19T15:10:06.005Z,X1909261,4089,-15.57017,-47.60039,15287.6,4.7,18.4,68.0,-72.0,23.8,127.6,RS41-SGP,403.502,18.3,-875,11,2.9,,
2026-09-19T15:10:07.005Z,X1909261,4090,-15.57012,-47.60023,15292.3,4.7,19.4,73.2,-71.5,22.0,127.6,RS41-SGP,403.502,19.0,-875,11,2.9,,
2026-09-19T15:10:08.005Z,X1909261,4091,-15.57007,-47.60005,15296.7,4.0,19.6,78.5,-71.8,23.2,127.5,RS41-SGP,403.502,19.0,-875,11,2.9,,
2026-09-19T15:10:09.005Z,X1909261,4092,-15.57004,-47.59987,15300.3,3.3,18.6,80.4,-71.9,23.6,127.4,RS41-SGP,403.502,18.8,-875,11,2.8,,
2026-09-19T15:10:10.005Z,X1909261,4093,-15.57001,-47.59971,15303.5,3.1,17.6,77.6,-71.5,22.7,127.3,RS41-SGP,403.502,18.6,-875,11,2.9,,
2026-09-19T15:10:11.005Z,X1909261,4094,-15.56997,-47.59955,15306.9,3.7,17.1,73.1,-71.7,23.2,127.2,RS41-SGP,403.502,18.1,-875,11,2.9,,
2026-09-19T15:10:12.005Z,X1909261,4095,-15.56993,-47.59940,15311.1,4.8,17.7,72.9,-71.8,23.9,127.2,RS41-SGP,403.502,17.7,-875,11,2.9,,
2026-09-19T15:10:13.005Z,X1909261,4096,-15.56988,-47.59923,15315.8,4.7,19.0,76.4,-71.9,24.1,127.0,RS41-SGP,403.502,17.8,-875,11,2.9,,
2026-09-19T15:10:14.005Z,X1909261,4097,-15.56984,-47.59905,15320.0,3.6,20.7,78.8,-71.9,24.1,127.0,RS41-SGP,403.502,19.0,-875,11,2.9,,
2026-09-19T15:10:15.005Z,X1909261,4098,-15.56980,-47.59886,15323.5,3.6,22.4,78.0,-72.0,23.9,126.9,RS41-SGP,403.502,19.9,-875,11,2.9,,
2026-09-19T15:10:16.005Z,X1909261,4099,-15.56976,-47.59865,15327.6,4.5,22.5,76.1,-72.2,23.4,126.8,RS41-SGP,403.502,19.9,-875,11,2.8,,
2026-09-19T15:10:17.005Z,X1909261,4100,-15.56971,-47.59846,15332.6,5.3,20.9,76.1,-72.3,23.0,126.7,RS41-SGP,403.502,19.8,-875,11,2.9,,
2026-09-19T15:10:18.005Z,X1909261,4101,-15.56967,-47.59828,15337.4,4.4,19.2,79.9,-72.3,22.6,126.6,RS41-SGP,403.502,19.7,-875,11,2.9,,
2026-09-19T15:10:19.005Z,X1909261,4102,-15.56965,-47.59810,15341.5,3.9,17.9,84.2,-72.1,21.5,126.5,RS41-SGP,403.502,19.7,-875,11,2.9,,
2026-09-19T15:10:20.005Z,X1909261,4103,-15.56964,-47.59794,15345.9,4.8,17.6,85.0,-71.6,20.0,126.4,RS41-SGP,403.502,19.3,-875,11,2.9,,
2026-09-19T15:10:21.005Z,X1909261,4104,-15.56961,-47.59777,15350.9,5.2,18.9,80.1,-71.9,21.0,126.3,RS41-SGP,403.502,18.6,-875,11,2.9,,
2026-09-19T15:10:22.005Z,X1909261,4105,-15.56958,-47.59759,15355.7,4.4,21.0,75.4,-72.1,22.0,126.2,RS41-SGP,403.502,19.1,-875,11,2.9,,
2026-09-19T15:10:23.005Z,X1909261,4106,-15.56952,-47.59740,15360.1,4.5,22.6,73.7,-72.3,23.1,126.1,RS41-SGP,403.502,20.4,-875,11,2.9,,
2026-09-19T15:10:24.005Z,X1909261,4107,-15.56947,-47.59720,15364.7,4.7,21.9,76.8,-72.4,24.3,126.0,RS41-SGP,403.502,20.4,-875,11,2.8,,
2026-09-19T15:10:25.005Z,X1909261,4108,-15.56944,-47.59701,15369.1,4.2,20.0,82.6,-71.9,23.7,125.9,RS41-SGP,403.502,20.3,-875,11,2.9,,
2026-09-19T15:10:26.005Z,X1909261,4109,-15.56942,-47.59683,15373.2,3.9,18.1,88.0,-72.2,25.3,125.9,RS41-SGP,403.502,20.3,-875,11,2.9,,
2026-09-19T15:10:27.005Z,X1909261,4110,-15.56942,-47.59666,15377.3,4.6,17.7,88.0,-72.3,24.9,125.8,RS41-SGP,403.502,18.9,-875,11,2.9,,
2026-09-19T15:10:28.005Z,X1909261,4111,-15.56940,-47.59649,15382.1,5.0,18.7,82.8,-72.5,24.6,125.6,RS41-SGP,403.502,19.7,-875,11,2.9,,
2026-09-19T15:10:29.005Z,X1909261,4112,-15.56938,-47.59632,15386.9,4.6,19.9,79.3,-72.4,23.3,125.5,RS41-SGP,403.502,19.7,-875,11,2.9,,
2026-09-19T15:10:30.005Z,X1909261,4113,-15.56934,-47.59614,15391.1,3.8,19.6,79.7,-72.5,23.5,125.5,RS41-SGP,403.502,20.3,-875,11,2.9,,
2026-09-19T15:10:31.005Z,X1909261,4114,-15.56932,-47.59596,15394.6,3.2,18.1,82.8,-72.1,21.9,125.4,RS41-SGP,403.502,20.3,-875,11,2.9,,
2026-09-19T15:10:32.005Z,X1909261,4115,-15.56930,-47.59580,15398.0,3.8,16.7,84.6,-71.6,20.2,125.3,RS41-SGP,403.502,19.9,-875,11,2.8,,
2026-09-19T15:10:33.005Z,X1909261,4116,-15.56928,-47.59565,15402.5,5.1,16.6,82.6,-72.0,21.1,125.2,RS41-SGP,403.502,18.3,-875,11,2.9,,
2026-09-19T15:10:34.005Z,X1909261,4117,-15.56926,-47.59549,15407.7,5.4,18.3,79.2,-72.3,22.1,125.1,RS41-SGP,403.502,18.1,-875,11,2.9,,
2026-09-19T15:10:35.005Z,X1909261,4118,-15.56923,-47.59531,15412.5,4.2,20.6,78.7,-72.6,23.1,125.0,RS41-SGP,403.502,18.7,-875,11,2.9,,
2026-09-19T15:10:36.005Z,X1909261,4119,-15.56919,-47.59511,15416.6,4.0,22.4,80.9,-72.7,23.9,124.9,RS41-SGP,403.502,20.4,-875,11,2.9,,
2026-09-19T15:10:37.005Z,X1909261,4120,-15.56916,-47.59491,15421.2,5.1,22.0,83.2,-72.8,24.3,124.8,RS41-SGP,403.502,20.4,-875,11,2.9,,
2026-09-19T15:10:38.005Z,X1909261,4121,-15.56914,-47.59472,15426.1,5.0,19.7,83.6,-72.9,24.9,124.7,RS41-SGP,403.502,20.1,-875,11,2.9,,
2026-09-19T15:10:39.005Z,X1909261,4122,-15.56912,-47.59455,15430.5,3.9,17.1,80.7,-72.7,25.4,124.6,RS41-SGP,403.502,20.0,-875,11,2.8,,
2026-09-19T15:10:40.005Z,X1909261,4123,-15.56909,-47.59440,15434.4,4.0,15.5,76.6,-72.7,25.9,124.5,RS41-SGP,403.502,18.7,-875,11,2.9,,
2026-09-19T15:10:41.005Z,X1909261,4124,-15.56906,-47.59425,15439.1,5.3,16.5,76.5,-72.9,25.7,124.4,RS41-SGP,403.502,17.3,-875,11,2.9,,
2026-09-19T15:10:42.005Z,X1909261,4125,-15.56903,-47.59409,15444.1,4.7,19.3,79.6,-73.0,25.2,124.3,RS41-SGP,403.502,18.4,-875,11,2.9,,
2026-09-19T15:10:43.005Z,X1909261,4126,-15.56900,-47.59390,15448.3,3.6,22.2,82.4,-73.0,24.6,124.3,RS41-SGP,403.502,19.4,-875,11,2.9,,
2026-09-19T15:10:44.005Z,X1909261,4127,-15.56897,-47.59369,15452.2,4.3,23.7,82.9,-73.1,24.7,124.2,RS41-SGP,403.502,20.0,-875,11,2.9,,
2026-09-19T15:10:45.005Z,X1909261,4128,-15.56894,-47.59348,15456.8,4.9,22.1,81.3,-73.2,24.8,124.0,RS41-SGP,403.502,21.1,-875,11,2.9,,
2026-09-19T15:10:46.005Z,X1909261,4129,-15.56891,-47.59329,15461.4,4.4,19.1,80.3,-73.0,24.4,124.0,RS41-SGP,403.502,21.1,-875,11,2.9,,
2026-09-19T15:10:47.005Z,X1909261,4130,-15.56889,-47.59312,15465.3,3.6,17.0,82.8,-73.0,24.9,123.9,RS41-SGP,403.502,19.9,-875,11,2.8,,
2026-09-19T15:10:48.005Z,X1909261,4131,-15.56888,-47.59296,15468.7,3.2,16.9,88.0,-73.2,25.5,123.8,RS41-SGP,403.502,18.5,-875,11,2.8,,
2026-09-19T15:10:49.005Z,X1909261,4132,-15.56887,-47.59280,15472.2,3.9,18.1,89.6,-73.4,25.8,123.8,RS41-SGP,403.502,19.1,-875,11,2.9,,
2026-09-19T15:10:50.005Z,X1909261,4133,-15.56887,-47.59263,15476.4,4.6,18.8,85.1,-73.5,24.8,123.7,RS41-SGP,403.502,19.9,-875,11,2.9,,
2026-09-19T15:10:51.005Z,X1909261,4134,-15.56884,-47.59246,15480.7,4.0,18.8,78.9,-73.5,23.5,123.5,RS41-SGP,403.502,19.9,-875,11,2.9,,
2026-09-19T15:10:52.005Z,X1909261,4135,-15.56880,-47.59229,15484.5,3.6,18.8,74.8,-73.3,22.9,123.5,RS41-SGP,403.502,19.1,-875,11,2.9,,
2026-09-19T15:10:53.005Z,X1909261,4136,-15.56876,-47.59212,15487.8,3.1,19.5,75.1,-73.4,23.5,123.4,RS41-SGP,403.502,19.6,-875,11,2.9,,
2026-09-19T15:10:54.005Z,X1909261,4137,-15.56872,-47.59193,15490.9,3.2,20.7,77.7,-73.5,24.2,123.4,RS41-SGP,403.502,19.8,-875,11,2.9,,
2026-09-19T15:10:55.005Z,X1909261,4138,-15.56868,-47.59174,15494.7,4.3,21.1,80.5,-73.5,24.7,123.3,RS41-SGP,403.502,20.1,-875,11,2.9,,
2026-09-19T15:10:56.005Z,X1909261,4139,-15.56865,-47.59156,15499.4,5.2,19.9,80.9,-73.5,24.6,123.2,RS41-SGP,403.502,20.1,-875,11,2.9,,
2026-09-19T15:10:57.005Z,X1909261,4140,-15.56862,-47.59138,15504.3,4.6,17.9,80.2,-73.4,24.5,123.1,RS41-SGP,403.502,19.8,-875,11,2.9,,
2026-09-19T15:10:58.005Z,X1909261,4141,-15.56860,-47.59122,15508.6,4.0,16.4,81.2,-73.3,24.4,123.0,RS41-SGP,403.502,19.5,-875,11,2.9,,
2026-09-19T15:10:59.005Z,X1909261,4142,-15.56858,-47.59107,15512.9,4.6,16.0,83.1,-73.4,24.8,122.9,RS41-SGP,403.502,18.9,-875,11,2.9,,
2026-09-19T15:11:00.005Z,X1909261,4143,-15.56856,-47.59092,15517.6,4.9,17.6,82.8,-73.4,25.0,122.8,RS41-SGP,403.502,17.4,-875,11,2.8,,
2026-09-19T15:11:01.005Z,X1909261,4144,-15.56853,-47.59075,15522.1,4.0,20.0,79.5,-73.5,25.2,122.8,RS41-SGP,403.502,19.0,-875,11,2.9,,
2026-09-19T15:11:02.005Z,X1909261,4145,-15.56849,-47.59056,15525.8,3.5,22.0,75.8,-73.6,25.2,122.6,RS41-SGP,403.502,20.4,-875,11,2.9,,
2026-09-19T15:11:03.005Z,X1909261,4146,-15.56844,-47.59036,15529.8,4.6,22.1,73.8,-73.6,25.2,122.5,RS41-SGP,403.502,20.4,-875,11,2.9,,
2026-09-19T15:11:04.005Z,X1909261,4147,-15.56839,-47.59017,15534.6,5.0,20.1,75.5,-73.7,25.6,122.5,RS41-SGP,403.502,20.4,-875,11,2.9,,
2026-09-19T15:11:05.005Z,X1909261,4148,-15.56835,-47.59000,15539.0,3.7,17.5,79.2,-73.6,25.6,122.3,RS41-SGP,403.502,20.1,-875,11,2.9,,
2026-09-19T15:11:06.005Z,X1909261,4149,-15.56833,-47.58985,15542.5,3.3,15.9,82.5,-73.2,24.0,122.3,RS41-SGP,403.502,19.4,-875,11,2.9,,
2026-09-19T15:11:07.005Z,X1909261,4150,-15.56831,-47.58970,15546.3,4.4,16.3,80.2,-73.5,24.0,122.2,RS41-SGP,403.502,17.3,-875,11,2.8,,
2026-09-19T15:11:08.005Z,X1909261,4151,-15.56827,-47.58954,15551.0,4.9,18.4,75.3,-73.8,24.0,122.1,RS41-SGP,403.502,18.3,-875,11,2.9,,
2026-09-19T15:11:09.005Z,X1909261,4152,-15.56823,-47.58937,15555.8,4.7,20.3,74.2,-73.6,23.1,122.0,RS41-SGP,403.502,19.2,-875,11,2.9,,
2026-09-19T15:11:10.005Z,X1909261,4153,-15.56818,-47.58918,15560.0,3.7,21.2,76.7,-73.2,22.3,121.9,RS41-SGP,403.502,19.5,-875,11,2.9,,
2026-09-19T15:11:11.005Z,X1909261,4154,-15.56814,-47.58899,15563.2,2.8,21.6,80.9,-73.5,23.4,121.8,RS41-SGP,403.502,19.5,-875,11,2.9,,
2026-09-19T15:11:12.005Z,X1909261,4155,-15.56811,-47.58879,15566.1,3.2,21.3,82.8,-73.8,24.0,121.8,RS41-SGP,403.502,19.8,-875,11,2.9,,
2026-09-19T15:11:13.005Z,X1909261,4156,-15.56809,-47.58859,15569.9,4.3,20.6,79.9,-73.8,24.1,121.7,RS41-SGP,403.502,20.3,-875,11,2.9,,
2026-09-19T15:11:14.005Z,X1909261,4157,-15.56805,-47.58841,15574.4,4.7,19.7,76.2,-73.9,24.4,121.6,RS41-SGP,403.502,20.7,-875,11,2.8,,
2026-09-19T15:11:15.005Z,X1909261,4158,-15.56801,-47.58824,15578.7,3.8,18.6,76.1,-73.9,24.7,121.5,RS41-SGP,403.502,20.7,-875,11,2.9,,
2026-09-19T15:11:16.005Z,X1909261,4159,-15.56797,-47.58807,15582.4,3.6,17.4,79.5,-73.4,23.0,121.4,RS41-SGP,403.502,20.1,-875,11,2.9,,
2026-09-19T15:11:17.005Z,X1909261,4160,-15.56795,-47.58792,15586.1,4.0,16.9,82.2,-73.4,23.1,121.4,RS41-SGP,403.502,19.3,-875,11,2.9,,
2026-09-19T15:11:18.005Z,X1909261,4161,-15.56792,-47.58776,15590.6,5.0,17.2,79.7,-73.0,21.5,121.3,RS41-SGP,403.502,18.6,-875,11,2.9,,
2026-09-19T15:11:19.005Z,X1909261,4162,-15.56789,-47.58760,15595.5,4.9,18.5,75.1,-73.0,21.5,121.2,RS41-SGP,403.502,18.4,-875,11,2.9,,
2026-09-19T15:11:20.005Z,X1909261,4163,-15.56784,-47.58743,15599.9,3.9,20.4,71.3,-73.6,23.7,121.1,RS41-SGP,403.502,19.9,-875,11,2.9,,
2026-09-19T15:11:21.005Z,X1909261,4164,-15.56778,-47.58724,15603.7,3.9,21.9,70.5,-74.0,25.1,121.0,RS41-SGP,403.502,20.5,-875,11,2.8,,
2026-09-19T15:11:22.005Z,X1909261,4165,-15.56771,-47.58705,15607.8,4.4,21.8,72.2,-74.2,26.0,120.9,RS41-SGP,403.502,20.5,-875,10,2.9,,
2026-09-19T15:11:23.005Z,X1909261,4166,-15.56766,-47.58686,15612.6,5.2,20.3,73.9,-74.2,26.7,120.8,RS41-SGP,403.502,20.4,-875,10,2.9,,
2026-09-19T15:11:24.005Z,X1909261,4167,-15.56761,-47.58669,15617.5,4.5,18.2,74.2,-74.0,27.2,120.7,RS41-SGP,403.502,20.4,-875,11,2.9,,
2026-09-19T15:11:25.005Z,X1909261,4168,-15.56757,-47.58653,15621.8,4.1,16.4,73.9,-74.1,28.4,120.7,RS41-SGP,403.502,19.6,-875,11,2.9,,
2026-09-19T15:11:26.005Z,X1909261,4169,-15.56753,-47.58639,15625.9,4.2,15.8,73.6,-73.8,27.6,120.5,RS41-SGP,403.502,18.8,-875,11,2.9,,
2026-09-19T15:11:27.005Z,X1909261,4170,-15.56748,-47.58624,15630.1,4.1,16.8,72.8,-74.1,28.0,120.5,RS41-SGP,403.502,18.5,-875,11,2.9,,
2026-09-19T15:11:28.005Z,X1909261,4171,-15.56743,-47.58609,15634.1,3.9,18.1,71.0,-74.2,28.2,120.4,RS41-SGP,403.502,19.2,-875,11,2.8,,
2026-09-19T15:11:29.005Z,X1909261,4172,-15.56738,-47.58593,15638.0,4.0,18.8,69.4,-74.2,27.3,120.3,RS41-SGP,403.502,19.5,-875,11,2.9,,
2026-09-19T15:11:30.005Z,X1909261,4173,-15.56732,-47.58576,15642.1,4.2,19.0,69.4,-73.6,23.6,120.2,RS41-SGP,403.502,19.5,-875,11,2.9,,
2026-09-19T15:11:31.005Z,X1909261,4174,-15.56726,-47.58559,15646.2,4.1,19.8,71.4,-73.4,22.1,120.1,RS41-SGP,403.502,19.1,-875,11,2.9,,
2026-09-19T15:11:32.005Z,X1909261,4175,-15.56720,-47.58541,15650.2,4.0,21.3,74.1,-73.9,23.2,120.1,RS41-SGP,403.502,19.2,-875,11,2.9,,
2026-09-19T15:11:33.005Z,X1909261,4176,-15.56715,-47.58522,15654.1,4.0,22.1,75.4,-74.1,23.8,120.0,RS41-SGP,403.502,19.2,-875,11,2.9,,
2026-09-19T15:11:35.005Z,X1909261,4178,-15.56704,-47.58483,15662.4,4.3,20.5,70.2,-74.6,25.5,119.8,RS41-SGP,403.502,11.6,-875,11,2.8,,
2026-09-19T15:11:36.005Z,X1909261,4179,-15.56698,-47.58466,15666.9,4.6,19.6,66.3,-74.6,25.9,119.7,RS41-SGP,403.502,19.0,-875,11,2.9,,
2026-09-19T15:11:37.005Z,X1909261,4180,-15.56690,-47.58449,15671.7,5.1,19.4,65.8,-74.7,26.6,119.6,RS41-SGP,403.502,19.3,-875,11,2.9,,
2026-09-19T15:11:38.005Z,X1909261,4181,-15.56684,-47.58433,15676.3,4.1,19.2,67.8,-74.7,27.4,119.5,RS41-SGP,403.502,19.4,-875,11,2.9,,
2026-09-19T15:11:39.005Z,X1909261,4182,-15.56677,-47.58417,15680.1,3.6,18.1,69.7,-74.7,28.6,119.4,RS41-SGP,403.502,19.4,-875,11,2.9,,
2026-09-19T15:11:40.005Z,X1909261,4183,-15.56672,-47.58401,15683.9,4.0,16.6,70.2,-74.8,28.9,119.3,RS41-SGP,403.502,17.9,-875,11,2.9,,
2026-09-19T15:11:41.005Z,X1909261,4184,-15.56667,-47.58387,15688.4,5.1,16.5,69.7,-74.9,27.9,119.2,RS41-SGP,403.502,17.5,-875,11,2.9,,
2026-09-19T15:11:42.005Z,X1909261,4185,-15.56662,-47.58372,15693.7,5.4,17.9,71.9,-74.9,26.7,119.1,RS41-SGP,403.502,18.2,-875,11,2.8,,
2026-09-19T15:11:43.005Z,X1909261,4186,-15.56657,-47.58355,15698.9,4.9,19.7,76.2,-74.7,25.0,119.1,RS41-SGP,403.502,19.0,-875,11,2.9,,
2026-09-19T15:11:44.005Z,X1909261,4187,-15.56654,-47.58337,15703.8,5.0,20.7,80.7,-74.9,25.4,118.9,RS41-SGP,403.502,19.0,-875,11,2.9,,
2026-09-19T15:11:45.005Z,X1909261,4188,-15.56651,-47.58318,15709.2,5.7,19.9,79.5,-75.1,25.5,118.8,RS41-SGP,403.502,17.9,-875,11,2.9,,
2026-09-19T15:11:46.005Z,X1909261,4189,-15.56646,-47.58301,15714.4,4.7,18.5,71.8,-74.7,24.7,118.7,RS41-SGP,403.502,17.5,-875,11,2.9,,
2026-09-19T15:11:47.005Z,X1909261,4190,-15.56640,-47.58285,15718.9,4.4,18.2,61.2,-74.8,25.3,118.6,RS41-SGP,403.502,17.3,-875,11,2.9,,
2026-09-19T15:11:48.005Z,X1909261,4191,-15.56631,-47.58270,15724.1,6.0,19.7,59.5,-75.1,26.4,118.5,RS41-SGP,403.502,18.3,-875,11,2.9,,
2026-09-19T15:11:49.005Z,X1909261,4192,-15.56623,-47.58253,15730.3,6.5,21.3,68.0,-75.2,27.4,118.3,RS41-SGP,403.502,18.3,-875,11,2.8,,
2026-09-19T15:11:50.005Z,X1909261,4193,-15.56617,-47.58234,15736.3,5.6,22.0,75.6,-74.9,26.9,118.3,RS41-SGP,403.502,18.1,-875,11,2.9,,
2026-09-19T15:11:51.005Z,X1909261,4194,-15.56612,-47.58214,15741.6,5.1,21.1,75.0,-75.1,27.3,118.2,RS41-SGP,403.502,18.0,-875,11,2.9,,
2026-09-19T15:11:52.005Z,X1909261,4195,-15.56606,-47.58197,15746.1,3.9,19.8,65.8,-75.1,27.3,118.0,RS41-SGP,403.502,19.0,-875,11,2.9,,
2026-09-19T15:11:53.005Z,X1909261,4196,-15.56598,-47.58180,15750.1,4.2,19.8,57.1,-75.4,27.7,118.0,RS41-SGP,403.502,19.2,-875,11,2.9,,
2026-09-19T15:11:54.005Z,X1909261,4197,-15.56588,-47.58164,15755.2,5.9,20.7,59.9,-75.5,27.4,117.9,RS41-SGP,403.502,19.4,-875,11,2.9,,
2026-09-19T15:11:55.005Z,X1909261,4198,-15.56580,-47.58147,15760.6,5.0,21.1,69.9,-75.5,27.0,117.8,RS41-SGP,403.502,20.3,-875,11,2.9,,
2026-09-19T15:11:56.005Z,X1909261,4199,-15.56575,-47.58128,15765.2,4.2,20.6,78.8,-75.5,27.2,117.7,RS41-SGP,403.502,20.3,-875,11,2.8,,
2026-09-19T15:11:57.005Z,X1909261,4200,-15.56572,-47.58110,15769.5,4.4,18.7,78.5,-75.6,27.1,117.6,RS41-SGP,403.502,18.7,-875,11,2.9,,
2026-09-19T15:11:58.005Z,X1909261,4201,-15.56567,-47.58094,15773.8,4.1,17.5,67.2,-75.6,27.1,117.5,RS41-SGP,403.502,17.6,-875,11,2.9,,
2026-09-19T15:11:59.005Z,X1909261,4202,-15.56559,-47.58079,15778.2,4.7,19.0,58.0,-75.3,25.1,117.4,RS41-SGP,403.502,18.2,-875,11,2.9,,
2026-09-19T15:12:00.005Z,X1909261,4203,-15.56550,-47.58063,15783.5,5.9,20.9,62.2,-75.2,24.3,117.3,RS41-SGP,403.502,19.8,-875,11,2.9,,
2026-09-19T15:12:01.005Z,X1909261,4204,-15.56543,-47.58045,15788.7,4.6,21.2,72.0,-74.9,23.7,117.2,RS41-SGP,403.502,19.8,-875,11,2.9,,
2026-09-19T15:12:02.005Z,X1909261,4205,-15.56538,-47.58027,15793.1,4.2,20.0,80.0,-75.3,26.2,117.1,RS41-SGP,403.502,19.6,-875,11,2.9,,
2026-09-19T15:12:03.005Z,X1909261,4206,-15.56535,-47.58009,15797.6,5.0,18.0,77.0,-75.7,27.8,117.0,RS41-SGP,403.502,16.5,-875,11,2.8,,
2026-09-19T15:12:04.005Z,X1909261,4207,-15.56530,-47.57994,15802.3,4.4,18.4,64.2,-75.6,27.4,116.9,RS41-SGP,403.502,17.2,-875,11,2.8,,
2026-09-19T15:12:05.005Z,X1909261,4208,-15.56521,-47.57978,15806.8,4.6,21.1,57.5,-75.8,28.4,116.8,RS41-SGP,403.502,19.5,-875,11,2.9,,
2026-09-19T15:12:06.005Z,X1909261,4209,-15.56511,-47.57960,15811.6,5.1,21.8,63.0,-75.8,29.3,116.7,RS41-SGP,403.502,19.9,-875,11,2.9,,
2026-09-19T15:12:07.005Z,X1909261,4210,-15.56504,-47.57942,15816.2,4.0,20.2,72.1,-75.5,28.8,116.7,RS41-SGP,403.502,19.9,-875,11,2.9,,
2026-09-19T15:12:08.005Z,X1909261,4211,-15.56499,-47.57925,15820.3,4.3,17.7,76.8,-75.7,30.0,116.6,RS41-SGP,403.502,18.7,-875,11,2.9,,
2026-09-19T15:12:09.005Z,X1909261,4212,-15.56495,-47.57910,15825.0,5.1,17.0,70.3,-76.1,30.0,116.5,RS41-SGP,403.502,15.8,-875,11,2.9,,
2026-09-19T15:12:10.005Z,X1909261,4213,-15.56488,-47.57894,15829.6,4.2,19.7,64.2,-75.9,28.5,116.3,RS41-SGP,403.502,18.8,-875,11,2.9,,
2026-09-19T15:12:11.005Z,X1909261,4214,-15.56480,-47.57876,15833.7,4.0,22.9,66.1,-75.6,27.5,116.3,RS41-SGP,403.502,19.9,-875,11,2.9,,
2026-09-19T15:12:12.005Z,X1909261,4215,-15.56473,-47.57856,15838.0,4.5,23.5,71.5,-75.5,27.0,116.2,RS41-SGP,403.502,19.9,-875,11,2.9,,
2026-09-19T15:12:13.005Z,X1909261,4216,-15.56467,-47.57836,15842.3,4.0,21.9,72.4,-76.0,28.9,116.1,RS41-SGP,403.502,18.9,-875,11,2.9,,
2026-09-19T15:12:14.005Z,X1909261,4217,-15.56460,-47.57818,15846.0,3.5,20.3,66.8,-76.1,28.5,116.0,RS41-SGP,403.502,18.0,-875,11,2.9,,
2026-09-19T15:12:15.005Z,X1909261,4218,-15.56452,-47.57801,15849.6,3.6,20.6,60.5,-76.2,27.7,116.0,RS41-SGP,403.502,18.2,-875,11,2.8,,
2026-09-19T15:12:16.005Z,X1909261,4219,-15.56442,-47.57784,15853.5,4.4,22.1,61.3,-76.3,27.6,115.9,RS41-SGP,403.502,19.2,-875,11,2.9,,
2026-09-19T15:12:17.005Z,X1909261,4220,-15.56434,-47.57765,15857.9,4.6,22.3,68.1,-76.3,27.7,115.8,RS41-SGP,403.502,19.2,-875,11,2.9,,
2026-09-19T15:12:18.005Z,X1909261,4221,-15.56428,-47.57746,15862.3,4.3,20.4,73.3,-75.9,26.3,115.7,RS41-SGP,403.502,19.2,-875,11,2.9,,
2026-09-19T15:12:19.005Z,X1909261,4222,-15.56422,-47.57729,15866.6,4.3,17.9,71.1,-75.7,25.6,115.6,RS41-SGP,403.502,18.6,-875,11,2.9,,
2026-09-19T15:12:20.005Z,X1909261,4223,-15.56416,-47.57714,15871.0,4.4,17.2,60.7,-76.1,26.4,115.5,RS41-SGP,403.502,17.3,-875,11,2.9,,
2026-09-19T15:12:21.005Z,X1909261,4224,-15.56407,-47.57700,15875.7,5.2,19.2,56.2,-76.4,26.7,115.5,RS41-SGP,403.502,18.4,-875,11,2.8,,
2026-09-19T15:12:22.005Z,X1909261,4225,-15.56398,-47.57684,15880.7,4.8,21.0,62.7,-76.0,24.8,115.3,RS41-SGP,403.502,19.0,-875,11,2.9,,
2026-09-19T15:12:23.005Z,X1909261,4226,-15.56391,-47.57666,15884.9,3.7,21.6,72.5,-75.8,24.9,115.2,RS41-SGP,403.502,19.0,-875,11,2.9,,
2026-09-19T15:12:24.005Z,X1909261,4227,-15.56386,-47.57647,15889.1,4.6,20.7,78.8,-76.2,27.6,115.2,RS41-SGP,403.502,18.7,-875,11,2.9,,
2026-09-19T15:12:25.005Z,X1909261,4228,-15.56382,-47.57629,15894.1,5.5,19.2,74.0,-76.6,29.2,115.1,RS41-SGP,403.502,16.9,-875,11,2.9,,
2026-09-19T15:12:26.005Z,X1909261,4229,-15.56376,-47.57612,15899.0,4.4,19.8,63.7,-76.5,28.2,115.0,RS41-SGP,403.502,17.3,-875,11,2.9,,
2026-09-19T15:12:27.005Z,X1909261,4230,-15.56367,-47.57595,15902.7,3.0,22.0,59.1,-76.6,28.4,114.9,RS41-SGP,403.502,18.8,-875,11,2.9,,
2026-09-19T15:12:28.005Z,X1909261,4231,-15.56356,-47.57576,15905.8,3.3,23.6,62.4,-76.8,29.1,114.8,RS41-SGP,403.502,19.4,-875,11,2.8,,
2026-09-19T15:12:29.005Z,X1909261,4232,-15.56348,-47.57557,15909.5,4.1,22.5,69.2,-76.5,28.4,114.8,RS41-SGP,403.502,19.4,-875,11,2.9,,
2026-09-19T15:12:30.005Z,X1909261,4233,-15.56342,-47.57538,15913.9,4.9,19.6,72.4,-76.8,28.9,114.7,RS41-SGP,403.502,19.0,-875,11,2.9,,
2026-09-19T15:12:31.005Z,X1909261,4234,-15.56336,-47.57522,15918.9,5.0,17.7,66.6,-76.7,28.2,114.6,RS41-SGP,403.502,17.5,-875,11,2.9,,
2026-09-19T15:12:32.005Z,X1909261,4235,-15.56328,-47.57507,15923.0,3.3,18.3,58.1,-76.6,27.2,114.5,RS41-SGP,403.502,17.8,-875,11,2.9,,
2026-09-19T15:12:33.005Z,X1909261,4236,-15.56318,-47.57493,15926.5,3.7,20.3,53.3,-76.4,26.3,114.4,RS41-SGP,403.502,19.4,-875,11,2.9,,
2026-09-19T15:12:34.005Z,X1909261,4237,-15.56308,-47.57477,15931.0,5.5,20.5,57.0,-76.4,26.2,114.3,RS41-SGP,403.502,19.4,-875,11,2.8,,
2026-09-19T15:12:35.005Z,X1909261,4238,-15.56299,-47.57461,15936.3,5.0,19.4,64.7,-76.7,27.3,114.2,RS41-SGP,403.502,18.9,-875,11,2.9,,
2026-09-19T15:12:36.005Z,X1909261,4239,-15.56293,-47.57444,15940.5,3.4,19.3,71.9,-76.5,28.6,114.2,RS41-SGP,403.502,18.2,-875,11,2.9,,
2026-09-19T15:12:37.005Z,X1909261,4240,-15.56288,-47.57426,15944.0,3.6,20.6,75.1,-76.6,30.0,114.1,RS41-SGP,403.502,18.7,-875,11,2.9,,
2026-09-19T15:12:38.005Z,X1909261,4241,-15.56282,-47.57407,15948.0,4.5,21.6,71.2,-76.6,30.0,114.0,RS41-SGP,403.502,19.4,-875,11,2.9,,
2026-09-19T15:12:39.005Z,X1909261,4242,-15.56275,-47.57389,15952.7,4.9,20.8,64.7,-76.6,29.0,113.9,RS41-SGP,403.502,19.8,-875,11,2.9,,
2026-09-19T15:12:40.005Z,X1909261,4243,-15.56267,-47.57373,15957.2,4.0,18.6,59.7,-76.4,28.8,113.8,RS41-SGP,403.502,19.8,-875,11,2.9,,
2026-09-19T15:12:41.005Z,X1909261,4244,-15.56259,-47.57359,15961.1,4.0,16.2,59.3,-76.3,28.1,113.7,RS41-SGP,403.502,19.0,-875,11,2.8,,
2026-09-19T15:12:42.005Z,X1909261,4245,-15.56252,-47.57346,15965.6,5.1,16.1,63.9,-76.2,26.8,113.7,RS41-SGP,403.502,17.8,-875,11,2.9,,
2026-09-19T15:12:43.005Z,X1909261,4246,-15.56245,-47.57331,15970.8,5.2,18.6,66.7,-76.2,25.8,113.5,RS41-SGP,403.502,15.9,-875,11,2.9,,
2026-09-19T15:12:44.005Z,X1909261,4247,-15.56238,-47.57314,15975.4,4.0,21.4,64.1,-76.1,25.5,113.4,RS41-SGP,403.502,19.2,-875,11,2.9,,
2026-09-19T15:12:45.005Z,X1909261,4248,-15.56228,-47.57296,15979.1,3.4,23.2,59.4,-76.1,24.8,113.4,RS41-SGP,403.502,19.8,-875,11,2.9,,
2026-09-19T15:12:46.005Z,X1909261,4249,-15.56217,-47.57278,15982.6,3.8,22.9,55.9,-76.0,24.2,113.3,RS41-SGP,403.502,19.8,-875,11,2.9,,
2026-09-19T15:12:47.005Z,X1909261,4250,-15.56206,-47.57261,15986.9,4.7,21.1,57.1,-75.8,24.7,113.2,RS41-SGP,403.502,19.7,-875,11,2.8,,
2026-09-19T15:12:48.005Z,X1909261,4251,-15.56197,-47.57245,15991.3,4.0,20.0,61.0,-75.8,25.2,113.2,RS41-SGP,403.502,19.4,-875,11,2.9,,
2026-09-19T15:12:49.005Z,X1909261,4252,-15.56188,-47.57229,15994.6,2.8,19.0,62.6,-75.6,25.3,113.1,RS41-SGP,403.502,19.4,-875,11,2.9,,
2026-09-19T15:12:50.005Z,X1909261,4253,-15.56180,-47.57214,15997.5,2.9,18.1,58.9,-75.7,25.8,113.0,RS41-SGP,403.502,19.1,-875,11,2.9,,
2026-09-19T15:12:51.005Z,X1909261,4254,-15.56171,-47.57200,16000.8,3.8,17.9,54.0,-75.8,25.9,112.9,RS41-SGP,403.502,18.7,-875,11,2.9,,
2026-09-19T15:12:52.005Z,X1909261,4255,-15.56162,-47.57186,16005.2,4.9,18.5,54.0,-75.8,26.5,112.8,RS41-SGP,403.502,18.7,-875,11,2.9,,
2026-09-19T15:12:53.005Z,X1909261,4256,-15.56152,-47.57171,16010.1,4.9,19.6,58.1,-75.7,26.2,112.8,RS41-SGP,403.502,18.7,-875,11,2.9,,
2026-09-19T15:12:54.005Z,X1909261,4257,-15.56143,-47.57155,16014.3,3.6,20.8,61.3,-75.7,26.1,112.7,RS41-SGP,403.502,18.8,-875,11,2.8,,
2026-09-19T15:12:55.005Z,X1909261,4258,-15.56134,-47.57137,16017.9,3.6,21.8,62.0,-75.6,25.5,112.6,RS41-SGP,403.502,19.3,-875,11,2.8,,
2026-09-19T15:12:56.005Z,X1909261,4259,-15.56124,-47.57120,16021.9,4.4,21.6,58.8,-75.6,25.1,112.5,RS41-SGP,403.502,20.4,-875,11,2.9,,
2026-09-19T15:12:57.005Z,X1909261,4260,-15.56114,-47.57104,16026.7,5.1,20.2,56.3,-75.0,23.2,112.5,RS41-SGP,403.502,20.5,-875,11,2.9,,
2026-09-19T15:12:58.005Z,X1909261,4261,-15.56104,-47.57089,16031.3,4.3,18.2,57.2,-74.9,24.1,112.3,RS41-SGP,403.502,20.5,-875,11,2.9,,
2026-09-19T15:12:59.005Z,X1909261,4262,-15.56096,-47.57075,16035.4,3.7,16.4,60.7,-74.7,23.4,112.3,RS41-SGP,403.502,19.5,-875,11,2.9,,
2026-09-19T15:13:00.005Z,X1909261,4263,-15.56090,-47.57062,16039.2,3.9,15.6,63.2,-75.1,24.3,112.2,RS41-SGP,403.502,18.6,-875,11,2.9,,
2026-09-19T15:13:01.005Z,X1909261,4264,-15.56083,-47.57049,16043.6,4.8,16.1,58.7,-75.3,24.2,112.1,RS41-SGP,403.502,17.4,-875,11,2.9,,
2026-09-19T15:13:02.005Z,X1909261,4265,-15.56074,-47.57036,16048.2,4.5,18.1,53.1,-75.3,23.5,112.0,RS41-SGP,403.502,18.3,-875,11,2.9,,
2026-09-19T15:13:03.005Z,X1909261,4266,-15.56063,-47.57022,16052.4,3.7,20.4,50.6,-75.2,23.4,111.9,RS41-SGP,403.502,19.1,-875,11,2.9,,
2026-09-19T15:13:04.005Z,X1909261,4267,-15.56051,-47.57006,16056.2,4.1,22.0,51.8,-74.8,22.5,111.9,RS41-SGP,403.502,20.4,-875,10,2.9,,
2026-09-19T15:13:05.005Z,X1909261,4268,-15.56040,-47.56990,16061.2,5.8,20.9,53.8,-75.0,23.7,111.8,RS41-SGP,403.502,20.4,-875,11,2.8,,
2026-09-19T15:13:06.005Z,X1909261,4269,-15.56029,-47.56976,16067.3,6.4,17.9,54.5,-75.0,24.1,111.7,RS41-SGP,403.502,20.1,-875,11,2.9,,
2026-09-19T15:13:07.005Z,X1909261,4270,-15.56020,-47.56963,16073.8,6.6,15.5,51.1,-74.9,24.0,111.5,RS41-SGP,403.502,19.9,-875,11,2.9,,
2026-09-19T15:13:08.005Z,X1909261,4271,-15.56011,-47.56953,16080.2,6.1,14.6,45.1,-74.7,23.9,111.4,RS41-SGP,403.502,19.5,-875,11,2.9,,
2026-09-19T15:13:09.005Z,X1909261,4272,-15.56002,-47.56944,16086.0,5.5,14.6,40.6,-74.6,23.6,111.3,RS41-SGP,403.502,19.5,-875,11,2.9,,
2026-09-19T15:13:10.005Z,X1909261,4273,-15.55992,-47.56935,16091.3,5.1,14.4,40.5,-74.6,24.6,111.2,RS41-SGP,403.502,19.3,-875,11,2.9,,
2026-09-19T15:13:11.005Z,X1909261,4274,-15.55982,-47.56926,16096.5,5.3,13.8,45.1,-74.5,25.3,111.1,RS41-SGP,403.502,19.2,-875,11,2.8,,
2026-09-19T15:13:12.005Z,X1909261,4275,-15.55974,-47.56916,16101.9,5.7,14.2,51.6,-74.4,25.7,111.0,RS41-SGP,403.502,18.6,-875,11,2.9,,
2026-09-19T15:13:13.005Z,X1909261,4276,-15.55966,-47.56906,16107.7,5.8,15.3,52.7,-74.2,25.4,110.8,RS41-SGP,403.502,19.8,-875,11,2.9,,
2026-09-19T15:13:14.005Z,X1909261,4277,-15.55957,-47.56894,16112.9,4.7,16.2,50.0,-74.2,25.4,110.8,RS41-SGP,403.502,20.1,-875,11,2.9,,
2026-09-19T15:13:15.005Z,X1909261,4278,-15.55947,-47.56883,16117.4,4.2,16.2,46.5,-74.0,24.4,110.7,RS41-SGP,403.502,20.6,-875,11,2.9,,
2026-09-19T15:13:16.005Z,X1909261,4279,-15.55937,-47.56873,16121.4,3.7,14.9,44.9,-73.9,24.5,110.6,RS41-SGP,403.502,20.6,-875,11,2.9,,
2026-09-19T15:13:17.005Z,X1909261,4280,-15.55929,-47.56863,16124.6,2.7,12.8,47.0,-73.9,24.7,110.6,RS41-SGP,403.502,20.6,-875,11,2.9,,
2026-09-19T15:13:18.005Z,X1909261,4281,-15.55922,-47.56855,16127.5,3.1,11.5,50.6,-74.0,24.7,110.5,RS41-SGP,403.502,19.1,-875,11,2.8,,
2026-09-19T15:13:19.005Z,X1909261,4282,-15.55915,-47.56846,16131.4,4.8,12.5,49.8,-74.1,24.3,110.4,RS41-SGP,403.502,17.9,-875,11,2.8,,
2026-09-19T15:13:20.005Z,X1909261,4283,-15.55906,-47.56837,16136.7,5.6,14.5,45.5,-74.3,23.6,110.3,RS41-SGP,403.502,19.6,-875,11,2.9,,
2026-09-19T15:13:21.005Z,X1909261,4284,-15.55897,-47.56827,16142.7,6.4,15.8,44.4,-74.2,22.1,110.3,RS41-SGP,403.502,20.1,-875,11,2.9,,
2026-09-19T15:13:22.005Z,X1909261,4285,-15.55887,-47.56817,16149.2,6.7,15.2,48.9,-74.1,21.5,110.1,RS41-SGP,403.502,20.1,-875,11,2.9,,
2026-09-19T15:13:23.005Z,X1909261,4286,-15.55879,-47.56806,16155.2,5.2,14.4,56.9,-74.2,21.7,109.9,RS41-SGP,403.502,19.8,-875,11,2.9,,
2026-09-19T15:13:24.005Z,X1909261,4287,-15.55873,-47.56794,16159.8,3.9,14.5,64.8,-74.3,22.2,109.9,RS41-SGP,403.502,19.4,-875,11,2.9,,
2026-09-19T15:13:25.005Z,X1909261,4288,-15.55867,-47.56782,16163.7,3.9,15.0,65.1,-74.4,22.6,109.9,RS41-SGP,403.502,19.7,-875,11,2.9,,
2026-09-19T15:13:26.005Z,X1909261,4289,-15.55861,-47.56769,16167.7,4.1,15.3,58.5,-74.6,23.0,109.7,RS41-SGP,403.502,20.1,-875,11,2.9,,
2026-09-19T15:13:27.005Z,X1909261,4290,-15.55853,-47.56758,16171.8,4.1,15.0,52.1,-74.4,23.2,109.7,RS41-SGP,403.502,20.3,-875,11,2.9,,
2026-09-19T15:13:28.005Z,X1909261,4291,-15.55845,-47.56747,16175.6,3.5,14.2,51.8,-74.4,23.7,109.6,RS41-SGP,403.502,20.3,-875,11,2.9,,
2026-09-19T15:13:29.005Z,X1909261,4292,-15.55837,-47.56736,16178.8,2.9,13.5,55.3,-74.4,24.5,109.5,RS41-SGP,403.502,19.8,-875,11,2.8,,
2026-09-19T15:13:30.005Z,X1909261,4293,-15.55831,-47.56726,16182.0,3.4,13.6,57.2,-74.5,25.3,109.5,RS41-SGP,403.502,19.2,-875,11,2.9,,
2026-09-19T15:13:31.005Z,X1909261,4294,-15.55823,-47.56715,16185.8,4.1,14.7,52.5,-74.6,25.6,109.4,RS41-SGP,403.502,19.7,-875,11,2.9,,
2026-09-19T15:13:32.005Z,X1909261,4295,-15.55814,-47.56704,16190.2,4.7,15.9,46.5,-74.7,25.6,109.4,RS41-SGP,403.502,20.0,-875,11,2.9,,
2026-09-19T15:13:33.005Z,X1909261,4296,-15.55805,-47.56694,16195.1,5.1,15.0,43.9,-74.5,25.1,109.2,RS41-SGP,403.502,20.4,-875,11,2.9,,
2026-09-19T15:13:34.005Z,X1909261,4297,-15.55796,-47.56685,16199.9,4.4,12.3,45.5,-74.5,25.7,109.1,RS41-SGP,403.502,20.4,-875,11,2.9,,
2026-09-19T15:13:35.005Z,X1909261,4298,-15.55789,-47.56678,16204.3,4.3,9.8,49.3,-74.5,26.2,109.0,RS41-SGP,403.502,19.4,-875,11,2.8,,
2026-09-19T15:13:36.005Z,X1909261,4299,-15.55783,-47.56671,16209.1,5.3,10.3,51.2,-74.5,26.7,109.0,RS41-SGP,403.502,15.9,-875,11,2.9,,
2026-09-19T15:13:37.005Z,X1909261,4300,-15.55776,-47.56662,16213.9,4.3,13.6,48.9,-74.3,25.8,108.9,RS41-SGP,403.502,18.3,-875,11,2.9,,
2026-09-19T15:13:38.005Z,X1909261,4301,-15.55767,-47.56652,16218.0,4.0,16.9,47.2,-74.6,25.7,108.8,RS41-SGP,403.502,20.2,-875,11,2.9,,
2026-09-19T15:13:39.005Z,X1909261,4302,-15.55757,-47.56640,16222.7,5.4,17.2,47.2,-74.7,25.1,108.7,RS41-SGP,403.502,20.2,-875,11,2.9,,
2026-09-19T15:13:40.005Z,X1909261,4303,-15.55747,-47.56629,16228.1,5.4,14.3,47.5,-74.7,25.0,108.6,RS41-SGP,403.502,20.1,-875,11,2.9,,
2026-09-19T15:13:41.005Z,X1909261,4304,-15.55739,-47.56621,16232.9,4.1,10.9,46.7,-74.7,25.2,108.5,RS41-SGP,403.502,19.4,-875,11,2.8,,
2026-09-19T15:13:42.005Z,X1909261,4305,-15.55733,-47.56614,16237.3,4.8,9.6,44.8,-74.7,25.4,108.5,RS41-SGP,403.502,17.5,-875,11,2.9,,
2026-09-19T15:13:43.005Z,X1909261,4306,-15.55726,-47.56606,16242.0,4.6,12.5,45.2,-74.4,24.1,108.4,RS41-SGP,403.502,18.5,-875,11,2.9,,
2026-09-19T15:13:44.005Z,X1909261,4307,-15.55717,-47.56597,16246.3,4.0,16.2,48.1,-74.4,23.8,108.3,RS41-SGP,403.502,19.6,-875,11,2.9,,
2026-09-19T15:13:45.005Z,X1909261,4308,-15.55707,-47.56585,16251.1,5.5,17.5,50.7,-74.3,22.4,108.2,RS41-SGP,403.502,20.4,-875,11,2.9,,
2026-09-19T15:13:46.005Z,X1909261,4309,-15.55698,-47.56573,16256.9,6.1,15.0,50.2,-74.6,22.6,108.1,RS41-SGP,403.502,20.4,-875,11,2.9,,
2026-09-19T15:13:47.005Z,X1909261,4310,-15.55690,-47.56564,16262.1,4.4,12.0,45.2,-74.7,22.8,108.0,RS41-SGP,403.502,20.1,-875,11,2.8,,
2026-09-19T15:13:48.005Z,X1909261,4311,-15.55682,-47.56557,16266.0,3.4,11.2,36.5,-74.7,23.3,107.9,RS41-SGP,403.502,18.8,-875,11,2.9,,
2026-09-19T15:13:49.005Z,X1909261,4312,-15.55673,-47.56550,16269.5,3.8,13.1,35.5,-74.8,24.1,107.9,RS41-SGP,403.502,18.9,-875,11,2.9,,
2026-09-19T15:13:50.005Z,X1909261,4313,-15.55663,-47.56542,16273.5,4.2,15.9,42.3,-74.9,24.8,107.8,RS41-SGP,403.502,20.2,-875,11,2.9,,
2026-09-19T15:13:51.005Z,X1909261,4314,-15.55653,-47.56531,16278.4,5.7,16.3,49.8,-75.1,25.7,107.7,RS41-SGP,403.502,20.5,-875,11,2.9,,
2026-09-19T15:13:52.005Z,X1909261,4315,-15.55644,-47.56520,16284.1,5.6,13.7,53.2,-75.1,26.1,107.6,RS41-SGP,403.502,20.5,-875,11,2.9,,
2026-09-19T15:13:53.005Z,X1909261,4316,-15.55637,-47.56511,16288.8,3.9,10.8,50.1,-75.1,26.3,107.5,RS41-SGP,403.502,20.2,-875,11,2.8,,
2026-09-19T15:13:54.005Z,X1909261,4317,-15.55631,-47.56504,16292.8,4.1,10.1,43.9,-75.3,26.5,107.4,RS41-SGP,403.502,18.5,-875,11,2.9,,
2026-09-19T15:13:55.005Z,X1909261,4318,-15.55624,-47.56497,16297.2,4.6,12.3,46.0,-75.3,26.1,107.3,RS41-SGP,403.502,18.1,-875,11,2.9,,
2026-09-19T15:13:56.005Z,X1909261,4319,-15.55616,-47.56487,16301.4,3.8,15.2,53.1,-75.3,25.8,107.3,RS41-SGP,403.502,20.1,-875,11,2.9,,
2026-09-19T15:13:57.005Z,X1909261,4320,-15.55608,-47.56475,16305.4,4.1,16.3,58.6,-75.4,26.0,107.2,RS41-SGP,403.502,20.3,-875,11,2.9,,
2026-09-19T15:13:58.005Z,X1909261,4321,-15.55601,-47.56463,16309.7,4.5,14.4,56.8,-75.4,25.8,107.1,RS41-SGP,403.502,20.3,-875,11,2.9,,
2026-09-19T15:13:59.005Z,X1909261,4322,-15.55593,-47.56453,16313.9,3.9,12.2,45.8,-75.1,25.2,107.0,RS41-SGP,403.502,19.3,-875,11,2.8,,
2026-09-19T15:14:00.005Z,X1909261,4323,-15.55585,-47.56446,16318.0,4.2,12.9,32.7,-75.0,24.5,106.9,RS41-SGP,403.502,18.4,-875,11,2.9,,
2026-09-19T15:14:01.005Z,X1909261,4324,-15.55574,-47.56438,16322.5,4.7,15.1,34.9,-75.4,25.2,106.9,RS41-SGP,403.502,19.7,-875,11,2.9,,
2026-09-19T15:14:02.005Z,X1909261,4325,-15.55564,-47.56429,16327.2,4.7,15.6,46.1,-75.4,25.3,106.8,RS41-SGP,403.502,19.7,-875,11,2.9,,
2026-09-19T15:14:03.005Z,X1909261,4326,-15.55555,-47.56419,16331.7,4.3,13.9,57.4,-75.4,25.2,106.7,RS41-SGP,403.502,19.7,-875,11,2.9,,
2026-09-19T15:14:04.005Z,X1909261,4327,-15.55549,-47.56409,16336.0,4.4,11.1,57.5,-75.5,25.3,106.6,RS41-SGP,403.502,19.3,-875,11,2.9,,
2026-09-19T15:14:05.005Z,X1909261,4328,-15.55543,-47.56401,16340.5,4.5,10.9,39.8,-75.3,24.6,106.5,RS41-SGP,403.502,16.6,-875,11,2.8,,
2026-09-19T15:14:06.005Z,X1909261,4329,-15.55534,-47.56394,16345.0,4.5,14.4,32.2,-75.5,24.6,106.5,RS41-SGP,403.502,18.2,-875,11,2.9,,
2026-09-19T15:14:07.005Z,X1909261,4330,-15.55522,-47.56386,16349.8,5.1,16.8,40.7,-75.7,24.8,106.4,RS41-SGP,403.502,19.7,-875,11,2.9,,
2026-09-19T15:14:08.005Z,X1909261,4331,-15.55512,-47.56375,16354.6,4.6,15.9,53.5,-75.5,24.1,106.3,RS41-SGP,403.502,19.7,-875,11,2.9,,
2026-09-19T15:14:09.005Z,X1909261,4332,-15.55505,-47.56364,16359.1,4.3,12.7,61.5,-75.7,24.4,106.2,RS41-SGP,403.502,19.2,-875,11,2.9,,
2026-09-19T15:14:10.005Z,X1909261,4333,-15.55500,-47.56355,16363.5,4.3,10.2,51.4,-75.5,24.3,106.1,RS41-SGP,403.502,17.6,-875,11,2.9,,
2026-09-19T15:14:11.005Z,X1909261,4334,-15.55492,-47.56348,16367.7,4.0,12.1,36.3,-75.5,24.3,106.0,RS41-SGP,403.502,17.9,-875,11,2.8,,
2026-09-19T15:14:12.005Z,X1909261,4335,-15.55482,-47.56340,16371.6,3.8,15.8,39.5,-75.6,24.8,106.0,RS41-SGP,403.502,20.3,-875,11,2.8,,
2026-09-19T15:14:13.005Z,X1909261,4336,-15.55472,-47.56329,16375.7,4.6,16.8,51.4,-75.7,24.7,105.9,RS41-SGP,403.502,20.3,-875,11,2.9,,
2026-09-19T15:14:14.005Z,X1909261,4337,-15.55465,-47.56317,16380.4,4.8,13.9,62.3,-75.8,25.0,105.8,RS41-SGP,403.502,19.7,-875,11,2.9,,
2026-09-19T15:14:15.005Z,X1909261,4338,-15.55459,-47.56307,16385.0,4.4,9.9,57.0,-75.8,25.4,105.7,RS41-SGP,403.502,18.9,-875,11,2.9,,
2026-09-19T15:14:16.005Z,X1909261,4339,-15.55453,-47.56301,16389.2,4.0,10.3,36.4,-75.6,24.5,105.7,RS41-SGP,403.502,17.3,-875,11,2.9,,
2026-09-19T15:14:17.005Z,X1909261,4340,-15.55444,-47.56294,16393.0,3.7,14.4,35.0,-75.8,24.5,105.6,RS41-SGP,403.502,19.7,-875,11,2.9,,
2026-09-19T15:14:18.005Z,X1909261,4341,-15.55433,-47.56284,16397.0,4.3,16.9,46.9,-75.6,23.9,105.5,RS41-SGP,403.502,21.0,-875,11,2.9,,
2026-09-19T15:14:19.005Z,X1909261,4342,-15.55425,-47.56272,16401.8,5.1,16.0,60.0,-75.7,23.6,105.5,RS41-SGP,403.502,21.0,-875,11,2.9,,
2026-09-19T15:14:20.005Z,X1909261,4343,-15.55419,-47.56260,16407.0,5.3,12.5,64.8,-75.7,23.9,105.3,RS41-SGP,403.502,20.3,-875,11,2.9,,
2026-09-19T15:14:21.005Z,X1909261,4344,-15.55413,-47.56252,16411.9,4.4,9.8,50.3,-75.3,23.3,105.3,RS41-SGP,403.502,19.2,-875,11,2.9,,
2026-09-19T15:14:22.005Z,X1909261,4345,-15.55407,-47.56246,16416.0,3.9,10.5,31.2,-75.5,23.7,105.1,RS41-SGP,403.502,18.4,-875,11,2.8,,
2026-09-19T15:14:23.005Z,X1909261,4346,-15.55398,-47.56240,16420.7,5.5,11.8,33.8,-75.6,23.2,105.1,RS41-SGP,403.502,19.5,-875,11,2.8,,
2026-09-19T15:14:24.005Z,X1909261,4347,-15.55390,-47.56233,16426.0,5.0,11.7,52.9,-75.4,23.0,105.0,RS41-SGP,403.502,19.9,-875,11,2.9,,
2026-09-19T15:14:25.005Z,X1909261,4348,-15.55386,-47.56223,16430.7,4.5,11.6,72.1,-74.8,21.7,104.9,RS41-SGP,403.502,19.9,-875,11,2.9,,
2026-09-19T15:14:26.005Z,X1909261,4349,-15.55383,-47.56214,16436.4,6.9,10.4,72.6,-74.9,21.8,104.8,RS41-SGP,403.502,18.4,-875,11,2.9,,
2026-09-19T15:14:27.005Z,X1909261,4350,-15.55378,-47.56205,16443.0,6.4,10.4,49.1,-74.8,21.7,104.7,RS41-SGP,403.502,18.8,-875,11,2.9,,
2026-09-19T15:14:28.005Z,X1909261,4351,-15.55370,-47.56198,16449.3,6.0,13.0,32.5,-75.3,22.6,104.6,RS41-SGP,403.502,20.0,-875,11,2.9,,
2026-09-19T15:14:29.005Z,X1909261,4352,-15.55360,-47.56191,16456.2,7.8,13.7,39.2,-75.5,22.6,104.4,RS41-SGP,403.502,20.0,-875,11,2.9,,
2026-09-19T15:14:30.005Z,X1909261,4353,-15.55353,-47.56182,16462.9,5.5,12.1,56.3,-75.3,21.9,104.3,RS41-SGP,403.502,20.5,-875,11,2.9,,
2026-09-19T15:14:31.005Z,X1909261,4354,-15.55348,-47.56173,16467.1,3.0,9.8,75.1,-75.4,22.7,104.3,RS41-SGP,403.502,20.5,-875,11,2.9,,
2026-09-19T15:14:32.005Z,X1909261,4355,-15.55346,-47.56166,16470.9,4.6,6.9,72.7,-75.2,22.9,104.2,RS41-SGP,403.502,17.2,-875,11,2.9,,
2026-09-19T15:14:33.005Z,X1909261,4356,-15.55342,-47.56160,16475.6,4.6,8.9,41.7,-75.2,23.2,104.1,RS41-SGP,403.502,18.6,-875,11,2.8,,
2026-09-19T15:14:34.005Z,X1909261,4357,-15.55335,-47.56153,16480.0,4.3,13.7,38.5,-75.5,24.1,104.0,RS41-SGP,403.502,20.4,-875,11,2.8,,
2026-09-19T15:14:35.005Z,X1909261,4358,-15.55325,-47.56144,16484.9,5.5,15.3,49.2,-75.7,24.6,104.0,RS41-SGP,403.502,20.5,-875,11,2.9,,
2026-09-19T15:14:38.005Z,X1909261,4361,-15.55312,-47.56118,16498.5,4.9,6.6,52.5,-76.0,25.1,103.7,RS41-SGP,403.502,15.2,-875,11,2.9,,
2026-09-19T15:14:39.005Z,X1909261,4362,-15.55306,-47.56113,16503.3,4.7,10.6,38.4,-75.9,24.8,103.6,RS41-SGP,403.502,18.0,-875,11,2.9,,
2026-09-19T15:14:40.005Z,X1909261,4363,-15.55298,-47.56104,16507.9,4.4,15.1,46.7,-75.7,24.2,103.5,RS41-SGP,403.502,21.2,-875,11,2.9,,
2026-09-19T15:14:41.005Z,X1909261,4364,-15.55289,-47.56093,16512.7,5.3,15.7,60.2,-75.9,24.6,103.4,RS41-SGP,403.502,21.2,-875,11,2.9,,
2026-09-19T15:14:42.005Z,X1909261,4365,-15.55284,-47.56082,16517.8,4.9,12.0,67.8,-76.1,25.1,103.3,RS41-SGP,403.502,20.7,-875,11,2.9,,
2026-09-19T15:14:43.005Z,X1909261,4366,-15.55280,-47.56073,16522.2,3.8,7.9,56.7,-76.0,25.1,103.3,RS41-SGP,403.502,19.1,-875,11,2.8,,
2026-09-19T15:14:44.005Z,X1909261,4367,-15.55274,-47.56068,16526.3,4.5,8.9,29.5,-76.2,25.3,103.2,RS41-SGP,403.502,16.8,-875,11,2.9,,
2026-09-19T15:14:45.005Z,X1909261,4368,-15.55266,-47.56062,16531.2,5.2,13.0,36.6,-76.2,25.6,103.1,RS41-SGP,403.502,20.0,-875,11,2.9,,
2026-09-19T15:14:46.005Z,X1909261,4369,-15.55257,-47.56053,16536.0,4.5,15.2,53.7,-75.8,24.9,103.0,RS41-SGP,403.502,21.1,-875,11,2.9,,
2026-09-19T15:14:47.005Z,X1909261,4370,-15.55251,-47.56041,16540.2,4.0,14.2,69.7,-75.9,25.4,103.0,RS41-SGP,403.502,21.1,-875,11,2.9,,
2026-09-19T15:14:48.005Z,X1909261,4371,-15.55247,-47.56031,16544.4,4.3,10.4,71.9,-76.1,25.7,102.9,RS41-SGP,403.502,20.3,-875,11,2.9,,
2026-09-19T15:14:49.005Z,X1909261,4372,-15.55243,-47.56023,16548.3,3.8,8.8,47.5,-76.2,25.1,102.8,RS41-SGP,403.502,17.4,-875,11,2.8,,
2026-09-19T15:14:50.005Z,X1909261,4373,-15.55236,-47.56017,16552.5,4.5,12.3,35.9,-76.2,24.6,102.7,RS41-SGP,403.502,19.5,-875,11,2.8,,
2026-09-19T15:14:51.005Z,X1909261,4374,-15.55227,-47.56008,16557.2,5.0,14.9,49.3,-76.1,24.7,102.6,RS41-SGP,403.502,20.9,-875,11,2.9,,
2026-09-19T15:14:52.005Z,X1909261,4375,-15.55220,-47.55997,16562.1,4.7,14.4,67.7,-76.1,24.8,102.5,RS41-SGP,403.502,20.9,-875,11,2.9,,
2026-09-19T15:14:53.005Z,X1909261,4376,-15.55217,-47.55985,16566.9,5.1,10.6,78.9,-75.7,23.3,102.5,RS41-SGP,403.502,20.6,-875,11,2.9,,
2026-09-19T15:14:54.005Z,X1909261,4377,-15.55214,-47.55978,16571.7,4.4,7.8,59.0,-75.5,22.6,102.3,RS41-SGP,403.502,17.7,-875,11,2.9,,
2026-09-19T15:14:55.005Z,X1909261,4378,-15.55209,-47.55971,16575.6,3.5,10.8,36.3,-75.7,22.6,102.3,RS41-SGP,403.502,19.1,-875,11,2.9,,
2026-09-19T15:14:56.005Z,X1909261,4379,-15.55200,-47.55964,16579.4,4.2,14.9,42.4,-76.0,22.6,102.3,RS41-SGP,403.502,21.4,-875,11,2.9,,
2026-09-19T15:14:57.005Z,X1909261,4380,-15.55191,-47.55953,16583.9,4.9,15.0,58.7,-76.3,22.7,102.2,RS41-SGP,403.502,21.4,-875,11,2.9,,
2026-09-19T15:14:58.005Z,X1909261,4381,-15.55186,-47.55942,16588.6,4.7,11.3,72.1,-76.2,22.6,102.1,RS41-SGP,403.502,21.0,-875,11,2.9,,
2026-09-19T15:14:59.005Z,X1909261,4382,-15.55183,-47.55934,16593.3,4.8,7.4,63.6,-76.1,22.6,102.0,RS41-SGP,403.502,18.6,-875,11,2.8,,
2026-09-19T15:15:00.005Z,X1909261,4383,-15.55179,-47.55928,16597.6,4.1,8.8,40.7,-76.1,22.6,101.9,RS41-SGP,403.502,18.4,-875,11,2.9,,
2026-09-19T15:15:01.005Z,X1909261,4384,-15.55172,-47.55922,16601.3,3.4,12.3,43.8,-75.9,22.6,101.9,RS41-SGP,403.502,20.8,-875,11,2.9,,
2026-09-19T15:15:02.005Z,X1909261,4385,-15.55164,-47.55912,16605.1,4.1,13.7,57.8,-75.9,24.0,101.8,RS41-SGP,403.502,21.0,-875,11,2.9,,
2026-09-19T15:15:03.005Z,X1909261,4386,-15.55159,-47.55902,16609.5,4.6,11.4,69.6,-76.0,25.2,101.8,RS41-SGP,403.502,21.0,-875,11,2.9,,
2026-09-19T15:15:04.005Z,X1909261,4387,-15.55156,-47.55894,16614.1,4.6,8.0,64.9,-75.9,25.2,101.6,RS41-SGP,403.502,19.1,-875,11,2.9,,
2026-09-19T15:15:05.005Z,X1909261,4388,-15.55151,-47.55888,16618.5,4.3,8.6,40.3,-75.9,24.5,101.6,RS41-SGP,403.502,18.3,-875,11,2.8,,
2026-09-19T15:15:06.005Z,X1909261,4389,-15.55144,-47.55882,16622.6,3.9,12.3,38.0,-76.0,24.3,101.5,RS41-SGP,403.502,20.4,-875,11,2.8,,
2026-09-19T15:15:07.005Z,X1909261,4390,-15.55136,-47.55873,16626.7,4.6,14.2,50.2,-76.1,24.3,101.4,RS41-SGP,403.502,21.0,-875,11,2.9,,
2026-09-19T15:15:08.005Z,X1909261,4391,-15.55129,-47.55863,16631.1,4.2,12.6,63.3,-75.6,22.6,101.3,RS41-SGP,403.502,21.0,-875,11,2.9,,
2026-09-19T15:15:09.005Z,X1909261,4392,-15.55125,-47.55854,16635.1,3.9,8.8,64.8,-75.6,22.8,101.2,RS41-SGP,403.502,20.0,-875,11,2.9,,
2026-09-19T15:15:10.005Z,X1909261,4393,-15.55120,-47.55848,16639.2,4.2,7.5,39.1,-75.9,23.3,101.2,RS41-SGP,403.502,18.2,-875,11,2.9,,
2026-09-19T15:15:11.005Z,X1909261,4394,-15.55114,-47.55843,16643.7,4.9,10.8,32.5,-76.2,23.0,101.2,RS41-SGP,403.502,19.4,-875,11,2.9,,
2026-09-19T15:15:12.005Z,X1909261,4395,-15.55105,-47.55836,16648.5,4.9,13.1,46.3,-76.2,22.5,101.0,RS41-SGP,403.502,21.0,-875,11,2.9,,
2026-09-19T15:15:13.005Z,X1909261,4396,-15.55099,-47.55826,16653.3,4.9,12.6,64.8,-76.1,22.5,101.0,RS41-SGP,403.502,21.0,-875,11,2.9,,
2026-09-19T15:15:14.005Z,X1909261,4397,-15.55096,-47.55817,16658.1,4.8,9.2,77.3,-76.1,23.0,100.9,RS41-SGP,403.502,20.9,-875,11,2.9,,
2026-09-19T15:15:15.005Z,X1909261,4398,-15.55093,-47.55810,16662.9,4.9,6.0,63.0,-76.2,24.1,100.8,RS41-SGP,403.502,18.3,-875,11,2.8,,
2026-09-19T15:15:16.005Z,X1909261,4399,-15.55089,-47.55805,16667.3,4.0,8.3,36.0,-76.3,23.9,100.7,RS41-SGP,403.502,19.0,-875,11,2.9,,
2026-09-19T15:15:17.005Z,X1909261,4400,-15.55082,-47.55800,16671.0,3.5,12.5,39.2,-76.3,23.8,100.6,RS41-SGP,403.502,20.8,-875,11,2.9,,
2026-09-19T15:15:18.005Z,X1909261,4401,-15.55074,-47.55791,16675.1,4.8,13.6,53.9,-76.3,23.7,100.6,RS41-SGP,403.502,21.3,-875,11,2.9,,
2026-09-19T15:15:19.005Z,X1909261,4402,-15.55068,-47.55781,16679.8,4.7,11.0,68.4,-76.0,22.5,100.5,RS41-SGP,403.502,21.3,-875,11,2.9,,
2026-09-19T15:15:20.005Z,X1909261,4403,-15.55066,-47.55773,16684.4,4.6,7.2,70.2,-75.8,21.7,100.4,RS41-SGP,403.502,19.3,-875,11,2.9,,
2026-09-19T15:15:21.005Z,X1909261,4404,-15.55062,-47.55768,16688.9,4.3,7.1,42.0,-75.8,21.7,100.3,RS41-SGP,403.502,17.9,-875,11,2.8,,
2026-09-19T15:15:22.005Z,X1909261,4405,-15.55056,-47.55763,16692.9,3.7,10.9,34.2,-75.4,21.3,100.3,RS41-SGP,403.502,20.3,-875,11,2.8,,
2026-09-19T15:15:23.005Z,X1909261,4406,-15.55047,-47.55756,16697.1,4.8,13.1,45.0,-75.4,21.6,100.2,RS41-SGP,403.502,21.2,-875,11,2.9,,
2026-09-19T15:15:24.005Z,X1909261,4407,-15.55041,-47.55747,16702.1,5.1,11.1,60.8,-75.3,21.2,100.1,RS41-SGP,403.502,21.3,-875,11,2.9,,
2026-09-19T15:15:25.005Z,X1909261,4408,-15.55037,-47.55739,16706.5,3.7,7.2,74.0,-75.0,20.6,100.1,RS41-SGP,403.502,21.3,-875,11,2.9,,
2026-09-19T15:15:26.005Z,X1909261,4409,-15.55036,-47.55734,16710.3,4.1,3.8,61.0,-75.0,20.9,100.0,RS41-SGP,403.502,18.0,-875,11,2.9,,
2026-09-19T15:15:27.005Z,X1909261,4410,-15.55033,-47.55731,16714.7,4.6,6.1,35.0,-74.9,20.6,99.9,RS41-SGP,403.502,17.8,-875,11,2.9,,
2026-09-19T15:15:28.005Z,X1909261,4411,-15.55027,-47.55726,16719.0,4.0,9.8,45.8,-74.7,21.1,99.8,RS41-SGP,403.502,20.8,-875,11,2.9,,
2026-09-19T15:15:29.005Z,X1909261,4412,-15.55022,-47.55718,16723.4,4.7,11.5,65.0,-74.1,20.5,99.7,RS41-SGP,403.502,20.8,-875,11,2.9,,
2026-09-19T15:15:30.005Z,X1909261,4413,-15.55019,-47.55709,16728.2,4.9,9.2,81.0,-73.9,20.4,99.6,RS41-SGP,403.502,20.8,-875,11,2.9,,
2026-09-19T15:15:31.005Z,X1909261,4414,-15.55018,-47.55702,16732.7,4.2,5.4,82.1,-73.9,20.9,99.6,RS41-SGP,403.502,19.3,-875,11,2.8,,
2026-09-19T15:15:32.005Z,X1909261,4415,-15.55016,-47.55698,16736.6,3.7,4.7,42.1,-74.2,21.2,99.5,RS41-SGP,403.502,17.2,-875,11,2.8,,
2026-09-19T15:15:33.005Z,X1909261,4416,-15.55012,-47.55695,16740.4,3.9,8.3,36.6,-74.3,20.6,99.4,RS41-SGP,403.502,19.8,-875,11,2.9,,
2026-09-19T15:15:34.005Z,X1909261,4417,-15.55006,-47.55688,16744.8,4.8,10.7,53.9,-74.2,19.5,99.3,RS41-SGP,403.502,20.5,-875,11,2.9,,
2026-09-19T15:15:35.005Z,X1909261,4418,-15.55002,-47.55680,16749.7,5.0,9.8,76.5,-74.3,19.3,99.3,RS41-SGP,403.502,20.5,-875,11,2.9,,
2026-09-19T15:15:36.005Z,X1909261,4419,-15.55001,-47.55672,16754.3,4.2,6.6,95.0,-74.0,19.2,99.2,RS41-SGP,403.502,20.1,-875,11,2.9,,
2026-09-19T15:15:37.005Z,X1909261,4420,-15.55002,-47.55668,16758.3,3.8,3.3,102.9,-73.8,19.4,99.1,RS41-SGP,403.502,19.5,-875,11,2.9,,
2026-09-19T15:15:38.005Z,X1909261,4421,-15.55002,-47.55665,16762.6,4.6,3.4,74.2,-73.9,19.4,99.1,RS41-SGP,403.502,18.6,-875,11,2.9,,
2026-09-19T15:15:39.005Z,X1909261,4422,-15.55001,-47.55660,16766.8,3.8,6.3,78.9,-73.5,18.8,99.0,RS41-SGP,403.502,20.4,-875,11,2.9,,
2026-09-19T15:15:40.005Z,X1909261,4423,-15.55000,-47.55654,16770.4,3.4,8.6,89.9,-73.8,20.0,98.9,RS41-SGP,403.502,20.4,-875,11,2.9,,
2026-09-19T15:15:41.005Z,X1909261,4424,-15.55001,-47.55646,16774.5,4.7,8.0,97.6,-74.0,20.8,98.8,RS41-SGP,403.502,20.4,-875,11,2.8,,
2026-09-19T15:15:42.005Z,X1909261,4425,-15.55001,-47.55640,16779.0,4.4,5.3,89.0,-73.9,20.9,98.8,RS41-SGP,403.502,18.6,-875,11,2.8,,
2026-09-19T15:15:43.005Z,X1909261,4426,-15.55000,-47.55636,16783.4,4.3,4.7,55.9,-73.9,20.8,98.7,RS41-SGP,403.502,19.0,-875,11,2.9,,
2026-09-19T15:15:44.005Z,X1909261,4427,-15.54997,-47.55631,16787.8,4.5,6.4,55.3,-73.6,20.4,98.6,RS41-SGP,403.502,20.3,-875,11,2.9,,
2026-09-19T15:15:45.005Z,X1909261,4428,-15.54995,-47.55626,16792.0,3.8,7.0,79.7,-73.3,20.3,98.6,RS41-SGP,403.502,20.5,-875,11,2.9,,
2026-09-19T15:15:46.005Z,X1909261,4429,-15.54995,-47.55619,16795.7,3.5,7.2,107.9,-73.1,20.9,98.5,RS41-SGP,403.502,20.5,-875,11,2.9,,
2026-09-19T15:15:47.005Z,X1909261,4430,-15.54998,-47.55614,16799.9,4.9,6.1,122.9,-73.4,22.1,98.4,RS41-SGP,403.502,18.3,-875,11,2.9,,
2026-09-19T15:15:48.005Z,X1909261,4431,-15.54999,-47.55610,16804.7,4.8,4.2,96.2,-73.5,21.7,98.3,RS41-SGP,403.502,16.2,-875,11,2.9,,
2026-09-19T15:15:49.005Z,X1909261,4432,-15.54998,-47.55605,16809.0,3.9,6.1,61.4,-73.3,21.1,98.3,RS41-SGP,403.502,19.0,-875,11,2.9,,
2026-09-19T15:15:50.005Z,X1909261,4433,-15.54995,-47.55599,16813.1,4.3,9.1,65.8,-73.3,21.3,98.2,RS41-SGP,403.502,20.0,-875,11,2.9,,
2026-09-19T15:15:51.005Z,X1909261,4434,-15.54993,-47.55590,16817.8,5.0,9.8,83.6,-73.3,21.5,98.1,RS41-SGP,403.502,20.1,-875,11,2.8,,
2026-09-19T15:15:52.005Z,X1909261,4435,-15.54993,-47.55582,16822.5,4.5,7.7,102.7,-73.0,20.4,98.0,RS41-SGP,403.502,20.1,-875,11,2.8,,
2026-09-19T15:15:53.005Z,X1909261,4436,-15.54995,-47.55577,16826.8,4.2,4.2,107.1,-73.0,20.4,98.0,RS41-SGP,403.502,18.4,-875,11,2.9,,
2026-09-19T15:15:54.005Z,X1909261,4437,-15.54994,-47.55574,16831.1,4.4,4.1,61.5,-73.4,20.1,97.9,RS41-SGP,403.502,17.1,-875,11,2.9,,
2026-09-19T15:15:55.005Z,X1909261,4438,-15.54992,-47.55569,16835.5,4.2,7.8,59.0,-73.3,19.4,97.8,RS41-SGP,403.502,17.1,-875,11,2.9,,
2026-09-19T15:15:56.005Z,X1909261,4439,-15.54989,-47.55561,16839.7,4.2,10.3,75.9,-73.4,19.8,97.8,RS41-SGP,403.502,10.3,-875,11,2.9,,
2026-09-19T15:15:57.005Z,X1909261,4440,-15.54988,-47.55552,16844.0,4.4,9.5,94.6,-73.4,20.6,97.7,RS41-SGP,403.502,19.0,-875,11,2.9,,
2026-09-19T15:15:58.005Z,X1909261,4441,-15.54989,-47.55545,16848.3,4.2,5.9,107.0,-73.0,20.4,97.6,RS41-SGP,403.502,19.0,-875,11,2.9,,
2026-09-19T15:15:59.005Z,X1909261,4442,-15.54990,-47.55541,16852.7,4.5,3.1,71.9,-73.3,21.1,97.5,RS41-SGP,403.502,15.8,-875,11,2.9,,
2026-09-19T15:16:00.005Z,X1909261,4443,-15.54987,-47.55537,16857.3,4.8,6.1,52.6,-73.2,20.4,97.5,RS41-SGP,403.502,18.6,-875,11,2.9,,
2026-09-19T15:16:01.005Z,X1909261,4444,-15.54984,-47.55531,16861.7,4.1,9.2,70.7,-73.3,21.0,97.4,RS41-SGP,403.502,20.3,-875,11,2.8,,
2026-09-19T15:16:02.005Z,X1909261,4445,-15.54983,-47.55523,16865.6,3.7,9.9,92.3,-73.1,21.4,97.3,RS41-SGP,403.502,20.3,-875,11,2.8,,
2026-09-19T15:16:03.005Z,X1909261,4446,-15.54985,-47.55515,16869.7,4.5,7.7,109.5,-73.1,21.9,97.2,RS41-SGP,403.502,19.2,-875,11,2.9,,
2026-09-19T15:16:04.005Z,X1909261,4447,-15.54986,-47.55509,16874.5,5.0,4.6,97.3,-73.4,22.3,97.2,RS41-SGP,403.502,16.1,-875,11,2.9,,
2026-09-19T15:16:05.005Z,X1909261,4448,-15.54985,-47.55504,16879.1,4.1,6.2,62.3,-73.5,21.7,97.1,RS41-SGP,403.502,17.4,-875,11,2.9,,
2026-09-19T15:16:06.005Z,X1909261,4449,-15.54982,-47.55498,16883.0,3.7,9.7,64.3,-73.4,21.0,97.0,RS41-SGP,403.502,19.4,-875,11,2.9,,
2026-09-19T15:16:07.005Z,X1909261,4450,-15.54979,-47.55489,16887.1,4.6,11.0,80.4,-73.4,21.2,97.0,RS41-SGP,403.502,19.6,-875,11,2.9,,
2026-09-19T15:16:08.005Z,X1909261,4451,-15.54979,-47.55480,16891.9,4.8,8.8,94.6,-73.5,21.6,96.9,RS41-SGP,403.502,19.6,-875,11,2.9,,
2026-09-19T15:16:09.005Z,X1909261,4452,-15.54979,-47.55473,16896.4,4.3,5.1,90.3,-73.1,20.8,96.8,RS41-SGP,403.502,17.8,-875,11,2.9,,
2026-09-19T15:16:10.005Z,X1909261,4453,-15.54977,-47.55469,16900.7,4.1,5.1,47.4,-73.4,20.9,96.7,RS41-SGP,403.502,17.0,-875,11,2.9,,
2026-09-19T15:16:11.005Z,X1909261,4454,-15.54973,-47.55464,16905.2,4.9,8.6,46.9,-73.6,21.0,96.7,RS41-SGP,403.502,19.3,-875,11,2.8,,
2026-09-19T15:16:12.005Z,X1909261,4455,-15.54969,-47.55457,16910.2,5.0,9.9,66.1,-73.4,20.3,96.6,RS41-SGP,403.502,19.8,-875,11,2.8,,
2026-09-19T15:16:13.005Z,X1909261,4456,-15.54967,-47.55449,16914.5,3.7,8.7,85.2,-73.6,20.8,96.5,RS41-SGP,403.502,19.8,-875,11,2.9,,
2026-09-19T15:16:14.005Z,X1909261,4457,-15.54967,-47.55442,16918.0,3.4,5.8,97.1,-73.4,20.8,96.5,RS41-SGP,403.502,19.2,-875,11,2.9,,
2026-09-19T15:16:15.005Z,X1909261,4458,-15.54966,-47.55438,16921.9,4.2,4.3,65.1,-73.5,21.3,96.4,RS41-SGP,403.502,16.6,-875,11,2.9,,
2026-09-19T15:16:16.005Z,X1909261,4459,-15.54963,-47.55434,16926.2,4.5,7.9,46.9,-73.7,21.6,96.3,RS41-SGP,403.502,18.7,-875,11,2.9,,
2026-09-19T15:16:17.005Z,X1909261,4460,-15.54958,-47.55427,16930.9,5.0,10.9,58.6,-73.8,22.0,96.2,RS41-SGP,403.502,19.7,-875,11,2.9,,
2026-09-19T15:16:18.005Z,X1909261,4461,-15.54954,-47.55418,16935.9,4.8,10.3,76.7,-73.6,21.2,96.2,RS41-SGP,403.502,19.7,-875,11,2.9,,
2026-09-19T15:16:19.005Z,X1909261,4462,-15.54953,-47.55409,16940.2,3.9,7.4,93.5,-73.7,21.3,96.1,RS41-SGP,403.502,19.3,-875,11,2.9,,
2026-09-19T15:16:20.005Z,X1909261,4463,-15.54953,-47.55404,16944.4,4.5,4.1,86.6,-73.7,21.5,96.0,RS41-SGP,403.502,17.5,-875,11,2.9,,
2026-09-19T15:16:21.005Z,X1909261,4464,-15.54952,-47.55400,16949.1,4.9,6.1,50.4,-73.4,20.3,95.9,RS41-SGP,403.502,17.6,-875,11,2.8,,
2026-09-19T15:16:22.005Z,X1909261,4465,-15.54947,-47.55394,16953.8,4.4,10.3,57.4,-73.6,20.6,95.9,RS41-SGP,403.502,19.9,-875,11,2.8,,
2026-09-19T15:16:23.005Z,X1909261,4466,-15.54943,-47.55384,16958.4,4.8,12.1,73.5,-73.7,20.9,95.8,RS41-SGP,403.502,19.9,-875,11,2.9,,
2026-09-19T15:16:24.005Z,X1909261,4467,-15.54941,-47.55374,16963.0,4.4,10.2,86.4,-73.7,21.3,95.7,RS41-SGP,403.502,19.9,-875,11,2.9,,
2026-09-19T15:16:25.005Z,X1909261,4468,-15.54941,-47.55367,16967.1,3.8,6.4,82.9,-73.8,21.7,95.7,RS41-SGP,403.502,17.5,-875,11,2.9,,
2026-09-19T15:16:26.005Z,X1909261,4469,-15.54938,-47.55362,16971.2,4.3,6.0,47.0,-73.9,21.9,95.6,RS41-SGP,403.502,17.1,-875,11,2.9,,
2026-09-19T15:16:27.005Z,X1909261,4470,-15.54934,-47.55356,16975.7,4.6,9.3,48.0,-73.6,21.2,95.5,RS41-SGP,403.502,18.9,-875,11,2.9,,
2026-09-19T15:16:28.005Z,X1909261,4471,-15.54929,-47.55348,16980.0,4.2,11.0,66.6,-73.7,21.9,95.5,RS41-SGP,403.502,19.6,-875,11,2.9,,
2026-09-19T15:16:29.005Z,X1909261,4472,-15.54927,-47.55339,16984.1,3.9,10.0,86.2,-73.9,22.4,95.4,RS41-SGP,403.502,19.6,-875,11,2.9,,
2026-09-19T15:16:30.005Z,X1909261,4473,-15.54927,-47.55331,16988.2,4.4,6.8,94.1,-73.8,21.9,95.3,RS41-SGP,403.502,17.7,-875,11,2.9,,
2026-09-19T15:16:31.005Z,X1909261,4474,-15.54926,-47.55326,16992.7,4.6,5.0,61.1,-74.1,22.1,95.3,RS41-SGP,403.502,15.1,-875,11,2.8,,
2026-09-19T15:16:32.005Z,X1909261,4475,-15.54922,-47.55321,16997.3,4.7,8.4,44.3,-74.1,22.0,95.2,RS41-SGP,403.502,18.0,-875,11,2.8,,
2026-09-19T15:16:33.005Z,X1909261,4476,-15.54917,-47.55314,17001.9,4.5,11.1,59.6,-73.8,21.7,95.1,RS41-SGP,403.502,19.7,-875,11,2.9,,
2026-09-19T15:16:34.005Z,X1909261,4477,-15.54914,-47.55305,17006.2,4.1,10.9,80.4,-73.2,20.5,95.0,RS41-SGP,403.502,19.7,-875,11,2.9,,
2026-09-19T15:16:35.005Z,X1909261,4478,-15.54913,-47.55296,17010.2,4.0,7.7,98.7,-73.0,20.4,94.9,RS41-SGP,403.502,18.8,-875,11,2.9,,
2026-09-19T15:16:36.005Z,X1909261,4479,-15.54914,-47.55291,17014.4,4.3,3.4,90.5,-73.1,20.6,94.9,RS41-SGP,403.502,16.3,-875,11,2.9,,
2026-09-19T15:16:37.005Z,X1909261,4480,-15.54912,-47.55288,17019.2,5.4,5.1,43.6,-73.0,19.0,94.8,RS41-SGP,403.502,16.6,-875,11,2.9,,
2026-09-19T15:16:38.005Z,X1909261,4481,-15.54908,-47.55283,17024.2,4.7,8.6,56.7,-72.9,18.6,94.7,RS41-SGP,403.502,19.2,-875,11,2.9,,
2026-09-19T15:16:39.005Z,X1909261,4482,-15.54905,-47.55275,17028.6,4.0,10.1,79.5,-72.8,18.8,94.7,RS41-SGP,403.502,19.2,-875,11,2.9,,
2026-09-19T15:16:40.005Z,X1909261,4483,-15.54905,-47.55267,17032.7,4.3,8.4,103.0,-72.5,18.2,94.6,RS41-SGP,403.502,19.2,-875,11,2.8,,
2026-09-19T15:16:41.005Z,X1909261,4484,-15.54907,-47.55261,17037.4,4.9,4.8,115.1,-72.8,19.3,94.5,RS41-SGP,403.502,16.7,-875,11,2.9,,
2026-09-19T15:16:42.005Z,X1909261,4485,-15.54908,-47.55257,17042.1,4.7,3.8,71.2,-73.1,19.2,94.4,RS41-SGP,403.502,16.4,-875,11,2.9,,
2026-09-19T15:16:43.005Z,X1909261,4486,-15.54905,-47.55252,17046.3,3.6,7.4,61.7,-73.2,18.9,94.4,RS41-SGP,403.502,19.3,-875,11,2.9,,
2026-09-19T15:16:44.005Z,X1909261,4487,-15.54903,-47.55245,17050.1,4.1,10.0,74.4,-73.2,18.9,94.3,RS41-SGP,403.502,19.4,-875,11,2.9,,
2026-09-19T15:16:45.005Z,X1909261,4488,-15.54902,-47.55236,17054.5,4.8,8.7,92.8,-73.2,18.9,94.2,RS41-SGP,403.502,19.4,-875,11,2.8,,
2026-09-19T15:16:46.005Z,X1909261,4489,-15.54902,-47.55230,17059.2,4.6,4.8,105.0,-73.2,19.3,94.2,RS41-SGP,403.502,17.8,-875,11,2.9,,
2026-09-19T15:16:47.005Z,X1909261,4490,-15.54902,-47.55227,17063.8,4.6,2.6,55.8,-73.1,19.3,94.1,RS41-SGP,403.502,16.1,-875,11,2.9,,
2026-09-19T15:16:48.005Z,X1909261,4491,-15.54900,-47.55224,17068.3,4.4,5.8,44.9,-73.1,19.5,94.0,RS41-SGP,403.502,18.7,-875,11,2.9,,
2026-09-19T15:16:49.005Z,X1909261,4492,-15.54897,-47.55219,17072.4,3.9,8.0,67.4,-72.6,18.8,94.0,RS41-SGP,403.502,19.1,-875,11,2.9,,
2026-09-19T15:16:50.005Z,X1909261,4493,-15.54895,-47.55212,17076.4,4.1,8.4,94.3,-72.7,19.7,93.9,RS41-SGP,403.502,19.1,-875,11,2.8,,
2026-09-19T15:16:51.005Z,X1909261,4494,-15.54897,-47.55205,17080.9,4.9,5.9,110.1,-73.0,21.0,93.8,RS41-SGP,403.502,18.2,-875,11,2.9,,
2026-09-19T15:16:52.005Z,X1909261,4495,-15.54897,-47.55201,17085.6,4.6,3.0,75.3,-73.2,21.0,93.7,RS41-SGP,403.502,15.5,-875,11,2.9,,
2026-09-19T15:16:53.005Z,X1909261,4496,-15.54895,-47.55198,17089.9,4.2,5.7,41.7,-73.1,20.1,93.7,RS41-SGP,403.502,18.4,-875,11,2.9,,
2026-09-19T15:16:54.005Z,X1909261,4497,-15.54891,-47.55193,17094.1,4.1,8.2,58.7,-73.1,19.8,93.6,RS41-SGP,403.502,19.5,-875,11,2.9,,
2026-09-19T15:16:55.005Z,X1909261,4498,-15.54889,-47.55186,17098.0,3.8,8.2,83.5,-73.0,20.0,93.5,RS41-SGP,403.502,19.5,-875,11,2.8,,
2026-09-19T15:16:56.005Z,X1909261,4499,-15.54889,-47.55180,17101.8,3.7,6.0,110.3,-72.9,19.9,93.5,RS41-SGP,403.502,18.6,-875,11,2.9,,
2026-09-19T15:16:57.005Z,X1909261,4500,-15.54891,-47.55176,17106.0,4.7,2.5,107.4,-72.6,18.7,93.4,RS41-SGP,403.502,16.4,-875,11,2.9,,
2026-09-19T15:16:58.005Z,X1909261,4501,-15.54890,-47.55174,17110.7,4.7,4.0,43.9,-72.6,17.9,93.4,RS41-SGP,403.502,17.2,-875,11,2.9,,
2026-09-19T15:16:59.005Z,X1909261,4502,-15.54887,-47.55169,17115.3,4.4,7.3,58.7,-72.6,17.7,93.3,RS41-SGP,403.502,19.5,-875,11,2.9,,
2026-09-19T15:17:00.005Z,X1909261,4503,-15.54885,-47.55162,17119.4,3.9,8.8,84.3,-72.7,18.0,93.2,RS41-SGP,403.502,19.5,-875,11,2.8,,
2026-09-19T15:17:01.005Z,X1909261,4504,-15.54886,-47.55155,17123.3,4.0,7.8,112.8,-72.7,18.5,93.1,RS41-SGP,403.502,18.8,-875,11,2.9,,
2026-09-19T15:17:02.005Z,X1909261,4505,-15.54888,-47.55150,17127.6,4.7,4.5,134.1,-72.9,19.2,93.1,RS41-SGP,403.502,17.5,-875,11,2.9,,
2026-09-19T15:17:03.005Z,X1909261,4506,-15.54889,-47.55148,17132.4,4.9,2.2,68.6,-73.0,19.1,93.0,RS41-SGP,403.502,15.6,-875,11,2.9,,
2026-09-19T15:17:04.005Z,X1909261,4507,-15.54887,-47.55145,17137.0,4.2,5.9,53.3,-72.7,18.6,92.9,RS41-SGP,403.502,18.2,-875,11,2.9,,
2026-09-19T15:17:05.005Z,X1909261,4508,-15.54885,-47.55139,17140.9,3.7,8.5,75.1,-72.7,18.8,92.8,RS41-SGP,403.502,19.5,-875,11,2.8,,
2026-09-19T15:17:06.005Z,X1909261,4509,-15.54885,-47.55131,17144.7,3.9,8.1,101.1,-72.7,19.6,92.8,RS41-SGP,403.502,19.5,-875,11,2.9,,
2026-09-19T15:17:07.005Z,X1909261,4510,-15.54887,-47.55126,17148.9,4.5,5.0,123.9,-72.7,20.2,92.7,RS41-SGP,403.502,18.0,-875,11,2.9,,
2026-09-19T15:17:08.005Z,X1909261,4511,-15.54888,-47.55123,17153.7,4.9,1.7,77.9,-72.5,19.1,92.7,RS41-SGP,403.502,15.5,-875,11,2.9,,
2026-09-19T15:17:09.005Z,X1909261,4512,-15.54886,-47.55121,17158.1,4.0,4.6,44.3,-72.3,18.1,92.6,RS41-SGP,403.502,18.1,-875,11,2.9,,
2026-09-19T15:17:10.005Z,X1909261,4513,-15.54883,-47.55116,17161.8,3.2,7.3,64.8,-72.4,18.4,92.6,RS41-SGP,403.502,18.8,-875,11,2.8,,
2026-09-19T15:17:11.005Z,X1909261,4514,-15.54882,-47.55109,17165.0,3.2,7.8,92.0,-72.5,18.7,92.5,RS41-SGP,403.502,18.8,-875,11,2.9,,
2026-09-19T15:17:12.005Z,X1909261,4515,-15.54883,-47.55103,17168.6,4.1,5.6,117.5,-72.6,19.2,92.4,RS41-SGP,403.502,18.7,-875,11,2.9,,
2026-09-19T15:17:13.005Z,X1909261,4516,-15.54885,-47.55100,17172.9,4.7,1.7,116.3,-72.7,19.0,92.3,RS41-SGP,403.502,15.2,-875,11,2.9,,
2026-09-19T15:17:14.005Z,X1909261,4517,-15.54884,-47.55099,17177.8,5.1,3.5,29.5,-72.5,17.9,92.3,RS41-SGP,403.502,16.3,-875,11,2.9,,
2026-09-19T15:17:15.005Z,X1909261,4518,-15.54880,-47.55096,17182.6,4.5,6.7,51.5,-72.5,17.9,92.2,RS41-SGP,403.502,18.7,-875,11,2.8,,
2026-09-19T15:17:16.005Z,X1909261,4519,-15.54878,-47.55089,17186.5,3.4,8.4,77.6,-72.5,18.4,92.2,RS41-SGP,403.502,19.0,-875,11,2.9,,
2026-09-19T15:17:17.005Z,X1909261,4520,-15.54878,-47.55082,17190.3,4.3,7.6,103.3,-72.4,18.7,92.0,RS41-SGP,403.502,19.0,-875,11,2.9,,
2026-09-19T15:17:18.005Z,X1909261,4521,-15.54879,-47.55077,17195.0,5.0,4.2,117.4,-72.0,17.9,92.0,RS41-SGP,403.502,17.1,-875,11,2.9,,
2026-09-19T15:17:19.005Z,X1909261,4522,-15.54879,-47.55075,17200.0,4.9,2.2,49.9,-72.2,17.8,92.0,RS41-SGP,403.502,15.1,-875,11,2.9,,
2026-09-19T15:17:20.005Z,X1909261,4523,-15.54877,-47.55072,17204.4,4.1,5.7,36.7,-72.4,17.7,91.9,RS41-SGP,403.502,18.3,-875,11,2.8,,
2026-09-19T15:17:21.005Z,X1909261,4524,-15.54873,-47.55067,17208.4,3.9,8.3,55.4,-72.6,17.8,91.8,RS41-SGP,403.502,19.0,-875,11,2.9,,
2026-09-19T15:17:22.005Z,X1909261,4525,-15.54870,-47.55061,17212.8,4.9,8.2,76.5,-72.3,17.3,91.7,RS41-SGP,403.502,19.0,-875,11,2.9,,
2026-09-19T15:17:23.005Z,X1909261,4526,-15.54869,-47.55055,17217.6,4.9,5.0,87.7,-72.4,17.4,91.7,RS41-SGP,403.502,17.9,-875,11,2.9,,
2026-09-19T15:17:24.005Z,X1909261,4527,-15.54868,-47.55052,17221.8,3.5,1.9,46.2,-72.1,17.2,91.6,RS41-SGP,403.502,16.4,-875,11,2.9,,
2026-09-19T15:17:25.005Z,X1909261,4528,-15.54866,-47.55051,17225.6,4.0,4.2,1.2,-72.2,17.7,91.6,RS41-SGP,403.502,17.6,-875,11,2.8,,
2026-09-19T15:17:26.005Z,X1909261,4529,-15.54862,-47.55050,17230.2,5.2,5.2,27.7,-72.4,18.3,91.5,RS41-SGP,403.502,19.0,-875,11,2.9,,
2026-09-19T15:17:27.005Z,X1909261,4530,-15.54859,-47.55046,17235.0,4.3,5.0,73.3,-72.4,18.5,91.4,RS41-SGP,403.502,19.0,-875,11,2.9,,
2026-09-19T15:17:28.005Z,X1909261,4531,-15.54859,-47.55042,17239.2,4.0,5.0,118.3,-72.3,18.6,91.3,RS41-SGP,403.502,18.8,-875,11,2.9,,
2026-09-19T15:17:29.005Z,X1909261,4532,-15.54862,-47.55039,17243.5,4.6,3.6,144.7,-72.5,18.9,91.3,RS41-SGP,403.502,16.3,-875,11,2.9,,
2026-09-19T15:17:30.005Z,X1909261,4533,-15.54863,-47.55038,17247.8,4.1,1.3,74.0,-72.6,19.0,91.2,RS41-SGP,403.502,15.9,-875,11,2.8,,
2026-09-19T15:17:31.005Z,X1909261,4534,-15.54861,-47.55036,17251.7,3.6,4.8,38.6,-72.3,18.7,91.2,RS41-SGP,403.502,18.4,-875,11,2.8,,
2026-09-19T15:17:32.005Z,X1909261,4535,-15.54858,-47.55032,17255.9,5.0,6.7,60.1,-71.9,18.0,91.1,RS41-SGP,403.502,19.2,-875,11,2.9,,
2026-09-19T15:17:33.005Z,X1909261,4536,-15.54856,-47.55026,17261.0,5.2,6.0,91.3,-71.6,17.6,91.0,RS41-SGP,403.502,19.2,-875,11,2.9,,
2026-09-19T15:17:34.005Z,X1909261,4537,-15.54858,-47.55022,17265.8,4.4,4.3,132.2,-71.9,18.5,90.9,RS41-SGP,403.502,18.3,-875,11,2.9,,
2026-09-19T15:17:35.005Z,X1909261,4538,-15.54860,-47.55020,17269.9,3.9,1.9,175.9,-72.3,19.0,90.8,RS41-SGP,403.502,15.5,-875,11,2.9,,
2026-09-19T15:17:36.005Z,X1909261,4539,-15.54860,-47.55020,17273.9,4.0,1.5,351.1,-72.6,18.7,90.8,RS41-SGP,403.502,16.8,-875,11,2.9,,
2026-09-19T15:17:37.005Z,X1909261,4540,-15.54858,-47.55019,17278.4,4.9,4.4,39.8,-72.7,18.2,90.7,RS41-SGP,403.502,19.0,-875,11,2.9,,
2026-09-19T15:17:38.005Z,X1909261,4541,-15.54856,-47.55015,17283.2,4.8,5.5,73.8,-72.5,17.3,90.7,RS41-SGP,403.502,19.0,-875,11,2.9,,
2026-09-19T15:17:39.005Z,X1909261,4542,-15.54856,-47.55011,17287.5,3.9,4.9,107.4,-72.6,17.6,90.5,RS41-SGP,403.502,18.8,-875,11,2.9,,
2026-09-19T15:17:40.005Z,X1909261,4543,-15.54858,-47.55008,17291.4,3.9,2.9,147.2,-72.7,18.0,90.5,RS41-SGP,403.502,17.0,-875,11,2.8,,
2026-09-19T15:17:41.005Z,X1909261,4544,-15.54858,-47.55007,17295.8,4.8,0.6,343.4,-72.5,17.2,90.5,RS41-SGP,403.502,15.5,-875,11,2.8,,
2026-09-19T15:17:42.005Z,X1909261,4545,-15.54856,-47.55006,17300.4,4.6,4.4,22.1,-72.0,16.4,90.4,RS41-SGP,403.502,18.3,-875,11,2.9,,
2026-09-19T15:17:43.005Z,X1909261,4546,-15.54853,-47.55003,17304.9,4.4,6.3,54.2,-71.9,16.5,90.3,RS41-SGP,403.502,19.0,-875,11,2.9,,
2026-09-19T15:17:44.005Z,X1909261,4547,-15.54851,-47.54998,17309.1,3.9,6.1,87.4,-72.1,17.5,90.3,RS41-SGP,403.502,19.0,-875,11,2.9,,
2026-09-19T15:17:45.005Z,X1909261,4548,-15.54852,-47.54994,17313.2,4.5,3.9,118.1,-72.2,18.4,90.2,RS41-SGP,403.502,17.1,-875,11,2.9,,
2026-09-19T15:17:46.005Z,X1909261,4549,-15.54852,-47.54992,17318.0,5.0,1.1,19.9,-72.1,18.2,90.1,RS41-SGP,403.502,14.0,-875,11,2.9,,
2026-09-19T15:17:47.005Z,X1909261,4550,-15.54849,-47.54991,17322.6,4.4,5.3,7.9,-71.6,16.7,90.1,RS41-SGP,403.502,17.0,-875,11,2.9,,
2026-09-19T15:17:48.005Z,X1909261,4551,-15.54844,-47.54989,17327.0,4.3,7.7,30.2,-71.5,16.3,90.0,RS41-SGP,403.502,18.4,-875,11,2.9,,
2026-09-19T15:17:49.005Z,X1909261,4552,-15.54839,-47.54985,17331.0,3.8,6.9,56.7,-71.3,16.3,89.9,RS41-SGP,403.502,18.4,-875,11,2.8,,
2026-09-19T15:17:50.005Z,X1909261,4553,-15.54837,-47.54980,17334.7,3.6,4.0,85.6,-71.2,16.8,89.9,RS41-SGP,403.502,17.9,-875,11,2.8,,
2026-09-19T15:17:51.005Z,X1909261,4554,-15.54837,-47.54978,17338.8,4.6,0.6,14.7,-70.9,16.0,89.8,RS41-SGP,403.502,15.3,-875,11,2.9,,
2026-09-19T15:17:52.005Z,X1909261,4555,-15.54835,-47.54979,17343.6,5.1,4.6,350.1,-70.8,14.7,89.7,RS41-SGP,403.502,16.0,-875,11,2.9,,
2026-09-19T15:17:53.005Z,X1909261,4556,-15.54830,-47.54978,17348.6,4.8,7.0,18.3,-70.7,14.1,89.6,RS41-SGP,403.502,17.7,-875,11,2.9,,
2026-09-19T15:17:54.005Z,X1909261,4557,-15.54825,-47.54974,17353.1,4.3,6.9,48.5,-71.0,14.6,89.6,RS41-SGP,403.502,18.3,-875,11,2.9,,
2026-09-19T15:17:55.005Z,X1909261,4558,-15.54822,-47.54970,17357.3,4.1,4.7,80.9,-71.2,15.3,89.5,RS41-SGP,403.502,18.3,-875,11,2.9,,
2026-09-19T15:17:56.005Z,X1909261,4559,-15.54822,-47.54968,17361.8,4.9,0.7,65.8,-71.3,15.8,89.5,RS41-SGP,403.502,15.8,-875,11,2.9,,
2026-09-19T15:17:57.005Z,X1909261,4560,-15.54820,-47.54968,17366.7,4.9,4.7,339.8,-71.2,15.5,89.4,RS41-SGP,403.502,13.4,-875,11,2.9,,
2026-09-19T15:17:58.005Z,X1909261,4561,-15.54814,-47.54968,17371.4,4.4,8.2,3.6,-71.1,15.8,89.3,RS41-SGP,403.502,17.6,-875,11,2.8,,
2026-09-19T15:17:59.005Z,X1909261,4562,-15.54807,-47.54966,17375.6,4.0,8.7,31.9,-71.1,16.6,89.2,RS41-SGP,403.502,18.3,-875,11,2.8,,
2026-09-19T15:18:00.005Z,X1909261,4563,-15.54802,-47.54961,17379.4,3.6,6.6,60.5,-70.8,16.9,89.2,RS41-SGP,403.502,18.3,-875,11,2.9,,
2026-09-19T15:18:01.005Z,X1909261,4564,-15.54801,-47.54958,17383.6,4.8,2.5,78.2,-70.8,17.2,89.1,RS41-SGP,403.502,17.0,-875,11,2.9,,
2026-09-19T15:18:02.005Z,X1909261,4565,-15.54799,-47.54957,17388.8,5.7,3.5,333.6,-70.9,17.4,89.0,RS41-SGP,403.502,14.7,-875,11,2.9,,
2026-09-19T15:18:03.005Z,X1909261,4566,-15.54794,-47.54958,17394.2,5.1,7.7,351.5,-70.9,16.8,89.0,RS41-SGP,403.502,15.3,-875,11,2.9,,
2026-09-19T15:18:04.005Z,X1909261,4567,-15.54786,-47.54958,17398.9,4.3,10.2,15.0,-70.9,16.1,88.9,RS41-SGP,403.502,17.9,-875,11,2.9,,
2026-09-19T15:18:05.005Z,X1909261,4568,-15.54778,-47.54954,17403.2,4.4,10.2,34.3,-71.0,15.6,88.8,RS41-SGP,403.502,18.0,-875,11,2.9,,
2026-09-19T15:18:06.005Z,X1909261,4569,-15.54771,-47.54949,17407.7,4.7,7.6,37.1,-71.1,15.4,88.8,RS41-SGP,403.502,18.0,-875,11,2.9,,
2026-09-19T15:18:07.005Z,X1909261,4570,-15.54766,-47.54946,17411.9,3.6,6.1,6.1,-71.0,15.4,88.7,RS41-SGP,403.502,17.4,-875,11,2.8,,
2026-09-19T15:18:08.005Z,X1909261,4571,-15.54760,-47.54947,17415.1,2.9,8.5,344.8,-71.1,15.6,88.7,RS41-SGP,403.502,15.7,-875,11,2.8,,
2026-09-19T15:18:09.005Z,X1909261,4572,-15.54751,-47.54949,17418.7,4.3,10.2,352.8,-71.0,15.8,88.6,RS41-SGP,403.502,17.1,-875,11,2.9,,
2026-09-19T15:18:10.005Z,X1909261,4573,-15.54743,-47.54948,17423.2,4.6,8.7,13.9,-70.9,16.5,88.5,RS41-SGP,403.502,18.8,-875,11,2.9,,
2026-09-19T15:18:11.005Z,X1909261,4574,-15.54737,-47.54946,17427.6,4.4,6.2,38.5,-70.6,16.4,88.5,RS41-SGP,403.502,18.8,-875,11,2.9,,
2026-09-19T15:18:12.005Z,X1909261,4575,-15.54734,-47.54943,17432.4,5.1,3.3,36.9,-70.6,16.6,88.4,RS41-SGP,403.502,17.7,-875,11,2.9,,
2026-09-19T15:18:13.005Z,X1909261,4576,-15.54730,-47.54942,17437.1,4.3,4.7,353.3,-70.9,17.0,88.3,RS41-SGP,403.502,15.4,-875,11,2.9,,
2026-09-19T15:18:14.005Z,X1909261,4577,-15.54725,-47.54943,17440.9,3.1,8.3,353.4,-70.8,16.1,88.3,RS41-SGP,403.502,16.6,-875,11,2.9,,
2026-09-19T15:18:15.005Z,X1909261,4578,-15.54716,-47.54943,17444.4,4.0,10.3,6.2,-70.8,15.9,88.2,RS41-SGP,403.502,17.9,-875,11,2.9,,
2026-09-19T15:18:16.005Z,X1909261,4579,-15.54708,-47.54941,17449.0,5.2,8.8,22.3,-70.9,16.1,88.1,RS41-SGP,403.502,18.8,-875,10,2.8,,
2026-09-19T15:18:17.005Z,X1909261,4580,-15.54702,-47.54938,17454.1,5.0,5.2,32.0,-71.1,15.8,88.1,RS41-SGP,403.502,18.8,-875,11,2.8,,
2026-09-19T15:18:18.005Z,X1909261,4581,-15.54699,-47.54937,17459.0,4.8,2.9,349.7,-71.1,15.2,88.0,RS41-SGP,403.502,17.5,-875,11,2.9,,
2026-09-19T15:18:19.005Z,X1909261,4582,-15.54695,-47.54939,17463.4,3.9,6.2,328.7,-71.1,15.1,87.9,RS41-SGP,403.502,16.6,-875,11,2.9,,
2026-09-19T15:18:20.005Z,X1909261,4583,-15.54689,-47.54942,17467.2,3.7,9.5,338.4,-71.3,15.1,87.8,RS41-SGP,403.502,18.0,-875,11,2.9,,
2026-09-19T15:18:21.005Z,X1909261,4584,-15.54681,-47.54944,17471.4,5.0,9.6,348.9,-71.4,15.0,87.8,RS41-SGP,403.502,18.5,-875,11,2.9,,
2026-09-19T15:18:22.005Z,X1909261,4585,-15.54674,-47.54945,17476.3,4.8,6.6,358.2,-71.2,15.4,87.8,RS41-SGP,403.502,18.5,-875,11,2.9,,
2026-09-19T15:18:23.005Z,X1909261,4586,-15.54669,-47.54945,17480.7,3.9,4.1,13.1,-71.1,15.3,87.7,RS41-SGP,403.502,17.1,-875,11,2.9,,
2026-09-19T15:18:24.005Z,X1909261,4587,-15.54665,-47.54943,17484.8,4.4,4.5,26.2,-71.2,16.2,87.6,RS41-SGP,403.502,16.4,-875,11,2.9,,
2026-09-19T15:18:25.005Z,X1909261,4588,-15.54660,-47.54941,17489.1,4.0,7.1,20.4,-71.5,16.6,87.5,RS41-SGP,403.502,17.4,-875,11,2.8,,
2026-09-19T15:18:26.005Z,X1909261,4589,-15.54653,-47.54939,17493.1,4.0,9.3,14.3,-71.5,16.3,87.5,RS41-SGP,403.502,18.5,-875,11,2.8,,
2026-09-19T15:18:27.005Z,X1909261,4590,-15.54645,-47.54937,17497.4,4.8,8.8,11.3,-71.4,16.7,87.5,RS41-SGP,403.502,18.8,-875,11,2.9,,
2026-09-19T15:18:28.005Z,X1909261,4591,-15.54639,-47.54936,17501.8,4.0,5.8,10.8,-71.4,17.1,87.4,RS41-SGP,403.502,18.8,-875,11,2.9,,
2026-09-19T15:18:29.005Z,X1909261,4592,-15.54635,-47.54935,17505.7,3.9,3.1,4.4,-71.5,17.1,87.3,RS41-SGP,403.502,18.3,-875,11,2.9,,
2026-09-19T15:18:30.005Z,X1909261,4593,-15.54632,-47.54936,17510.2,5.0,3.2,349.0,-71.7,16.8,87.2,RS41-SGP,403.502,17.6,-875,11,2.9,,
2026-09-19T15:18:31.005Z,X1909261,4594,-15.54628,-47.54936,17515.3,5.2,6.0,349.5,-71.9,16.4,87.2,RS41-SGP,403.502,16.2,-875,11,2.9,,
2026-09-19T15:18:32.005Z,X1909261,4595,-15.54621,-47.54937,17520.1,4.3,9.1,355.0,-71.9,15.8,87.1,RS41-SGP,403.502,17.6,-875,11,2.9,,
2026-09-19T15:18:33.005Z,X1909261,4596,-15.54612,-47.54938,17524.2,3.8,11.0,0.7,-71.8,15.5,87.0,RS41-SGP,403.502,18.8,-875,11,2.9,,
2026-09-19T15:18:34.005Z,X1909261,4597,-15.54603,-47.54937,17527.9,3.8,10.8,4.6,-71.6,15.4,87.0,RS41-SGP,403.502,19.3,-875,11,2.8,,
2026-09-19T15:18:35.005Z,X1909261,4598,-15.54593,-47.54936,17531.8,4.1,9.3,4.2,-71.6,15.5,86.9,RS41-SGP,403.502,19.3,-875,11,2.8,,
2026-09-19T15:18:36.005Z,X1909261,4599,-15.54586,-47.54936,17536.2,4.5,8.0,358.1,-71.7,15.9,86.9,RS41-SGP,403.502,18.9,-875,11,2.9,,
2026-09-19T15:18:37.005Z,X1909261,4600,-15.54579,-47.54937,17540.4,4.1,7.6,350.1,-71.6,15.9,86.8,RS41-SGP,403.502,18.7,-875,11,2.9,,
2026-09-19T15:18:38.005Z,X1909261,4601,-15.54572,-47.54938,17544.2,3.3,7.0,344.4,-71.5,16.5,86.7,RS41-SGP,403.502,18.7,-875,11,2.9,,
2026-09-19T15:18:39.005Z,X1909261,4602,-15.54567,-47.54940,17547.6,3.6,6.2,345.5,-71.5,16.8,86.7,RS41-SGP,403.502,18.4,-875,11,2.9,,
2026-09-19T15:18:40.005Z,X1909261,4603,-15.54561,-47.54941,17551.7,4.6,6.3,350.7,-71.1,15.8,86.6,RS41-SGP,403.502,18.4,-875,11,2.9,,
2026-09-19T15:18:41.005Z,X1909261,4604,-15.54555,-47.54942,17556.8,5.4,7.4,352.8,-71.6,16.0,86.6,RS41-SGP,403.502,18.0,-875,11,2.9,,
2026-09-19T15:18:42.005Z,X1909261,4605,-15.54548,-47.54943,17562.0,5.0,9.0,354.6,-71.7,15.6,86.5,RS41-SGP,403.502,17.4,-875,11,2.9,,
2026-09-19T15:18:43.005Z,X1909261,4606,-15.54539,-47.54943,17566.6,4.2,10.4,358.7,-71.9,15.5,86.4,RS41-SGP,403.502,18.7,-875,11,2.8,,
2026-09-19T15:18:44.005Z,X1909261,4607,-15.54529,-47.54943,17570.9,4.6,10.8,4.1,-71.9,15.5,86.3,RS41-SGP,403.502,19.7,-875,11,2.8,,
2026-09-19T15:18:45.005Z,X1909261,4608,-15.54520,-47.54942,17575.8,5.3,9.7,6.1,-71.8,14.7,86.3,RS41-SGP,403.502,19.7,-875,11,2.9,,
2026-09-19T15:18:46.005Z,X1909261,4609,-15.54512,-47.54942,17581.1,5.1,7.7,357.6,-71.9,15.2,86.2,RS41-SGP,403.502,19.7,-875,11,2.9,,
2026-09-19T15:18:47.005Z,X1909261,4610,-15.54506,-47.54943,17585.5,3.8,6.6,340.9,-72.0,15.3,86.1,RS41-SGP,403.502,19.6,-875,11,2.9,,
2026-09-19T15:18:48.005Z,X1909261,4611,-15.54501,-47.54946,17589.4,4.0,6.6,327.8,-72.1,15.6,86.1,RS41-SGP,403.502,18.6,-875,11,2.9,,
2026-09-19T15:18:49.005Z,X1909261,4612,-15.54495,-47.54949,17593.7,4.7,6.8,334.4,-71.7,15.3,86.0,RS41-SGP,403.502,17.4,-875,11,2.9,,
2026-09-19T15:18:50.005Z,X1909261,4613,-15.54489,-47.54951,17598.3,4.5,7.5,350.0,-71.9,15.8,86.0,RS41-SGP,403.502,18.0,-875,10,2.9,,
2026-09-19T15:18:51.005Z,X1909261,4614,-15.54482,-47.54951,17602.7,4.0,8.8,1.3,-71.9,15.9,85.9,RS41-SGP,403.502,18.9,-875,11,2.9,,
2026-09-19T15:18:52.005Z,X1909261,4615,-15.54474,-47.54951,17606.4,3.4,10.1,4.6,-72.1,16.0,85.8,RS41-SGP,403.502,19.4,-875,11,2.8,,
2026-09-19T15:18:53.005Z,X1909261,4616,-15.54464,-47.54950,17610.1,4.0,10.9,2.1,-71.7,14.8,85.8,RS41-SGP,403.502,19.4,-875,11,2.8,,
2026-09-19T15:18:54.005Z,X1909261,4617,-15.54455,-47.54950,17614.4,4.9,10.1,357.2,-72.0,15.1,85.7,RS41-SGP,403.502,19.2,-875,11,2.9,,
2026-09-19T15:18:55.005Z,X1909261,4618,-15.54446,-47.54951,17619.4,5.1,8.2,354.4,-72.1,15.3,85.7,RS41-SGP,403.502,19.2,-875,11,2.9,,
2026-09-19T15:18:56.005Z,X1909261,4619,-15.54440,-47.54951,17624.0,4.0,6.4,355.7,-72.2,15.5,85.6,RS41-SGP,403.502,19.2,-875,11,2.9,,
2026-09-19T15:18:57.005Z,X1909261,4620,-15.54435,-47.54952,17627.9,3.7,5.0,357.8,-72.4,15.9,85.5,RS41-SGP,403.502,19.1,-875,11,2.9,,
2026-09-19T15:18:58.005Z,X1909261,4621,-15.54430,-47.54952,17631.8,4.2,4.6,355.2,-72.5,15.9,85.5,RS41-SGP,403.502,18.5,-875,11,2.9,,
2026-09-19T15:18:59.005Z,X1909261,4622,-15.54426,-47.54953,17636.3,4.7,5.7,352.9,-72.6,15.8,85.4,RS41-SGP,403.502,18.3,-875,11,2.9,,
2026-09-19T15:19:00.005Z,X1909261,4623,-15.54420,-47.54953,17641.0,4.5,7.2,358.0,-72.6,15.5,85.3,RS41-SGP,403.502,17.9,-875,11,2.9,,
2026-09-19T15:19:01.005Z,X1909261,4624,-15.54413,-47.54953,17645.4,4.2,8.4,5.6,-72.4,15.1,85.2,RS41-SGP,403.502,18.7,-875,11,2.8,,
2026-09-19T15:19:02.005Z,X1909261,4625,-15.54405,-47.54952,17649.6,4.2,9.3,11.4,-72.4,15.1,85.2,RS41-SGP,403.502,19.1,-875,11,2.8,,
2026-09-19T15:19:03.005Z,X1909261,4626,-15.54397,-47.54950,17654.0,4.6,9.6,8.9,-72.5,15.4,85.1,RS41-SGP,403.502,19.1,-875,11,2.9,,
2026-09-19T15:19:04.005Z,X1909261,4627,-15.54388,-47.54949,17658.5,4.5,9.7,359.9,-72.6,15.6,85.1,RS41-SGP,403.502,18.8,-875,11,2.9,,
2026-09-19T15:19:05.005Z,X1909261,4628,-15.54379,-47.54950,17662.9,4.3,10.3,348.5,-72.6,15.6,85.0,RS41-SGP,403.502,19.3,-875,11,2.9,,
2026-09-19T15:19:06.005Z,X1909261,4629,-15.54370,-47.54953,17667.3,4.6,10.3,341.4,-72.6,16.0,85.0,RS41-SGP,403.502,19.3,-875,11,2.9,,
2026-09-19T15:19:07.005Z,X1909261,4630,-15.54362,-47.54956,17672.0,4.8,9.5,340.2,-72.6,16.3,84.9,RS41-SGP,403.502,19.0,-875,11,2.9,,
2026-09-19T15:19:08.005Z,X1909261,4631,-15.54354,-47.54958,17676.8,4.8,8.2,341.8,-71.8,14.3,84.8,RS41-SGP,403.502,19.0,-875,11,2.9,,
2026-09-19T15:19:09.005Z,X1909261,4632,-15.54347,-47.54961,17681.2,4.1,7.5,340.8,-71.6,13.7,84.7,RS41-SGP,403.502,19.0,-875,11,2.8,,
2026-09-19T15:19:10.005Z,X1909261,4633,-15.54341,-47.54963,17685.2,3.9,7.3,336.8,-72.3,14.5,84.7,RS41-SGP,403.502,19.0,-875,11,2.9,,
2026-09-19T15:19:11.005Z,X1909261,4634,-15.54335,-47.54966,17689.3,4.3,7.5,335.4,-72.7,14.9,84.6,RS41-SGP,403.502,18.4,-875,11,2.9,,
2026-09-19T15:19:12.005Z,X1909261,4635,-15.54329,-47.54969,17693.8,4.8,7.6,340.3,-72.9,15.0,84.5,RS41-SGP,403.502,18.4,-875,11,2.9,,
2026-09-19T15:19:13.005Z,X1909261,4636,-15.54322,-47.54970,17698.9,5.4,7.8,351.9,-73.0,15.1,84.5,RS41-SGP,403.502,18.4,-875,11,2.9,,
2026-09-19T15:19:14.005Z,X1909261,4637,-15.54315,-47.54971,17704.1,4.9,8.6,1.1,-73.0,15.1,84.4,RS41-SGP,403.502,18.7,-875,11,2.8,,
2026-09-19T15:19:15.005Z,X1909261,4638,-15.54306,-47.54971,17708.3,3.7,10.2,2.8,-73.1,15.3,84.3,RS41-SGP,403.502,19.4,-875,11,2.8,,
2026-09-19T15:19:16.005Z,X1909261,4639,-15.54296,-47.54970,17712.0,3.6,11.9,359.2,-72.7,14.6,84.3,RS41-SGP,403.502,19.4,-875,11,2.9,,
2026-09-19T15:19:17.005Z,X1909261,4640,-15.54286,-47.54971,17716.0,4.4,12.0,353.8,-72.9,15.3,84.2,RS41-SGP,403.502,19.2,-875,11,2.9,,
2026-09-19T15:19:18.005Z,X1909261,4641,-15.54276,-47.54972,17720.9,5.3,10.4,352.5,-73.0,15.7,84.2,RS41-SGP,403.502,19.2,-875,11,2.9,,
2026-09-19T15:19:19.005Z,X1909261,4642,-15.54267,-47.54973,17726.0,4.8,8.2,355.3,-73.0,15.7,84.1,RS41-SGP,403.502,19.5,-875,11,2.9,,
2026-09-19T15:19:20.005Z,X1909261,4643,-15.54261,-47.54974,17730.3,3.8,6.3,355.4,-72.8,15.6,84.0,RS41-SGP,403.502,19.5,-875,11,2.9,,
2026-09-19T15:19:21.005Z,X1909261,4644,-15.54256,-47.54975,17734.1,3.9,5.7,343.5,-72.4,15.0,84.0,RS41-SGP,403.502,19.1,-875,11,2.9,,
2026-09-19T15:19:22.005Z,X1909261,4645,-15.54250,-47.54977,17738.2,4.3,6.5,335.8,-72.7,15.8,83.9,RS41-SGP,403.502,18.3,-875,11,2.9,,
2026-09-19T15:19:23.005Z,X1909261,4646,-15.54245,-47.54979,17743.0,5.1,7.5,339.8,-72.7,15.6,83.9,RS41-SGP,403.502,17.0,-875,11,2.8,,
2026-09-19T15:19:24.005Z,X1909261,4647,-15.54238,-47.54981,17748.1,5.1,7.8,352.1,-72.8,15.7,83.8,RS41-SGP,403.502,17.5,-875,11,2.8,,
2026-09-19T15:19:25.005Z,X1909261,4648,-15.54231,-47.54981,17752.7,4.2,8.5,3.0,-72.3,14.6,83.7,RS41-SGP,403.502,18.6,-875,11,2.9,,
2026-09-19T15:19:26.005Z,X1909261,4649,-15.54222,-47.54981,17757.1,4.6,9.6,5.3,-72.5,14.5,83.7,RS41-SGP,403.502,19.3,-875,11,2.9,,
2026-09-19T15:19:27.005Z,X1909261,4650,-15.54214,-47.54980,17761.9,5.1,10.1,357.8,-72.9,14.8,83.6,RS41-SGP,403.502,19.5,-875,11,2.9,,
2026-09-19T15:19:28.005Z,X1909261,4651,-15.54205,-47.54981,17766.9,4.8,9.3,348.6,-73.0,14.9,83.6,RS41-SGP,403.502,19.5,-875,11,2.9,,
2026-09-19T15:19:29.005Z,X1909261,4652,-15.54198,-47.54983,17771.3,4.0,7.2,340.4,-72.9,14.9,83.5,RS41-SGP,403.502,18.4,-875,11,2.9,,
2026-09-19T15:19:30.005Z,X1909261,4653,-15.54193,-47.54985,17775.4,4.3,5.1,337.2,-72.6,14.4,83.4,RS41-SGP,403.502,17.8,-875,11,2.9,,
2026-09-19T15:19:31.005Z,X1909261,4654,-15.54188,-47.54987,17780.2,5.2,5.0,349.8,-72.7,14.2,83.3,RS41-SGP,403.502,18.3,-875,11,2.8,,
2026-09-19T15:19:32.005Z,X1909261,4655,-15.54183,-47.54987,17785.5,5.5,7.3,355.0,-73.2,14.4,83.3,RS41-SGP,403.502,18.8,-875,10,2.9,,
2026-09-19T15:19:33.005Z,X1909261,4656,-15.54175,-47.54989,17790.4,4.2,9.9,350.3,-73.4,14.2,83.2,RS41-SGP,403.502,18.8,-875,11,2.9,,
2026-09-19T15:19:34.005Z,X1909261,4657,-15.54166,-47.54991,17794.5,4.0,11.9,344.7,-73.4,14.0,83.2,RS41-SGP,403.502,18.8,-875,11,2.9,,
2026-09-19T15:19:35.005Z,X1909261,4658,-15.54155,-47.54994,17798.9,4.9,11.7,341.7,-73.4,14.3,83.1,RS41-SGP,403.502,18.8,-875,11,2.9,,
2026-09-19T15:19:36.005Z,X1909261,4659,-15.54146,-47.54997,17803.8,5.1,9.7,344.0,-73.4,14.6,83.0,RS41-SGP,403.502,18.5,-875,11,2.8,,
2026-09-19T15:19:37.005Z,X1909261,4660,-15.54139,-47.54999,17808.6,4.6,7.8,350.7,-73.3,15.1,82.9,RS41-SGP,403.502,19.4,-875,11,2.8,,
2026-09-19T15:19:38.005Z,X1909261,4661,-15.54132,-47.55000,17812.7,3.7,6.6,350.2,-73.2,15.2,82.9,RS41-SGP,403.502,19.6,-875,11,2.9,,
2026-09-19T15:19:39.005Z,X1909261,4662,-15.54127,-47.55001,17816.1,3.0,6.2,337.5,-73.2,15.5,82.8,RS41-SGP,403.502,19.6,-875,11,2.9,,
2026-09-19T15:19:40.005Z,X1909261,4663,-15.54122,-47.55004,17819.6,4.1,7.0,327.1,-72.5,14.2,82.8,RS41-SGP,403.502,17.6,-875,11,2.9,,
2026-09-19T15:19:41.005Z,X1909261,4664,-15.54116,-47.55008,17824.3,5.2,7.6,334.0,-72.6,14.3,82.7,RS41-SGP,403.502,17.4,-875,11,2.9,,
2026-09-19T15:19:42.005Z,X1909261,4665,-15.54109,-47.55010,17829.7,5.5,7.9,346.2,-72.8,14.7,82.6,RS41-SGP,403.502,18.4,-875,11,2.9,,
2026-09-19T15:19:43.005Z,X1909261,4666,-15.54102,-47.55011,17834.4,4.0,8.2,353.3,-72.8,14.4,82.6,RS41-SGP,403.502,18.9,-875,11,2.9,,
2026-09-19T15:19:44.005Z,X1909261,4667,-15.54094,-47.55012,17838.3,3.7,9.3,353.0,-73.0,14.2,82.6,RS41-SGP,403.502,18.9,-875,11,2.9,,
2026-09-19T15:19:45.005Z,X1909261,4668,-15.54086,-47.55014,17842.2,4.2,10.2,348.1,-73.1,14.1,82.5,RS41-SGP,403.502,18.7,-875,11,2.8,,
2026-09-19T15:19:46.005Z,X1909261,4669,-15.54077,-47.55016,17847.0,5.4,10.0,343.5,-73.1,14.0,82.4,RS41-SGP,403.502,18.8,-875,11,2.8,,
2026-09-19T15:19:47.005Z,X1909261,4670,-15.54069,-47.55019,17852.4,5.3,8.4,339.3,-73.0,14.0,82.3,RS41-SGP,403.502,18.8,-875,11,2.9,,
2026-09-19T15:19:48.005Z,X1909261,4671,-15.54063,-47.55022,17857.2,4.4,6.2,332.0,-72.7,13.9,82.2,RS41-SGP,403.502,18.8,-875,11,2.9,,
2026-09-19T15:19:49.005Z,X1909261,4672,-15.54059,-47.55024,17861.6,4.4,4.6,318.6,-72.5,14.0,82.2,RS41-SGP,403.502,18.7,-875,11,2.9,,
2026-09-19T15:19:50.005Z,X1909261,4673,-15.54056,-47.55027,17866.4,5.2,4.6,315.3,-72.5,14.1,82.2,RS41-SGP,403.502,17.9,-875,11,2.9,,
2026-09-19T15:19:51.005Z,X1909261,4674,-15.54052,-47.55030,17872.1,6.1,5.5,327.8,-72.6,13.8,82.1,RS41-SGP,403.502,17.5,-875,11,2.9,,
2026-09-19T15:19:52.005Z,X1909261,4675,-15.54047,-47.55032,17878.1,6.0,6.3,344.7,-72.5,13.8,82.0,RS41-SGP,403.502,17.1,-875,11,2.9,,
2026-09-19T15:19:53.005Z,X1909261,4676,-15.54042,-47.55033,17883.7,5.2,6.3,3.8,-72.0,13.0,81.9,RS41-SGP,403.502,18.6,-875,11,2.8,,
2026-09-19T15:19:54.005Z,X1909261,4677,-15.54037,-47.55032,17888.8,5.1,5.8,23.2,-71.4,12.0,81.8,RS41-SGP,403.502,19.2,-875,11,2.8,,
2026-09-19T15:19:55.005Z,X1909261,4678,-15.54032,-47.55029,17894.6,6.4,4.8,27.3,-71.7,12.6,81.7,RS41-SGP,403.502,19.2,-875,11,2.9,,
2026-09-19T15:19:56.005Z,X1909261,4679,-15.54029,-47.55028,17901.1,6.7,4.3,3.4,-71.8,12.5,81.6,RS41-SGP,403.502,19.0,-875,11,2.9,,
2026-09-19T15:19:57.005Z,X1909261,4680,-15.54025,-47.55029,17907.3,5.6,4.8,350.1,-71.7,12.2,81.6,RS41-SGP,403.502,17.1,-875,11,2.9,,
2026-09-19T15:19:58.005Z,X1909261,4681,-15.54020,-47.55029,17912.3,4.5,4.7,1.9,-72.0,12.7,81.5,RS41-SGP,403.502,18.1,-875,11,2.9,,
2026-09-19T15:19:59.005Z,X1909261,4682,-15.54017,-47.55028,17916.5,3.9,4.4,32.3,-72.0,12.9,81.4,RS41-SGP,403.502,19.0,-875,11,2.9,,
2026-09-19T15:20:00.005Z,X1909261,4683,-15.54014,-47.55025,17921.0,5.0,3.6,47.5,-72.3,13.4,81.4,RS41-SGP,403.502,19.0,-875,11,2.9,,
2026-09-19T15:20:01.005Z,X1909261,4684,-15.54012,-47.55024,17926.4,5.8,2.1,10.7,-72.4,13.8,81.3,RS41-SGP,403.502,19.1,-875,11,2.9,,
2026-09-19T15:20:02.005Z,X1909261,4685,-15.54009,-47.55025,17931.7,5.1,4.1,319.9,-72.2,13.7,81.2,RS41-SGP,403.502,19.1,-875,11,2.8,,
2026-09-19T15:20:03.005Z,X1909261,4686,-15.54006,-47.55028,17936.4,4.4,6.5,316.0,-71.9,12.8,81.2,RS41-SGP,403.502,18.3,-875,11,2.8,,
2026-09-19T15:20:04.005Z,X1909261,4687,-15.54001,-47.55032,17940.9,4.6,7.3,321.9,-72.0,12.7,81.1,RS41-SGP,403.502,17.3,-875,11,2.9,,
2026-09-19T15:20:05.005Z,X1909261,4688,-15.53996,-47.55036,17945.4,4.6,6.0,330.3,-72.4,13.6,81.1,RS41-SGP,403.502,17.3,-875,11,2.9,,
2026-09-19T15:20:06.005Z,X1909261,4689,-15.53992,-47.55038,17949.9,4.5,4.0,340.7,-72.6,14.3,81.0,RS41-SGP,403.502,17.3,-875,11,2.9,,
2026-09-19T15:20:07.005Z,X1909261,4690,-15.53989,-47.55039,17954.4,4.5,2.6,349.7,-72.5,14.6,80.9,RS41-SGP,403.502,17.2,-875,11,2.9,,
2026-09-19T15:20:08.005Z,X1909261,4691,-15.53987,-47.55039,17958.2,3.3,2.1,9.9,-72.2,15.0,80.9,RS41-SGP,403.502,16.8,-875,11,2.9,,
2026-09-19T15:20:09.005Z,X1909261,4692,-15.53985,-47.55038,17961.5,3.2,2.7,28.3,-72.0,15.1,80.8,RS41-SGP,403.502,17.7,-875,11,2.9,,
2026-09-19T15:20:10.005Z,X1909261,4693,-15.53983,-47.55037,17965.2,4.2,3.0,34.5,-72.3,15.2,80.8,RS41-SGP,403.502,18.5,-875,11,2.8,,
2026-09-19T15:20:11.005Z,X1909261,4694,-15.53981,-47.55035,17969.8,5.1,2.2,24.4,-72.3,14.6,80.7,RS41-SGP,403.502,18.5,-875,11,2.8,,
2026-09-19T15:20:12.005Z,X1909261,4695,-15.53979,-47.55035,17974.8,5.0,1.9,334.4,-72.3,13.8,80.6,RS41-SGP,403.502,19.0,-875,11,2.9,,
2026-09-19T15:20:13.005Z,X1909261,4696,-15.53978,-47.55037,17979.2,3.8,3.3,313.1,-72.0,12.9,80.5,RS41-SGP,403.502,19.0,-875,11,2.9,,
2026-09-19T15:20:14.005Z,X1909261,4697,-15.53975,-47.55040,17983.0,3.9,4.9,314.9,-71.8,11.9,80.5,RS41-SGP,403.502,17.4,-875,11,2.9,,
2026-09-19T15:20:15.005Z,X1909261,4698,-15.53972,-47.55043,17987.5,5.2,5.2,324.4,-72.1,12.3,80.4,RS41-SGP,403.502,16.9,-875,11,2.9,,
2026-09-19T15:20:16.005Z,X1909261,4699,-15.53968,-47.55045,17992.9,5.6,3.4,337.2,-72.1,12.8,80.4,RS41-SGP,403.502,17.0,-875,11,2.9,,
2026-09-19T15:20:17.005Z,X1909261,4700,-15.53967,-47.55045,17997.8,4.3,0.8,17.6,-71.9,13.1,80.2,RS41-SGP,403.502,18.1,-875,11,2.9,,
2026-09-19T15:20:18.005Z,X1909261,4701,-15.53967,-47.55045,18001.9,4.0,1.9,154.1,-71.5,12.8,80.2,RS41-SGP,403.502,18.1,-875,11,2.9,,
2026-09-19T15:20:19.005Z,X1909261,4702,-15.53969,-47.55044,18006.3,4.7,2.4,175.1,-71.6,12.9,80.2,RS41-SGP,403.502,18.0,-875,11,2.8,,
2026-09-19T15:20:20.005Z,X1909261,4703,-15.53970,-47.55045,18011.1,5.0,1.5,240.2,-71.8,12.8,80.1,RS41-SGP,403.502,16.9,-875,11,2.8,,
2026-09-19T15:20:21.005Z,X1909261,4704,-15.53970,-47.55046,18015.7,4.0,3.0,312.4,-71.8,12.6,80.1,RS41-SGP,403.502,17.2,-875,11,2.9,,
2026-09-19T15:20:22.005Z,X1909261,4705,-15.53967,-47.55048,18019.4,3.6,4.8,331.3,-71.7,12.4,80.0,RS41-SGP,403.502,17.2,-875,11,2.9,,
2026-09-19T15:20:23.005Z,X1909261,4706,-15.53963,-47.55050,18023.6,4.9,4.1,338.7,-71.3,12.1,80.0,RS41-SGP,403.502,17.2,-875,11,2.9,,
2026-09-19T15:20:24.005Z,X1909261,4707,-15.53961,-47.55051,18028.6,5.1,1.2,335.6,-71.3,12.3,79.9,RS41-SGP,403.502,17.2,-875,11,2.9,,
2026-09-19T15:20:25.005Z,X1909261,4708,-15.53961,-47.55051,18033.1,3.8,1.8,170.7,-71.3,12.7,79.8,RS41-SGP,403.502,16.8,-875,11,2.9,,
2026-09-19T15:20:26.005Z,X1909261,4709,-15.53964,-47.55050,18036.7,3.5,3.5,158.8,-71.0,12.6,79.8,RS41-SGP,403.502,16.4,-875,11,2.9,,
2026-09-19T15:20:27.005Z,X1909261,4710,-15.53966,-47.55049,18040.6,4.1,3.3,141.5,-71.3,13.2,79.7,RS41-SGP,403.502,17.1,-875,11,2.8,,
2026-09-19T15:20:28.005Z,X1909261,4711,-15.53968,-47.55047,18044.8,4.4,2.0,110.5,-71.4,13.1,79.7,RS41-SGP,403.502,17.2,-875,11,2.8,,
2026-09-19T15:20:29.005Z,X1909261,4712,-15.53968,-47.55046,18049.2,4.2,1.0,43.6,-71.1,12.5,79.6,RS41-SGP,403.502,18.0,-875,11,2.9,,
2026-09-19T15:20:30.005Z,X1909261,4713,-15.53967,-47.55046,18053.1,3.7,1.0,324.4,-71.0,12.7,79.5,RS41-SGP,403.502,18.0,-875,11,2.9,,
2026-09-19T15:20:31.005Z,X1909261,4714,-15.53966,-47.55047,18056.4,2.8,1.7,307.5,-71.0,12.7,79.5,RS41-SGP,403.502,16.7,-875,11,2.9,,
2026-09-19T15:20:32.005Z,X1909261,4715,-15.53965,-47.55048,18059.4,3.4,2.1,329.0,-71.0,12.7,79.4,RS41-SGP,403.502,16.9,-875,11,2.9,,
2026-09-19T15:20:33.005Z,X1909261,4716,-15.53963,-47.55048,18063.5,4.5,2.1,7.6,-70.9,12.5,79.4,RS41-SGP,403.502,16.9,-875,11,2.9,,
2026-09-19T15:20:34.005Z,X1909261,4717,-15.53962,-47.55047,18068.3,5.2,1.8,47.0,-70.8,12.2,79.3,RS41-SGP,403.502,17.4,-875,11,2.9,,
2026-09-19T15:20:35.005Z,X1909261,4718,-15.53961,-47.55046,18073.2,4.7,1.5,106.4,-70.8,12.4,79.3,RS41-SGP,403.502,17.4,-875,11,2.8,,
2026-09-19T15:20:36.005Z,X1909261,4719,-15.53962,-47.55045,18077.5,3.9,2.5,140.6,-70.7,12.3,79.2,RS41-SGP,403.502,16.7,-875,11,2.8,,
2026-09-19T15:20:37.005Z,X1909261,4720,-15.53964,-47.55043,18081.3,3.8,3.1,136.3,-70.6,12.2,79.2,RS41-SGP,403.502,16.7,-875,11,2.9,,
2026-09-19T15:20:38.005Z,X1909261,4721,-15.53966,-47.55041,18085.5,4.6,3.4,114.7,-70.5,11.9,79.1,RS41-SGP,403.502,17.9,-875,11,2.9,,
2026-09-19T15:20:39.005Z,X1909261,4722,-15.53967,-47.55038,18090.2,4.9,3.1,89.5,-70.2,11.2,79.0,RS41-SGP,403.502,18.9,-875,11,2.9,,
2026-09-19T15:20:40.005Z,X1909261,4723,-15.53966,-47.55035,18094.7,4.1,2.2,56.4,-70.6,11.4,79.0,RS41-SGP,403.502,18.9,-875,11,2.9,,
2026-09-19T15:20:41.005Z,X1909261,4724,-15.53965,-47.55034,18098.7,3.9,1.8,2.1,-70.6,11.4,79.0,RS41-SGP,403.502,18.2,-875,11,2.9,,
2026-09-19T15:20:42.005Z,X1909261,4725,-15.53963,-47.55035,18103.0,4.8,1.8,348.5,-70.7,11.5,78.9,RS41-SGP,403.502,17.2,-875,11,2.9,,
2026-09-19T15:20:43.005Z,X1909261,4726,-15.53962,-47.55034,18107.9,5.1,1.7,53.1,-70.7,11.7,78.8,RS41-SGP,403.502,16.9,-875,11,2.9,,
2026-09-19T15:20:44.005Z,X1909261,4727,-15.53961,-47.55032,18112.6,4.1,3.8,92.3,-70.5,12.0,78.8,RS41-SGP,403.502,17.7,-875,11,2.8,,
2026-09-19T15:20:45.005Z,X1909261,4728,-15.53962,-47.55027,18116.4,3.6,6.0,106.9,-70.2,11.7,78.7,RS41-SGP,403.502,18.8,-875,11,2.8,,
2026-09-19T15:20:46.005Z,X1909261,4729,-15.53964,-47.55022,18120.5,4.7,5.8,111.9,-70.1,11.4,78.6,RS41-SGP,403.502,18.8,-875,11,2.9,,
2026-09-19T15:20:47.005Z,X1909261,4730,-15.53965,-47.55018,18125.4,5.0,3.6,104.4,-70.3,11.6,78.6,RS41-SGP,403.502,18.5,-875,11,2.9,,
2026-09-19T15:20:48.005Z,X1909261,4731,-15.53965,-47.55016,18130.0,4.2,2.2,52.8,-70.3,11.6,78.5,RS41-SGP,403.502,17.8,-875,11,2.9,,
2026-09-19T15:20:49.005Z,X1909261,4732,-15.53963,-47.55014,18133.8,3.5,3.5,19.3,-70.2,11.6,78.5,RS41-SGP,403.502,17.4,-875,11,2.9,,
2026-09-19T15:20:50.005Z,X1909261,4733,-15.53960,-47.55013,18137.8,4.5,4.3,25.7,-70.0,11.3,78.4,RS41-SGP,403.502,17.8,-875,11,2.9,,
2026-09-19T15:20:51.005Z,X1909261,4734,-15.53957,-47.55011,18142.4,4.6,4.0,49.1,-69.6,11.0,78.4,RS41-SGP,403.502,17.8,-875,11,2.9,,
2026-09-19T15:20:52.005Z,X1909261,4735,-15.53955,-47.55008,18146.7,4.0,3.5,69.6,-69.3,10.9,78.3,RS41-SGP,403.502,18.2,-875,11,2.8,,
2026-09-19T15:20:53.005Z,X1909261,4736,-15.53954,-47.55005,18150.1,2.9,2.5,74.5,-69.3,11.2,78.3,RS41-SGP,403.502,18.2,-875,11,2.8,,
2026-09-19T15:20:54.005Z,X1909261,4737,-15.53954,-47.55003,18153.2,3.2,1.5,59.2,-69.5,11.6,78.2,RS41-SGP,403.502,17.3,-875,11,2.9,,
2026-09-19T15:20:55.005Z,X1909261,4738,-15.53953,-47.55002,18156.8,4.1,1.4,46.2,-69.7,12.1,78.2,RS41-SGP,403.502,18.2,-875,11,2.9,,
2026-09-19T15:20:56.005Z,X1909261,4739,-15.53952,-47.55001,18161.4,4.9,1.6,50.7,-69.7,12.3,78.1,RS41-SGP,403.502,18.2,-875,11,2.9,,
2026-09-19T15:20:57.005Z,X1909261,4740,-15.53951,-47.55000,18166.5,5.4,1.4,73.4,-69.6,12.0,78.0,RS41-SGP,403.502,17.5,-875,11,2.9,,
2026-09-19T15:20:58.005Z,X1909261,4741,-15.53952,-47.54998,18171.4,4.3,2.1,111.7,-69.3,11.7,78.0,RS41-SGP,403.502,16.6,-875,11,2.9,,
2026-09-19T15:20:59.005Z,X1909261,4742,-15.53953,-47.54996,18175.5,4.1,4.0,119.4,-68.9,11.1,77.9,RS41-SGP,403.502,17.4,-875,11,2.9,,
2026-09-19T15:21:00.005Z,X1909261,4743,-15.53955,-47.54992,18180.0,4.7,5.6,117.5,-68.7,10.8,77.8,RS41-SGP,403.502,18.8,-875,11,2.8,,
2026-09-19T15:21:01.005Z,X1909261,4744,-15.53957,-47.54987,18185.1,5.5,5.5,117.6,-68.5,10.6,77.8,RS41-SGP,403.502,19.2,-875,11,2.8,,
2026-09-19T15:21:02.005Z,X1909261,4745,-15.53960,-47.54984,18190.4,5.2,3.9,129.2,-68.3,10.3,77.7,RS41-SGP,403.502,19.2,-875,11,2.9,,
2026-09-19T15:21:03.005Z,X1909261,4746,-15.53962,-47.54982,18195.1,4.1,2.8,163.1,-68.1,10.1,77.7,RS41-SGP,403.502,18.8,-875,11,2.9,,
2026-09-19T15:21:04.005Z,X1909261,4747,-15.53965,-47.54982,18199.2,4.2,3.3,191.2,-68.2,10.2,77.6,RS41-SGP,403.502,18.0,-875,11,2.9,,
2026-09-19T15:21:05.005Z,X1909261,4748,-15.53968,-47.54982,18203.8,5.1,3.4,179.9,-68.1,10.1,77.6,RS41-SGP,403.502,17.1,-875,11,2.9,,
2026-09-19T15:21:06.005Z,X1909261,4749,-15.53970,-47.54981,18208.9,5.0,3.6,138.4,-67.9,10.0,77.5,RS41-SGP,403.502,17.5,-875,11,2.9,,
2026-09-19T15:21:07.005Z,X1909261,4750,-15.53972,-47.54978,18213.4,4.0,4.9,105.5,-67.8,10.0,77.4,RS41-SGP,403.502,19.5,-875,11,2.9,,
2026-09-19T15:21:08.005Z,X1909261,4751,-15.53973,-47.54973,18217.6,4.4,5.7,90.1,-67.8,10.0,77.4,RS41-SGP,403.502,19.8,-875,11,2.8,,
2026-09-19T15:21:09.005Z,X1909261,4752,-15.53973,-47.54968,18222.4,5.2,4.4,94.6,-68.0,9.9,77.3,RS41-SGP,403.502,19.8,-875,11,2.8,,
2026-09-19T15:21:10.005Z,X1909261,4753,-15.53974,-47.54965,18227.5,5.0,3.2,133.7,-68.0,9.9,77.3,RS41-SGP,403.502,19.3,-875,11,2.9,,
2026-09-19T15:21:11.005Z,X1909261,4754,-15.53977,-47.54963,18232.1,4.3,4.7,166.0,-67.8,9.6,77.2,RS41-SGP,403.502,18.3,-875,11,2.9,,
2026-09-19T15:21:12.005Z,X1909261,4755,-15.53982,-47.54962,18236.7,4.7,6.2,166.3,-68.0,9.8,77.2,RS41-SGP,403.502,17.7,-875,11,2.9,,
2026-09-19T15:21:13.005Z,X1909261,4756,-15.53987,-47.54960,18241.7,5.4,6.3,154.1,-68.2,9.7,77.1,RS41-SGP,403.502,18.5,-875,11,2.9,,
2026-09-19T15:21:14.005Z,X1909261,4757,-15.53992,-47.54957,18246.8,4.8,5.6,140.2,-67.9,9.1,77.0,RS41-SGP,403.502,19.9,-875,11,2.9,,
2026-09-19T15:21:15.005Z,X1909261,4758,-15.53995,-47.54954,18251.2,4.0,5.0,138.3,-67.5,8.8,77.0,RS41-SGP,403.502,19.9,-875,11,2.9,,
2026-09-19T15:21:16.005Z,X1909261,4759,-15.53999,-47.54951,18255.1,3.7,5.4,153.4,-67.5,9.3,76.9,RS41-SGP,403.502,18.7,-875,11,2.8,,
2026-09-19T15:21:17.005Z,X1909261,4760,-15.54004,-47.54949,18259.1,4.3,6.8,159.5,-67.6,10.0,76.9,RS41-SGP,403.502,17.8,-875,11,2.8,,
2026-09-19T15:21:18.005Z,X1909261,4761,-15.54010,-47.54946,18264.0,5.5,7.2,150.6,-67.8,10.6,76.8,RS41-SGP,403.502,17.9,-875,11,2.9,,
2026-09-19T15:21:19.005Z,X1909261,4762,-15.54014,-47.54943,18269.7,5.8,5.7,133.3,-68.1,10.9,76.7,RS41-SGP,403.502,20.0,-875,11,2.9,,
2026-09-19T15:21:20.005Z,X1909261,4763,-15.54017,-47.54939,18275.3,5.6,3.6,116.6,-68.0,10.6,76.7,RS41-SGP,403.502,20.0,-875,11,2.9,,
2026-09-19T15:21:21.005Z,X1909261,4764,-15.54018,-47.54937,18281.1,6.0,1.9,142.4,-68.1,10.6,76.6,RS41-SGP,403.502,19.3,-875,11,2.9,,
2026-09-19T15:21:22.005Z,X1909261,4765,-15.54021,-47.54937,18287.4,6.6,4.1,176.5,-68.3,10.8,76.5,RS41-SGP,403.502,17.5,-875,11,2.9,,
2026-09-19T15:21:23.005Z,X1909261,4766,-15.54026,-47.54935,18293.8,6.4,7.3,161.3,-68.4,10.7,76.4,RS41-SGP,403.502,17.3,-875,11,2.9,,
2026-09-19T15:21:24.005Z,X1909261,4767,-15.54032,-47.54932,18300.0,5.9,9.5,141.1,-68.4,10.8,76.3,RS41-SGP,403.502,19.0,-875,11,2.8,,
2026-09-19T15:21:25.005Z,X1909261,4768,-15.54038,-47.54925,18306.3,6.7,9.3,123.8,-68.7,10.8,76.2,RS41-SGP,403.502,19.8,-875,11,2.8,,
2026-09-19T15:21:26.005Z,X1909261,4769,-15.54042,-47.54919,18313.1,6.8,7.0,123.8,-68.5,10.6,76.2,RS41-SGP,403.502,19.9,-875,11,2.9,,
2026-09-19T15:21:27.005Z,X1909261,4770,-15.54046,-47.54915,18319.0,5.2,6.6,151.2,-68.5,10.8,76.1,RS41-SGP,403.502,19.9,-875,11,2.9,,
2026-09-19T15:21:28.005Z,X1909261,4771,-15.54053,-47.54912,18324.2,5.1,9.7,163.8,-68.3,10.8,76.0,RS41-SGP,403.502,17.9,-875,11,2.9,,
2026-09-19T15:21:29.005Z,X1909261,4772,-15.54062,-47.54908,18330.1,6.7,11.2,151.8,-68.4,10.9,75.9,RS41-SGP,403.502,17.1,-875,11,2.9,,
2026-09-19T15:21:30.005Z,X1909261,4773,-15.54069,-47.54902,18336.7,6.6,9.8,129.8,-68.6,11.1,75.9,RS41-SGP,403.502,19.9,-875,11,2.9,,
2026-09-19T15:21:31.005Z,X1909261,4774,-15.54073,-47.54895,18343.2,6.3,8.1,109.3,-68.9,11.4,75.8,RS41-SGP,403.502,19.9,-875,11,2.9,,
2026-09-19T15:21:32.005Z,X1909261,4775,-15.54076,-47.54889,18350.0,7.4,6.7,117.9,-68.6,10.8,75.7,RS41-SGP,403.502,18.7,-875,12,2.8,,
2026-09-19T15:21:33.005Z,X1909261,4776,-15.54080,-47.54884,18356.4,5.3,8.7,144.8,-68.8,11.0,75.6,RS41-SGP,403.502,18.0,-875,12,2.8,,
2026-09-19T15:21:34.005Z,X1909261,4777,-15.54088,-47.54879,18361.2,4.3,12.1,153.2,-68.4,10.7,75.6,RS41-SGP,403.502,18.0,-875,12,2.9,,
2026-09-19T15:21:35.005Z,X1909261,4778,-15.54098,-47.54873,18366.7,6.9,11.8,145.5,-68.8,11.1,75.5,RS41-SGP,403.502,18.5,-875,12,2.9,,
2026-09-19T15:21:36.005Z,X1909261,4779,-15.54104,-47.54867,18373.1,5.9,7.9,128.0,-69.1,11.2,75.4,RS41-SGP,403.502,20.4,-875,12,2.9,,
2026-09-19T15:21:37.005Z,X1909261,4780,-15.54107,-47.54863,18378.8,5.5,3.9,105.3,-69.0,10.9,75.4,RS41-SGP,403.502,20.4,-875,12,2.9,,
2026-09-19T15:21:38.005Z,X1909261,4781,-15.54109,-47.54861,18385.3,7.5,3.4,167.5,-69.0,10.8,75.3,RS41-SGP,403.502,18.2,-875,12,2.9,,
2026-09-19T15:21:39.005Z,X1909261,4782,-15.54114,-47.54860,18391.5,5.1,8.5,173.9,-69.2,10.8,75.2,RS41-SGP,403.502,17.8,-875,12,2.9,,
2026-09-19T15:21:40.005Z,X1909261,4783,-15.54123,-47.54858,18396.2,4.2,12.7,163.9,-69.3,10.9,75.2,RS41-SGP,403.502,18.5,-875,12,2.8,,
2026-09-19T15:21:41.005Z,X1909261,4784,-15.54134,-47.54853,18400.9,5.3,11.5,150.3,-69.4,10.9,75.1,RS41-SGP,403.502,20.9,-875,12,2.8,,
2026-09-19T15:21:42.005Z,X1909261,4785,-15.54140,-47.54849,18405.5,3.8,7.0,136.3,-68.9,10.0,75.0,RS41-SGP,403.502,21.1,-875,12,2.9,,
2026-09-19T15:21:43.005Z,X1909261,4786,-15.54143,-47.54846,18409.6,4.6,2.3,146.3,-68.7,9.6,75.0,RS41-SGP,403.502,21.1,-875,12,2.9,,
2026-09-19T15:21:44.005Z,X1909261,4787,-15.54147,-47.54845,18415.4,7.0,5.1,187.8,-69.1,10.1,74.9,RS41-SGP,403.502,17.5,-875,11,2.9,,
2026-09-19T15:21:45.005Z,X1909261,4788,-15.54153,-47.54845,18421.8,5.7,9.1,168.8,-69.3,10.4,74.8,RS41-SGP,403.502,16.5,-875,12,2.9,,
2026-09-19T15:21:46.005Z,X1909261,4789,-15.54161,-47.54841,18426.6,4.0,11.7,149.2,-69.3,10.7,74.8,RS41-SGP,403.502,20.4,-875,12,2.9,,
2026-09-19T15:21:47.005Z,X1909261,4790,-15.54169,-47.54835,18431.0,4.8,10.8,130.4,-69.5,11.1,74.7,RS41-SGP,403.502,22.0,-875,12,2.9,,
2026-09-19T15:21:48.005Z,X1909261,4791,-15.54174,-47.54829,18435.9,5.1,6.6,128.9,-69.6,11.0,74.7,RS41-SGP,403.502,22.0,-875,12,2.8,,
2026-09-19T15:21:49.005Z,X1909261,4792,-15.54178,-47.54826,18440.7,4.5,5.1,175.1,-69.6,11.0,74.6,RS41-SGP,403.502,20.5,-875,12,2.8,,
2026-09-19T15:21:50.005Z,X1909261,4793,-15.54185,-47.54826,18445.5,5.1,9.1,183.3,-69.5,11.0,74.5,RS41-SGP,403.502,15.7,-875,12,2.9,,
2026-09-19T15:21:52.005Z,X1909261,4795,-15.54203,-47.54819,18454.6,4.0,11.8,137.9,-69.6,11.0,74.4,RS41-SGP,403.502,19.0,-875,12,2.9,,
2026-09-19T15:21:53.005Z,X1909261,4796,-15.54208,-47.54812,18459.2,5.3,8.4,119.7,-69.8,10.8,74.3,RS41-SGP,403.502,20.3,-875,12,2.9,,
2026-09-19T15:21:54.005Z,X1909261,4797,-15.54212,-47.54808,18464.6,5.4,4.2,151.5,-69.8,10.4,74.3,RS41-SGP,403.502,20.3,-875,12,2.9,,
2026-09-19T15:21:55.005Z,X1909261,4798,-15.54217,-47.54807,18469.9,5.2,8.3,188.0,-69.3,9.6,74.2,RS41-SGP,403.502,17.1,-875,12,2.9,,
2026-09-19T15:21:56.005Z,X1909261,4799,-15.54227,-47.54807,18475.4,5.9,12.5,170.9,-69.4,9.7,74.2,RS41-SGP,403.502,15.6,-875,12,2.8,,
2026-09-19T15:21:57.005Z,X1909261,4800,-15.54237,-47.54803,18481.0,5.2,12.5,146.4,-69.5,9.7,74.1,RS41-SGP,403.502,20.1,-875,12,2.8,,
2026-09-19T15:21:58.005Z,X1909261,4801,-15.54244,-47.54796,18485.8,4.5,9.4,125.5,-69.6,9.8,74.0,RS41-SGP,403.502,20.4,-875,12,2.9,,
2026-09-19T15:21:59.005Z,X1909261,4802,-15.54248,-47.54791,18490.5,4.9,4.6,138.1,-69.8,10.1,74.0,RS41-SGP,403.502,20.4,-875,12,2.9,,
2026-09-19T15:22:00.005Z,X1909261,4803,-15.54253,-47.54790,18495.2,4.7,7.5,186.3,-69.8,10.3,73.9,RS41-SGP,403.502,18.0,-875,12,2.9,,
2026-09-19T15:22:01.005Z,X1909261,4804,-15.54262,-47.54790,18499.9,4.7,12.4,176.1,-69.9,10.5,73.8,RS41-SGP,403.502,15.4,-875,12,2.9,,
2026-09-19T15:22:02.005Z,X1909261,4805,-15.54273,-47.54787,18504.7,5.0,13.0,156.1,-69.9,10.4,73.8,RS41-SGP,403.502,19.2,-875,12,2.9,,
2026-09-19T15:22:03.005Z,X1909261,4806,-15.54281,-47.54782,18509.0,3.7,9.7,137.7,-69.7,10.2,73.7,RS41-SGP,403.502,20.7,-875,12,2.9,,
2026-09-19T15:22:04.005Z,X1909261,4807,-15.54286,-47.54777,18512.6,3.6,4.7,138.0,-70.0,10.4,73.7,RS41-SGP,403.502,20.7,-875,12,2.8,,
2026-09-19T15:22:05.005Z,X1909261,4808,-15.54290,-47.54776,18516.9,4.9,5.8,190.0,-69.9,10.1,73.6,RS41-SGP,403.502,18.4,-875,12,2.8,,
2026-09-19T15:22:06.005Z,X1909261,4809,-15.54298,-47.54777,18521.9,5.1,10.7,180.1,-69.8,10.0,73.6,RS41-SGP,403.502,15.1,-875,12,2.9,,
2026-09-19T15:22:07.005Z,X1909261,4810,-15.54308,-47.54775,18526.9,4.9,12.9,159.0,-70.0,10.3,73.5,RS41-SGP,403.502,18.7,-875,12,2.9,,
2026-09-19T15:22:08.005Z,X1909261,4811,-15.54317,-47.54769,18531.7,4.7,11.0,139.3,-70.0,10.3,73.4,RS41-SGP,403.502,20.8,-875,12,2.9,,
2026-09-19T15:22:09.005Z,X1909261,4812,-15.54323,-47.54763,18536.2,4.3,7.0,134.3,-70.2,10.3,73.4,RS41-SGP,403.502,20.8,-875,12,2.9,,
2026-09-19T15:22:10.005Z,X1909261,4813,-15.54328,-47.54761,18540.5,4.3,5.9,172.0,-70.2,10.3,73.4,RS41-SGP,403.502,19.0,-875,12,2.9,,
2026-09-19T15:22:11.005Z,X1909261,4814,-15.54335,-47.54760,18544.9,4.6,10.3,179.9,-70.2,10.3,73.3,RS41-SGP,403.502,15.7,-875,12,2.9,,
2026-09-19T15:22:12.005Z,X1909261,4815,-15.54346,-47.54759,18549.7,5.1,13.1,163.8,-70.2,10.4,73.3,RS41-SGP,403.502,17.3,-875,12,2.8,,
2026-09-19T15:22:13.005Z,X1909261,4816,-15.54356,-47.54754,18554.8,5.1,12.2,143.8,-70.1,10.2,73.2,RS41-SGP,403.502,20.1,-875,12,2.8,,
2026-09-19T15:22:14.005Z,X1909261,4817,-15.54363,-47.54747,18559.6,4.6,8.5,131.1,-69.9,9.7,73.1,RS41-SGP,403.502,20.5,-875,12,2.9,,
2026-09-19T15:22:15.005Z,X1909261,4818,-15.54367,-47.54743,18564.0,4.4,5.1,153.2,-70.2,9.8,73.1,RS41-SGP,403.502,20.5,-875,12,2.9,,
2026-09-19T15:22:16.005Z,X1909261,4819,-15.54373,-47.54742,18568.6,4.7,8.4,180.5,-69.9,9.2,73.0,RS41-SGP,403.502,17.8,-875,12,2.9,,
2026-09-19T15:22:17.005Z,X1909261,4820,-15.54383,-47.54741,18573.5,5.1,12.5,166.5,-69.9,9.1,73.0,RS41-SGP,403.502,16.2,-875,12,2.9,,
2026-09-19T15:22:18.005Z,X1909261,4821,-15.54393,-47.54736,18578.7,5.4,13.3,144.2,-70.0,9.4,72.9,RS41-SGP,403.502,19.7,-875,12,2.9,,
2026-09-19T15:22:19.005Z,X1909261,4822,-15.54400,-47.54728,18583.9,4.9,10.3,125.6,-70.0,9.4,72.8,RS41-SGP,403.502,20.3,-875,12,2.9,,
2026-09-19T15:22:20.005Z,X1909261,4823,-15.54405,-47.54722,18588.5,4.2,6.0,123.7,-70.2,9.7,72.8,RS41-SGP,403.502,20.3,-875,12,2.8,,
2026-09-19T15:22:21.005Z,X1909261,4824,-15.54409,-47.54719,18592.8,4.5,5.7,167.3,-70.2,9.7,72.7,RS41-SGP,403.502,17.4,-875,12,2.8,,
2026-09-19T15:22:22.005Z,X1909261,4825,-15.54416,-47.54718,18597.4,4.7,10.3,167.1,-70.1,9.8,72.7,RS41-SGP,403.502,14.7,-875,12,2.9,,
2026-09-19T15:22:23.005Z,X1909261,4826,-15.54425,-47.54713,18602.4,5.4,12.8,146.9,-70.0,9.9,72.6,RS41-SGP,403.502,18.6,-875,12,2.9,,
2026-09-19T15:22:24.005Z,X1909261,4827,-15.54433,-47.54705,18607.7,5.3,11.7,123.4,-69.7,9.4,72.5,RS41-SGP,403.502,21.1,-875,12,2.9,,
2026-09-19T15:22:25.005Z,X1909261,4828,-15.54437,-47.54697,18612.6,4.4,8.0,107.0,-69.5,8.9,72.5,RS41-SGP,403.502,21.1,-875,12,2.9,,
2026-09-19T15:22:26.005Z,X1909261,4829,-15.54439,-47.54692,18616.7,4.0,4.2,126.6,-69.0,8.3,72.4,RS41-SGP,403.502,20.3,-875,12,2.9,,
2026-09-19T15:22:27.005Z,X1909261,4830,-15.54443,-47.54690,18620.7,4.0,7.1,162.1,-68.8,8.2,72.4,RS41-SGP,403.502,16.2,-875,12,2.9,,
2026-09-19T15:22:28.005Z,X1909261,4831,-15.54451,-47.54686,18624.9,4.4,11.5,148.3,-69.1,8.6,72.3,RS41-SGP,403.502,16.9,-875,12,2.8,,
2026-09-19T15:22:29.005Z,X1909261,4832,-15.54458,-47.54678,18629.6,5.2,12.7,125.5,-69.3,8.7,72.3,RS41-SGP,403.502,20.0,-875,12,2.8,,
2026-09-19T15:22:30.005Z,X1909261,4833,-15.54463,-47.54669,18635.0,5.7,10.4,105.9,-69.4,8.7,72.2,RS41-SGP,403.502,20.0,-875,12,2.9,,
2026-09-19T15:22:31.005Z,X1909261,4834,-15.54465,-47.54661,18640.2,4.7,6.4,101.2,-69.4,8.7,72.1,RS41-SGP,403.502,20.0,-875,12,2.9,,
2026-09-19T15:22:32.005Z,X1909261,4835,-15.54467,-47.54657,18644.5,4.0,5.1,140.9,-69.3,8.8,72.1,RS41-SGP,403.502,18.5,-875,12,2.9,,
2026-09-19T15:22:33.005Z,X1909261,4836,-15.54473,-47.54653,18648.4,3.9,9.1,152.6,-69.2,9.0,72.0,RS41-SGP,403.502,14.8,-875,12,2.9,,
2026-09-19T15:22:34.005Z,X1909261,4837,-15.54480,-47.54647,18652.7,4.8,12.2,136.2,-68.9,8.8,72.0,RS41-SGP,403.502,18.1,-875,12,2.9,,
2026-09-19T15:22:35.005Z,X1909261,4838,-15.54486,-47.54638,18657.9,5.6,12.1,115.2,-68.6,8.3,72.0,RS41-SGP,403.502,19.6,-875,12,2.9,,
2026-09-19T15:22:36.005Z,X1909261,4839,-15.54489,-47.54629,18663.4,5.6,9.2,98.5,-68.3,7.8,71.9,RS41-SGP,403.502,19.6,-875,12,2.8,,
2026-09-19T15:22:37.005Z,X1909261,4840,-15.54491,-47.54622,18668.3,4.3,5.4,102.6,-68.2,7.6,71.8,RS41-SGP,403.502,19.6,-875,12,2.8,,
2026-09-19T15:22:38.005Z,X1909261,4841,-15.54493,-47.54619,18672.3,3.7,4.7,147.2,-68.3,7.9,71.8,RS41-SGP,403.502,17.6,-875,12,2.9,,
2026-09-19T15:22:39.005Z,X1909261,4842,-15.54498,-47.54616,18676.6,4.9,7.8,151.9,-68.4,8.1,71.7,RS41-SGP,403.502,14.7,-875,12,2.9,,
2026-09-19T15:22:40.005Z,X1909261,4843,-15.54504,-47.54611,18681.8,5.6,9.1,131.9,-68.7,8.6,71.7,RS41-SGP,403.502,16.9,-875,12,2.9,,
2026-09-19T15:22:41.005Z,X1909261,4844,-15.54508,-47.54604,18686.7,4.2,8.8,108.9,-68.8,8.8,71.6,RS41-SGP,403.502,18.2,-875,12,2.9,,
2026-09-19T15:22:42.005Z,X1909261,4845,-15.54509,-47.54596,18690.6,3.7,8.4,89.6,-68.5,8.5,71.5,RS41-SGP,403.502,18.2,-875,12,2.9,,
2026-09-19T15:22:43.005Z,X1909261,4846,-15.54509,-47.54589,18695.2,5.4,8.1,93.1,-68.8,9.1,71.4,RS41-SGP,403.502,17.9,-875,12,2.9,,
2026-09-19T15:22:44.005Z,X1909261,4847,-15.54511,-47.54581,18700.4,5.0,9.5,114.0,-68.9,9.3,71.4,RS41-SGP,403.502,17.7,-875,12,2.8,,
2026-09-19T15:22:45.005Z,X1909261,4848,-15.54516,-47.54572,18705.0,4.3,12.0,124.0,-68.5,8.9,71.4,RS41-SGP,403.502,18.0,-875,12,2.8,,
2026-09-19T15:22:46.005Z,X1909261,4849,-15.54522,-47.54563,18709.4,4.7,12.4,122.3,-68.6,9.0,71.3,RS41-SGP,403.502,19.3,-875,12,2.9,,
2026-09-19T15:22:47.005Z,X1909261,4850,-15.54526,-47.54553,18713.9,4.3,10.0,112.6,-68.9,9.0,71.2,RS41-SGP,403.502,19.3,-875,12,2.9,,
2026-09-19T15:22:48.005Z,X1909261,4851,-15.54529,-47.54546,18717.7,3.5,7.0,98.3,-68.5,8.6,71.2,RS41-SGP,403.502,19.3,-875,12,2.9,,
2026-09-19T15:22:49.005Z,X1909261,4852,-15.54529,-47.54540,18721.6,4.5,4.9,96.5,-68.2,8.2,71.2,RS41-SGP,403.502,18.6,-875,12,2.9,,
2026-09-19T15:22:50.005Z,X1909261,4853,-15.54531,-47.54536,18726.5,5.5,6.3,118.5,-68.5,8.5,71.1,RS41-SGP,403.502,16.6,-875,12,2.9,,
2026-09-19T15:22:51.005Z,X1909261,4854,-15.54535,-47.54529,18731.5,4.6,10.0,123.9,-68.3,8.4,71.1,RS41-SGP,403.502,16.4,-875,12,2.9,,
2026-09-19T15:22:52.005Z,X1909261,4855,-15.54540,-47.54520,18735.7,3.8,13.2,118.8,-68.3,8.3,71.0,RS41-SGP,403.502,18.0,-875,12,2.8,,
2026-09-19T15:22:53.005Z,X1909261,4856,-15.54545,-47.54509,18739.8,4.3,13.9,111.1,-68.8,8.7,71.0,RS41-SGP,403.502,19.6,-875,12,2.8,,
2026-09-19T15:22:54.005Z,X1909261,4857,-15.54549,-47.54497,18744.1,4.4,12.2,108.3,-68.6,8.5,70.9,RS41-SGP,403.502,19.6,-875,12,2.9,,
2026-09-19T15:22:55.005Z,X1909261,4858,-15.54553,-47.54487,18748.0,3.7,10.5,115.9,-68.6,8.6,70.9,RS41-SGP,403.502,18.9,-875,12,2.9,,
2026-09-19T15:22:56.005Z,X1909261,4859,-15.54558,-47.54479,18751.3,3.0,10.7,126.3,-68.8,8.9,70.8,RS41-SGP,403.502,17.9,-875,12,2.9,,
2026-09-19T15:22:57.005Z,X1909261,4860,-15.54564,-47.54471,18754.6,3.6,11.8,126.8,-68.8,8.9,70.8,RS41-SGP,403.502,17.4,-875,12,2.9,,
2026-09-19T15:22:58.005Z,X1909261,4861,-15.54570,-47.54461,18758.6,4.6,12.0,116.8,-68.6,8.6,70.7,RS41-SGP,403.502,19.2,-875,11,2.9,,
2026-09-19T15:22:59.005Z,X1909261,4862,-15.54574,-47.54451,18763.5,5.3,11.2,106.8,-68.8,8.7,70.7,RS41-SGP,403.502,19.2,-875,12,2.9,,
2026-09-19T15:23:00.005Z,X1909261,4863,-15.54576,-47.54442,18768.9,5.7,9.6,106.5,-68.7,8.6,70.6,RS41-SGP,403.502,19.3,-875,12,2.8,,
2026-09-19T15:23:01.005Z,X1909261,4864,-15.54579,-47.54434,18773.8,4.3,8.4,118.5,-68.6,8.6,70.5,RS41-SGP,403.502,19.3,-875,12,2.8,,
2026-09-19T15:23:02.005Z,X1909261,4865,-15.54584,-47.54428,18777.8,3.8,8.0,133.5,-68.7,8.8,70.5,RS41-SGP,403.502,17.5,-875,12,2.9,,
2026-09-19T15:23:03.005Z,X1909261,4866,-15.54589,-47.54423,18782.1,4.8,8.2,133.9,-69.0,9.2,70.4,RS41-SGP,403.502,15.8,-875,12,2.9,,
2026-09-19T15:23:04.005Z,X1909261,4867,-15.54593,-47.54416,18787.1,5.3,8.8,118.8,-68.8,9.2,70.4,RS41-SGP,403.502,16.3,-875,12,2.9,,
2026-09-19T15:23:05.005Z,X1909261,4868,-15.54596,-47.54408,18792.1,4.8,10.6,108.3,-68.8,9.1,70.3,RS41-SGP,403.502,17.4,-875,12,2.9,,
2026-09-19T15:23:06.005Z,X1909261,4869,-15.54600,-47.54398,18796.6,4.4,12.6,107.7,-69.0,9.1,70.3,RS41-SGP,403.502,18.2,-875,12,2.9,,
2026-09-19T15:23:07.005Z,X1909261,4870,-15.54604,-47.54386,18800.9,4.3,13.6,110.8,-69.0,8.8,70.2,RS41-SGP,403.502,18.7,-875,12,2.8,,
2026-09-19T15:23:08.005Z,X1909261,4871,-15.54608,-47.54375,18805.3,4.6,12.9,114.0,-69.2,8.7,70.2,RS41-SGP,403.502,18.7,-875,12,2.9,,
2026-09-19T15:23:09.005Z,X1909261,4872,-15.54612,-47.54364,18809.9,4.7,11.5,110.9,-69.1,8.2,70.1,RS41-SGP,403.502,17.8,-875,12,2.9,,
2026-09-19T15:23:10.005Z,X1909261,4873,-15.54615,-47.54355,18814.4,4.5,10.2,102.5,-69.0,7.7,70.1,RS41-SGP,403.502,18.4,-875,12,2.9,,
2026-09-19T15:23:11.005Z,X1909261,4874,-15.54617,-47.54346,18818.9,4.5,9.6,96.8,-69.0,7.8,70.0,RS41-SGP,403.502,18.6,-875,12,2.8,,
2026-09-19T15:23:12.005Z,X1909261,4875,-15.54618,-47.54337,18823.1,4.1,8.6,96.4,-68.3,7.3,70.0,RS41-SGP,403.502,19.0,-875,12,2.8,,
2026-09-19T15:23:13.005Z,X1909261,4876,-15.54619,-47.54330,18827.0,3.9,7.5,103.2,-68.5,7.5,69.9,RS41-SGP,403.502,19.0,-875,12,2.9,,
2026-09-19T15:23:14.005Z,X1909261,4877,-15.54621,-47.54324,18831.0,4.2,6.7,109.2,-68.9,8.2,69.9,RS41-SGP,403.502,17.7,-875,12,2.9,,
2026-09-19T15:23:15.005Z,X1909261,4878,-15.54623,-47.54317,18835.4,4.8,7.1,110.2,-69.2,8.7,69.8,RS41-SGP,403.502,16.6,-875,12,2.9,,
2026-09-19T15:23:16.005Z,X1909261,4879,-15.54625,-47.54311,18840.2,4.9,8.5,108.6,-69.2,8.9,69.8,RS41-SGP,403.502,17.1,-875,12,2.9,,
2026-09-19T15:23:17.005Z,X1909261,4880,-15.54628,-47.54303,18845.0,4.6,9.8,109.9,-69.2,9.1,69.8,RS41-SGP,403.502,17.7,-875,12,2.9,,
2026-09-19T15:23:18.005Z,X1909261,4881,-15.54631,-47.54294,18849.5,4.4,10.3,115.5,-69.0,9.3,69.7,RS41-SGP,403.502,17.7,-875,12,2.9,,
2026-09-19T15:23:19.005Z,X1909261,4882,-15.54636,-47.54286,18853.9,4.5,10.0,120.1,-69.0,9.6,69.6,RS41-SGP,403.502,17.6,-875,12,2.8,,
2026-09-19T15:23:20.005Z,X1909261,4883,-15.54640,-47.54278,18858.6,4.9,9.3,116.8,-69.2,9.6,69.5,RS41-SGP,403.502,15.8,-875,12,2.8,,
2026-09-19T15:23:21.005Z,X1909261,4884,-15.54642,-47.54270,18863.3,4.4,9.3,102.6,-69.3,9.5,69.5,RS41-SGP,403.502,16.7,-875,12,2.9,,
2026-09-19T15:23:22.005Z,X1909261,4885,-15.54643,-47.54261,18867.2,3.6,10.4,88.0,-69.0,9.1,69.5,RS41-SGP,403.502,18.2,-875,12,2.9,,
2026-09-19T15:23:23.005Z,X1909261,4886,-15.54642,-47.54251,18871.0,4.3,11.3,81.8,-69.2,9.1,69.4,RS41-SGP,403.502,19.1,-875,12,2.9,,
2026-09-19T15:23:24.005Z,X1909261,4887,-15.54641,-47.54241,18875.5,4.8,10.2,86.6,-69.3,8.8,69.3,RS41-SGP,403.502,19.1,-875,12,2.9,,
2026-09-19T15:23:25.005Z,X1909261,4888,-15.54641,-47.54232,18880.0,4.1,8.5,94.6,-68.7,8.0,69.3,RS41-SGP,403.502,19.0,-875,12,2.9,,
2026-09-19T15:23:26.005Z,X1909261,4889,-15.54642,-47.54225,18883.7,3.4,7.2,96.4,-68.9,7.9,69.3,RS41-SGP,403.502,17.9,-875,12,2.9,,
2026-09-19T15:23:27.005Z,X1909261,4890,-15.54642,-47.54218,18887.2,3.8,7.0,90.1,-69.3,8.1,69.2,RS41-SGP,403.502,17.5,-875,12,2.8,,
2026-09-19T15:23:28.005Z,X1909261,4891,-15.54642,-47.54211,18891.5,4.8,7.8,86.0,-69.5,8.4,69.2,RS41-SGP,403.502,18.1,-875,12,2.8,,
2026-09-19T15:23:29.005Z,X1909261,4892,-15.54642,-47.54204,18896.6,5.6,8.3,92.6,-68.9,7.6,69.1,RS41-SGP,403.502,18.1,-875,12,2.9,,
2026-09-19T15:23:30.005Z,X1909261,4893,-15.54643,-47.54196,18902.0,5.1,8.2,105.6,-68.9,7.8,69.0,RS41-SGP,403.502,17.9,-875,12,2.9,,
2026-09-19T15:23:31.005Z,X1909261,4894,-15.54646,-47.54189,18906.7,4.4,8.4,115.4,-69.0,8.1,69.0,RS41-SGP,403.502,17.9,-875,12,2.9,,
2026-09-19T15:23:32.005Z,X1909261,4895,-15.54649,-47.54182,18911.3,4.8,8.5,112.1,-69.2,8.4,68.9,RS41-SGP,403.502,17.1,-875,12,2.9,,
2026-09-19T15:23:33.005Z,X1909261,4896,-15.54651,-47.54174,18916.1,4.8,8.8,94.5,-69.5,8.5,68.9,RS41-SGP,403.502,18.3,-875,12,2.9,,
2026-09-19T15:23:34.005Z,X1909261,4897,-15.54650,-47.54166,18920.7,4.5,9.4,76.6,-69.4,8.1,68.9,RS41-SGP,403.502,19.5,-875,12,2.9,,
2026-09-19T15:23:35.005Z,X1909261,4898,-15.54647,-47.54158,18925.2,4.6,9.2,68.5,-68.9,7.6,68.7,RS41-SGP,403.502,19.5,-875,12,2.8,,
2026-09-19T15:23:36.005Z,X1909261,4899,-15.54645,-47.54150,18929.6,4.4,7.5,71.7,-69.2,8.0,68.7,RS41-SGP,403.502,18.8,-875,12,2.8,,
2026-09-19T15:23:37.005Z,X1909261,4900,-15.54644,-47.54144,18933.7,3.8,5.8,87.3,-69.5,8.6,68.7,RS41-SGP,403.502,18.6,-875,12,2.9,,
2026-09-19T15:23:38.005Z,X1909261,4901,-15.54644,-47.54139,18937.7,4.3,5.6,102.3,-69.6,9.0,68.7,RS41-SGP,403.502,17.5,-875,12,2.9,,
2026-09-19T15:23:39.005Z,X1909261,4902,-15.54645,-47.54133,18942.2,4.7,6.6,94.9,-69.6,9.2,68.6,RS41-SGP,403.502,16.9,-875,12,2.9,,
2026-09-19T15:23:40.005Z,X1909261,4903,-15.54645,-47.54127,18946.8,4.4,8.3,81.7,-69.4,9.0,68.5,RS41-SGP,403.502,18.1,-875,12,2.9,,
2026-09-19T15:23:41.005Z,X1909261,4904,-15.54643,-47.54119,18951.3,4.6,9.4,76.7,-69.2,8.8,68.5,RS41-SGP,403.502,18.4,-875,12,2.9,,
2026-09-19T15:23:42.005Z,X1909261,4905,-15.54642,-47.54110,18955.7,4.3,9.2,85.3,-69.2,8.9,68.4,RS41-SGP,403.502,18.4,-875,12,2.8,,
2026-09-19T15:23:43.005Z,X1909261,4906,-15.54642,-47.54102,18959.7,3.7,8.8,99.9,-68.5,8.1,68.4,RS41-SGP,403.502,18.2,-875,12,2.8,,
2026-09-19T15:23:44.005Z,X1909261,4907,-15.54644,-47.54094,18963.8,4.5,8.5,107.7,-68.8,8.4,68.3,RS41-SGP,403.502,18.2,-875,12,2.9,,
2026-09-19T15:23:45.005Z,X1909261,4908,-15.54646,-47.54086,18968.4,4.8,8.0,95.9,-68.9,8.1,68.3,RS41-SGP,403.502,18.9,-875,12,2.9,,
2026-09-19T15:23:46.005Z,X1909261,4909,-15.54645,-47.54079,18972.7,3.8,8.0,76.4,-69.1,7.8,68.2,RS41-SGP,403.502,19.1,-875,12,2.9,,
2026-09-19T15:23:47.005Z,X1909261,4910,-15.54643,-47.54072,18976.6,4.0,7.4,64.4,-69.1,7.5,68.2,RS41-SGP,403.502,19.3,-875,12,2.9,,
2026-09-19T15:23:48.005Z,X1909261,4911,-15.54641,-47.54067,18980.7,4.2,5.5,75.5,-69.0,7.2,68.1,RS41-SGP,403.502,19.3,-875,12,2.9,,
2026-09-19T15:23:49.005Z,X1909261,4912,-15.54641,-47.54062,18984.9,4.4,5.4,107.2,-69.2,7.3,68.1,RS41-SGP,403.502,18.0,-875,12,2.9,,
2026-09-19T15:23:50.005Z,X1909261,4913,-15.54643,-47.54056,18989.9,5.6,7.8,110.3,-69.2,7.3,68.0,RS41-SGP,403.502,17.2,-875,12,2.8,,
2026-09-19T15:23:51.005Z,X1909261,4914,-15.54644,-47.54048,18995.3,5.2,10.0,96.2,-69.4,7.5,68.0,RS41-SGP,403.502,19.4,-875,12,2.8,,
2026-09-19T15:23:52.005Z,X1909261,4915,-15.54644,-47.54039,19000.2,4.6,10.8,80.3,-69.4,7.5,67.9,RS41-SGP,403.502,19.8,-875,12,2.9,,
2026-09-19T15:23:53.005Z,X1909261,4916,-15.54642,-47.54029,19004.8,4.7,9.6,68.7,-69.6,7.7,67.8,RS41-SGP,403.502,19.8,-875,12,2.9,,
2026-09-19T15:23:54.005Z,X1909261,4917,-15.54639,-47.54022,19009.5,4.8,7.1,70.7,-69.6,8.0,67.8,RS41-SGP,403.502,19.0,-875,12,2.9,,
2026-09-19T15:23:55.005Z,X1909261,4918,-15.54638,-47.54016,19014.4,4.9,5.7,94.9,-69.4,7.9,67.7,RS41-SGP,403.502,17.8,-875,12,2.9,,
2026-09-19T15:23:56.005Z,X1909261,4919,-15.54639,-47.54011,19019.1,4.6,7.3,106.4,-69.5,8.4,67.7,RS41-SGP,403.502,16.7,-875,12,2.9,,
2026-09-19T15:23:57.005Z,X1909261,4920,-15.54641,-47.54003,19023.0,3.3,8.8,96.4,-69.1,8.4,67.6,RS41-SGP,403.502,18.5,-875,12,2.9,,
2026-09-19T15:23:58.005Z,X1909261,4921,-15.54641,-47.53995,19025.9,2.4,9.1,80.6,-69.2,8.5,67.6,RS41-SGP,403.502,18.6,-875,12,2.8,,
2026-09-19T15:23:59.005Z,X1909261,4922,-15.54638,-47.53987,19028.8,3.5,8.2,66.8,-69.5,8.8,67.6,RS41-SGP,403.502,18.6,-875,12,2.8,,
2026-09-19T15:24:00.005Z,X1909261,4923,-15.54636,-47.53981,19032.7,4.2,6.4,69.5,-69.5,8.9,67.5,RS41-SGP,403.502,18.5,-875,12,2.9,,
2026-09-19T15:24:01.005Z,X1909261,4924,-15.54635,-47.53976,19037.5,5.3,5.6,85.0,-69.6,8.9,67.5,RS41-SGP,403.502,18.1,-875,12,2.9,,
2026-09-19T15:24:02.005Z,X1909261,4925,-15.54635,-47.53970,19042.7,5.1,6.6,90.6,-69.5,8.7,67.4,RS41-SGP,403.502,17.0,-875,12,2.9,,
2026-09-19T15:24:03.005Z,X1909261,4926,-15.54634,-47.53963,19047.1,3.7,8.2,87.5,-69.5,8.3,67.4,RS41-SGP,403.502,18.8,-875,12,2.9,,
2026-09-19T15:24:04.005Z,X1909261,4927,-15.54634,-47.53955,19050.7,3.5,9.4,85.3,-69.4,8.0,67.3,RS41-SGP,403.502,18.9,-875,12,2.9,,
2026-09-19T15:24:05.005Z,X1909261,4928,-15.54633,-47.53946,19054.5,4.0,9.1,86.5,-69.5,7.9,67.3,RS41-SGP,403.502,18.9,-875,12,2.8,,
2026-09-19T15:24:06.005Z,X1909261,4929,-15.54633,-47.53938,19058.7,4.4,8.3,91.0,-69.4,7.6,67.2,RS41-SGP,403.502,19.1,-875,12,2.8,,
2026-09-19T15:24:07.005Z,X1909261,4930,-15.54633,-47.53931,19063.4,4.9,7.4,92.9,-69.3,7.3,67.2,RS41-SGP,403.502,19.1,-875,12,2.9,,
2026-09-19T15:24:08.005Z,X1909261,4931,-15.54633,-47.53925,19068.0,4.2,6.4,86.0,-69.1,7.0,67.2,RS41-SGP,403.502,18.8,-875,12,2.9,,
2026-09-19T15:24:09.005Z,X1909261,4932,-15.54632,-47.53919,19072.1,4.2,5.3,69.3,-69.4,7.2,67.2,RS41-SGP,403.502,18.8,-875,12,2.9,,
2026-09-19T15:24:10.005Z,X1909261,4933,-15.54631,-47.53915,19076.7,4.9,4.6,65.2,-69.2,7.2,67.2,RS41-SGP,403.502,18.7,-875,12,2.9,,
2026-09-19T15:24:11.005Z,X1909261,4934,-15.54629,-47.53911,19081.7,5.2,4.5,83.1,-68.9,7.0,67.0,RS41-SGP,403.502,17.0,-875,12,2.9,,
2026-09-19T15:24:12.005Z,X1909261,4935,-15.54630,-47.53906,19086.5,4.4,6.1,101.1,-69.1,7.5,67.0,RS41-SGP,403.502,16.5,-875,12,2.9,,
2026-09-19T15:24:13.005Z,X1909261,4936,-15.54631,-47.53900,19090.6,3.8,8.1,106.2,-69.1,7.9,66.9,RS41-SGP,403.502,18.4,-875,12,2.8,,
2026-09-19T15:24:14.005Z,X1909261,4937,-15.54633,-47.53892,19094.9,4.8,8.9,103.7,-69.2,8.2,66.8,RS41-SGP,403.502,19.0,-875,12,2.8,,
2026-09-19T15:24:15.005Z,X1909261,4938,-15.54635,-47.53885,19100.1,5.6,7.2,97.4,-68.8,7.9,66.8,RS41-SGP,403.502,19.0,-875,12,2.9,,
2026-09-19T15:24:16.005Z,X1909261,4939,-15.54635,-47.53879,19105.1,4.5,4.5,87.0,-68.3,7.4,66.7,RS41-SGP,403.502,18.6,-875,12,2.9,,
2026-09-19T15:24:17.005Z,X1909261,4940,-15.54635,-47.53876,19109.2,3.6,1.8,66.6,-68.5,7.6,66.7,RS41-SGP,403.502,18.6,-875,12,2.9,,
2026-09-19T15:24:18.005Z,X1909261,4941,-15.54634,-47.53875,19113.0,4.0,0.9,27.5,-68.6,7.5,66.7,RS41-SGP,403.502,16.8,-875,12,2.9,,
2026-09-19T15:24:19.005Z,X1909261,4942,-15.54633,-47.53875,19117.3,4.7,1.7,85.1,-68.7,7.4,66.6,RS41-SGP,403.502,17.0,-875,12,2.9,,
2026-09-19T15:24:20.005Z,X1909261,4943,-15.54634,-47.53872,19122.2,5.0,3.5,101.4,-68.0,6.6,66.5,RS41-SGP,403.502,17.1,-875,12,2.8,,
2026-09-19T15:24:21.005Z,X1909261,4944,-15.54635,-47.53869,19126.9,4.6,4.5,105.5,-67.9,6.5,66.5,RS41-SGP,403.502,17.2,-875,12,2.8,,
2026-09-19T15:24:22.005Z,X1909261,4945,-15.54636,-47.53865,19130.9,3.5,4.6,112.9,-67.9,6.3,66.4,RS41-SGP,403.502,17.2,-875,12,2.9,,
2026-09-19T15:24:23.005Z,X1909261,4946,-15.54638,-47.53861,19134.4,3.5,4.3,121.1,-67.8,6.4,66.4,RS41-SGP,403.502,17.2,-875,12,2.9,,
2026-09-19T15:24:24.005Z,X1909261,4947,-15.54640,-47.53858,19138.2,4.0,3.8,123.1,-68.1,7.0,66.4,RS41-SGP,403.502,17.2,-875,12,2.9,,
2026-09-19T15:24:25.005Z,X1909261,4948,-15.54641,-47.53855,19142.7,5.0,3.3,118.3,-68.2,7.3,66.3,RS41-SGP,403.502,17.1,-875,12,2.9,,
2026-09-19T15:24:26.005Z,X1909261,4949,-15.54642,-47.53853,19147.7,5.1,2.1,112.1,-68.1,7.4,66.2,RS41-SGP,403.502,18.2,-875,12,2.9,,
2026-09-19T15:24:27.005Z,X1909261,4950,-15.54643,-47.53851,19152.4,4.4,0.5,89.9,-68.1,7.6,66.2,RS41-SGP,403.502,18.2,-875,12,2.9,,
2026-09-19T15:24:28.005Z,X1909261,4951,-15.54642,-47.53852,19156.6,4.0,1.2,307.9,-67.7,7.2,66.2,RS41-SGP,403.502,16.6,-875,12,2.8,,
2026-09-19T15:24:29.005Z,X1909261,4952,-15.54642,-47.53853,19160.8,4.4,1.6,298.1,-67.3,6.8,66.1,RS41-SGP,403.502,15.6,-875,12,2.8,,
2026-09-19T15:24:30.005Z,X1909261,4953,-15.54641,-47.53854,19165.4,4.9,1.0,280.6,-67.2,6.6,66.1,RS41-SGP,403.502,15.9,-875,12,2.9,,
2026-09-19T15:24:31.005Z,X1909261,4954,-15.54641,-47.53854,19170.2,4.7,0.8,187.5,-67.4,6.8,66.0,RS41-SGP,403.502,16.1,-875,12,2.9,,
2026-09-19T15:24:32.005Z,X1909261,4955,-15.54642,-47.53854,19174.3,3.6,1.9,143.3,-67.5,6.9,66.0,RS41-SGP,403.502,17.1,-875,12,2.9,,
2026-09-19T15:24:33.005Z,X1909261,4956,-15.54644,-47.53852,19177.9,3.6,3.0,129.8,-67.3,6.8,65.9,RS41-SGP,403.502,17.1,-875,12,2.9,,
2026-09-19T15:24:34.005Z,X1909261,4957,-15.54646,-47.53850,19181.9,4.3,2.8,123.9,-66.8,6.4,65.9,RS41-SGP,403.502,17.4,-875,12,2.9,,
2026-09-19T15:24:35.005Z,X1909261,4958,-15.54647,-47.53849,19186.5,5.0,1.4,124.0,-66.7,6.2,65.8,RS41-SGP,403.502,17.5,-875,12,2.8,,
2026-09-19T15:24:36.005Z,X1909261,4959,-15.54647,-47.53848,19191.2,4.5,0.4,318.5,-66.7,6.1,65.8,RS41-SGP,403.502,17.5,-875,12,2.8,,
2026-09-19T15:24:37.005Z,X1909261,4960,-15.54646,-47.53849,19195.2,3.5,2.2,315.1,-67.3,6.3,65.8,RS41-SGP,403.502,17.4,-875,12,2.9,,
2026-09-19T15:24:39.005Z,X1909261,4962,-15.54642,-47.53853,19203.8,5.2,3.0,311.2,-67.5,6.3,65.6,RS41-SGP,403.502,14.1,-875,12,2.9,,
2026-09-19T15:24:40.005Z,X1909261,4963,-15.54641,-47.53855,19209.0,5.2,1.3,289.4,-67.4,6.2,65.6,RS41-SGP,403.502,16.3,-875,12,2.9,,
2026-09-19T15:24:41.005Z,X1909261,4964,-15.54641,-47.53856,19213.7,4.1,1.0,199.2,-67.1,6.1,65.5,RS41-SGP,403.502,16.7,-875,12,2.9,,
2026-09-19T15:24:42.005Z,X1909261,4965,-15.54643,-47.53856,19217.7,4.0,2.0,172.5,-66.8,5.9,65.5,RS41-SGP,403.502,17.6,-875,12,2.9,,
2026-09-19T15:24:43.005Z,X1909261,4966,-15.54644,-47.53855,19221.9,4.4,1.9,178.2,-66.9,6.2,65.4,RS41-SGP,403.502,17.6,-875,12,2.8,,
2026-09-19T15:24:44.005Z,X1909261,4967,-15.54646,-47.53856,19226.4,4.7,0.9,213.0,-67.1,6.5,65.4,RS41-SGP,403.502,16.7,-875,12,2.8,,
2026-09-19T15:24:45.005Z,X1909261,4968,-15.54645,-47.53856,19231.1,4.6,1.1,317.6,-67.0,6.4,65.3,RS41-SGP,403.502,16.9,-875,12,2.9,,
2026-09-19T15:24:46.005Z,X1909261,4969,-15.54644,-47.53857,19235.1,3.4,2.5,347.0,-67.0,6.6,65.3,RS41-SGP,403.502,17.0,-875,12,2.9,,
2026-09-19T15:24:47.005Z,X1909261,4970,-15.54641,-47.53857,19238.4,3.4,3.6,357.1,-66.3,6.3,65.3,RS41-SGP,403.502,17.0,-875,12,2.9,,
2026-09-19T15:24:48.005Z,X1909261,4971,-15.54638,-47.53857,19242.2,4.1,3.2,5.6,-65.7,5.9,65.2,RS41-SGP,403.502,17.1,-875,12,2.9,,
2026-09-19T15:24:49.005Z,X1909261,4972,-15.54636,-47.53857,19246.6,4.8,1.8,21.3,-65.9,6.1,65.2,RS41-SGP,403.502,17.1,-875,12,2.9,,
2026-09-19T15:24:50.005Z,X1909261,4973,-15.54635,-47.53856,19251.4,4.7,0.8,72.6,-66.1,6.4,65.1,RS41-SGP,403.502,17.8,-875,12,2.8,,
2026-09-19T15:24:51.005Z,X1909261,4974,-15.54636,-47.53855,19255.7,4.0,1.5,147.7,-65.7,6.2,65.1,RS41-SGP,403.502,17.8,-875,12,2.8,,
2026-09-19T15:24:52.005Z,X1909261,4975,-15.54637,-47.53855,19259.6,3.7,2.5,168.9,-65.1,5.7,65.0,RS41-SGP,403.502,17.0,-875,12,2.9,,
2026-09-19T15:24:53.005Z,X1909261,4976,-15.54640,-47.53854,19263.4,4.0,2.6,175.8,-64.7,5.5,65.0,RS41-SGP,403.502,17.0,-875,12,2.9,,
2026-09-19T15:24:54.005Z,X1909261,4977,-15.54642,-47.53854,19267.6,4.2,1.9,166.0,-64.4,5.3,64.9,RS41-SGP,403.502,17.0,-875,12,2.9,,
2026-09-19T15:24:55.005Z,X1909261,4978,-15.54643,-47.53854,19271.9,4.3,1.1,125.0,-64.4,5.3,64.9,RS41-SGP,403.502,17.6,-875,12,2.9,,
2026-09-19T15:24:56.005Z,X1909261,4979,-15.54643,-47.53853,19276.1,4.1,1.3,75.5,-65.2,5.9,64.9,RS41-SGP,403.502,17.8,-875,12,2.9,,
2026-09-19T15:24:57.005Z,X1909261,4980,-15.54642,-47.53851,19280.1,4.0,1.5,50.4,-65.6,6.3,64.8,RS41-SGP,403.502,17.8,-875,12,2.9,,
2026-09-19T15:24:58.005Z,X1909261,4981,-15.54641,-47.53851,19284.1,3.9,1.3,0.5,-65.7,6.5,64.8,RS41-SGP,403.502,18.7,-875,12,2.8,,
2026-09-19T15:24:59.005Z,X1909261,4982,-15.54640,-47.53852,19288.0,3.9,2.1,305.8,-65.4,6.3,64.7,RS41-SGP,403.502,18.7,-875,12,2.8,,
2026-09-19T15:25:00.005Z,X1909261,4983,-15.54639,-47.53854,19292.1,4.3,3.1,278.2,-65.4,6.4,64.7,RS41-SGP,403.502,17.9,-875,12,2.9,,
2026-09-19T15:25:01.005Z,X1909261,4984,-15.54639,-47.53857,19296.6,4.7,3.2,256.4,-65.3,6.3,64.6,RS41-SGP,403.502,16.0,-875,12,2.9,,
2026-09-19T15:25:02.005Z,X1909261,4985,-15.54641,-47.53859,19301.0,4.1,3.1,224.6,-65.2,6.1,64.6,RS41-SGP,403.502,16.9,-875,12,2.9,,
2026-09-19T15:25:03.005Z,X1909261,4986,-15.54643,-47.53861,19304.8,3.3,3.6,200.3,-64.8,6.0,64.5,RS41-SGP,403.502,17.3,-875,12,2.9,,
2026-09-19T15:25:04.005Z,X1909261,4987,-15.54647,-47.53862,19308.3,3.7,4.0,197.6,-64.3,5.6,64.5,RS41-SGP,403.502,17.3,-875,12,2.9,,
2026-09-19T15:25:05.005Z,X1909261,4988,-15.54650,-47.53864,19312.3,4.3,3.7,216.1,-64.0,5.3,64.5,RS41-SGP,403.502,16.9,-875,12,2.8,,
2026-09-19T15:25:06.005Z,X1909261,4989,-15.54652,-47.53866,19316.8,4.7,3.2,245.0,-64.1,5.2,64.4,RS41-SGP,403.502,16.3,-875,12,2.8,,
2026-09-19T15:25:07.005Z,X1909261,4990,-15.54652,-47.53868,19321.5,4.6,2.5,273.4,-64.5,5.5,64.4,RS41-SGP,403.502,16.0,-875,12,2.9,,
2026-09-19T15:25:08.005Z,X1909261,4991,-15.54652,-47.53870,19325.7,3.9,1.3,317.5,-64.8,5.8,64.3,RS41-SGP,403.502,17.8,-875,12,2.9,,
2026-09-19T15:25:09.005Z,X1909261,4992,-15.54651,-47.53870,19329.3,3.5,1.4,22.9,-64.6,5.8,64.3,RS41-SGP,403.502,18.4,-875,12,2.9,,
2026-09-19T15:25:10.005Z,X1909261,4993,-15.54649,-47.53870,19333.2,4.3,1.2,5.6,-64.9,6.1,64.3,RS41-SGP,403.502,18.4,-875,12,2.9,,
2026-09-19T15:25:11.005Z,X1909261,4994,-15.54648,-47.53871,19337.7,4.6,2.2,299.5,-64.9,6.2,64.2,RS41-SGP,403.502,18.4,-875,12,2.9,,
2026-09-19T15:25:12.005Z,X1909261,4995,-15.54648,-47.53873,19342.3,4.5,3.6,279.3,-64.9,6.3,64.2,RS41-SGP,403.502,17.3,-875,12,2.9,,
2026-09-19T15:25:13.005Z,X1909261,4996,-15.54648,-47.53876,19346.5,3.9,3.6,258.9,-64.9,6.3,64.1,RS41-SGP,403.502,16.8,-875,12,2.8,,
2026-09-19T15:25:14.005Z,X1909261,4997,-15.54649,-47.53879,19350.2,3.5,3.3,224.3,-64.5,6.0,64.1,RS41-SGP,403.502,17.5,-875,12,2.8,,
2026-09-19T15:25:15.005Z,X1909261,4998,-15.54651,-47.53881,19354.1,4.4,3.2,207.7,-64.7,6.2,64.0,RS41-SGP,403.502,18.0,-875,12,2.9,,
2026-09-19T15:25:16.005Z,X1909261,4999,-15.54653,-47.53883,19358.9,5.1,2.6,235.2,-65.0,6.3,64.0,RS41-SGP,403.502,18.0,-875,12,2.9,,
2026-09-19T15:25:17.005Z,X1909261,5000,-15.54654,-47.53885,19363.9,4.9,3.4,281.0,-64.6,5.8,63.9,RS41-SGP,403.502,16.8,-875,12,2.9,,
2026-09-19T15:25:18.005Z,X1909261,5001,-15.54652,-47.53888,19368.6,4.6,4.0,303.7,-64.8,5.9,63.9,RS41-SGP,403.502,16.3,-875,12,2.9,,
2026-09-19T15:25:19.005Z,X1909261,5002,-15.54651,-47.53891,19373.0,4.3,2.6,322.0,-64.9,6.0,63.8,RS41-SGP,403.502,17.1,-875,12,2.9,,
2026-09-19T15:25:20.005Z,X1909261,5003,-15.54649,-47.53891,19377.1,3.9,0.3,1.1,-64.9,6.0,63.8,RS41-SGP,403.502,18.4,-875,12,2.8,,
2026-09-19T15:25:21.005Z,X1909261,5004,-15.54650,-47.53891,19381.1,4.1,1.9,185.4,-65.0,6.2,63.7,RS41-SGP,403.502,18.4,-875,12,2.8,,
2026-09-19T15:25:22.005Z,X1909261,5005,-15.54652,-47.53892,19385.3,4.2,3.5,220.0,-65.1,6.2,63.7,RS41-SGP,403.502,18.2,-875,12,2.9,,
2026-09-19T15:25:23.005Z,X1909261,5006,-15.54654,-47.53895,19389.7,4.7,4.3,251.1,-65.3,6.1,63.7,RS41-SGP,403.502,16.8,-875,12,2.9,,
2026-09-19T15:25:24.005Z,X1909261,5007,-15.54654,-47.53899,19394.4,4.7,4.1,283.7,-64.7,5.5,63.6,RS41-SGP,403.502,16.6,-875,12,2.9,,
2026-09-19T15:25:25.005Z,X1909261,5008,-15.54652,-47.53902,19398.8,4.1,3.8,321.8,-64.5,5.4,63.6,RS41-SGP,403.502,18.3,-875,12,2.9,,
2026-09-19T15:25:26.005Z,X1909261,5009,-15.54649,-47.53904,19402.8,4.0,4.0,344.2,-64.9,5.7,63.5,RS41-SGP,403.502,19.0,-875,12,2.9,,
2026-09-19T15:25:27.005Z,X1909261,5010,-15.54646,-47.53905,19406.8,4.1,3.8,334.9,-65.1,6.0,63.5,RS41-SGP,403.502,19.0,-875,12,2.9,,
2026-09-19T15:25:28.005Z,X1909261,5011,-15.54643,-47.53907,19410.6,3.6,4.0,308.0,-65.2,6.1,63.4,RS41-SGP,403.502,18.4,-875,12,2.8,,
2026-09-19T15:25:29.005Z,X1909261,5012,-15.54641,-47.53910,19414.2,3.5,4.4,296.3,-64.8,6.0,63.4,RS41-SGP,403.502,16.5,-875,12,2.8,,
2026-09-19T15:25:30.005Z,X1909261,5013,-15.54639,-47.53914,19417.6,3.3,3.5,307.2,-63.9,5.3,63.4,RS41-SGP,403.502,15.9,-875,12,2.9,,
2026-09-19T15:25:31.005Z,X1909261,5014,-15.54637,-47.53915,19420.8,3.1,2.5,351.8,-63.9,5.4,63.4,RS41-SGP,403.502,17.2,-875,12,2.9,,
2026-09-19T15:25:32.005Z,X1909261,5015,-15.54635,-47.53915,19424.5,4.4,2.4,24.4,-64.5,5.7,63.3,RS41-SGP,403.502,18.0,-875,12,2.9,,
2026-09-19T15:25:33.005Z,X1909261,5016,-15.54634,-47.53914,19429.6,5.7,1.5,355.4,-64.8,5.9,63.3,RS41-SGP,403.502,18.4,-875,12,2.9,,
2026-09-19T15:25:34.005Z,X1909261,5017,-15.54633,-47.53915,19435.3,5.7,2.5,291.9,-65.0,5.9,63.2,RS41-SGP,403.502,18.4,-875,12,2.9,,
2026-09-19T15:25:35.005Z,X1909261,5018,-15.54632,-47.53918,19440.4,4.4,3.9,275.9,-65.1,6.0,63.1,RS41-SGP,403.502,17.3,-875,12,2.8,,
2026-09-19T15:25:36.005Z,X1909261,5019,-15.54632,-47.53922,19444.0,2.9,4.3,263.5,-65.2,6.2,63.1,RS41-SGP,403.502,16.3,-875,12,2.8,,
2026-09-19T15:25:37.005Z,X1909261,5020,-15.54633,-47.53926,19447.3,3.6,3.8,250.6,-64.6,5.8,63.1,RS41-SGP,403.502,16.3,-875,12,2.9,,
2026-09-19T15:25:38.005Z,X1909261,5021,-15.54634,-47.53929,19451.1,4.1,3.0,252.5,-64.8,6.0,63.0,RS41-SGP,403.502,16.5,-875,12,2.9,,
2026-09-19T15:25:39.005Z,X1909261,5022,-15.54634,-47.53932,19455.7,5.1,3.0,266.1,-65.0,6.0,63.0,RS41-SGP,403.502,16.5,-875,12,2.9,,
2026-09-19T15:25:42.005Z,X1909261,5025,-15.54633,-47.53939,19469.8,4.5,1.7,311.3,-65.0,5.8,62.8,RS41-SGP,403.502,16.3,-875,12,2.8,,
2026-09-19T15:25:43.005Z,X1909261,5026,-15.54632,-47.53940,19474.7,5.3,1.2,322.0,-65.2,5.8,62.8,RS41-SGP,403.502,17.4,-875,12,2.8,,
2026-09-19T15:25:44.005Z,X1909261,5027,-15.54631,-47.53941,19480.0,5.2,2.1,280.0,-65.3,5.9,62.7,RS41-SGP,403.502,17.4,-875,12,2.9,,
2026-09-19T15:25:45.005Z,X1909261,5028,-15.54631,-47.53944,19484.7,4.4,4.6,265.5,-65.2,5.8,62.7,RS41-SGP,403.502,17.3,-875,12,2.9,,
2026-09-19T15:25:46.005Z,X1909261,5029,-15.54632,-47.53950,19488.9,4.1,6.6,260.3,-65.3,5.8,62.6,RS41-SGP,403.502,16.1,-875,12,2.9,,
2026-09-19T15:25:47.005Z,X1909261,5030,-15.54633,-47.53956,19493.3,4.7,6.6,258.3,-65.4,5.8,62.6,RS41-SGP,403.502,14.3,-875,12,2.9,,
2026-09-19T15:25:48.005Z,X1909261,5031,-15.54634,-47.53961,19498.3,5.3,4.6,259.2,-65.4,5.7,62.5,RS41-SGP,403.502,14.6,-875,12,2.9,,
2026-09-19T15:25:49.005Z,X1909261,5032,-15.54634,-47.53964,19503.3,4.6,2.5,273.1,-65.4,5.5,62.5,RS41-SGP,403.502,16.5,-875,12,2.9,,
2026-09-19T15:25:50.005Z,X1909261,5033,-15.54634,-47.53966,19507.6,3.9,1.6,320.8,-65.4,5.5,62.4,RS41-SGP,403.502,17.3,-875,12,2.8,,
2026-09-19T15:25:51.005Z,X1909261,5034,-15.54632,-47.53966,19511.5,4.0,1.7,332.8,-65.6,5.5,62.4,RS41-SGP,403.502,17.3,-875,12,2.8,,
2026-09-19T15:25:52.005Z,X1909261,5035,-15.54631,-47.53968,19515.6,4.2,1.6,290.0,-65.6,5.6,62.4,RS41-SGP,403.502,17.2,-875,12,2.9,,
2026-09-19T15:25:53.005Z,X1909261,5036,-15.54632,-47.53969,19519.9,4.3,2.6,247.8,-65.3,5.4,62.3,RS41-SGP,403.502,17.2,-875,12,2.9,,
2026-09-19T15:25:54.005Z,X1909261,5037,-15.54633,-47.53972,19524.3,4.5,3.5,233.7,-65.0,5.4,62.3,RS41-SGP,403.502,18.5,-875,12,2.9,,
2026-09-19T15:25:55.005Z,X1909261,5038,-15.54635,-47.53975,19528.5,4.0,4.4,237.5,-65.0,5.5,62.2,RS41-SGP,403.502,18.5,-875,12,2.9,,
2026-09-19T15:25:56.005Z,X1909261,5039,-15.54637,-47.53979,19532.4,3.7,5.4,248.8,-65.1,5.6,62.2,RS41-SGP,403.502,17.5,-875,12,2.9,,
2026-09-19T15:25:57.005Z,X1909261,5040,-15.54639,-47.53984,19536.2,4.0,6.3,255.8,-65.3,5.8,62.2,RS41-SGP,403.502,16.8,-875,12,2.8,,
2026-09-19T15:25:58.005Z,X1909261,5041,-15.54640,-47.53990,19540.6,4.6,5.9,255.5,-65.4,5.8,62.1,RS41-SGP,403.502,15.6,-875,12,2.8,,
2026-09-19T15:25:59.005Z,X1909261,5042,-15.54641,-47.53994,19545.2,4.7,4.5,252.7,-65.3,5.8,62.1,RS41-SGP,403.502,15.8,-875,12,2.9,,
2026-09-19T15:26:00.005Z,X1909261,5043,-15.54642,-47.53997,19549.6,4.2,2.6,257.2,-65.2,5.8,62.0,RS41-SGP,403.502,16.8,-875,12,2.9,,
2026-09-19T15:26:01.005Z,X1909261,5044,-15.54642,-47.53999,19553.5,3.7,1.8,297.1,-64.7,5.3,62.0,RS41-SGP,403.502,18.0,-875,12,2.9,,
2026-09-19T15:26:02.005Z,X1909261,5045,-15.54641,-47.54001,19557.4,4.2,2.7,314.4,-65.2,5.5,61.9,RS41-SGP,403.502,18.5,-875,12,2.9,,
2026-09-19T15:26:03.005Z,X1909261,5046,-15.54639,-47.54003,19561.8,4.7,3.4,289.4,-65.3,5.5,61.9,RS41-SGP,403.502,18.5,-875,12,2.9,,
2026-09-19T15:26:04.005Z,X1909261,5047,-15.54639,-47.54007,19566.3,4.4,3.8,258.0,-65.0,5.4,61.8,RS41-SGP,403.502,17.3,-875,12,2.8,,
2026-09-19T15:26:05.005Z,X1909261,5048,-15.54641,-47.54010,19570.4,3.8,4.3,231.1,-64.9,5.4,61.8,RS41-SGP,403.502,18.0,-875,12,2.8,,
2026-09-19T15:26:06.005Z,X1909261,5049,-15.54644,-47.54013,19574.4,4.1,5.0,224.7,-65.0,5.4,61.8,RS41-SGP,403.502,18.1,-875,12,2.9,,
2026-09-19T15:26:07.005Z,X1909261,5050,-15.54646,-47.54017,19578.5,4.1,5.7,240.8,-65.1,5.4,61.8,RS41-SGP,403.502,18.1,-875,12,2.9,,
2026-09-19T15:26:08.005Z,X1909261,5051,-15.54648,-47.54023,19582.4,3.9,7.3,257.7,-65.0,5.3,61.7,RS41-SGP,403.502,17.6,-875,12,2.9,,
2026-09-19T15:26:09.005Z,X1909261,5052,-15.54650,-47.54030,19586.7,4.7,8.0,262.4,-65.2,5.4,61.6,RS41-SGP,403.502,16.3,-875,12,2.9,,
2026-09-19T15:26:10.005Z,X1909261,5053,-15.54651,-47.54036,19591.5,4.9,6.5,256.3,-65.2,5.4,61.5,RS41-SGP,403.502,15.1,-875,12,2.9,,
2026-09-19T15:26:11.005Z,X1909261,5054,-15.54652,-47.54041,19595.8,3.7,4.3,246.5,-65.1,5.4,61.6,RS41-SGP,403.502,17.1,-875,12,2.9,,
2026-09-19T15:26:12.005Z,X1909261,5055,-15.54653,-47.54044,19599.5,3.8,2.2,251.1,-65.2,5.5,61.5,RS41-SGP,403.502,18.6,-875,12,2.8,,
2026-09-19T15:26:13.005Z,X1909261,5056,-15.54653,-47.54046,19603.8,4.9,3.1,284.7,-65.3,5.4,61.5,RS41-SGP,403.502,18.8,-875,12,2.8,,
2026-09-19T15:26:14.005Z,X1909261,5057,-15.54653,-47.54050,19608.9,5.2,5.6,273.1,-65.3,5.2,61.4,RS41-SGP,403.502,18.8,-875,12,2.9,,
2026-09-19T15:26:15.005Z,X1909261,5058,-15.54653,-47.54056,19613.7,4.5,7.5,254.9,-64.7,4.8,61.4,RS41-SGP,403.502,17.1,-875,12,2.9,,
2026-09-19T15:26:16.005Z,X1909261,5059,-15.54656,-47.54063,19617.9,4.1,7.8,235.3,-64.8,4.8,61.3,RS41-SGP,403.502,15.8,-875,12,2.9,,
2026-09-19T15:26:17.005Z,X1909261,5060,-15.54661,-47.54067,19622.1,4.4,6.2,215.7,-65.0,4.7,61.3,RS41-SGP,403.502,17.7,-875,12,2.9,,
2026-09-19T15:26:18.005Z,X1909261,5061,-15.54664,-47.54070,19626.9,5.2,3.7,209.0,-65.1,4.7,61.2,RS41-SGP,403.502,18.6,-875,12,2.9,,
2026-09-19T15:26:19.005Z,X1909261,5062,-15.54666,-47.54072,19632.1,5.2,3.1,247.3,-65.1,4.6,61.2,RS41-SGP,403.502,18.6,-875,12,2.8,,
2026-09-19T15:26:20.005Z,X1909261,5063,-15.54667,-47.54076,19636.7,4.0,5.8,259.8,-65.0,4.6,61.1,RS41-SGP,403.502,18.1,-875,12,2.8,,
2026-09-19T15:26:21.005Z,X1909261,5064,-15.54669,-47.54082,19640.8,4.2,8.4,252.4,-64.8,4.6,61.1,RS41-SGP,403.502,16.8,-875,12,2.9,,
2026-09-19T15:26:22.005Z,X1909261,5065,-15.54672,-47.54089,19645.6,5.6,8.4,240.4,-64.8,4.7,61.0,RS41-SGP,403.502,14.7,-875,12,2.9,,
2026-09-19T15:26:23.005Z,X1909261,5066,-15.54675,-47.54095,19651.4,5.8,5.8,231.0,-64.8,4.7,61.0,RS41-SGP,403.502,16.0,-875,12,2.9,,
2026-09-19T15:26:24.005Z,X1909261,5067,-15.54678,-47.54098,19656.6,4.6,3.2,235.6,-64.4,4.6,61.0,RS41-SGP,403.502,17.2,-875,12,2.9,,
2026-09-19T15:26:25.005Z,X1909261,5068,-15.54679,-47.54100,19660.9,4.1,2.3,265.9,-64.7,4.9,60.9,RS41-SGP,403.502,17.5,-875,12,2.9,,
2026-09-19T15:26:26.005Z,X1909261,5069,-15.54679,-47.54103,19665.4,4.8,3.2,258.6,-64.8,5.1,60.9,RS41-SGP,403.502,17.5,-875,12,2.8,,
2026-09-19T15:26:27.005Z,X1909261,5070,-15.54681,-47.54106,19670.2,4.8,5.2,229.3,-64.7,5.2,60.8,RS41-SGP,403.502,17.0,-875,12,2.8,,
2026-09-19T15:26:28.005Z,X1909261,5071,-15.54685,-47.54110,19675.0,4.9,7.1,213.4,-64.3,5.2,60.7,RS41-SGP,403.502,16.8,-875,12,2.9,,
2026-09-19T15:26:29.005Z,X1909261,5072,-15.54690,-47.54113,19680.2,5.6,6.9,215.4,-64.6,5.2,60.7,RS41-SGP,403.502,17.2,-875,12,2.9,,
2026-09-19T15:26:30.005Z,X1909261,5073,-15.54694,-47.54118,19685.3,4.5,5.7,238.3,-64.5,4.9,60.7,RS41-SGP,403.502,17.2,-875,12,2.9,,
2026-09-19T15:26:31.005Z,X1909261,5074,-15.54696,-47.54123,19689.4,3.7,6.2,266.3,-64.9,5.0,60.6,RS41-SGP,403.502,17.1,-875,12,2.9,,
2026-09-19T15:26:32.005Z,X1909261,5075,-15.54696,-47.54129,19693.8,5.3,6.9,267.7,-65.0,4.9,60.5,RS41-SGP,403.502,16.4,-875,12,2.9,,
2026-09-19T15:26:33.005Z,X1909261,5076,-15.54698,-47.54135,19699.4,5.9,6.6,241.9,-65.1,4.8,60.5,RS41-SGP,403.502,15.8,-875,12,2.8,,
2026-09-19T15:26:34.005Z,X1909261,5077,-15.54702,-47.54139,19704.9,5.0,6.7,211.8,-65.1,4.7,60.5,RS41-SGP,403.502,15.8,-875,12,2.8,,
2026-09-19T15:26:36.005Z,X1909261,5079,-15.54712,-47.54142,19714.0,4.3,4.8,183.6,-65.3,4.8,60.4,RS41-SGP,403.502,12.9,-875,12,2.9,,
2026-09-19T15:26:37.005Z,X1909261,5080,-15.54716,-47.54143,19718.4,4.5,3.8,199.8,-65.5,4.9,60.4,RS41-SGP,403.502,17.9,-875,12,2.9,,
2026-09-19T15:26:38.005Z,X1909261,5081,-15.54719,-47.54144,19722.6,4.1,4.8,216.0,-65.4,5.0,60.3,RS41-SGP,403.502,17.9,-875,12,2.9,,
2026-09-19T15:26:39.005Z,X1909261,5082,-15.54723,-47.54147,19726.5,3.5,6.6,213.1,-64.9,4.8,60.2,RS41-SGP,403.502,17.4,-875,12,2.9,,
2026-09-19T15:26:40.005Z,X1909261,5083,-15.54729,-47.54150,19730.0,3.7,7.3,204.0,-64.6,4.7,60.2,RS41-SGP,403.502,16.1,-875,12,2.9,,
2026-09-19T15:26:41.005Z,X1909261,5084,-15.54735,-47.54153,19734.1,4.5,6.4,194.3,-65.0,5.0,60.1,RS41-SGP,403.502,17.5,-875,12,2.8,,
2026-09-19T15:26:42.005Z,X1909261,5085,-15.54739,-47.54154,19739.0,5.3,4.0,196.9,-65.4,5.2,60.1,RS41-SGP,403.502,18.1,-875,12,2.8,,
2026-09-19T15:26:43.005Z,X1909261,5086,-15.54742,-47.54156,19744.2,5.1,3.0,231.7,-65.4,5.1,60.1,RS41-SGP,403.502,18.1,-875,12,2.9,,
2026-09-19T15:26:44.005Z,X1909261,5087,-15.54743,-47.54159,19748.9,4.4,4.5,249.6,-65.0,4.9,60.0,RS41-SGP,403.502,17.5,-875,12,2.9,,
2026-09-19T15:26:45.005Z,X1909261,5088,-15.54745,-47.54163,19753.2,4.1,5.8,245.0,-65.1,5.0,60.0,RS41-SGP,403.502,17.0,-875,12,2.9,,
2026-09-19T15:26:46.005Z,X1909261,5089,-15.54748,-47.54168,19757.5,4.5,5.9,231.2,-65.2,5.1,59.9,RS41-SGP,403.502,15.9,-875,12,2.9,,
2026-09-19T15:26:47.005Z,X1909261,5090,-15.54751,-47.54171,19762.2,4.8,4.7,214.3,-65.3,5.3,59.9,RS41-SGP,403.502,16.3,-875,12,2.9,,
2026-09-19T15:26:48.005Z,X1909261,5091,-15.54755,-47.54173,19766.8,4.3,4.2,192.5,-65.3,5.3,59.8,RS41-SGP,403.502,16.3,-875,12,2.8,,
2026-09-19T15:26:51.005Z,X1909261,5094,-15.54770,-47.54174,19778.5,4.2,6.9,190.6,-65.4,5.0,59.7,RS41-SGP,403.502,15.3,-875,12,2.9,,
2026-09-19T15:26:52.005Z,X1909261,5095,-15.54776,-47.54175,19782.8,4.4,5.5,193.8,-65.5,4.8,59.7,RS41-SGP,403.502,16.3,-875,12,2.9,,
2026-09-19T15:26:53.005Z,X1909261,5096,-15.54780,-47.54176,19787.2,4.4,3.6,191.2,-65.2,4.6,59.6,RS41-SGP,403.502,17.2,-875,12,2.9,,
2026-09-19T15:26:54.005Z,X1909261,5097,-15.54782,-47.54177,19791.6,4.5,2.4,187.8,-65.2,4.6,59.6,RS41-SGP,403.502,17.5,-875,12,2.9,,
2026-09-19T15:26:55.005Z,X1909261,5098,-15.54784,-47.54178,19796.1,4.4,2.3,216.2,-65.1,4.6,59.6,RS41-SGP,403.502,17.5,-875,12,2.8,,
2026-09-19T15:26:56.005Z,X1909261,5099,-15.54786,-47.54180,19800.3,3.9,3.7,246.9,-65.0,4.6,59.5,RS41-SGP,403.502,17.5,-875,12,2.8,,
2026-09-19T15:26:57.005Z,X1909261,5100,-15.54787,-47.54184,19804.3,4.0,4.8,259.7,-64.8,4.6,59.5,RS41-SGP,403.502,15.7,-875,12,2.9,,
2026-09-19T15:26:58.005Z,X1909261,5101,-15.54788,-47.54188,19808.5,4.5,4.0,261.4,-64.1,4.2,59.5,RS41-SGP,403.502,15.3,-875,12,2.9,,
2026-09-19T15:26:59.005Z,X1909261,5102,-15.54788,-47.54190,19813.1,4.6,2.3,238.6,-63.3,3.9,59.4,RS41-SGP,403.502,16.3,-875,12,2.9,,
2026-09-19T15:27:00.005Z,X1909261,5103,-15.54790,-47.54191,19817.8,4.7,2.6,192.7,-63.6,4.1,59.3,RS41-SGP,403.502,17.3,-875,12,2.9,,
2026-09-19T15:27:01.005Z,X1909261,5104,-15.54793,-47.54192,19822.3,4.3,4.3,191.6,-63.9,4.4,59.3,RS41-SGP,403.502,17.3,-875,12,2.9,,
2026-09-19T15:27:02.005Z,X1909261,5105,-15.54797,-47.54194,19826.5,4.0,5.9,206.2,-64.3,4.6,59.2,RS41-SGP,403.502,16.0,-875,12,2.8,,
2026-09-19T15:27:03.005Z,X1909261,5106,-15.54802,-47.54197,19830.7,4.4,6.6,219.4,-64.2,4.6,59.2,RS41-SGP,403.502,15.5,-875,12,2.8,,
2026-09-19T15:27:04.005Z,X1909261,5107,-15.54806,-47.54201,19835.4,5.0,5.8,230.4,-63.8,4.2,59.2,RS41-SGP,403.502,15.0,-875,12,2.9,,
2026-09-19T15:27:05.005Z,X1909261,5108,-15.54809,-47.54205,19840.2,4.7,4.2,239.5,-64.1,4.3,59.1,RS41-SGP,403.502,15.7,-875,12,2.9,,
2026-09-19T15:27:06.005Z,X1909261,5109,-15.54810,-47.54208,19844.4,3.6,3.2,260.0,-64.4,4.4,59.1,RS41-SGP,403.502,16.1,-875,12,2.9,,
2026-09-19T15:27:07.005Z,X1909261,5110,-15.54810,-47.54211,19848.0,3.6,3.4,281.2,-64.6,4.4,59.1,RS41-SGP,403.502,16.1,-875,12,2.9,,
2026-09-19T15:27:08.005Z,X1909261,5111,-15.54809,-47.54214,19851.6,3.7,4.2,278.4,-64.5,4.5,59.0,RS41-SGP,403.502,15.7,-875,12,2.9,,
2026-09-19T15:27:09.005Z,X1909261,5112,-15.54809,-47.54218,19855.5,4.1,4.3,264.7,-64.4,4.6,59.0,RS41-SGP,403.502,15.0,-875,12,2.8,,
2026-09-19T15:27:10.005Z,X1909261,5113,-15.54810,-47.54222,19859.8,4.4,4.0,251.2,-64.4,4.8,59.0,RS41-SGP,403.502,14.5,-875,12,2.8,,
2026-09-19T15:27:11.005Z,X1909261,5114,-15.54811,-47.54225,19864.2,4.4,3.3,242.1,-64.1,4.6,58.9,RS41-SGP,403.502,15.9,-875,12,2.9,,
2026-09-19T15:27:12.005Z,X1909261,5115,-15.54812,-47.54227,19868.5,4.2,2.9,234.6,-63.9,4.6,58.9,RS41-SGP,403.502,15.9,-875,12,2.9,,
2026-09-19T15:27:13.005Z,X1909261,5116,-15.54814,-47.54230,19872.1,3.2,3.6,222.1,-63.3,4.2,58.8,RS41-SGP,403.502,15.8,-875,12,2.9,,
2026-09-19T15:27:14.005Z,X1909261,5117,-15.54817,-47.54232,19875.3,3.1,4.8,216.0,-63.2,4.2,58.8,RS41-SGP,403.502,15.8,-875,12,2.9,,
2026-09-19T15:27:15.005Z,X1909261,5118,-15.54821,-47.54235,19878.9,4.1,5.3,217.8,-63.6,4.4,58.8,RS41-SGP,403.502,15.3,-875,12,2.9,,
2026-09-19T15:27:16.005Z,X1909261,5119,-15.54824,-47.54238,19883.4,5.0,4.3,226.2,-63.9,4.6,58.7,RS41-SGP,403.502,15.2,-875,12,2.8,,
2026-09-19T15:27:17.005Z,X1909261,5120,-15.54826,-47.54241,19888.6,5.3,3.2,240.0,-64.0,4.6,58.6,RS41-SGP,403.502,15.6,-875,12,2.8,,
2026-09-19T15:27:18.005Z,X1909261,5121,-15.54827,-47.54243,19893.4,4.3,3.0,256.7,-64.1,4.6,58.6,RS41-SGP,403.502,15.8,-875,12,2.9,,
2026-09-19T15:27:19.005Z,X1909261,5122,-15.54828,-47.54246,19897.4,3.8,3.9,271.9,-64.3,4.6,58.6,RS41-SGP,403.502,15.8,-875,12,2.9,,
2026-09-19T15:27:20.005Z,X1909261,5123,-15.54827,-47.54251,19901.5,4.3,5.2,275.7,-64.4,4.6,58.5,RS41-SGP,403.502,15.2,-875,12,2.9,,
2026-09-19T15:27:21.005Z,X1909261,5124,-15.54827,-47.54255,19906.2,5.2,5.4,272.6,-64.5,4.5,58.5,RS41-SGP,403.502,15.2,-875,12,2.9,,
2026-09-19T15:27:22.005Z,X1909261,5125,-15.54827,-47.54260,19911.2,5.0,4.7,260.4,-64.5,4.4,58.5,RS41-SGP,403.502,15.1,-875,12,2.9,,
2026-09-19T15:27:23.005Z,X1909261,5126,-15.54829,-47.54264,19915.8,4.2,4.1,234.1,-64.4,4.4,58.5,RS41-SGP,403.502,15.7,-875,12,2.8,,
2026-09-19T15:27:24.005Z,X1909261,5127,-15.54831,-47.54266,19920.0,4.2,4.4,213.4,-64.6,4.4,58.3,RS41-SGP,403.502,15.7,-875,12,2.8,,
2026-09-19T15:27:25.005Z,X1909261,5128,-15.54835,-47.54269,19924.6,5.1,4.4,216.1,-64.8,4.4,58.3,RS41-SGP,403.502,15.7,-875,12,2.9,,
2026-09-19T15:27:26.005Z,X1909261,5129,-15.54837,-47.54272,19929.8,5.3,3.9,245.9,-64.9,4.4,58.3,RS41-SGP,403.502,15.3,-875,12,2.9,,
2026-09-19T15:27:27.005Z,X1909261,5130,-15.54837,-47.54275,19934.7,4.4,4.5,281.3,-64.8,4.3,58.2,RS41-SGP,403.502,15.0,-875,12,2.9,,
2026-09-19T15:27:28.005Z,X1909261,5131,-15.54836,-47.54280,19938.9,4.0,5.5,299.5,-64.8,4.3,58.2,RS41-SGP,403.502,15.0,-875,12,2.9,,
2026-09-19T15:27:29.005Z,X1909261,5132,-15.54833,-47.54284,19943.4,4.8,5.3,298.6,-64.9,4.4,58.2,RS41-SGP,403.502,14.9,-875,12,2.9,,
2026-09-19T15:27:30.005Z,X1909261,5133,-15.54832,-47.54288,19948.3,5.1,4.3,278.2,-64.8,4.5,58.1,RS41-SGP,403.502,14.9,-875,12,2.8,,
2026-09-19T15:27:31.005Z,X1909261,5134,-15.54832,-47.54292,19953.1,4.4,4.5,249.8,-64.8,4.6,58.0,RS41-SGP,403.502,14.5,-875,12,2.8,,
2026-09-19T15:27:32.005Z,X1909261,5135,-15.54834,-47.54296,19957.0,3.5,5.6,236.9,-64.7,4.7,58.0,RS41-SGP,403.502,14.6,-875,12,2.9,,
2026-09-19T15:27:33.005Z,X1909261,5136,-15.54837,-47.54301,19960.4,3.2,6.2,237.5,-64.8,4.7,58.0,RS41-SGP,403.502,14.6,-875,12,2.9,,
2026-09-19T15:27:34.005Z,X1909261,5137,-15.54840,-47.54306,19964.0,4.0,6.0,247.1,-64.8,4.7,57.9,RS41-SGP,403.502,14.0,-875,12,2.9,,
2026-09-19T15:27:35.005Z,X1909261,5138,-15.54841,-47.54311,19968.4,4.7,5.0,259.3,-64.9,4.7,57.9,RS41-SGP,403.502,14.3,-875,12,2.9,,
2026-09-19T15:27:36.005Z,X1909261,5139,-15.54842,-47.54315,19973.2,4.9,4.3,271.5,-64.8,4.7,57.9,RS41-SGP,403.502,14.7,-875,12,2.9,,
2026-09-19T15:27:37.005Z,X1909261,5140,-15.54841,-47.54319,19977.6,3.9,4.3,283.9,-64.4,4.4,57.8,RS41-SGP,403.502,15.5,-875,12,2.8,,
2026-09-19T15:27:38.005Z,X1909261,5141,-15.54840,-47.54323,19981.5,4.0,4.9,295.3,-64.0,4.0,57.8,RS41-SGP,403.502,15.5,-875,12,2.8,,
2026-09-19T15:27:39.005Z,X1909261,5142,-15.54837,-47.54327,19985.9,4.7,5.6,298.0,-64.4,4.2,57.7,RS41-SGP,403.502,14.2,-875,12,2.9,,
2026-09-19T15:27:40.005Z,X1909261,5143,-15.54835,-47.54332,19990.7,5.1,5.6,289.3,-64.6,4.3,57.7,RS41-SGP,403.502,14.2,-875,12,2.9,,
2026-09-19T15:27:41.005Z,X1909261,5144,-15.54835,-47.54337,19995.4,4.2,5.6,271.9,-64.6,4.3,57.7,RS41-SGP,403.502,13.8,-875,12,2.9,,
2026-09-19T15:27:42.005Z,X1909261,5145,-15.54835,-47.54343,19999.4,3.8,6.2,253.5,-64.5,4.4,57.6,RS41-SGP,403.502,12.5,-875,12,2.9,,
2026-09-19T15:27:43.005Z,X1909261,5146,-15.54837,-47.54348,20003.3,4.2,6.6,246.6,-64.5,4.4,57.6,RS41-SGP,403.502,11.2,-875,12,2.9,,
2026-09-19T15:27:44.005Z,X1909261,5147,-15.54839,-47.54354,20008.0,5.1,5.9,254.6,-64.6,4.4,57.5,RS41-SGP,403.502,10.8,-875,12,2.8,,
2026-09-19T15:27:45.005Z,X1909261,5148,-15.54840,-47.54358,20013.0,5.0,4.6,273.7,-64.6,4.3,57.5,RS41-SGP,403.502,11.2,-875,12,2.8,,
2026-09-19T15:27:46.005Z,X1909261,5149,-15.54839,-47.54362,20017.6,4.2,3.5,299.8,-64.6,4.3,57.4,RS41-SGP,403.502,12.8,-875,12,2.9,,
2026-09-19T15:27:47.005Z,X1909261,5150,-15.54837,-47.54364,20021.7,4.0,3.0,322.1,-64.7,4.4,57.4,RS41-SGP,403.502,13.2,-875,12,2.9,,
2026-09-19T15:27:48.005Z,X1909261,5151,-15.54835,-47.54366,20025.9,4.5,2.6,313.8,-64.9,4.4,57.4,RS41-SGP,403.502,13.2,-875,12,2.9,,
2026-09-19T15:27:49.005Z,X1909261,5152,-15.54834,-47.54369,20030.6,4.9,3.6,285.3,-64.9,4.4,57.3,RS41-SGP,403.502,13.9,-875,12,2.9,,
2026-09-19T15:27:50.005Z,X1909261,5153,-15.54833,-47.54373,20035.2,4.2,5.7,275.8,-64.7,4.3,57.2,RS41-SGP,403.502,13.9,-875,12,2.9,,
2026-09-19T15:27:51.005Z,X1909261,5154,-15.54832,-47.54379,20039.1,3.5,7.6,277.9,-64.6,4.3,57.2,RS41-SGP,403.502,12.6,-875,12,2.8,,
2026-09-19T15:27:52.005Z,X1909261,5155,-15.54831,-47.54386,20042.8,3.9,8.3,280.5,-64.7,4.3,57.2,RS41-SGP,403.502,10.3,-875,12,2.8,,
2026-09-19T15:27:53.005Z,X1909261,5156,-15.54830,-47.54393,20047.0,4.4,7.4,283.5,-64.9,4.4,57.2,RS41-SGP,403.502,10.8,-875,12,2.9,,
2026-09-19T15:27:54.005Z,X1909261,5157,-15.54828,-47.54399,20051.8,5.0,5.7,283.2,-64.7,4.4,57.1,RS41-SGP,403.502,10.8,-875,12,2.9,,
2026-09-19T15:27:55.005Z,X1909261,5158,-15.54827,-47.54404,20056.5,4.4,4.2,283.6,-64.6,4.3,57.0,RS41-SGP,403.502,12.2,-875,12,2.9,,
2026-09-19T15:27:56.005Z,X1909261,5159,-15.54827,-47.54407,20060.6,3.7,3.1,287.3,-64.5,4.2,57.0,RS41-SGP,403.502,12.2,-875,12,2.9,,
2026-09-19T15:27:57.005Z,X1909261,5160,-15.54826,-47.54409,20064.6,4.3,2.6,300.5,-64.5,4.2,57.0,RS41-SGP,403.502,14.5,-875,12,2.9,,
2026-09-19T15:27:58.005Z,X1909261,5161,-15.54824,-47.54412,20069.2,4.9,3.3,299.8,-64.7,4.2,56.9,RS41-SGP,403.502,14.6,-875,12,2.8,,
2026-09-19T15:27:59.005Z,X1909261,5162,-15.54823,-47.54415,20074.2,4.9,4.9,290.6,-64.7,4.2,56.9,RS41-SGP,403.502,14.6,-875,12,2.8,,
2026-09-19T15:28:00.005Z,X1909261,5163,-15.54821,-47.54421,20078.7,4.1,7.0,284.0,-64.6,4.2,56.9,RS41-SGP,403.502,12.6,-875,12,2.9,,
2026-09-19T15:28:01.005Z,X1909261,5164,-15.54820,-47.54428,20082.9,4.4,8.6,281.1,-64.7,4.3,56.8,RS41-SGP,403.502,11.5,-875,12,2.9,,
2026-09-19T15:28:04.005Z,X1909261,5167,-15.54815,-47.54446,20097.1,3.7,3.7,290.5,-64.2,4.3,56.7,RS41-SGP,403.502,12.2,-875,12,2.9,,
2026-09-19T15:28:05.005Z,X1909261,5168,-15.54814,-47.54449,20100.9,3.9,2.1,290.5,-64.2,4.3,56.7,RS41-SGP,403.502,13.7,-875,12,2.8,,
2026-09-19T15:28:06.005Z,X1909261,5169,-15.54813,-47.54451,20105.3,5.0,2.8,284.2,-64.1,4.4,56.6,RS41-SGP,403.502,13.7,-875,12,2.8,,
2026-09-19T15:28:07.005Z,X1909261,5170,-15.54812,-47.54455,20110.5,5.2,5.3,289.6,-63.6,4.0,56.6,RS41-SGP,403.502,13.7,-875,12,2.9,,
2026-09-19T15:28:08.005Z,X1909261,5171,-15.54810,-47.54460,20115.2,4.2,7.3,295.7,-63.8,4.0,56.5,RS41-SGP,403.502,13.1,-875,12,2.9,,
2026-09-19T15:28:09.005Z,X1909261,5172,-15.54807,-47.54467,20119.1,3.5,8.7,299.7,-63.8,3.8,56.5,RS41-SGP,403.502,12.2,-875,12,2.9,,
2026-09-19T15:28:10.005Z,X1909261,5173,-15.54803,-47.54474,20122.7,3.9,8.8,300.2,-63.2,3.6,56.5,RS41-SGP,403.502,8.6,-875,12,2.9,,
2026-09-19T15:28:11.005Z,X1909261,5174,-15.54799,-47.54480,20126.8,4.3,7.6,296.8,-63.5,3.7,56.4,RS41-SGP,403.502,7.0,-875,12,2.9,,
2026-09-19T15:28:13.005Z,X1909261,5176,-15.54795,-47.54491,20135.6,3.8,4.4,289.6,-63.9,3.8,56.4,RS41-SGP,403.502,10.2,-875,12,2.8,,
2026-09-19T15:28:14.005Z,X1909261,5177,-15.54794,-47.54494,20139.3,3.7,2.9,285.5,-64.0,3.8,56.3,RS41-SGP,403.502,12.0,-875,12,2.9,,
2026-09-19T15:28:15.005Z,X1909261,5178,-15.54793,-47.54497,20143.2,4.2,2.9,280.4,-64.2,3.9,56.2,RS41-SGP,403.502,12.6,-875,12,2.9,,
2026-09-19T15:28:16.005Z,X1909261,5179,-15.54793,-47.54500,20147.9,5.0,4.0,279.8,-64.2,3.9,56.2,RS41-SGP,403.502,12.8,-875,12,2.9,,
2026-09-19T15:28:17.005Z,X1909261,5180,-15.54792,-47.54504,20152.7,4.7,5.7,284.9,-64.0,3.8,56.2,RS41-SGP,403.502,13.1,-875,12,2.9,,
2026-09-19T15:28:18.005Z,X1909261,5181,-15.54790,-47.54510,20156.9,3.7,7.4,289.5,-64.1,3.9,56.1,RS41-SGP,403.502,13.1,-875,12,2.9,,
2026-09-19T15:28:19.005Z,X1909261,5182,-15.54787,-47.54517,20160.7,4.0,8.5,291.3,-64.1,3.9,56.1,RS41-SGP,403.502,11.2,-875,12,2.8,,
2026-09-19T15:28:20.005Z,X1909261,5183,-15.54785,-47.54524,20165.2,4.9,7.9,287.9,-64.2,4.1,56.1,RS41-SGP,403.502,9.7,-875,12,2.8,,
2026-09-19T15:28:21.005Z,X1909261,5184,-15.54783,-47.54531,20170.2,5.1,6.5,279.8,-64.1,4.2,56.0,RS41-SGP,403.502,11.3,-875,12,2.9,,
2026-09-19T15:28:22.005Z,X1909261,5185,-15.54783,-47.54536,20174.8,4.0,4.8,264.8,-63.8,4.2,56.0,RS41-SGP,403.502,13.2,-875,12,2.9,,
2026-09-19T15:28:23.005Z,X1909261,5186,-15.54784,-47.54540,20178.5,3.6,3.7,246.2,-63.9,4.3,56.0,RS41-SGP,403.502,15.2,-875,12,2.9,,
2026-09-19T15:28:24.005Z,X1909261,5187,-15.54785,-47.54543,20182.3,4.1,3.7,242.6,-64.2,4.4,55.9,RS41-SGP,403.502,15.4,-875,12,2.9,,
2026-09-19T15:28:25.005Z,X1909261,5188,-15.54787,-47.54546,20186.6,4.5,4.6,254.6,-64.1,4.2,55.9,RS41-SGP,403.502,15.4,-875,12,2.9,,
2026-09-19T15:28:26.005Z,X1909261,5189,-15.54788,-47.54551,20191.1,4.4,6.0,263.2,-64.2,4.2,55.8,RS41-SGP,403.502,14.5,-875,12,2.8,,
2026-09-19T15:28:27.005Z,X1909261,5190,-15.54788,-47.54557,20195.4,4.3,6.7,267.3,-64.0,3.9,55.8,RS41-SGP,403.502,14.1,-875,12,2.8,,
2026-09-19T15:28:28.005Z,X1909261,5191,-15.54788,-47.54563,20199.4,3.7,6.8,270.2,-64.1,3.9,55.8,RS41-SGP,403.502,14.3,-875,12,2.9,,
2026-09-19T15:28:29.005Z,X1909261,5192,-15.54788,-47.54570,20202.7,2.8,7.2,275.7,-64.2,4.0,55.7,RS41-SGP,403.502,14.3,-875,12,2.9,,
2026-09-19T15:28:30.005Z,X1909261,5193,-15.54787,-47.54577,20205.7,3.3,7.7,280.3,-64.2,4.0,55.7,RS41-SGP,403.502,13.8,-875,12,2.9,,
2026-09-19T15:28:31.005Z,X1909261,5194,-15.54786,-47.54583,20209.5,4.2,7.4,279.0,-64.2,4.0,55.7,RS41-SGP,403.502,12.5,-875,12,2.9,,
2026-09-19T15:28:32.005Z,X1909261,5195,-15.54785,-47.54590,20214.1,5.0,6.6,271.7,-64.3,4.2,55.6,RS41-SGP,403.502,12.5,-875,12,2.9,,
2026-09-19T15:28:33.005Z,X1909261,5196,-15.54785,-47.54596,20219.1,5.0,5.5,261.6,-64.2,4.2,55.6,RS41-SGP,403.502,11.9,-875,12,2.8,,
2026-09-19T15:28:34.005Z,X1909261,5197,-15.54786,-47.54600,20223.7,4.0,4.5,250.8,-64.2,4.3,55.5,RS41-SGP,403.502,14.0,-875,12,2.8,,
2026-09-19T15:28:35.005Z,X1909261,5198,-15.54788,-47.54604,20227.5,3.8,3.7,241.5,-64.3,4.4,55.5,RS41-SGP,403.502,15.1,-875,12,2.9,,
2026-09-19T15:28:36.005Z,X1909261,5199,-15.54789,-47.54606,20231.6,4.5,3.5,244.0,-64.2,4.3,55.4,RS41-SGP,403.502,15.1,-875,12,2.9,,
2026-09-19T15:28:37.005Z,X1909261,5200,-15.54790,-47.54610,20236.6,5.4,4.2,257.0,-64.1,4.2,55.4,RS41-SGP,403.502,15.7,-875,12,2.9,,
2026-09-19T15:28:38.005Z,X1909261,5201,-15.54791,-47.54614,20241.9,5.2,6.0,268.4,-64.0,4.0,55.4,RS41-SGP,403.502,15.7,-875,12,2.9,,
2026-09-19T15:28:39.005Z,X1909261,5202,-15.54791,-47.54621,20246.6,4.1,7.9,273.0,-63.8,3.8,55.3,RS41-SGP,403.502,15.3,-875,12,2.9,,
2026-09-19T15:28:40.005Z,X1909261,5203,-15.54790,-47.54629,20250.6,4.0,9.3,275.1,-63.8,3.7,55.3,RS41-SGP,403.502,12.9,-875,12,2.8,,
2026-09-19T15:28:41.005Z,X1909261,5204,-15.54790,-47.54637,20254.9,4.5,9.1,273.9,-63.8,3.7,55.2,RS41-SGP,403.502,11.9,-875,12,2.8,,
2026-09-19T15:28:42.005Z,X1909261,5205,-15.54789,-47.54645,20259.7,5.1,7.6,269.4,-63.8,3.7,55.2,RS41-SGP,403.502,10.6,-875,12,2.9,,
2026-09-19T15:28:43.005Z,X1909261,5206,-15.54790,-47.54651,20264.6,4.6,5.7,259.9,-63.4,3.6,55.2,RS41-SGP,403.502,12.1,-875,12,2.9,,
2026-09-19T15:28:44.005Z,X1909261,5207,-15.54791,-47.54656,20268.8,3.9,4.4,243.3,-63.2,3.6,55.1,RS41-SGP,403.502,14.9,-875,12,2.9,,
2026-09-19T15:28:45.005Z,X1909261,5208,-15.54793,-47.54659,20272.7,3.9,4.1,228.1,-62.8,3.5,55.1,RS41-SGP,403.502,16.3,-875,12,2.9,,
2026-09-19T15:28:46.005Z,X1909261,5209,-15.54796,-47.54662,20276.8,4.3,4.9,232.3,-62.5,3.3,55.1,RS41-SGP,403.502,16.3,-875,12,2.9,,
2026-09-19T15:28:47.005Z,X1909261,5210,-15.54799,-47.54666,20281.3,4.7,5.8,241.1,-62.9,3.5,55.0,RS41-SGP,403.502,15.2,-875,12,2.8,,
2026-09-19T15:28:48.005Z,X1909261,5211,-15.54801,-47.54671,20286.1,4.9,6.4,249.3,-62.9,3.5,55.0,RS41-SGP,403.502,16.0,-875,12,2.8,,
2026-09-19T15:28:49.005Z,X1909261,5212,-15.54803,-47.54677,20290.7,4.2,6.8,257.5,-62.7,3.4,54.9,RS41-SGP,403.502,16.0,-875,12,2.9,,
2026-09-19T15:28:50.005Z,X1909261,5213,-15.54803,-47.54684,20294.6,3.7,7.2,265.1,-62.3,3.3,54.9,RS41-SGP,403.502,15.5,-875,12,2.9,,
2026-09-19T15:28:51.005Z,X1909261,5214,-15.54804,-47.54690,20298.4,3.9,7.4,269.0,-62.5,3.5,54.9,RS41-SGP,403.502,14.5,-875,12,2.9,,
2026-09-19T15:28:52.005Z,X1909261,5215,-15.54804,-47.54697,20302.4,4.2,6.9,268.1,-62.6,3.5,54.8,RS41-SGP,403.502,13.9,-875,12,2.9,,
2026-09-19T15:28:53.005Z,X1909261,5216,-15.54804,-47.54703,20306.9,4.7,5.8,263.3,-62.7,3.7,54.8,RS41-SGP,403.502,13.3,-875,12,2.9,,
2026-09-19T15:28:54.005Z,X1909261,5217,-15.54805,-47.54708,20311.4,4.4,4.3,260.9,-62.7,3.7,54.8,RS41-SGP,403.502,12.8,-875,12,2.8,,
2026-09-19T15:28:55.005Z,X1909261,5218,-15.54806,-47.54711,20315.4,3.7,2.6,258.4,-62.7,3.8,54.7,RS41-SGP,403.502,14.4,-875,12,2.8,,
2026-09-19T15:28:56.005Z,X1909261,5219,-15.54806,-47.54712,20319.2,3.9,1.4,238.6,-62.7,3.8,54.7,RS41-SGP,403.502,16.0,-875,12,2.9,,
2026-09-19T15:28:57.005Z,X1909261,5220,-15.54807,-47.54714,20323.3,4.3,1.5,234.4,-62.6,3.8,54.6,RS41-SGP,403.502,16.0,-875,12,2.9,,
2026-09-19T15:28:58.005Z,X1909261,5221,-15.54807,-47.54715,20327.8,4.7,2.4,254.9,-62.5,3.7,54.6,RS41-SGP,403.502,16.3,-875,12,2.9,,
2026-09-19T15:28:59.005Z,X1909261,5222,-15.54808,-47.54718,20332.4,4.6,3.4,268.8,-62.5,3.6,54.5,RS41-SGP,403.502,16.3,-875,12,2.9,,
2026-09-19T15:29:00.005Z,X1909261,5223,-15.54808,-47.54722,20336.6,3.7,4.6,276.7,-62.3,3.5,54.5,RS41-SGP,403.502,15.7,-875,12,2.9,,
2026-09-19T15:29:02.005Z,X1909261,5225,-15.54806,-47.54732,20344.1,4.1,5.9,275.7,-61.3,3.1,54.5,RS41-SGP,403.502,11.0,-875,12,2.8,,
2026-09-19T15:29:03.005Z,X1909261,5226,-15.54806,-47.54737,20348.6,4.8,5.1,273.4,-61.6,3.3,54.4,RS41-SGP,403.502,12.0,-875,12,2.9,,
2026-09-19T15:29:04.005Z,X1909261,5227,-15.54806,-47.54741,20353.3,4.6,3.4,273.7,-61.8,3.4,54.4,RS41-SGP,403.502,12.7,-875,12,2.9,,
2026-09-19T15:29:05.005Z,X1909261,5228,-15.54805,-47.54743,20357.6,3.8,1.6,281.9,-61.4,3.3,54.3,RS41-SGP,403.502,14.4,-875,12,2.9,,
2026-09-19T15:29:06.005Z,X1909261,5229,-15.54805,-47.54744,20361.3,3.7,0.2,314.2,-60.5,3.0,54.3,RS41-SGP,403.502,16.0,-875,12,2.9,,
2026-09-19T15:29:07.005Z,X1909261,5230,-15.54805,-47.54744,20365.5,4.6,0.4,202.3,-60.7,3.1,54.3,RS41-SGP,403.502,16.8,-875,12,2.9,,
2026-09-19T15:29:08.005Z,X1909261,5231,-15.54806,-47.54745,20370.5,5.3,1.7,242.7,-61.2,3.3,54.2,RS41-SGP,403.502,16.8,-875,12,2.8,,
2026-09-19T15:29:09.005Z,X1909261,5232,-15.54806,-47.54747,20375.6,4.9,3.2,264.1,-61.4,3.5,54.2,RS41-SGP,403.502,16.4,-875,12,2.8,,
2026-09-19T15:29:10.005Z,X1909261,5233,-15.54806,-47.54751,20379.9,3.8,4.6,278.4,-61.7,3.4,54.2,RS41-SGP,403.502,16.4,-875,12,2.9,,
2026-09-19T15:29:11.005Z,X1909261,5234,-15.54805,-47.54755,20383.7,3.8,5.5,288.1,-61.7,3.5,54.2,RS41-SGP,403.502,14.5,-875,12,2.9,,
2026-09-19T15:29:12.005Z,X1909261,5235,-15.54804,-47.54760,20388.0,4.6,4.8,292.8,-61.6,3.4,54.1,RS41-SGP,403.502,12.5,-875,12,2.9,,
2026-09-19T15:29:13.005Z,X1909261,5236,-15.54802,-47.54763,20392.8,5.1,3.3,293.3,-61.5,3.4,54.0,RS41-SGP,403.502,12.5,-875,12,2.9,,
2026-09-19T15:29:14.005Z,X1909261,5237,-15.54801,-47.54765,20397.6,4.5,1.5,294.7,-61.3,3.4,54.0,RS41-SGP,403.502,13.7,-875,12,2.9,,
2026-09-19T15:29:15.005Z,X1909261,5238,-15.54801,-47.54766,20401.8,3.8,0.2,36.2,-61.2,3.5,54.0,RS41-SGP,403.502,15.9,-875,12,2.8,,
2026-09-19T15:29:16.005Z,X1909261,5239,-15.54801,-47.54765,20405.6,3.9,1.0,86.1,-61.2,3.5,53.9,RS41-SGP,403.502,15.9,-875,12,2.8,,
2026-09-19T15:29:17.005Z,X1909261,5240,-15.54801,-47.54765,20409.8,4.5,0.7,56.8,-61.2,3.5,53.9,RS41-SGP,403.502,16.5,-875,12,2.9,,
2026-09-19T15:29:18.005Z,X1909261,5241,-15.54800,-47.54765,20414.6,5.1,1.2,314.4,-61.2,3.6,53.9,RS41-SGP,403.502,17.0,-875,12,2.9,,
2026-09-19T15:29:19.005Z,X1909261,5242,-15.54799,-47.54766,20419.4,4.6,2.8,290.8,-60.9,3.5,53.8,RS41-SGP,403.502,17.0,-875,12,2.9,,
2026-09-19T15:29:20.005Z,X1909261,5243,-15.54798,-47.54769,20423.6,3.9,4.3,280.7,-60.9,3.5,53.7,RS41-SGP,403.502,15.3,-875,12,2.9,,
2026-09-19T15:29:21.005Z,X1909261,5244,-15.54798,-47.54774,20427.7,4.3,5.1,278.4,-61.1,3.6,53.7,RS41-SGP,403.502,13.4,-875,12,2.9,,
2026-09-19T15:29:22.005Z,X1909261,5245,-15.54797,-47.54778,20432.2,4.9,4.3,283.1,-60.8,3.4,53.7,RS41-SGP,403.502,12.6,-875,12,2.8,,
2026-09-19T15:29:23.005Z,X1909261,5246,-15.54796,-47.54781,20437.0,4.8,2.7,300.8,-60.8,3.4,53.7,RS41-SGP,403.502,12.2,-875,12,2.8,,
2026-09-19T15:29:24.006Z,X1909261,5247,-15.54794,-47.54782,20441.4,3.9,1.9,345.9,-60.8,3.4,53.6,RS41-SGP,403.502,13.9,-875,12,2.9,,
2026-09-19T15:29:25.006Z,X1909261,5248,-15.54793,-47.54782,20445.1,3.5,2.2,26.5,-60.9,3.5,53.6,RS41-SGP,403.502,14.9,-875,12,2.9,,
2026-09-19T15:29:26.006Z,X1909261,5249,-15.54791,-47.54781,20448.8,4.1,1.9,36.1,-61.0,3.5,53.5,RS41-SGP,403.502,15.7,-875,12,2.9,,
2026-09-19T15:29:27.006Z,X1909261,5250,-15.54790,-47.54781,20453.3,4.8,1.1,356.4,-61.0,3.5,53.5,RS41-SGP,403.502,16.1,-875,12,2.9,,
2026-09-19T15:29:28.006Z,X1909261,5251,-15.54789,-47.54782,20458.1,4.9,2.0,301.6,-60.5,3.3,53.5,RS41-SGP,403.502,16.1,-875,12,2.9,,
2026-09-19T15:29:29.006Z,X1909261,5252,-15.54788,-47.54784,20462.5,3.9,3.3,286.5,-60.5,3.3,53.4,RS41-SGP,403.502,15.5,-875,12,2.8,,
2026-09-19T15:29:30.006Z,X1909261,5253,-15.54787,-47.54787,20466.1,3.4,4.5,278.9,-60.6,3.4,53.4,RS41-SGP,403.502,14.8,-875,12,2.8,,
2026-09-19T15:29:31.006Z,X1909261,5254,-15.54787,-47.54792,20469.9,4.2,4.7,277.6,-60.7,3.4,53.4,RS41-SGP,403.502,13.0,-875,12,2.9,,
2026-09-19T15:29:32.006Z,X1909261,5255,-15.54786,-47.54795,20474.4,5.0,3.7,282.3,-60.7,3.3,53.3,RS41-SGP,403.502,13.1,-875,12,2.9,,
2026-09-19T15:29:33.006Z,X1909261,5256,-15.54785,-47.54798,20479.5,5.3,2.7,296.4,-60.7,3.3,53.3,RS41-SGP,403.502,13.4,-875,12,2.9,,
2026-09-19T15:29:34.006Z,X1909261,5257,-15.54784,-47.54800,20484.5,4.7,2.2,316.7,-60.6,3.3,53.2,RS41-SGP,403.502,13.5,-875,12,2.9,,
2026-09-19T15:29:35.006Z,X1909261,5258,-15.54782,-47.54801,20489.0,4.2,1.9,343.6,-60.7,3.3,53.2,RS41-SGP,403.502,14.5,-875,12,2.9,,
2026-09-19T15:29:36.006Z,X1909261,5259,-15.54781,-47.54801,20493.3,4.4,1.7,357.7,-60.7,3.3,53.2,RS41-SGP,403.502,15.7,-875,12,2.8,,
2026-09-19T15:29:37.006Z,X1909261,5260,-15.54780,-47.54802,20498.0,5.2,1.1,327.0,-60.7,3.3,53.1,RS41-SGP,403.502,16.1,-875,12,2.8,,
2026-09-19T15:29:38.006Z,X1909261,5261,-15.54779,-47.54803,20503.1,4.9,2.4,275.4,-60.5,3.2,53.1,RS41-SGP,403.502,16.1,-875,12,2.9,,
2026-09-19T15:29:39.006Z,X1909261,5262,-15.54779,-47.54806,20507.7,4.2,4.8,266.8,-60.2,3.2,53.1,RS41-SGP,403.502,15.9,-875,12,2.9,,
2026-09-19T15:29:40.006Z,X1909261,5263,-15.54779,-47.54812,20511.9,4.3,6.3,265.7,-60.4,3.2,53.0,RS41-SGP,403.502,13.7,-875,12,2.9,,
2026-09-19T15:29:41.006Z,X1909261,5264,-15.54780,-47.54817,20516.6,5.1,5.6,269.5,-60.5,3.3,53.0,RS41-SGP,403.502,11.9,-875,12,2.9,,
2026-09-19T15:29:42.006Z,X1909261,5265,-15.54779,-47.54821,20521.8,5.3,3.7,284.0,-60.4,3.3,52.9,RS41-SGP,403.502,12.9,-875,12,2.9,,
2026-09-19T15:29:43.006Z,X1909261,5266,-15.54778,-47.54824,20526.7,4.5,2.5,319.3,-60.2,3.2,52.9,RS41-SGP,403.502,15.0,-875,12,2.8,,
2026-09-19T15:29:44.006Z,X1909261,5267,-15.54776,-47.54825,20531.0,4.1,3.1,344.6,-60.3,3.2,52.9,RS41-SGP,403.502,15.8,-875,12,2.8,,
2026-09-19T15:29:45.006Z,X1909261,5268,-15.54773,-47.54826,20535.2,4.4,3.6,340.4,-60.3,3.2,52.8,RS41-SGP,403.502,15.8,-875,12,2.9,,
2026-09-19T15:29:46.006Z,X1909261,5269,-15.54770,-47.54828,20539.8,4.9,3.9,317.1,-60.1,3.2,52.8,RS41-SGP,403.502,15.2,-875,12,2.9,,
2026-09-19T15:29:47.006Z,X1909261,5270,-15.54768,-47.54831,20544.8,5.1,4.5,294.0,-59.4,2.9,52.7,RS41-SGP,403.502,15.3,-875,12,2.9,,
2026-09-19T15:29:48.006Z,X1909261,5271,-15.54767,-47.54835,20549.4,4.1,5.2,277.5,-59.6,3.0,52.7,RS41-SGP,403.502,15.3,-875,12,2.9,,
2026-09-19T15:29:49.006Z,X1909261,5272,-15.54767,-47.54841,20553.4,4.1,6.4,269.1,-60.1,3.2,52.7,RS41-SGP,403.502,15.2,-875,12,2.9,,
2026-09-19T15:29:50.006Z,X1909261,5273,-15.54767,-47.54847,20557.7,4.6,6.7,271.5,-60.4,3.3,52.6,RS41-SGP,403.502,14.9,-875,12,2.8,,
2026-09-19T15:29:51.006Z,X1909261,5274,-15.54766,-47.54853,20562.7,5.3,6.3,282.6,-60.4,3.3,52.6,RS41-SGP,403.502,14.2,-875,12,2.8,,
2026-09-19T15:29:52.006Z,X1909261,5275,-15.54764,-47.54858,20567.7,4.7,5.6,300.5,-60.4,3.2,52.6,RS41-SGP,403.502,15.1,-875,12,2.9,,
2026-09-19T15:29:53.006Z,X1909261,5276,-15.54761,-47.54861,20572.1,4.1,5.1,319.6,-60.0,3.1,52.5,RS41-SGP,403.502,16.0,-875,12,2.9,,
2026-09-19T15:29:54.006Z,X1909261,5277,-15.54757,-47.54864,20576.3,4.4,5.0,331.4,-60.1,3.1,52.4,RS41-SGP,403.502,17.0,-875,12,2.9,,
2026-09-19T15:29:55.006Z,X1909261,5278,-15.54753,-47.54867,20581.0,5.0,5.0,322.0,-60.3,3.1,52.5,RS41-SGP,403.502,17.6,-875,12,2.9,,
2026-09-19T15:29:56.006Z,X1909261,5279,-15.54750,-47.54870,20586.1,5.1,5.6,302.5,-60.4,3.1,52.4,RS41-SGP,403.502,17.6,-875,12,2.9,,
2026-09-19T15:29:57.006Z,X1909261,5280,-15.54748,-47.54875,20590.7,4.2,6.8,286.5,-60.1,3.0,52.4,RS41-SGP,403.502,17.4,-875,12,2.8,,
2026-09-19T15:29:58.006Z,X1909261,5281,-15.54747,-47.54882,20594.7,3.8,7.8,277.4,-60.3,3.1,52.3,RS41-SGP,403.502,16.7,-875,12,2.8,,
2026-09-19T15:29:59.006Z,X1909261,5282,-15.54746,-47.54889,20598.6,4.2,8.0,276.9,-60.5,3.1,52.3,RS41-SGP,403.502,16.3,-875,12,2.9,,
2026-09-19T15:30:00.006Z,X1909261,5283,-15.54745,-47.54896,20603.1,4.7,7.3,284.8,-60.6,3.0,52.3,RS41-SGP,403.502,16.5,-875,12,2.9,,
2026-09-19T15:30:01.006Z,X1909261,5284,-15.54742,-47.54902,20607.9,4.9,6.7,296.7,-60.1,2.8,52.2,RS41-SGP,403.502,16.5,-875,12,2.9,,
2026-09-19T15:30:02.006Z,X1909261,5285,-15.54739,-47.54907,20612.7,4.6,6.1,305.9,-60.1,2.9,52.2,RS41-SGP,403.502,15.9,-875,12,2.9,,
2026-09-19T15:30:03.006Z,X1909261,5286,-15.54736,-47.54912,20616.8,3.6,5.4,312.0,-60.2,2.9,52.1,RS41-SGP,403.502,16.7,-875,12,2.9,,
2026-09-19T15:30:04.006Z,X1909261,5287,-15.54733,-47.54915,20620.6,4.0,4.8,318.1,-60.2,3.0,52.1,RS41-SGP,403.502,17.7,-875,12,2.8,,
2026-09-19T15:30:05.006Z,X1909261,5288,-15.54730,-47.54918,20625.0,4.9,4.8,313.4,-60.2,3.1,52.1,RS41-SGP,403.502,18.4,-875,12,2.8,,
2026-09-19T15:30:06.006Z,X1909261,5289,-15.54727,-47.54922,20630.0,5.3,5.9,302.7,-60.2,3.1,52.0,RS41-SGP,403.502,18.6,-875,12,2.9,,
2026-09-19T15:30:07.006Z,X1909261,5290,-15.54724,-47.54927,20634.9,4.4,7.5,294.0,-60.3,3.2,52.0,RS41-SGP,403.502,18.6,-875,12,2.9,,
2026-09-19T15:30:08.006Z,X1909261,5291,-15.54722,-47.54935,20639.1,4.0,8.9,287.4,-60.1,3.2,52.0,RS41-SGP,403.502,17.5,-875,12,2.9,,
2026-09-19T15:30:09.006Z,X1909261,5292,-15.54719,-47.54943,20643.4,4.6,9.3,284.6,-60.0,3.1,52.0,RS41-SGP,403.502,16.2,-875,12,2.9,,
2026-09-19T15:30:10.006Z,X1909261,5293,-15.54717,-47.54951,20648.4,5.2,8.3,287.9,-59.4,2.9,51.8,RS41-SGP,403.502,16.0,-875,12,2.9,,
2026-09-19T15:30:11.006Z,X1909261,5294,-15.54714,-47.54957,20653.4,4.9,7.2,299.7,-58.9,2.6,51.8,RS41-SGP,403.502,16.1,-875,12,2.8,,
2026-09-19T15:30:12.006Z,X1909261,5295,-15.54711,-47.54962,20658.0,4.2,6.8,316.2,-59.6,2.8,51.8,RS41-SGP,403.502,17.4,-875,12,2.8,,
2026-09-19T15:30:13.006Z,X1909261,5296,-15.54706,-47.54966,20662.2,4.2,7.0,324.2,-59.5,2.8,51.8,RS41-SGP,403.502,17.8,-875,12,2.9,,
2026-09-19T15:30:14.006Z,X1909261,5297,-15.54701,-47.54971,20666.7,4.9,7.4,319.1,-58.9,2.5,51.7,RS41-SGP,403.502,17.8,-875,12,2.9,,
2026-09-19T15:30:15.006Z,X1909261,5298,-15.54696,-47.54976,20671.8,5.3,8.1,306.3,-59.0,2.6,51.7,RS41-SGP,403.502,17.8,-875,12,2.9,,
2026-09-19T15:30:16.006Z,X1909261,5299,-15.54692,-47.54983,20676.7,4.5,9.2,295.3,-59.5,2.8,51.6,RS41-SGP,403.502,17.8,-875,12,2.9,,
2026-09-19T15:30:17.006Z,X1909261,5300,-15.54689,-47.54991,20680.9,3.9,10.5,289.4,-59.7,3.0,51.6,RS41-SGP,403.502,17.1,-875,12,2.9,,
2026-09-19T15:30:18.006Z,X1909261,5301,-15.54686,-47.55001,20684.9,4.1,11.0,288.4,-60.0,3.1,51.6,RS41-SGP,403.502,15.4,-875,12,2.8,,
2026-09-19T15:30:19.006Z,X1909261,5302,-15.54682,-47.55010,20689.3,4.9,10.2,293.3,-60.2,3.2,51.5,RS41-SGP,403.502,14.0,-875,12,2.8,,
2026-09-19T15:30:20.006Z,X1909261,5303,-15.54678,-47.55018,20694.4,5.2,9.0,302.9,-60.2,3.4,51.5,RS41-SGP,403.502,14.1,-875,12,2.8,,
2026-09-19T15:30:21.006Z,X1909261,5304,-15.54674,-47.55024,20699.2,4.4,7.9,312.9,-60.3,3.4,51.4,RS41-SGP,403.502,14.7,-875,12,2.9,,
2026-09-19T15:30:22.006Z,X1909261,5305,-15.54669,-47.55029,20703.3,3.8,6.8,321.3,-59.6,3.1,51.4,RS41-SGP,403.502,17.0,-875,12,2.9,,
2026-09-19T15:30:23.006Z,X1909261,5306,-15.54664,-47.55032,20707.4,4.5,6.1,322.0,-59.8,3.1,51.4,RS41-SGP,403.502,17.8,-875,12,2.9,,
2026-09-19T15:30:24.006Z,X1909261,5307,-15.54660,-47.55036,20712.3,5.2,6.3,312.5,-60.0,3.1,51.3,RS41-SGP,403.502,18.6,-875,12,2.9,,
2026-09-19T15:30:25.006Z,X1909261,5308,-15.54656,-47.55041,20717.4,5.0,7.6,303.4,-59.9,3.0,51.3,RS41-SGP,403.502,18.6,-875,12,2.8,,
2026-09-19T15:30:26.006Z,X1909261,5309,-15.54652,-47.55048,20721.8,3.9,9.2,297.7,-59.8,2.9,51.3,RS41-SGP,403.502,17.8,-875,12,2.8,,
2026-09-19T15:30:27.006Z,X1909261,5310,-15.54649,-47.55056,20725.8,4.1,10.1,294.1,-59.8,2.9,51.2,RS41-SGP,403.502,15.6,-875,12,2.9,,
2026-09-19T15:30:28.006Z,X1909261,5311,-15.54645,-47.55064,20730.2,4.8,9.3,294.0,-59.9,2.9,51.2,RS41-SGP,403.502,14.9,-875,12,2.9,,
2026-09-19T15:30:30.006Z,X1909261,5313,-15.54638,-47.55077,20740.1,4.8,6.6,311.6,-59.7,2.9,51.1,RS41-SGP,403.502,11.9,-875,12,2.9,,
2026-09-19T15:30:31.006Z,X1909261,5314,-15.54634,-47.55081,20744.5,4.0,6.4,326.7,-59.7,2.9,51.1,RS41-SGP,403.502,16.4,-875,12,2.8,,
2026-09-19T15:30:32.006Z,X1909261,5315,-15.54628,-47.55084,20748.5,4.1,6.7,335.9,-59.0,2.6,51.0,RS41-SGP,403.502,17.7,-875,12,2.8,,
2026-09-19T15:30:33.006Z,X1909261,5316,-15.54623,-47.55086,20753.0,4.9,6.6,331.6,-58.6,2.5,51.0,RS41-SGP,403.502,17.7,-875,12,2.9,,
2026-09-19T15:30:34.006Z,X1909261,5317,-15.54618,-47.55090,20758.1,5.3,6.4,317.6,-58.8,2.5,51.0,RS41-SGP,403.502,18.1,-875,12,2.9,,
2026-09-19T15:30:35.006Z,X1909261,5318,-15.54614,-47.55095,20763.1,4.6,7.0,302.6,-59.1,2.6,50.9,RS41-SGP,403.502,18.1,-875,12,2.9,,
2026-09-19T15:30:36.006Z,X1909261,5319,-15.54611,-47.55101,20767.3,3.8,7.9,293.6,-58.5,2.5,50.9,RS41-SGP,403.502,17.5,-875,12,2.9,,
2026-09-19T15:30:37.006Z,X1909261,5320,-15.54609,-47.55108,20771.3,4.3,8.2,292.3,-58.1,2.4,50.8,RS41-SGP,403.502,16.0,-875,12,2.9,,
2026-09-19T15:30:38.006Z,X1909261,5321,-15.54606,-47.55114,20776.0,5.0,7.2,298.5,-57.7,2.3,50.8,RS41-SGP,403.502,15.3,-875,12,2.8,,
2026-09-19T15:30:39.006Z,X1909261,5322,-15.54603,-47.55119,20781.0,4.9,5.6,307.2,-57.7,2.3,50.8,RS41-SGP,403.502,15.6,-875,12,2.8,,
2026-09-19T15:30:40.006Z,X1909261,5323,-15.54600,-47.55122,20785.5,4.1,4.0,319.0,-58.6,2.7,50.7,RS41-SGP,403.502,17.0,-875,12,2.8,,
2026-09-19T15:30:41.006Z,X1909261,5324,-15.54597,-47.55124,20789.4,3.7,3.1,332.4,-59.4,3.0,50.7,RS41-SGP,403.502,18.7,-875,12,2.8,,
2026-09-19T15:30:42.006Z,X1909261,5325,-15.54595,-47.55126,20793.5,4.5,3.2,333.4,-59.6,3.1,50.6,RS41-SGP,403.502,18.8,-875,12,2.8,,
2026-09-19T15:30:43.006Z,X1909261,5326,-15.54592,-47.55128,20798.3,5.0,4.0,316.4,-59.7,3.1,50.6,RS41-SGP,403.502,18.8,-875,12,2.9,,
2026-09-19T15:30:44.006Z,X1909261,5327,-15.54589,-47.55131,20803.2,4.8,5.2,300.9,-59.6,3.1,50.6,RS41-SGP,403.502,18.7,-875,12,2.9,,
2026-09-19T15:30:45.006Z,X1909261,5328,-15.54587,-47.55136,20807.6,4.0,6.4,289.1,-59.4,3.1,50.5,RS41-SGP,403.502,18.1,-875,12,2.8,,
2026-09-19T15:30:46.006Z,X1909261,5329,-15.54586,-47.55142,20811.7,4.3,7.3,284.0,-59.3,3.0,50.5,RS41-SGP,403.502,17.4,-875,12,2.8,,
2026-09-19T15:30:47.006Z,X1909261,5330,-15.54584,-47.55148,20816.4,5.0,7.3,286.3,-59.4,2.9,50.5,RS41-SGP,403.502,17.0,-875,12,2.8,,
2026-09-19T15:30:48.006Z,X1909261,5331,-15.54582,-47.55154,20821.6,5.5,6.5,294.7,-59.3,2.8,50.5,RS41-SGP,403.502,17.0,-875,12,2.9,,
2026-09-19T15:30:49.006Z,X1909261,5332,-15.54579,-47.55159,20826.7,4.7,5.7,310.5,-59.1,2.8,50.4,RS41-SGP,403.502,17.7,-875,12,2.9,,
2026-09-19T15:30:50.006Z,X1909261,5333,-15.54575,-47.55163,20831.3,4.5,5.5,328.1,-59.2,2.8,50.4,RS41-SGP,403.502,18.3,-875,12,2.9,,
2026-09-19T15:30:51.006Z,X1909261,5334,-15.54571,-47.55165,20836.1,5.1,5.8,329.8,-59.5,2.9,50.3,RS41-SGP,403.502,19.1,-875,12,2.9,,
2026-09-19T15:30:52.006Z,X1909261,5335,-15.54566,-47.55169,20841.4,5.4,6.2,316.3,-59.6,2.9,50.3,RS41-SGP,403.502,19.1,-875,12,2.8,,
2026-09-19T15:30:53.006Z,X1909261,5336,-15.54563,-47.55174,20846.8,5.3,7.3,299.9,-59.7,2.9,50.3,RS41-SGP,403.502,18.9,-875,12,2.8,,
2026-09-19T15:30:54.006Z,X1909261,5337,-15.54560,-47.55180,20851.7,4.5,8.8,290.2,-59.3,2.8,50.2,RS41-SGP,403.502,18.9,-875,12,2.8,,
2026-09-19T15:30:55.006Z,X1909261,5338,-15.54557,-47.55189,20856.2,4.4,10.2,286.6,-58.3,2.5,50.1,RS41-SGP,403.502,18.4,-875,12,2.9,,
2026-09-19T15:30:56.006Z,X1909261,5339,-15.54554,-47.55198,20860.8,4.9,10.3,288.9,-58.1,2.4,50.1,RS41-SGP,403.502,15.7,-875,12,2.9,,
2026-09-19T15:30:57.006Z,X1909261,5340,-15.54551,-47.55206,20865.9,5.3,9.4,296.0,-57.6,2.2,50.1,RS41-SGP,403.502,16.6,-875,12,2.9,,
2026-09-19T15:30:58.006Z,X1909261,5341,-15.54547,-47.55213,20871.2,5.4,8.1,302.9,-58.0,2.4,50.1,RS41-SGP,403.502,17.5,-875,12,2.9,,
2026-09-19T15:30:59.006Z,X1909261,5342,-15.54543,-47.55219,20876.5,5.2,6.9,302.2,-58.7,2.6,50.0,RS41-SGP,403.502,17.7,-875,12,2.8,,
2026-09-19T15:31:00.006Z,X1909261,5343,-15.54541,-47.55225,20881.3,4.3,6.1,290.5,-59.0,2.8,50.0,RS41-SGP,403.502,17.7,-875,12,2.8,,
2026-09-19T15:31:01.006Z,X1909261,5344,-15.54539,-47.55230,20885.2,3.5,5.9,275.8,-59.4,3.0,50.0,RS41-SGP,403.502,18.2,-875,12,2.8,,
2026-09-19T15:31:02.006Z,X1909261,5345,-15.54539,-47.55236,20888.9,3.9,6.1,273.0,-59.7,3.1,49.9,RS41-SGP,403.502,18.2,-875,12,2.8,,
2026-09-19T15:31:03.006Z,X1909261,5346,-15.54538,-47.55241,20893.3,4.7,6.6,287.6,-59.9,3.1,49.9,RS41-SGP,403.502,18.5,-875,12,2.9,,
2026-09-19T15:31:04.006Z,X1909261,5347,-15.54535,-47.55247,20898.1,4.9,8.0,300.9,-59.9,3.1,49.9,RS41-SGP,403.502,18.5,-875,12,2.9,,
2026-09-19T15:31:05.006Z,X1909261,5348,-15.54531,-47.55254,20903.0,4.9,9.7,302.0,-59.9,3.0,49.8,RS41-SGP,403.502,18.9,-875,12,2.9,,
2026-09-19T15:31:06.006Z,X1909261,5349,-15.54527,-47.55263,20907.6,4.4,11.0,295.9,-59.8,3.0,49.8,RS41-SGP,403.502,18.9,-875,12,2.8,,
2026-09-19T15:31:07.006Z,X1909261,5350,-15.54523,-47.55273,20911.9,4.2,12.0,287.5,-59.4,2.9,49.7,RS41-SGP,403.502,15.5,-875,12,2.8,,
2026-09-19T15:31:08.006Z,X1909261,5351,-15.54520,-47.55283,20916.4,4.8,11.9,283.0,-59.2,2.8,49.7,RS41-SGP,403.502,15.5,-875,12,2.8,,
2026-09-19T15:31:09.006Z,X1909261,5352,-15.54518,-47.55294,20921.5,5.3,10.6,284.0,-59.1,2.7,49.7,RS41-SGP,403.502,15.6,-875,12,2.9,,
2026-09-19T15:31:10.006Z,X1909261,5353,-15.54516,-47.55302,20926.2,4.3,8.6,284.9,-58.7,2.5,49.6,RS41-SGP,403.502,17.2,-875,12,2.9,,
2026-09-19T15:31:11.006Z,X1909261,5354,-15.54514,-47.55309,20930.4,4.1,6.7,281.9,-59.0,2.6,49.6,RS41-SGP,403.502,18.7,-875,12,2.9,,
2026-09-19T15:31:12.006Z,X1909261,5355,-15.54513,-47.55315,20934.8,4.7,6.5,274.9,-58.6,2.5,49.5,RS41-SGP,403.502,18.7,-875,12,2.8,,
2026-09-19T15:31:13.006Z,X1909261,5356,-15.54512,-47.55322,20939.6,5.0,7.7,275.7,-58.2,2.4,49.5,RS41-SGP,403.502,18.7,-875,12,2.8,,
2026-09-19T15:31:14.006Z,X1909261,5357,-15.54511,-47.55329,20944.5,4.6,9.2,285.5,-58.7,2.5,49.5,RS41-SGP,403.502,18.7,-875,12,2.8,,
2026-09-19T15:31:15.006Z,X1909261,5358,-15.54508,-47.55338,20948.8,3.9,10.2,296.7,-59.1,2.6,49.4,RS41-SGP,403.502,17.9,-875,12,2.8,,
2026-09-19T15:31:16.006Z,X1909261,5359,-15.54503,-47.55346,20952.9,4.5,10.4,303.0,-59.2,2.7,49.4,RS41-SGP,403.502,17.4,-875,12,2.8,,
2026-09-19T15:31:17.006Z,X1909261,5360,-15.54499,-47.55354,20957.9,5.5,9.5,299.6,-59.3,2.7,49.4,RS41-SGP,403.502,18.7,-875,12,2.9,,
2026-09-19T15:31:18.006Z,X1909261,5361,-15.54495,-47.55362,20963.5,5.6,8.5,286.0,-59.3,2.8,49.3,RS41-SGP,403.502,18.7,-875,12,2.9,,
2026-09-19T15:31:19.006Z,X1909261,5362,-15.54494,-47.55369,20968.6,4.6,8.6,271.0,-59.3,2.8,49.3,RS41-SGP,403.502,18.4,-875,12,2.8,,
2026-09-19T15:31:20.006Z,X1909261,5363,-15.54495,-47.55378,20973.2,4.5,9.3,262.7,-59.4,2.9,49.2,RS41-SGP,403.502,18.1,-875,12,2.8,,
2026-09-19T15:31:21.006Z,X1909261,5364,-15.54496,-47.55386,20978.0,5.1,9.2,264.0,-59.4,2.9,49.2,RS41-SGP,403.502,17.4,-875,12,2.8,,
2026-09-19T15:31:22.006Z,X1909261,5365,-15.54496,-47.55394,20983.1,5.2,8.6,276.9,-59.6,2.9,49.1,RS41-SGP,403.502,17.5,-875,12,2.8,,
2026-09-19T15:31:23.006Z,X1909261,5366,-15.54494,-47.55402,20987.7,4.0,8.6,293.6,-59.6,2.9,49.1,RS41-SGP,403.502,18.1,-875,12,2.9,,
2026-09-19T15:31:24.006Z,X1909261,5367,-15.54490,-47.55409,20991.7,4.1,9.2,305.6,-59.5,2.8,49.1,RS41-SGP,403.502,18.1,-875,12,2.9,,
2026-09-19T15:31:25.006Z,X1909261,5368,-15.54485,-47.55416,20996.5,5.4,9.0,303.0,-59.2,2.7,49.0,RS41-SGP,403.502,17.5,-875,12,2.9,,
2026-09-19T15:31:26.006Z,X1909261,5369,-15.54482,-47.55423,21001.9,5.5,8.2,287.5,-58.3,2.4,49.0,RS41-SGP,403.502,17.8,-875,12,2.8,,
2026-09-19T15:31:27.006Z,X1909261,5370,-15.54481,-47.55431,21006.7,4.2,7.8,268.3,-58.4,2.5,49.0,RS41-SGP,403.502,17.8,-875,12,2.8,,
2026-09-19T15:31:28.006Z,X1909261,5371,-15.54482,-47.55438,21010.8,4.0,7.8,254.5,-58.8,2.7,49.0,RS41-SGP,403.502,17.2,-875,12,2.8,,
2026-09-19T15:31:29.006Z,X1909261,5372,-15.54483,-47.55444,21015.3,4.9,7.3,258.7,-59.2,2.8,48.9,RS41-SGP,403.502,18.0,-875,12,2.9,,
2026-09-19T15:31:30.006Z,X1909261,5373,-15.54484,-47.55451,21020.3,5.2,7.1,276.9,-59.5,2.8,48.9,RS41-SGP,403.502,18.1,-875,12,2.9,,
2026-09-19T15:31:31.006Z,X1909261,5374,-15.54482,-47.55458,21025.2,4.6,8.0,294.4,-59.5,2.7,48.8,RS41-SGP,403.502,18.1,-875,12,2.9,,
2026-09-19T15:31:32.006Z,X1909261,5375,-15.54478,-47.55465,21029.5,4.0,9.1,303.8,-59.5,2.6,48.8,RS41-SGP,403.502,17.5,-875,12,2.9,,
2026-09-19T15:31:33.006Z,X1909261,5376,-15.54473,-47.55472,21033.6,4.4,9.2,305.9,-59.4,2.7,48.8,RS41-SGP,403.502,17.5,-875,12,2.8,,
2026-09-19T15:31:34.006Z,X1909261,5377,-15.54469,-47.55478,21038.4,5.1,7.9,300.7,-59.4,2.7,48.7,RS41-SGP,403.502,16.3,-875,12,2.8,,
2026-09-19T15:31:35.006Z,X1909261,5378,-15.54466,-47.55484,21043.5,5.0,6.6,290.7,-58.9,2.6,48.7,RS41-SGP,403.502,17.2,-875,12,2.8,,
2026-09-19T15:31:36.006Z,X1909261,5379,-15.54465,-47.55490,21048.0,4.0,5.6,277.4,-58.8,2.7,48.6,RS41-SGP,403.502,17.8,-875,12,2.9,,
2026-09-19T15:31:37.006Z,X1909261,5380,-15.54465,-47.55495,21051.9,3.9,5.2,267.0,-58.9,2.8,48.6,RS41-SGP,403.502,17.8,-875,12,2.9,,
2026-09-19T15:31:38.006Z,X1909261,5381,-15.54465,-47.55500,21056.1,4.4,5.2,269.2,-59.1,2.8,48.6,RS41-SGP,403.502,18.0,-875,12,2.9,,
2026-09-19T15:31:39.006Z,X1909261,5382,-15.54464,-47.55505,21060.9,5.1,5.7,283.1,-59.4,2.7,48.6,RS41-SGP,403.502,18.7,-875,12,2.9,,
2026-09-19T15:31:40.006Z,X1909261,5383,-15.54462,-47.55510,21065.9,5.0,6.7,295.6,-59.5,2.7,48.5,RS41-SGP,403.502,18.7,-875,12,2.8,,
2026-09-19T15:31:41.006Z,X1909261,5384,-15.54459,-47.55516,21070.4,4.0,8.1,303.8,-59.4,2.6,48.5,RS41-SGP,403.502,18.0,-875,12,2.8,,
2026-09-19T15:31:42.006Z,X1909261,5385,-15.54455,-47.55522,21074.4,4.2,9.1,308.3,-59.5,2.6,48.5,RS41-SGP,403.502,17.6,-875,12,2.9,,
2026-09-19T15:31:43.006Z,X1909261,5386,-15.54450,-47.55529,21079.0,4.9,8.8,307.7,-59.5,2.7,48.4,RS41-SGP,403.502,16.3,-875,12,2.9,,
2026-09-19T15:31:44.006Z,X1909261,5387,-15.54445,-47.55535,21084.0,5.2,7.4,301.0,-59.4,2.7,48.4,RS41-SGP,403.502,16.3,-875,12,2.9,,
2026-09-19T15:31:45.006Z,X1909261,5388,-15.54443,-47.55540,21088.8,4.4,5.7,287.8,-59.2,2.7,48.3,RS41-SGP,403.502,16.0,-875,12,2.9,,
2026-09-19T15:31:46.006Z,X1909261,5389,-15.54442,-47.55545,21092.9,3.8,4.6,272.8,-59.1,2.7,48.3,RS41-SGP,403.502,14.0,-875,12,2.8,,
2026-09-19T15:31:47.006Z,X1909261,5390,-15.54442,-47.55549,21097.1,4.7,4.4,273.6,-59.3,2.8,48.3,RS41-SGP,403.502,17.8,-875,12,2.8,,
2026-09-19T15:31:48.006Z,X1909261,5391,-15.54441,-47.55554,21102.2,5.4,5.2,293.6,-59.4,2.8,48.2,RS41-SGP,403.502,18.1,-875,12,2.9,,
2026-09-19T15:31:49.006Z,X1909261,5392,-15.54438,-47.55558,21107.4,5.1,7.0,306.8,-59.5,2.7,48.2,RS41-SGP,403.502,18.4,-875,12,2.9,,
2026-09-19T15:31:50.006Z,X1909261,5393,-15.54433,-47.55564,21112.0,4.1,8.8,313.0,-59.1,2.6,48.1,RS41-SGP,403.502,18.4,-875,12,2.9,,
2026-09-19T15:31:51.006Z,X1909261,5394,-15.54428,-47.55570,21116.2,4.3,9.9,314.7,-58.3,2.3,48.1,RS41-SGP,403.502,16.8,-875,12,2.9,,
2026-09-19T15:31:52.006Z,X1909261,5395,-15.54422,-47.55577,21120.7,4.8,9.5,311.9,-57.9,2.1,48.1,RS41-SGP,403.502,16.6,-875,12,2.9,,
2026-09-19T15:31:53.006Z,X1909261,5396,-15.54417,-47.55583,21125.7,5.2,8.2,304.5,-57.4,2.0,48.1,RS41-SGP,403.502,17.3,-875,12,2.8,,
2026-09-19T15:31:54.006Z,X1909261,5397,-15.54413,-47.55589,21130.5,4.5,7.2,293.3,-57.8,2.1,48.0,RS41-SGP,403.502,17.5,-875,12,2.8,,
2026-09-19T15:31:55.006Z,X1909261,5398,-15.54411,-47.55595,21134.6,3.8,6.6,281.0,-58.6,2.3,48.0,RS41-SGP,403.502,17.5,-875,12,2.8,,
2026-09-19T15:31:56.006Z,X1909261,5399,-15.54411,-47.55601,21138.5,3.9,6.6,276.3,-59.0,2.4,47.9,RS41-SGP,403.502,17.6,-875,12,2.8,,
2026-09-19T15:31:57.006Z,X1909261,5400,-15.54409,-47.55608,21142.6,4.4,6.9,284.1,-59.3,2.6,47.9,RS41-SGP,403.502,17.6,-875,12,2.9,,
2026-09-19T15:31:58.006Z,X1909261,5401,-15.54407,-47.55614,21147.2,4.9,7.3,295.3,-59.4,2.6,47.9,RS41-SGP,403.502,17.6,-875,12,2.8,,
2026-09-19T15:31:59.006Z,X1909261,5402,-15.54404,-47.55620,21152.0,4.8,7.7,305.3,-59.2,2.6,47.8,RS41-SGP,403.502,16.8,-875,12,2.8,,
2026-09-19T15:32:00.006Z,X1909261,5403,-15.54399,-47.55625,21156.4,3.8,8.0,315.3,-58.7,2.5,47.8,RS41-SGP,403.502,16.8,-875,12,2.8,,
2026-09-19T15:32:01.006Z,X1909261,5404,-15.54394,-47.55630,21160.2,3.9,8.2,323.1,-58.7,2.6,47.8,RS41-SGP,403.502,16.8,-875,12,2.7,,
2026-09-19T15:32:02.006Z,X1909261,5405,-15.54388,-47.55635,21164.4,4.5,7.9,324.8,-58.9,2.7,47.8,RS41-SGP,403.502,16.8,-875,12,2.8,,
2026-09-19T15:32:03.006Z,X1909261,5406,-15.54383,-47.55639,21169.2,5.0,7.0,318.7,-59.0,2.8,47.7,RS41-SGP,403.502,17.0,-875,12,2.8,,
2026-09-19T15:32:04.006Z,X1909261,5407,-15.54379,-47.55643,21174.0,4.6,6.1,304.3,-59.0,2.8,47.7,RS41-SGP,403.502,17.0,-875,12,2.8,,
2026-09-19T15:32:05.006Z,X1909261,5408,-15.54377,-47.55648,21178.2,3.8,5.6,286.1,-59.0,2.8,47.7,RS41-SGP,403.502,16.5,-875,12,2.8,,
2026-09-19T15:32:06.006Z,X1909261,5409,-15.54376,-47.55653,21182.2,4.2,5.3,273.0,-59.1,2.8,47.6,RS41-SGP,403.502,16.5,-875,12,2.9,,
2026-09-19T15:32:07.006Z,X1909261,5410,-15.54375,-47.55658,21186.8,5.0,4.9,280.9,-59.1,2.7,47.6,RS41-SGP,403.502,16.5,-875,12,2.8,,
2026-09-19T15:32:08.006Z,X1909261,5411,-15.54374,-47.55662,21191.9,5.1,5.4,303.1,-59.3,2.7,47.5,RS41-SGP,403.502,17.1,-875,12,2.8,,
2026-09-19T15:32:09.006Z,X1909261,5412,-15.54370,-47.55666,21196.4,4.0,7.2,318.3,-59.2,2.6,47.5,RS41-SGP,403.502,17.1,-875,12,2.8,,
2026-09-19T15:32:10.006Z,X1909261,5413,-15.54364,-47.55671,21200.3,3.9,8.9,323.0,-59.2,2.6,47.5,RS41-SGP,403.502,17.0,-875,12,2.8,,
2026-09-19T15:32:11.006Z,X1909261,5414,-15.54358,-47.55676,21204.7,4.9,9.1,319.4,-59.0,2.5,47.4,RS41-SGP,403.502,16.4,-875,12,2.8,,
2026-09-19T15:32:12.006Z,X1909261,5415,-15.54352,-47.55682,21209.8,5.4,7.8,308.3,-58.1,2.2,47.4,RS41-SGP,403.502,16.1,-875,12,2.9,,
2026-09-19T15:32:13.006Z,X1909261,5416,-15.54349,-47.55688,21214.8,4.6,6.3,291.5,-58.0,2.3,47.4,RS41-SGP,403.502,16.7,-875,12,2.8,,
2026-09-19T15:32:14.006Z,X1909261,5417,-15.54348,-47.55693,21219.0,3.7,5.7,274.8,-58.1,2.4,47.4,RS41-SGP,403.502,16.9,-875,12,2.8,,
2026-09-19T15:32:15.006Z,X1909261,5418,-15.54348,-47.55698,21222.9,4.1,5.8,270.9,-57.6,2.3,47.3,RS41-SGP,403.502,16.9,-875,12,2.8,,
2026-09-19T15:32:16.006Z,X1909261,5419,-15.54347,-47.55704,21227.3,4.7,6.4,284.4,-57.4,2.2,47.3,RS41-SGP,403.502,16.5,-875,12,2.8,,
2026-09-19T15:32:17.006Z,X1909261,5420,-15.54345,-47.55710,21232.3,5.2,7.5,300.4,-58.2,2.4,47.3,RS41-SGP,403.502,16.5,-875,12,2.8,,
2026-09-19T15:32:18.006Z,X1909261,5421,-15.54340,-47.55716,21237.1,4.5,8.3,310.0,-58.4,2.4,47.2,RS41-SGP,403.502,17.0,-875,12,2.8,,
2026-09-19T15:32:19.006Z,X1909261,5422,-15.54335,-47.55721,21241.3,3.8,8.8,316.0,-57.8,2.3,47.2,RS41-SGP,403.502,17.2,-875,12,2.8,,
2026-09-19T15:32:20.006Z,X1909261,5423,-15.54329,-47.55727,21245.2,4.1,9.0,315.6,-58.5,2.6,47.1,RS41-SGP,403.502,17.2,-875,12,2.8,,
2026-09-19T15:32:21.006Z,X1909261,5424,-15.54324,-47.55733,21249.7,4.8,9.0,308.1,-58.7,2.7,47.1,RS41-SGP,403.502,16.8,-875,12,2.8,,
2026-09-19T15:32:22.006Z,X1909261,5425,-15.54320,-47.55740,21254.6,4.9,8.8,297.6,-58.7,2.8,47.1,RS41-SGP,403.502,16.7,-875,12,2.8,,
2026-09-19T15:32:23.006Z,X1909261,5426,-15.54317,-47.55748,21259.1,4.2,8.3,285.9,-58.5,2.7,47.1,RS41-SGP,403.502,16.7,-875,12,2.8,,
2026-09-19T15:32:24.006Z,X1909261,5427,-15.54315,-47.55755,21263.2,4.1,7.8,274.9,-58.6,2.8,47.0,RS41-SGP,403.502,16.8,-875,12,2.9,,
2026-09-19T15:32:25.006Z,X1909261,5428,-15.54315,-47.55762,21267.5,4.4,7.9,275.5,-58.8,2.8,47.0,RS41-SGP,403.502,17.4,-875,12,2.9,,
2026-09-19T15:32:26.006Z,X1909261,5429,-15.54314,-47.55770,21272.0,4.5,8.8,283.3,-59.0,2.8,47.0,RS41-SGP,403.502,17.4,-875,12,2.9,,
2026-09-19T15:32:27.006Z,X1909261,5430,-15.54311,-47.55778,21276.6,4.7,10.0,289.8,-59.1,2.7,46.9,RS41-SGP,403.502,16.9,-875,12,2.8,,
2026-09-19T15:32:28.006Z,X1909261,5431,-15.54308,-47.55787,21281.3,4.6,10.4,294.0,-58.9,2.6,46.9,RS41-SGP,403.502,15.1,-875,12,2.8,,
2026-09-19T15:32:29.006Z,X1909261,5432,-15.54304,-47.55796,21285.4,3.6,10.2,299.0,-58.7,2.6,46.8,RS41-SGP,403.502,16.3,-875,12,2.8,,
2026-09-19T15:32:30.006Z,X1909261,5433,-15.54299,-47.55804,21288.9,3.5,10.0,304.7,-58.6,2.5,46.8,RS41-SGP,403.502,17.5,-875,12,2.9,,
2026-09-19T15:32:31.006Z,X1909261,5434,-15.54294,-47.55811,21292.9,4.3,10.0,304.6,-58.5,2.5,46.8,RS41-SGP,403.502,17.5,-875,12,2.9,,
2026-09-19T15:32:32.006Z,X1909261,5435,-15.54289,-47.55819,21297.4,4.8,10.3,297.7,-58.0,2.4,46.7,RS41-SGP,403.502,17.0,-875,12,2.9,,
2026-09-19T15:32:33.006Z,X1909261,5436,-15.54285,-47.55828,21302.1,4.5,10.2,287.0,-58.2,2.4,46.7,RS41-SGP,403.502,15.7,-875,12,2.9,,
2026-09-19T15:32:34.006Z,X1909261,5437,-15.54284,-47.55837,21306.3,3.7,9.7,275.7,-58.3,2.5,46.7,RS41-SGP,403.502,16.4,-875,12,2.8,,
2026-09-19T15:32:35.006Z,X1909261,5438,-15.54283,-47.55846,21310.1,3.8,8.8,267.3,-58.5,2.5,46.7,RS41-SGP,403.502,17.0,-875,12,2.8,,
2026-09-19T15:32:36.006Z,X1909261,5439,-15.54284,-47.55854,21314.3,4.6,8.6,269.8,-58.5,2.5,46.6,RS41-SGP,403.502,17.1,-875,12,2.9,,
2026-09-19T15:32:37.006Z,X1909261,5440,-15.54283,-47.55862,21319.0,4.9,9.4,279.4,-58.8,2.5,46.6,RS41-SGP,403.502,17.1,-875,12,2.9,,
2026-09-19T15:32:38.006Z,X1909261,5441,-15.54281,-47.55871,21323.7,4.5,10.7,287.9,-58.8,2.4,46.6,RS41-SGP,403.502,16.0,-875,12,2.9,,
2026-09-19T15:32:39.006Z,X1909261,5442,-15.54277,-47.55880,21327.8,3.8,11.1,294.9,-58.1,2.2,46.5,RS41-SGP,403.502,15.7,-875,12,2.9,,
2026-09-19T15:32:40.006Z,X1909261,5443,-15.54273,-47.55889,21331.6,3.8,10.4,300.4,-57.8,2.1,46.5,RS41-SGP,403.502,16.9,-875,12,2.8,,
2026-09-19T15:32:41.006Z,X1909261,5444,-15.54268,-47.55897,21335.7,4.4,9.2,298.9,-58.1,2.2,46.5,RS41-SGP,403.502,17.5,-875,12,2.8,,
2026-09-19T15:32:42.006Z,X1909261,5445,-15.54265,-47.55905,21340.2,4.6,9.1,289.1,-58.4,2.3,46.4,RS41-SGP,403.502,17.6,-875,12,2.8,,
2026-09-19T15:32:43.006Z,X1909261,5446,-15.54263,-47.55914,21344.6,4.2,10.2,279.1,-58.4,2.4,46.4,RS41-SGP,403.502,17.6,-875,12,2.8,,
2026-09-19T15:32:44.006Z,X1909261,5447,-15.54262,-47.55923,21348.6,3.7,11.1,272.2,-58.7,2.5,46.4,RS41-SGP,403.502,16.0,-875,12,2.8,,
2026-09-19T15:32:45.006Z,X1909261,5448,-15.54262,-47.55934,21352.3,3.8,10.8,267.4,-58.8,2.6,46.4,RS41-SGP,403.502,16.1,-875,12,2.8,,
2026-09-19T15:32:46.006Z,X1909261,5449,-15.54263,-47.55943,21356.4,4.3,9.2,264.2,-58.8,2.7,46.3,RS41-SGP,403.502,17.1,-875,12,2.9,,
2026-09-19T15:32:47.006Z,X1909261,5450,-15.54263,-47.55951,21361.0,4.8,7.9,268.0,-58.9,2.7,46.3,RS41-SGP,403.502,17.2,-875,12,2.8,,
2026-09-19T15:32:48.006Z,X1909261,5451,-15.54263,-47.55958,21365.5,4.3,8.5,278.7,-59.0,2.7,46.3,RS41-SGP,403.502,17.2,-875,12,2.8,,
2026-09-19T15:32:49.006Z,X1909261,5452,-15.54261,-47.55967,21369.3,3.4,10.1,287.0,-58.9,2.7,46.3,RS41-SGP,403.502,16.4,-875,12,2.8,,
2026-09-19T15:32:50.006Z,X1909261,5453,-15.54258,-47.55976,21372.9,3.8,10.9,291.1,-58.8,2.6,46.2,RS41-SGP,403.502,16.1,-875,12,2.8,,
2026-09-19T15:32:51.006Z,X1909261,5454,-15.54255,-47.55985,21377.1,4.6,9.9,289.4,-58.3,2.5,46.2,RS41-SGP,403.502,16.4,-875,12,2.8,,
2026-09-19T15:32:52.006Z,X1909261,5455,-15.54252,-47.55993,21381.9,5.0,8.3,282.9,-57.9,2.3,46.1,RS41-SGP,403.502,16.8,-875,12,2.9,,
2026-09-19T15:32:53.006Z,X1909261,5456,-15.54251,-47.56000,21386.7,4.6,7.9,272.4,-58.0,2.3,46.1,RS41-SGP,403.502,16.8,-875,12,2.9,,
2026-09-19T15:32:54.006Z,X1909261,5457,-15.54251,-47.56008,21391.1,4.0,8.9,265.1,-58.0,2.3,46.0,RS41-SGP,403.502,16.4,-875,12,2.8,,
2026-09-19T15:32:55.006Z,X1909261,5458,-15.54252,-47.56017,21395.1,4.1,10.2,264.1,-58.3,2.4,46.0,RS41-SGP,403.502,16.4,-875,12,2.8,,
2026-09-19T15:32:56.006Z,X1909261,5459,-15.54253,-47.56026,21399.7,4.9,10.4,268.5,-58.5,2.5,46.0,RS41-SGP,403.502,14.5,-875,12,2.8,,
2026-09-19T15:32:57.006Z,X1909261,5460,-15.54252,-47.56036,21404.6,4.9,9.6,277.9,-58.6,2.5,46.0,RS41-SGP,403.502,15.2,-875,12,2.8,,
2026-09-19T15:32:58.006Z,X1909261,5461,-15.54250,-47.56044,21409.1,4.1,9.0,292.2,-58.4,2.5,46.0,RS41-SGP,403.502,16.2,-875,12,2.8,,
2026-09-19T15:32:59.006Z,X1909261,5462,-15.54246,-47.56051,21413.2,4.1,9.3,303.4,-57.6,2.2,45.9,RS41-SGP,403.502,16.2,-875,12,2.9,,
2026-09-19T15:33:00.006Z,X1909261,5463,-15.54242,-47.56059,21417.7,5.1,9.8,301.8,-58.0,2.3,45.9,RS41-SGP,403.502,16.2,-875,12,2.9,,
2026-09-19T15:33:01.006Z,X1909261,5464,-15.54238,-47.56067,21422.9,5.2,9.7,290.2,-58.3,2.4,45.8,RS41-SGP,403.502,14.0,-875,12,2.8,,
2026-09-19T15:33:02.006Z,X1909261,5465,-15.54236,-47.56075,21427.6,4.1,9.1,275.6,-58.3,2.5,45.8,RS41-SGP,403.502,13.9,-875,12,2.8,,
2026-09-19T15:33:03.006Z,X1909261,5466,-15.54236,-47.56083,21431.3,3.5,8.3,263.7,-58.4,2.6,45.8,RS41-SGP,403.502,13.4,-875,12,2.8,,
2026-09-19T15:33:04.006Z,X1909261,5467,-15.54237,-47.56091,21435.2,4.1,7.5,261.8,-58.6,2.7,45.8,RS41-SGP,403.502,14.1,-875,12,2.9,,
2026-09-19T15:33:05.006Z,X1909261,5468,-15.54237,-47.56097,21439.5,4.6,7.2,275.6,-58.8,2.7,45.7,RS41-SGP,403.502,14.6,-875,12,2.9,,
2026-09-19T15:33:06.006Z,X1909261,5469,-15.54236,-47.56104,21444.2,5.0,8.3,289.0,-58.9,2.6,45.7,RS41-SGP,403.502,15.4,-875,12,2.9,,
2026-09-19T15:33:07.006Z,X1909261,5470,-15.54233,-47.56112,21448.9,4.3,9.9,294.2,-58.8,2.5,45.6,RS41-SGP,403.502,15.4,-875,12,2.8,,
2026-09-19T15:33:08.006Z,X1909261,5471,-15.54229,-47.56121,21452.9,3.7,11.1,296.8,-58.9,2.5,45.6,RS41-SGP,403.502,15.2,-875,12,2.8,,
2026-09-19T15:33:09.006Z,X1909261,5472,-15.54224,-47.56130,21456.7,4.0,11.6,299.5,-58.9,2.5,45.6,RS41-SGP,403.502,13.7,-875,12,2.8,,
2026-09-19T15:33:10.006Z,X1909261,5473,-15.54219,-47.56139,21460.9,4.3,10.8,300.7,-58.9,2.5,45.6,RS41-SGP,403.502,12.8,-875,12,2.8,,
2026-09-19T15:33:11.006Z,X1909261,5474,-15.54214,-47.56148,21465.2,4.4,9.6,300.1,-58.8,2.6,45.5,RS41-SGP,403.502,13.4,-875,12,2.9,,
2026-09-19T15:33:12.006Z,X1909261,5475,-15.54210,-47.56155,21469.8,4.8,8.8,295.9,-58.5,2.5,45.5,RS41-SGP,403.502,14.0,-875,12,2.9,,
2026-09-19T15:33:13.006Z,X1909261,5476,-15.54207,-47.56162,21474.4,4.4,8.4,290.0,-58.3,2.5,45.5,RS41-SGP,403.502,14.0,-875,12,2.9,,
2026-09-19T15:33:14.006Z,X1909261,5477,-15.54205,-47.56170,21478.4,3.4,8.0,284.0,-57.6,2.3,45.4,RS41-SGP,403.502,13.2,-875,12,2.8,,
2026-09-19T15:33:15.006Z,X1909261,5478,-15.54204,-47.56177,21481.7,3.3,7.3,278.2,-57.7,2.3,45.4,RS41-SGP,403.502,13.5,-875,12,2.8,,
2026-09-19T15:33:16.006Z,X1909261,5479,-15.54203,-47.56183,21485.4,4.0,6.6,280.6,-57.8,2.4,45.4,RS41-SGP,403.502,14.2,-875,12,2.8,,
2026-09-19T15:33:17.006Z,X1909261,5480,-15.54201,-47.56189,21489.8,4.9,6.8,292.7,-57.5,2.2,45.4,RS41-SGP,403.502,14.7,-875,12,2.9,,
2026-09-19T15:33:18.006Z,X1909261,5481,-15.54198,-47.56195,21494.8,5.0,8.1,301.9,-58.1,2.3,45.3,RS41-SGP,403.502,15.1,-875,12,2.9,,
2026-09-19T15:33:19.006Z,X1909261,5482,-15.54193,-47.56202,21499.3,4.1,9.6,306.5,-58.4,2.3,45.3,RS41-SGP,403.502,15.1,-875,12,2.9,,
2026-09-19T15:33:20.006Z,X1909261,5483,-15.54188,-47.56209,21503.3,3.7,11.0,308.3,-58.6,2.3,45.3,RS41-SGP,403.502,14.4,-875,12,2.9,,
2026-09-19T15:33:21.006Z,X1909261,5484,-15.54181,-47.56218,21507.2,4.1,11.5,309.2,-58.8,2.4,45.2,RS41-SGP,403.502,14.1,-875,12,2.8,,
2026-09-19T15:33:22.006Z,X1909261,5485,-15.54175,-47.56226,21511.5,4.6,10.8,307.8,-59.0,2.4,45.2,RS41-SGP,403.502,14.0,-875,12,2.8,,
2026-09-19T15:33:23.006Z,X1909261,5486,-15.54170,-47.56233,21516.2,4.7,9.7,303.7,-59.0,2.4,45.1,RS41-SGP,403.502,14.0,-875,12,2.8,,
2026-09-19T15:33:24.006Z,X1909261,5487,-15.54165,-47.56241,21520.7,4.2,8.8,295.3,-58.9,2.4,45.1,RS41-SGP,403.502,14.3,-875,12,2.8,,
2026-09-19T15:33:25.006Z,X1909261,5488,-15.54163,-47.56248,21524.6,3.6,8.4,286.2,-57.9,2.2,45.1,RS41-SGP,403.502,14.3,-875,12,2.8,,
2026-09-19T15:33:26.006Z,X1909261,5489,-15.54161,-47.56256,21528.3,3.9,8.3,282.2,-57.2,2.0,45.1,RS41-SGP,403.502,13.8,-875,12,2.8,,
2026-09-19T15:33:27.006Z,X1909261,5490,-15.54159,-47.56263,21532.5,4.4,8.5,287.4,-57.4,2.1,45.1,RS41-SGP,403.502,14.1,-875,12,2.8,,
2026-09-19T15:33:28.006Z,X1909261,5491,-15.54156,-47.56271,21537.1,4.7,9.1,295.9,-57.3,2.1,45.0,RS41-SGP,403.502,14.6,-875,12,2.7,,
2026-09-19T15:33:29.006Z,X1909261,5492,-15.54152,-47.56279,21541.7,4.7,9.8,299.9,-57.7,2.3,45.0,RS41-SGP,403.502,14.6,-875,12,2.8,,
2026-09-19T15:33:30.006Z,X1909261,5493,-15.54147,-47.56287,21545.9,3.7,10.8,300.9,-58.1,2.4,45.0,RS41-SGP,403.502,14.4,-875,12,2.8,,
2026-09-19T15:33:31.006Z,X1909261,5494,-15.54142,-47.56296,21549.4,3.2,11.6,301.6,-58.3,2.5,44.9,RS41-SGP,403.502,12.9,-875,12,2.8,,
2026-09-19T15:33:32.006Z,X1909261,5495,-15.54136,-47.56305,21552.9,3.9,11.8,302.6,-58.6,2.6,44.9,RS41-SGP,403.502,11.6,-875,12,2.8,,
2026-09-19T15:33:33.006Z,X1909261,5496,-15.54131,-47.56314,21557.4,4.9,10.7,301.7,-58.7,2.7,44.9,RS41-SGP,403.502,11.5,-875,12,2.8,,
2026-09-19T15:33:34.006Z,X1909261,5497,-15.54127,-47.56322,21562.2,4.8,9.4,297.2,-58.8,2.7,44.8,RS41-SGP,403.502,11.9,-875,12,2.8,,
2026-09-19T15:33:35.006Z,X1909261,5498,-15.54123,-47.56330,21566.5,3.8,8.4,288.4,-58.7,2.7,44.8,RS41-SGP,403.502,13.0,-875,12,2.7,,
2026-09-19T15:33:36.006Z,X1909261,5499,-15.54122,-47.56337,21570.4,3.8,7.7,276.3,-58.7,2.7,44.8,RS41-SGP,403.502,13.0,-875,12,2.8,,
2026-09-19T15:33:37.006Z,X1909261,5500,-15.54121,-47.56344,21574.5,4.6,7.4,273.8,-58.9,2.7,44.7,RS41-SGP,403.502,12.9,-875,12,2.8,,
2026-09-19T15:33:38.006Z,X1909261,5501,-15.54120,-47.56351,21579.3,5.1,7.5,281.8,-59.0,2.6,44.7,RS41-SGP,403.502,13.5,-875,12,2.8,,
2026-09-19T15:33:39.006Z,X1909261,5502,-15.54118,-47.56358,21584.4,5.1,8.2,294.1,-59.0,2.6,44.7,RS41-SGP,403.502,13.6,-875,12,2.9,,
2026-09-19T15:33:40.006Z,X1909261,5503,-15.54114,-47.56365,21589.1,4.1,9.2,302.5,-59.0,2.5,44.7,RS41-SGP,403.502,13.6,-875,12,2.9,,
2026-09-19T15:33:41.006Z,X1909261,5504,-15.54110,-47.56372,21593.3,4.3,9.9,305.5,-58.9,2.5,44.6,RS41-SGP,403.502,13.0,-875,12,2.8,,
2026-09-19T15:33:42.006Z,X1909261,5505,-15.54105,-47.56380,21597.7,4.6,9.6,302.9,-58.9,2.5,44.6,RS41-SGP,403.502,13.0,-875,12,2.7,,
2026-09-19T15:33:43.006Z,X1909261,5506,-15.54101,-47.56387,21602.5,5.0,8.4,294.8,-58.9,2.5,44.5,RS41-SGP,403.502,12.2,-875,12,2.8,,
2026-09-19T15:33:44.006Z,X1909261,5507,-15.54098,-47.56394,21607.4,4.7,7.3,281.0,-58.8,2.5,44.5,RS41-SGP,403.502,13.4,-875,12,2.8,,
2026-09-19T15:33:45.006Z,X1909261,5508,-15.54098,-47.56400,21611.6,3.6,6.8,265.7,-58.5,2.5,44.5,RS41-SGP,403.502,14.5,-875,12,2.8,,
2026-09-19T15:33:46.006Z,X1909261,5509,-15.54099,-47.56406,21615.3,3.8,6.8,256.5,-58.6,2.5,44.5,RS41-SGP,403.502,14.5,-875,12,2.8,,
2026-09-19T15:33:47.006Z,X1909261,5510,-15.54100,-47.56413,21619.6,4.7,6.7,260.8,-58.8,2.6,44.4,RS41-SGP,403.502,13.4,-875,12,2.9,,
2026-09-19T15:33:48.006Z,X1909261,5511,-15.54100,-47.56419,21624.6,5.1,7.0,275.2,-58.4,2.4,44.4,RS41-SGP,403.502,13.4,-875,12,2.8,,
2026-09-19T15:33:49.006Z,X1909261,5512,-15.54099,-47.56426,21629.3,4.3,7.9,288.0,-58.4,2.4,44.3,RS41-SGP,403.502,13.7,-875,12,2.8,,
2026-09-19T15:33:50.006Z,X1909261,5513,-15.54096,-47.56433,21633.4,3.9,9.0,295.1,-58.7,2.4,44.3,RS41-SGP,403.502,13.7,-875,12,2.8,,
2026-09-19T15:33:51.006Z,X1909261,5514,-15.54093,-47.56441,21637.5,4.4,9.3,295.1,-58.2,2.3,44.3,RS41-SGP,403.502,12.8,-875,12,2.8,,
2026-09-19T15:33:52.006Z,X1909261,5515,-15.54090,-47.56448,21642.2,5.1,8.9,288.5,-58.7,2.5,44.3,RS41-SGP,403.502,11.8,-875,12,2.8,,
2026-09-19T15:33:53.006Z,X1909261,5516,-15.54088,-47.56456,21647.3,5.0,8.0,276.6,-58.6,2.5,44.2,RS41-SGP,403.502,11.8,-875,12,2.8,,
2026-09-19T15:33:54.006Z,X1909261,5517,-15.54088,-47.56463,21651.9,4.1,7.3,261.6,-58.6,2.5,44.2,RS41-SGP,403.502,11.5,-875,12,2.8,,
2026-09-19T15:33:55.006Z,X1909261,5518,-15.54090,-47.56469,21656.0,4.2,7.3,249.2,-58.6,2.6,44.2,RS41-SGP,403.502,13.0,-875,12,2.8,,
2026-09-19T15:33:56.006Z,X1909261,5519,-15.54092,-47.56476,21660.4,4.6,7.6,248.8,-58.7,2.6,44.1,RS41-SGP,403.502,13.0,-875,12,2.8,,
2026-09-19T15:33:57.006Z,X1909261,5520,-15.54094,-47.56483,21665.1,4.9,8.2,257.6,-58.9,2.6,44.1,RS41-SGP,403.502,12.8,-875,12,2.8,,
2026-09-19T15:33:58.006Z,X1909261,5521,-15.54095,-47.56491,21670.0,4.9,8.4,267.3,-59.0,2.6,44.1,RS41-SGP,403.502,11.7,-875,12,2.8,,
2026-09-19T15:33:59.006Z,X1909261,5522,-15.54095,-47.56498,21674.4,3.9,8.3,277.1,-59.0,2.5,44.0,RS41-SGP,403.502,11.7,-875,12,2.9,,
2026-09-19T15:34:00.006Z,X1909261,5523,-15.54093,-47.56506,21678.1,3.5,7.7,286.6,-58.8,2.5,44.0,RS41-SGP,403.502,12.1,-875,12,2.9,,
2026-09-19T15:34:01.006Z,X1909261,5524,-15.54091,-47.56512,21682.0,4.2,7.1,287.4,-58.8,2.5,44.0,RS41-SGP,403.502,12.1,-875,12,2.8,,
2026-09-19T15:34:02.006Z,X1909261,5525,-15.54090,-47.56518,21686.6,4.9,6.7,276.0,-58.8,2.5,44.0,RS41-SGP,403.502,11.8,-875,12,2.8,,
2026-09-19T15:34:03.006Z,X1909261,5526,-15.54090,-47.56525,21691.6,5.0,7.2,262.1,-58.3,2.4,43.9,RS41-SGP,403.502,12.1,-875,12,2.8,,
2026-09-19T15:34:04.006Z,X1909261,5527,-15.54092,-47.56532,21696.2,4.3,8.0,253.6,-58.3,2.4,43.9,RS41-SGP,403.502,12.1,-875,12,2.9,,
2026-09-19T15:34:05.006Z,X1909261,5528,-15.54094,-47.56539,21700.3,3.8,8.6,247.5,-58.4,2.5,43.9,RS41-SGP,403.502,11.8,-875,12,2.9,,
2026-09-19T15:34:06.006Z,X1909261,5529,-15.54097,-47.56546,21704.1,3.9,8.8,245.7,-58.5,2.6,43.8,RS41-SGP,403.502,12.0,-875,12,2.9,,
2026-09-19T15:34:07.006Z,X1909261,5530,-15.54101,-47.56554,21708.4,4.5,8.4,247.2,-58.6,2.6,43.8,RS41-SGP,403.502,12.8,-875,12,2.9,,
2026-09-19T15:34:08.006Z,X1909261,5531,-15.54103,-47.56561,21713.2,5.2,8.0,252.2,-58.7,2.7,43.8,RS41-SGP,403.502,12.8,-875,12,2.8,,
2026-09-19T15:34:09.006Z,X1909261,5532,-15.54105,-47.56568,21718.4,4.9,7.6,259.9,-58.8,2.7,43.7,RS41-SGP,403.502,11.9,-875,12,2.8,,
2026-09-19T15:34:10.006Z,X1909261,5533,-15.54105,-47.56575,21722.9,4.2,7.1,269.1,-58.2,2.4,43.7,RS41-SGP,403.502,11.9,-875,12,2.8,,
2026-09-19T15:34:11.006Z,X1909261,5534,-15.54105,-47.56581,21727.0,4.1,6.6,275.9,-57.5,2.2,43.7,RS41-SGP,403.502,12.0,-875,12,2.8,,
2026-09-19T15:34:12.006Z,X1909261,5535,-15.54105,-47.56587,21731.4,4.7,6.2,271.5,-57.4,2.2,43.6,RS41-SGP,403.502,12.1,-875,12,2.9,,
2026-09-19T15:34:13.006Z,X1909261,5536,-15.54105,-47.56593,21736.5,5.4,6.2,256.7,-57.3,2.2,43.6,RS41-SGP,403.502,12.9,-875,12,2.9,,
2026-09-19T15:34:14.006Z,X1909261,5537,-15.54108,-47.56598,21741.6,4.9,7.2,242.8,-57.5,2.2,43.6,RS41-SGP,403.502,12.9,-875,12,2.8,,
2026-09-19T15:34:15.006Z,X1909261,5538,-15.54111,-47.56605,21746.2,4.3,8.5,234.3,-57.8,2.3,43.5,RS41-SGP,403.502,11.4,-875,12,2.8,,
2026-09-19T15:34:16.006Z,X1909261,5539,-15.54116,-47.56611,21750.5,4.4,9.0,229.2,-58.1,2.4,43.5,RS41-SGP,403.502,10.6,-875,12,2.8,,
2026-09-19T15:34:17.006Z,X1909261,5540,-15.54121,-47.56617,21755.2,5.0,7.9,229.3,-58.3,2.4,43.5,RS41-SGP,403.502,11.6,-875,12,2.8,,
2026-09-19T15:34:18.006Z,X1909261,5541,-15.54125,-47.56622,21760.3,5.2,6.1,239.4,-58.4,2.4,43.5,RS41-SGP,403.502,11.7,-875,12,2.9,,
2026-09-19T15:34:19.006Z,X1909261,5542,-15.54127,-47.56627,21764.8,3.9,5.0,260.9,-58.5,2.3,43.4,RS41-SGP,403.502,12.0,-875,12,2.9,,
2026-09-19T15:34:20.006Z,X1909261,5543,-15.54127,-47.56631,21768.7,3.8,5.0,281.7,-58.5,2.3,43.4,RS41-SGP,403.502,12.3,-875,12,2.9,,
2026-09-19T15:34:21.006Z,X1909261,5544,-15.54126,-47.56636,21773.1,4.9,5.0,280.2,-58.5,2.3,43.4,RS41-SGP,403.502,12.9,-875,12,2.8,,
2026-09-19T15:34:22.006Z,X1909261,5545,-15.54126,-47.56640,21778.1,5.3,4.8,255.1,-58.4,2.3,43.3,RS41-SGP,403.502,13.8,-875,12,2.8,,
2026-09-19T15:34:23.006Z,X1909261,5546,-15.54128,-47.56644,21783.1,4.5,5.6,229.3,-58.4,2.3,43.3,RS41-SGP,403.502,14.1,-875,12,2.8,,
2026-09-19T15:34:24.006Z,X1909261,5547,-15.54132,-47.56648,21787.1,3.6,6.9,218.0,-58.4,2.3,43.3,RS41-SGP,403.502,14.1,-875,12,2.8,,
2026-09-19T15:34:25.006Z,X1909261,5548,-15.54137,-47.56653,21791.0,4.2,7.6,217.7,-58.4,2.4,43.3,RS41-SGP,403.502,13.4,-875,12,2.8,,
2026-09-19T15:34:26.006Z,X1909261,5549,-15.54142,-47.56657,21795.5,4.8,6.8,223.8,-58.5,2.4,43.2,RS41-SGP,403.502,13.0,-875,12,2.8,,
2026-09-19T15:34:27.006Z,X1909261,5550,-15.54146,-47.56661,21800.4,5.0,5.3,234.5,-58.5,2.4,43.1,RS41-SGP,403.502,13.8,-875,12,2.8,,
2026-09-19T15:34:28.006Z,X1909261,5551,-15.54148,-47.56665,21804.8,3.8,4.0,247.8,-58.3,2.4,43.1,RS41-SGP,403.502,13.9,-875,12,2.8,,
2026-09-19T15:34:29.006Z,X1909261,5552,-15.54149,-47.56668,21808.6,3.8,3.4,264.9,-58.2,2.4,43.1,RS41-SGP,403.502,14.3,-875,12,2.7,,
2026-09-19T15:34:30.006Z,X1909261,5553,-15.54149,-47.56671,21812.8,4.6,3.8,265.5,-58.2,2.4,43.1,RS41-SGP,403.502,14.8,-875,12,2.8,,
2026-09-19T15:34:31.006Z,X1909261,5554,-15.54150,-47.56675,21817.5,5.0,4.6,251.9,-58.2,2.4,43.0,RS41-SGP,403.502,14.8,-875,12,2.8,,
2026-09-19T15:34:32.006Z,X1909261,5555,-15.54152,-47.56679,21822.4,4.8,5.4,236.3,-58.2,2.4,43.0,RS41-SGP,403.502,15.2,-875,12,2.8,,
2026-09-19T15:34:33.006Z,X1909261,5556,-15.54155,-47.56683,21826.6,3.6,6.2,223.5,-58.1,2.4,43.0,RS41-SGP,403.502,15.2,-875,12,2.8,,
2026-09-19T15:34:34.006Z,X1909261,5557,-15.54160,-47.56687,21830.3,3.8,6.9,215.9,-58.1,2.4,43.0,RS41-SGP,403.502,15.0,-875,12,2.8,,
2026-09-19T15:34:35.006Z,X1909261,5558,-15.54165,-47.56691,21834.4,4.5,6.7,216.4,-58.0,2.4,42.9,RS41-SGP,403.502,14.9,-875,12,2.8,,
2026-09-19T15:34:36.006Z,X1909261,5559,-15.54169,-47.56695,21839.2,5.1,5.7,224.2,-58.0,2.3,42.9,RS41-SGP,403.502,15.5,-875,12,2.8,,
2026-09-19T15:34:37.006Z,X1909261,5560,-15.54172,-47.56698,21844.2,5.1,4.8,235.3,-57.6,2.2,42.8,RS41-SGP,403.502,15.5,-875,12,2.8,,
2026-09-19T15:34:38.006Z,X1909261,5561,-15.54174,-47.56702,21849.1,4.5,4.1,248.6,-57.6,2.1,42.8,RS41-SGP,403.502,14.6,-875,12,2.8,,
2026-09-19T15:34:39.006Z,X1909261,5562,-15.54175,-47.56706,21853.6,4.6,4.0,261.2,-57.5,2.1,42.8,RS41-SGP,403.502,16.2,-875,12,2.8,,
2026-09-19T15:34:40.006Z,X1909261,5563,-15.54175,-47.56709,21858.2,4.7,4.4,264.7,-57.5,2.1,42.7,RS41-SGP,403.502,16.2,-875,12,2.9,,
2026-09-19T15:34:41.006Z,X1909261,5564,-15.54176,-47.56714,21863.2,5.2,4.9,256.3,-57.4,2.1,42.8,RS41-SGP,403.502,16.0,-875,12,2.8,,
2026-09-19T15:34:42.006Z,X1909261,5565,-15.54178,-47.56718,21868.2,4.8,5.7,243.1,-57.3,2.2,42.7,RS41-SGP,403.502,16.0,-875,12,2.7,,
2026-09-19T15:34:43.006Z,X1909261,5566,-15.54181,-47.56723,21872.4,3.7,6.6,228.6,-57.1,2.2,42.7,RS41-SGP,403.502,15.7,-875,12,2.8,,
2026-09-19T15:34:44.006Z,X1909261,5567,-15.54185,-47.56727,21876.2,4.0,7.2,221.7,-56.4,2.0,42.6,RS41-SGP,403.502,15.7,-875,12,2.8,,
2026-09-19T15:34:45.006Z,X1909261,5568,-15.54190,-47.56732,21880.5,4.5,6.5,221.5,-55.7,1.9,42.6,RS41-SGP,403.502,15.7,-875,12,2.8,,
2026-09-19T15:34:46.006Z,X1909261,5569,-15.54193,-47.56736,21885.4,5.3,5.4,232.7,-55.4,1.8,42.6,RS41-SGP,403.502,16.1,-875,12,2.8,,
2026-09-19T15:34:47.006Z,X1909261,5570,-15.54196,-47.56740,21890.6,5.1,4.8,250.3,-56.2,1.9,42.5,RS41-SGP,403.502,16.1,-875,12,2.8,,
2026-09-19T15:34:48.006Z,X1909261,5571,-15.54196,-47.56744,21895.4,4.4,4.8,266.4,-56.7,2.0,42.5,RS41-SGP,403.502,16.0,-875,12,2.8,,
2026-09-19T15:34:49.006Z,X1909261,5572,-15.54196,-47.56749,21899.7,4.2,4.8,276.6,-56.9,2.1,42.5,RS41-SGP,403.502,16.3,-875,12,2.7,,
2026-09-19T15:34:50.006Z,X1909261,5573,-15.54196,-47.56753,21904.2,4.7,4.4,275.6,-57.2,2.2,42.5,RS41-SGP,403.502,16.8,-875,12,2.8,,
2026-09-19T15:34:51.006Z,X1909261,5574,-15.54196,-47.56757,21909.1,5.3,4.4,259.8,-57.2,2.3,42.4,RS41-SGP,403.502,17.2,-875,12,2.8,,
2026-09-19T15:34:52.006Z,X1909261,5575,-15.54198,-47.56761,21914.2,4.9,5.6,239.6,-57.2,2.4,42.4,RS41-SGP,403.502,17.2,-875,12,2.8,,
2026-09-19T15:34:53.006Z,X1909261,5576,-15.54201,-47.56766,21918.7,4.1,7.1,227.7,-57.1,2.4,42.3,RS41-SGP,403.502,16.2,-875,12,2.8,,
2026-09-19T15:34:54.006Z,X1909261,5577,-15.54206,-47.56771,21922.8,4.3,8.0,222.1,-57.2,2.4,42.3,RS41-SGP,403.502,16.2,-875,12,2.8,,
2026-09-19T15:34:55.006Z,X1909261,5578,-15.54211,-47.56776,21927.3,4.7,7.4,223.7,-57.3,2.5,42.3,RS41-SGP,403.502,16.3,-875,12,2.7,,
2026-09-19T15:34:56.006Z,X1909261,5579,-15.54215,-47.56780,21932.1,4.9,6.2,232.7,-57.6,2.5,42.3,RS41-SGP,403.502,17.1,-875,12,2.8,,
2026-09-19T15:34:57.006Z,X1909261,5580,-15.54218,-47.56785,21936.9,4.8,5.7,245.0,-57.7,2.4,42.2,RS41-SGP,403.502,17.1,-875,12,2.8,,
2026-09-19T15:34:58.006Z,X1909261,5581,-15.54220,-47.56790,21941.4,4.2,5.5,254.8,-57.4,2.3,42.2,RS41-SGP,403.502,15.9,-875,12,2.8,,
2026-09-19T15:34:59.006Z,X1909261,5582,-15.54221,-47.56795,21945.4,3.8,5.0,264.0,-57.5,2.3,42.1,RS41-SGP,403.502,16.8,-875,12,2.8,,
2026-09-19T15:35:00.006Z,X1909261,5583,-15.54221,-47.56799,21949.4,4.2,4.3,269.4,-57.3,2.3,42.2,RS41-SGP,403.502,17.4,-875,12,2.9,,
2026-09-19T15:35:01.006Z,X1909261,5584,-15.54221,-47.56803,21953.8,4.7,4.1,261.7,-56.4,2.0,42.1,RS41-SGP,403.502,17.8,-875,12,2.8,,
2026-09-19T15:35:02.006Z,X1909261,5585,-15.54222,-47.56807,21958.6,4.9,4.9,250.2,-55.7,1.8,42.1,RS41-SGP,403.502,17.8,-875,12,2.8,,
2026-09-19T15:35:03.006Z,X1909261,5586,-15.54224,-47.56811,21963.3,4.6,6.2,242.5,-55.5,1.8,42.1,RS41-SGP,403.502,17.5,-875,12,2.8,,
2026-09-19T15:35:04.006Z,X1909261,5587,-15.54227,-47.56817,21967.7,4.3,7.5,237.5,-56.4,2.0,42.0,RS41-SGP,403.502,17.0,-875,12,2.8,,
2026-09-19T15:35:05.006Z,X1909261,5588,-15.54231,-47.56823,21971.8,3.9,8.0,231.1,-57.0,2.1,42.0,RS41-SGP,403.502,16.8,-875,12,2.8,,
2026-09-19T15:35:06.006Z,X1909261,5589,-15.54236,-47.56828,21975.8,4.1,7.8,224.4,-57.3,2.2,42.0,RS41-SGP,403.502,15.9,-875,12,2.8,,
2026-09-19T15:35:07.006Z,X1909261,5590,-15.54241,-47.56833,21980.2,4.6,6.9,220.8,-57.4,2.2,42.0,RS41-SGP,403.502,17.0,-875,12,2.8,,
2026-09-19T15:35:08.006Z,X1909261,5591,-15.54245,-47.56837,21985.0,5.0,5.8,222.9,-57.6,2.3,41.9,RS41-SGP,403.502,17.2,-875,12,2.8,,
2026-09-19T15:35:09.006Z,X1909261,5592,-15.54249,-47.56840,21990.1,5.0,5.1,232.4,-57.7,2.4,41.9,RS41-SGP,403.502,17.2,-875,12,2.7,,
2026-09-19T15:35:10.006Z,X1909261,5593,-15.54251,-47.56844,21994.5,4.0,4.4,243.9,-57.7,2.4,41.9,RS41-SGP,403.502,16.3,-875,12,2.8,,
2026-09-19T15:35:11.006Z,X1909261,5594,-15.54252,-47.56848,21998.3,3.7,3.7,256.5,-57.7,2.4,41.8,RS41-SGP,403.502,16.6,-875,12,2.8,,
2026-09-19T15:35:12.006Z,X1909261,5595,-15.54253,-47.56851,22002.3,4.3,3.4,258.7,-57.7,2.5,41.8,RS41-SGP,403.502,17.4,-875,12,2.8,,
2026-09-19T15:35:13.006Z,X1909261,5596,-15.54254,-47.56854,22007.0,5.1,3.8,246.7,-57.5,2.5,41.8,RS41-SGP,403.502,18.0,-875,12,2.8,,
2026-09-19T15:35:14.006Z,X1909261,5597,-15.54256,-47.56858,22012.2,5.4,5.2,236.4,-57.4,2.4,41.7,RS41-SGP,403.502,18.0,-875,12,2.8,,
2026-09-19T15:35:15.006Z,X1909261,5598,-15.54259,-47.56862,22017.3,4.7,6.9,231.5,-57.4,2.4,41.7,RS41-SGP,403.502,17.8,-875,12,2.7,,
2026-09-19T15:35:16.006Z,X1909261,5599,-15.54264,-47.56868,22021.6,4.0,8.5,228.7,-57.2,2.3,41.7,RS41-SGP,403.502,17.8,-875,12,2.8,,
2026-09-19T15:35:17.006Z,X1909261,5600,-15.54269,-47.56874,22025.7,4.2,9.4,228.5,-57.3,2.3,41.7,RS41-SGP,403.502,16.5,-875,12,2.8,,
2026-09-19T15:35:18.006Z,X1909261,5601,-15.54274,-47.56880,22030.4,5.1,8.7,228.6,-57.4,2.3,41.6,RS41-SGP,403.502,16.7,-875,12,2.8,,
2026-09-19T15:35:19.006Z,X1909261,5602,-15.54279,-47.56886,22035.5,5.3,7.3,232.9,-57.4,2.3,41.6,RS41-SGP,403.502,16.9,-875,12,2.9,,
2026-09-19T15:35:20.006Z,X1909261,5603,-15.54282,-47.56891,22040.5,4.6,5.9,239.3,-57.4,2.3,41.6,RS41-SGP,403.502,17.2,-875,12,2.9,,
2026-09-19T15:35:21.006Z,X1909261,5604,-15.54284,-47.56895,22044.7,4.0,5.0,249.0,-57.3,2.3,41.5,RS41-SGP,403.502,17.2,-875,12,2.8,,
2026-09-19T15:35:22.006Z,X1909261,5605,-15.54286,-47.56900,22048.9,4.4,4.7,250.9,-57.5,2.3,41.5,RS41-SGP,403.502,17.4,-875,12,2.8,,
2026-09-19T15:35:23.006Z,X1909261,5606,-15.54288,-47.56904,22053.6,5.0,5.0,243.5,-57.6,2.3,41.5,RS41-SGP,403.502,17.8,-875,12,2.8,,
2026-09-19T15:35:24.006Z,X1909261,5607,-15.54290,-47.56908,22058.9,5.5,5.9,234.6,-57.6,2.2,41.4,RS41-SGP,403.502,17.8,-875,12,2.8,,
2026-09-19T15:35:25.006Z,X1909261,5608,-15.54294,-47.56913,22064.0,4.7,7.2,228.6,-57.6,2.3,41.4,RS41-SGP,403.502,18.0,-875,12,2.8,,
2026-09-19T15:35:26.006Z,X1909261,5609,-15.54299,-47.56918,22068.5,4.3,8.4,223.9,-57.7,2.3,41.4,RS41-SGP,403.502,18.0,-875,12,2.9,,
2026-09-19T15:35:27.006Z,X1909261,5610,-15.54304,-47.56924,22073.0,4.7,8.9,221.2,-57.6,2.2,41.3,RS41-SGP,403.502,16.9,-875,12,2.9,,
2026-09-19T15:35:28.006Z,X1909261,5611,-15.54310,-47.56929,22077.9,5.1,7.9,220.3,-57.5,2.3,41.3,RS41-SGP,403.502,17.2,-875,12,2.8,,
2026-09-19T15:35:29.006Z,X1909261,5612,-15.54315,-47.56933,22083.1,5.2,6.0,223.9,-57.1,2.2,41.3,RS41-SGP,403.502,17.7,-875,12,2.8,,
2026-09-19T15:35:30.006Z,X1909261,5613,-15.54318,-47.56936,22088.1,4.8,4.4,233.7,-56.9,2.1,41.2,RS41-SGP,403.502,17.7,-875,12,2.8,,
2026-09-19T15:35:31.006Z,X1909261,5614,-15.54320,-47.56940,22092.5,4.1,3.5,251.7,-57.4,2.2,41.2,RS41-SGP,403.502,18.0,-875,12,2.8,,
2026-09-19T15:35:32.006Z,X1909261,5615,-15.54320,-47.56943,22096.7,4.2,3.3,263.8,-57.6,2.3,41.2,RS41-SGP,403.502,18.1,-875,12,2.8,,
2026-09-19T15:35:33.006Z,X1909261,5616,-15.54321,-47.56946,22101.2,4.9,3.4,255.0,-57.6,2.3,41.1,RS41-SGP,403.502,18.5,-875,12,2.8,,
2026-09-19T15:35:34.006Z,X1909261,5617,-15.54322,-47.56949,22106.3,5.4,3.9,237.6,-57.6,2.3,41.1,RS41-SGP,403.502,18.5,-875,12,2.8,,
2026-09-19T15:35:35.006Z,X1909261,5618,-15.54325,-47.56952,22111.7,5.4,4.9,228.6,-57.3,2.2,41.1,RS41-SGP,403.502,18.7,-875,12,2.7,,
2026-09-19T15:35:36.006Z,X1909261,5619,-15.54328,-47.56956,22116.6,4.4,5.8,223.3,-56.6,2.1,41.0,RS41-SGP,403.502,18.7,-875,12,2.8,,
2026-09-19T15:35:37.006Z,X1909261,5620,-15.54332,-47.56960,22120.9,4.3,6.6,222.0,-56.0,2.0,41.0,RS41-SGP,403.502,18.2,-875,12,2.8,,
2026-09-19T15:35:38.006Z,X1909261,5621,-15.54336,-47.56964,22125.5,4.8,6.3,223.5,-55.6,1.9,41.0,RS41-SGP,403.502,17.3,-875,12,2.8,,
2026-09-19T15:35:39.006Z,X1909261,5622,-15.54340,-47.56967,22130.6,5.3,5.4,226.3,-54.9,1.7,40.9,RS41-SGP,403.502,17.3,-875,12,2.8,,
2026-09-19T15:35:40.006Z,X1909261,5623,-15.54343,-47.56971,22135.9,5.3,4.1,232.6,-55.2,1.8,40.9,RS41-SGP,403.502,17.3,-875,12,2.8,,
2026-09-19T15:35:41.006Z,X1909261,5624,-15.54344,-47.56974,22140.6,4.2,2.8,245.3,-55.9,2.0,40.9,RS41-SGP,403.502,17.6,-875,12,2.8,,
2026-09-19T15:35:42.006Z,X1909261,5625,-15.54345,-47.56976,22144.7,3.9,1.9,267.4,-56.2,2.1,40.9,RS41-SGP,403.502,18.2,-875,12,2.7,,
2026-09-19T15:35:43.006Z,X1909261,5626,-15.54345,-47.56977,22148.9,4.7,1.9,267.7,-56.4,2.2,40.8,RS41-SGP,403.502,19.0,-875,12,2.8,,
2026-09-19T15:35:44.006Z,X1909261,5627,-15.54346,-47.56979,22154.0,5.5,2.7,240.1,-56.6,2.2,40.8,RS41-SGP,403.502,19.3,-875,12,2.8,,
2026-09-19T15:35:45.006Z,X1909261,5628,-15.54348,-47.56982,22159.5,5.6,4.3,223.6,-56.9,2.3,40.8,RS41-SGP,403.502,19.3,-875,12,2.8,,
2026-09-19T15:35:46.006Z,X1909261,5629,-15.54351,-47.56985,22164.7,4.7,5.9,214.1,-56.9,2.3,40.7,RS41-SGP,403.502,18.6,-875,12,2.8,,
2026-09-19T15:35:47.006Z,X1909261,5630,-15.54356,-47.56988,22169.4,4.6,6.9,207.0,-57.2,2.4,40.8,RS41-SGP,403.502,18.0,-875,12,2.8,,
2026-09-19T15:35:48.006Z,X1909261,5631,-15.54362,-47.56991,22174.1,4.9,6.5,203.9,-57.3,2.4,40.7,RS41-SGP,403.502,17.9,-875,12,2.8,,
2026-09-19T15:35:49.006Z,X1909261,5632,-15.54367,-47.56993,22179.2,5.4,4.8,205.3,-57.4,2.3,40.7,RS41-SGP,403.502,18.2,-875,12,2.7,,
2026-09-19T15:35:50.006Z,X1909261,5633,-15.54370,-47.56995,22184.4,5.1,3.1,221.5,-57.3,2.3,40.6,RS41-SGP,403.502,19.6,-875,12,2.8,,
2026-09-19T15:35:51.006Z,X1909261,5634,-15.54371,-47.56997,22189.2,4.3,2.5,253.1,-57.4,2.3,40.6,RS41-SGP,403.502,19.6,-875,12,2.8,,
2026-09-19T15:35:52.006Z,X1909261,5635,-15.54371,-47.56999,22193.6,4.5,2.9,271.8,-57.4,2.2,40.6,RS41-SGP,403.502,18.8,-875,12,2.8,,
2026-09-19T15:35:53.006Z,X1909261,5636,-15.54372,-47.57002,22198.3,5.1,3.0,255.9,-57.4,2.3,40.5,RS41-SGP,403.502,18.8,-875,12,2.8,,
2026-09-19T15:35:54.006Z,X1909261,5637,-15.54373,-47.57004,22203.6,5.5,3.4,226.2,-57.4,2.3,40.5,RS41-SGP,403.502,19.1,-875,12,2.7,,
2026-09-19T15:35:55.006Z,X1909261,5638,-15.54376,-47.57006,22208.8,5.0,4.3,204.8,-57.4,2.3,40.5,RS41-SGP,403.502,19.4,-875,12,2.7,,
2026-09-19T15:35:56.006Z,X1909261,5639,-15.54380,-47.57008,22213.4,4.1,5.6,195.7,-57.3,2.4,40.4,RS41-SGP,403.502,19.4,-875,12,2.8,,
2026-09-19T15:35:57.006Z,X1909261,5640,-15.54385,-47.57009,22217.4,4.1,6.6,195.6,-57.4,2.4,40.4,RS41-SGP,403.502,19.1,-875,12,2.8,,
2026-09-19T15:35:58.006Z,X1909261,5641,-15.54391,-47.57011,22221.9,4.8,6.3,201.2,-57.5,2.4,40.4,RS41-SGP,403.502,18.6,-875,12,2.8,,
2026-09-19T15:35:59.006Z,X1909261,5642,-15.54395,-47.57013,22227.0,5.4,5.1,209.2,-57.6,2.4,40.4,RS41-SGP,403.502,17.6,-875,12,2.8,,
2026-09-19T15:36:00.006Z,X1909261,5643,-15.54399,-47.57016,22232.1,4.9,3.5,219.6,-57.3,2.2,40.3,RS41-SGP,403.502,18.3,-875,12,2.8,,
2026-09-19T15:36:01.006Z,X1909261,5644,-15.54400,-47.57017,22236.7,4.2,2.1,238.8,-57.1,2.2,40.3,RS41-SGP,403.502,18.6,-875,12,2.8,,
2026-09-19T15:36:02.006Z,X1909261,5645,-15.54401,-47.57019,22241.0,4.4,1.8,258.3,-57.0,2.2,40.3,RS41-SGP,403.502,18.6,-875,12,2.7,,
2026-09-19T15:36:03.006Z,X1909261,5646,-15.54402,-47.57021,22245.8,5.3,2.3,241.7,-56.3,2.0,40.2,RS41-SGP,403.502,18.6,-875,12,2.8,,
2026-09-19T15:36:04.006Z,X1909261,5647,-15.54403,-47.57023,22251.2,5.6,3.5,217.9,-56.4,2.0,40.2,RS41-SGP,403.502,18.8,-875,12,2.8,,
2026-09-19T15:36:05.006Z,X1909261,5648,-15.54407,-47.57025,22256.3,4.6,5.1,204.4,-56.6,2.1,40.2,RS41-SGP,403.502,18.8,-875,12,2.8,,
2026-09-19T15:36:06.006Z,X1909261,5649,-15.54412,-47.57027,22260.7,4.2,6.7,199.4,-56.0,1.9,40.1,RS41-SGP,403.502,18.5,-875,12,2.8,,
2026-09-19T15:36:07.006Z,X1909261,5650,-15.54417,-47.57029,22265.2,4.7,7.1,198.9,-55.7,1.9,40.1,RS41-SGP,403.502,17.7,-875,12,2.8,,
2026-09-19T15:36:08.006Z,X1909261,5651,-15.54423,-47.57031,22270.0,5.0,6.0,203.3,-55.5,1.8,40.0,RS41-SGP,403.502,17.6,-875,12,2.7,,
2026-09-19T15:36:09.006Z,X1909261,5652,-15.54427,-47.57033,22275.2,5.3,4.3,210.4,-55.3,1.8,40.0,RS41-SGP,403.502,17.6,-875,12,2.7,,
2026-09-19T15:36:10.006Z,X1909261,5653,-15.54430,-47.57035,22280.2,4.7,2.9,215.1,-55.9,2.0,40.0,RS41-SGP,403.502,18.8,-875,12,2.8,,
2026-09-19T15:36:11.006Z,X1909261,5654,-15.54432,-47.57036,22284.7,4.4,1.9,214.9,-56.6,2.2,40.0,RS41-SGP,403.502,19.6,-875,12,2.8,,
2026-09-19T15:36:12.006Z,X1909261,5655,-15.54433,-47.57037,22289.2,4.5,1.8,210.3,-56.9,2.3,40.0,RS41-SGP,403.502,19.6,-875,12,2.8,,
2026-09-19T15:36:13.006Z,X1909261,5656,-15.54435,-47.57038,22293.9,4.9,2.6,208.5,-57.1,2.4,39.9,RS41-SGP,403.502,19.1,-875,12,2.8,,
2026-09-19T15:36:14.006Z,X1909261,5657,-15.54437,-47.57040,22299.0,5.3,3.9,210.3,-57.2,2.4,39.9,RS41-SGP,403.502,19.1,-875,12,2.7,,
2026-09-19T15:36:15.006Z,X1909261,5658,-15.54441,-47.57042,22304.2,5.0,5.3,210.1,-56.9,2.4,39.9,RS41-SGP,403.502,18.9,-875,12,2.7,,
2026-09-19T15:36:16.006Z,X1909261,5659,-15.54446,-47.57045,22308.7,4.2,6.8,210.0,-56.7,2.4,39.8,RS41-SGP,403.502,18.9,-875,12,2.8,,
2026-09-19T15:36:17.006Z,X1909261,5660,-15.54451,-47.57048,22312.9,4.1,7.9,210.1,-56.7,2.4,39.8,RS41-SGP,403.502,18.4,-875,12,2.8,,
2026-09-19T15:36:18.006Z,X1909261,5661,-15.54458,-47.57052,22317.2,4.5,8.0,209.7,-56.8,2.4,39.8,RS41-SGP,403.502,17.8,-875,12,2.8,,
2026-09-19T15:36:19.006Z,X1909261,5662,-15.54464,-47.57055,22322.0,5.2,7.2,208.3,-56.8,2.3,39.8,RS41-SGP,403.502,17.7,-875,12,2.8,,
2026-09-19T15:36:20.006Z,X1909261,5663,-15.54469,-47.57058,22327.2,5.2,5.7,206.8,-56.8,2.3,39.7,RS41-SGP,403.502,17.7,-875,12,2.8,,
2026-09-19T15:36:21.006Z,X1909261,5664,-15.54473,-47.57060,22332.0,4.3,4.2,206.3,-56.6,2.3,39.7,RS41-SGP,403.502,18.3,-875,12,2.8,,
2026-09-19T15:36:22.006Z,X1909261,5665,-15.54476,-47.57061,22336.0,3.9,2.9,208.3,-56.7,2.3,39.6,RS41-SGP,403.502,18.9,-875,12,2.7,,
2026-09-19T15:36:23.006Z,X1909261,5666,-15.54478,-47.57063,22340.2,4.5,2.6,210.3,-56.9,2.3,39.6,RS41-SGP,403.502,19.5,-875,12,2.8,,
2026-09-19T15:36:24.006Z,X1909261,5667,-15.54480,-47.57064,22345.1,5.2,3.6,207.2,-57.1,2.3,39.6,RS41-SGP,403.502,19.5,-875,12,2.8,,
2026-09-19T15:36:25.006Z,X1909261,5668,-15.54484,-47.57066,22350.3,5.3,5.1,203.0,-57.2,2.3,39.6,RS41-SGP,403.502,19.7,-875,12,2.8,,
2026-09-19T15:36:26.006Z,X1909261,5669,-15.54489,-47.57068,22355.2,4.4,6.8,202.3,-56.6,2.2,39.5,RS41-SGP,403.502,19.7,-875,12,2.8,,
2026-09-19T15:36:27.006Z,X1909261,5670,-15.54495,-47.57071,22359.5,4.1,8.1,203.4,-56.1,2.0,39.5,RS41-SGP,403.502,18.3,-875,12,2.8,,
2026-09-19T15:36:28.006Z,X1909261,5671,-15.54502,-47.57074,22363.9,4.8,8.1,205.5,-56.0,2.0,39.5,RS41-SGP,403.502,17.9,-875,12,2.7,,
2026-09-19T15:36:29.006Z,X1909261,5672,-15.54508,-47.57077,22369.1,5.4,6.8,208.5,-55.3,1.9,39.5,RS41-SGP,403.502,17.8,-875,12,2.8,,
2026-09-19T15:36:30.006Z,X1909261,5673,-15.54512,-47.57079,22374.5,5.4,5.0,208.6,-55.1,1.8,39.4,RS41-SGP,403.502,17.4,-875,12,2.8,,
2026-09-19T15:36:31.006Z,X1909261,5674,-15.54516,-47.57081,22379.4,4.5,3.3,209.8,-55.8,1.9,39.4,RS41-SGP,403.502,19.4,-875,12,2.8,,
2026-09-19T15:36:32.006Z,X1909261,5675,-15.54518,-47.57083,22383.9,4.5,2.1,209.9,-56.1,2.0,39.4,RS41-SGP,403.502,19.4,-875,12,2.8,,
2026-09-19T15:36:33.006Z,X1909261,5676,-15.54519,-47.57084,22388.6,4.9,2.1,208.6,-56.4,2.1,39.3,RS41-SGP,403.502,19.9,-875,12,2.8,,
2026-09-19T15:36:34.006Z,X1909261,5677,-15.54522,-47.57085,22393.8,5.4,3.8,207.7,-56.7,2.1,39.3,RS41-SGP,403.502,19.9,-875,12,2.8,,
2026-09-19T15:36:35.006Z,X1909261,5678,-15.54525,-47.57087,22398.9,4.8,6.0,207.4,-56.9,2.2,39.3,RS41-SGP,403.502,19.7,-875,12,2.7,,
2026-09-19T15:36:36.006Z,X1909261,5679,-15.54531,-47.57090,22403.4,4.1,8.1,206.5,-56.4,2.1,39.2,RS41-SGP,403.502,19.0,-875,12,2.8,,
2026-09-19T15:36:37.006Z,X1909261,5680,-15.54538,-47.57093,22407.6,4.4,8.9,206.8,-56.9,2.2,39.2,RS41-SGP,403.502,18.3,-875,12,2.8,,
2026-09-19T15:36:38.006Z,X1909261,5681,-15.54545,-47.57097,22412.3,5.1,7.9,207.6,-57.2,2.3,39.2,RS41-SGP,403.502,17.2,-875,12,2.8,,
2026-09-19T15:36:39.006Z,X1909261,5682,-15.54550,-47.57100,22417.5,5.3,5.6,210.1,-57.1,2.3,39.1,RS41-SGP,403.502,17.2,-875,12,2.8,,
2026-09-19T15:36:40.006Z,X1909261,5683,-15.54553,-47.57102,22422.4,4.3,3.5,213.1,-56.9,2.2,39.1,RS41-SGP,403.502,18.4,-875,12,2.8,,
2026-09-19T15:36:41.006Z,X1909261,5684,-15.54556,-47.57104,22426.6,4.1,2.0,217.1,-57.0,2.3,39.1,RS41-SGP,403.502,18.7,-875,12,2.7,,
2026-09-19T15:36:42.006Z,X1909261,5685,-15.54557,-47.57105,22431.0,4.7,2.0,214.5,-57.1,2.3,39.1,RS41-SGP,403.502,19.0,-875,12,2.7,,
2026-09-19T15:36:43.006Z,X1909261,5686,-15.54559,-47.57106,22435.8,5.0,3.4,212.5,-57.2,2.3,39.0,RS41-SGP,403.502,19.0,-875,12,2.8,,
2026-09-19T15:36:44.006Z,X1909261,5687,-15.54562,-47.57108,22440.8,5.1,5.1,214.1,-57.2,2.3,39.0,RS41-SGP,403.502,18.7,-875,12,2.8,,
2026-09-19T15:36:45.006Z,X1909261,5688,-15.54566,-47.57111,22445.6,4.3,6.2,214.1,-56.8,2.3,38.9,RS41-SGP,403.502,18.5,-875,12,2.8,,
2026-09-19T15:36:46.006Z,X1909261,5689,-15.54571,-47.57115,22449.6,3.8,7.1,214.1,-56.7,2.2,39.0,RS41-SGP,403.502,18.1,-875,12,2.8,,
2026-09-19T15:36:47.006Z,X1909261,5690,-15.54577,-47.57118,22453.6,4.3,7.2,211.6,-56.9,2.2,38.9,RS41-SGP,403.502,17.8,-875,12,2.8,,
2026-09-19T15:36:48.006Z,X1909261,5691,-15.54582,-47.57121,22458.1,4.7,6.5,205.8,-56.9,2.2,38.9,RS41-SGP,403.502,18.1,-875,12,2.7,,
2026-09-19T15:36:49.006Z,X1909261,5692,-15.54587,-47.57124,22463.0,5.2,5.4,200.2,-56.8,2.1,38.9,RS41-SGP,403.502,18.1,-875,12,2.8,,
2026-09-19T15:36:50.006Z,X1909261,5693,-15.54591,-47.57125,22467.8,4.4,4.3,197.1,-56.6,2.1,38.8,RS41-SGP,403.502,17.6,-875,12,2.8,,
2026-09-19T15:36:51.006Z,X1909261,5694,-15.54594,-47.57126,22472.0,3.9,2.8,196.7,-56.5,2.0,38.8,RS41-SGP,403.502,18.9,-875,12,2.8,,
2026-09-19T15:36:52.006Z,X1909261,5695,-15.54596,-47.57126,22476.0,4.2,1.8,192.3,-56.6,2.1,38.8,RS41-SGP,403.502,19.0,-875,12,2.8,,
2026-09-19T15:36:53.006Z,X1909261,5696,-15.54598,-47.57127,22480.6,5.0,2.3,191.7,-56.7,2.1,38.8,RS41-SGP,403.502,20.0,-875,12,2.8,,
2026-09-19T15:36:54.006Z,X1909261,5697,-15.54601,-47.57128,22485.8,5.4,4.1,197.3,-56.8,2.1,38.7,RS41-SGP,403.502,20.0,-875,12,2.8,,
2026-09-19T15:36:55.006Z,X1909261,5698,-15.54605,-47.57129,22490.7,4.5,6.3,203.6,-56.8,2.2,38.7,RS41-SGP,403.502,19.8,-875,12,2.7,,
2026-09-19T15:36:56.006Z,X1909261,5699,-15.54611,-47.57132,22494.9,4.0,8.0,209.0,-56.9,2.3,38.6,RS41-SGP,403.502,18.7,-875,12,2.8,,
2026-09-19T15:36:57.006Z,X1909261,5700,-15.54617,-47.57136,22499.2,4.5,8.1,213.2,-57.0,2.2,38.7,RS41-SGP,403.502,16.8,-875,12,2.8,,
2026-09-19T15:36:58.006Z,X1909261,5701,-15.54623,-47.57140,22503.9,5.1,6.7,213.9,-57.0,2.2,38.6,RS41-SGP,403.502,16.8,-875,12,2.8,,
2026-09-19T15:36:59.006Z,X1909261,5702,-15.54627,-47.57143,22509.0,5.0,4.8,204.3,-56.8,2.2,38.6,RS41-SGP,403.502,17.6,-875,12,2.8,,
2026-09-19T15:37:00.006Z,X1909261,5703,-15.54631,-47.57144,22513.5,4.0,3.5,182.7,-56.7,2.1,38.5,RS41-SGP,403.502,18.0,-875,12,2.8,,
2026-09-19T15:37:01.006Z,X1909261,5704,-15.54633,-47.57143,22517.5,4.0,2.9,161.6,-56.7,2.2,38.5,RS41-SGP,403.502,19.8,-875,12,2.7,,
2026-09-19T15:37:02.006Z,X1909261,5705,-15.54636,-47.57143,22521.7,4.4,2.6,168.0,-56.9,2.1,38.5,RS41-SGP,403.502,20.3,-875,12,2.8,,
2026-09-19T15:37:03.006Z,X1909261,5706,-15.54638,-47.57143,22526.4,4.9,3.0,188.5,-56.9,2.1,38.5,RS41-SGP,403.502,20.3,-875,12,2.8,,
2026-09-19T15:37:04.006Z,X1909261,5707,-15.54641,-47.57143,22531.4,5.2,4.0,196.6,-56.9,2.1,38.5,RS41-SGP,403.502,19.1,-875,12,2.8,,
2026-09-19T15:37:05.006Z,X1909261,5708,-15.54645,-47.57144,22536.4,4.9,4.9,192.0,-56.8,2.1,38.4,RS41-SGP,403.502,19.2,-875,12,2.8,,
2026-09-19T15:37:06.006Z,X1909261,5709,-15.54650,-47.57145,22541.2,4.5,5.6,190.2,-56.6,2.1,38.4,RS41-SGP,403.502,19.2,-875,12,2.8,,
2026-09-19T15:37:07.006Z,X1909261,5710,-15.54655,-47.57146,22545.4,4.0,6.0,197.2,-56.7,2.1,38.4,RS41-SGP,403.502,19.1,-875,12,2.8,,
2026-09-19T15:37:08.006Z,X1909261,5711,-15.54660,-47.57149,22549.3,3.9,6.1,211.8,-56.2,2.0,38.4,RS41-SGP,403.502,18.9,-875,12,2.7,,
2026-09-19T15:37:09.006Z,X1909261,5712,-15.54664,-47.57152,22553.5,4.5,5.7,223.4,-55.9,1.9,38.3,RS41-SGP,403.502,18.1,-875,12,2.8,,
2026-09-19T15:37:10.006Z,X1909261,5713,-15.54667,-47.57155,22558.4,5.3,4.8,223.5,-56.1,2.0,38.3,RS41-SGP,403.502,18.0,-875,12,2.8,,
2026-09-19T15:37:11.006Z,X1909261,5714,-15.54670,-47.57158,22563.6,5.1,3.6,211.6,-56.3,2.1,38.3,RS41-SGP,403.502,18.0,-875,12,2.8,,
2026-09-19T15:37:12.006Z,X1909261,5715,-15.54673,-47.57159,22568.3,4.4,2.4,199.0,-56.5,2.1,38.2,RS41-SGP,403.502,18.8,-875,12,2.8,,
2026-09-19T15:37:13.006Z,X1909261,5716,-15.54674,-47.57160,22572.5,3.9,1.0,214.3,-56.6,2.1,38.2,RS41-SGP,403.502,18.9,-875,12,2.8,,
2026-09-19T15:37:14.006Z,X1909261,5717,-15.54674,-47.57160,22576.5,4.2,1.0,289.6,-55.9,1.9,38.2,RS41-SGP,403.502,19.0,-875,12,2.8,,
2026-09-19T15:37:15.006Z,X1909261,5718,-15.54674,-47.57161,22581.0,4.8,1.3,268.7,-55.4,1.8,38.1,RS41-SGP,403.502,19.0,-875,12,2.7,,
2026-09-19T15:37:16.006Z,X1909261,5719,-15.54675,-47.57162,22586.0,5.1,1.8,203.6,-55.5,1.8,38.1,RS41-SGP,403.502,19.0,-875,12,2.8,,
2026-09-19T15:37:17.006Z,X1909261,5720,-15.54677,-47.57163,22591.0,5.0,3.4,176.6,-55.6,1.9,38.1,RS41-SGP,403.502,19.6,-875,12,2.8,,
2026-09-19T15:37:18.006Z,X1909261,5721,-15.54681,-47.57162,22595.7,4.3,4.7,172.7,-55.8,1.9,38.1,RS41-SGP,403.502,19.6,-875,12,2.8,,
2026-09-19T15:37:19.006Z,X1909261,5722,-15.54685,-47.57162,22599.8,4.0,5.3,180.3,-55.3,1.9,38.0,RS41-SGP,403.502,19.6,-875,12,2.8,,
2026-09-19T15:37:20.006Z,X1909261,5723,-15.54690,-47.57163,22603.8,4.0,5.4,192.6,-55.0,1.8,38.0,RS41-SGP,403.502,19.3,-875,12,2.7,,
2026-09-19T15:37:21.006Z,X1909261,5724,-15.54695,-47.57164,22608.0,4.4,5.2,203.2,-55.5,2.0,38.0,RS41-SGP,403.502,18.1,-875,12,2.7,,
2026-09-19T15:37:22.006Z,X1909261,5725,-15.54699,-47.57166,22612.6,4.7,4.4,205.6,-55.9,2.1,38.0,RS41-SGP,403.502,18.5,-875,12,2.8,,
2026-09-19T15:37:23.006Z,X1909261,5726,-15.54702,-47.57168,22617.2,4.5,3.4,206.7,-56.2,2.2,37.9,RS41-SGP,403.502,19.2,-875,12,2.8,,
2026-09-19T15:37:24.006Z,X1909261,5727,-15.54704,-47.57169,22621.4,3.8,2.7,224.4,-56.7,2.3,37.9,RS41-SGP,403.502,19.2,-875,12,2.8,,
2026-09-19T15:37:25.006Z,X1909261,5728,-15.54705,-47.57171,22624.9,3.4,3.0,252.4,-56.7,2.3,37.9,RS41-SGP,403.502,18.8,-875,12,2.8,,
2026-09-19T15:37:26.006Z,X1909261,5729,-15.54706,-47.57174,22628.6,3.9,3.5,263.8,-55.7,2.0,37.9,RS41-SGP,403.502,18.1,-875,12,2.8,,
2026-09-19T15:37:27.006Z,X1909261,5730,-15.54707,-47.57177,22632.9,4.7,3.0,249.3,-55.1,1.8,37.9,RS41-SGP,403.502,18.3,-875,12,2.8,,
2026-09-19T15:37:28.006Z,X1909261,5731,-15.54708,-47.57179,22637.8,5.2,2.6,214.8,-55.6,1.9,37.8,RS41-SGP,403.502,18.4,-875,12,2.7,,
2026-09-19T15:37:29.006Z,X1909261,5732,-15.54710,-47.57180,22642.9,5.2,2.9,188.4,-56.1,2.0,37.8,RS41-SGP,403.502,18.5,-875,12,2.8,,
2026-09-19T15:37:30.006Z,X1909261,5733,-15.54713,-47.57180,22647.6,4.2,3.5,173.3,-55.9,2.0,37.8,RS41-SGP,403.502,18.6,-875,12,2.8,,
2026-09-19T15:37:31.006Z,X1909261,5734,-15.54717,-47.57180,22651.7,4.0,4.2,166.4,-55.4,1.8,37.7,RS41-SGP,403.502,18.9,-875,12,2.8,,
2026-09-19T15:37:32.006Z,X1909261,5735,-15.54720,-47.57179,22655.8,4.3,4.5,166.9,-55.2,1.8,37.7,RS41-SGP,403.502,19.2,-875,12,2.8,,
2026-09-19T15:37:33.006Z,X1909261,5736,-15.54724,-47.57178,22660.4,4.9,4.0,174.5,-55.2,1.9,37.7,RS41-SGP,403.502,19.2,-875,12,2.7,,
2026-09-19T15:37:34.006Z,X1909261,5737,-15.54727,-47.57178,22665.4,5.0,2.9,194.3,-55.4,1.9,37.6,RS41-SGP,403.502,19.0,-875,12,2.7,,
2026-09-19T15:37:35.006Z,X1909261,5738,-15.54729,-47.57179,22670.0,4.1,2.3,238.0,-55.8,2.0,37.7,RS41-SGP,403.502,18.7,-875,12,2.8,,
2026-09-19T15:37:36.006Z,X1909261,5739,-15.54729,-47.57182,22674.1,4.2,3.1,272.7,-56.0,2.1,37.6,RS41-SGP,403.502,18.7,-875,12,2.8,,
2026-09-19T15:37:37.006Z,X1909261,5740,-15.54729,-47.57185,22678.6,4.8,3.2,276.3,-55.6,2.0,37.6,RS41-SGP,403.502,18.0,-875,12,2.8,,
2026-09-19T15:37:39.006Z,X1909261,5742,-15.54730,-47.57188,22688.4,4.6,1.4,202.4,-56.3,2.2,37.5,RS41-SGP,403.502,17.3,-875,12,2.8,,
2026-09-19T15:37:40.006Z,X1909261,5743,-15.54731,-47.57188,22692.7,4.1,1.9,149.2,-56.7,2.3,37.5,RS41-SGP,403.502,18.7,-875,12,2.7,,
2026-09-19T15:37:41.006Z,X1909261,5744,-15.54733,-47.57187,22696.8,3.9,2.4,135.6,-57.1,2.4,37.5,RS41-SGP,403.502,19.7,-875,12,2.7,,
2026-09-19T15:37:42.006Z,X1909261,5745,-15.54735,-47.57185,22700.6,3.9,2.6,147.1,-57.3,2.6,37.4,RS41-SGP,403.502,19.8,-875,12,2.8,,
2026-09-19T15:37:43.006Z,X1909261,5746,-15.54737,-47.57185,22704.7,4.2,3.1,172.6,-56.9,2.4,37.4,RS41-SGP,403.502,19.8,-875,12,2.8,,
2026-09-19T15:37:44.006Z,X1909261,5747,-15.54740,-47.57185,22709.2,4.8,3.6,190.7,-55.9,2.2,37.4,RS41-SGP,403.502,19.2,-875,12,2.8,,
2026-09-19T15:37:45.006Z,X1909261,5748,-15.54743,-47.57186,22713.9,4.7,3.5,204.1,-56.3,2.3,37.4,RS41-SGP,403.502,18.8,-875,12,2.8,,
2026-09-19T15:37:46.006Z,X1909261,5749,-15.54746,-47.57187,22718.2,3.8,3.3,225.9,-56.8,2.5,37.3,RS41-SGP,403.502,19.1,-875,12,2.8,,
2026-09-19T15:37:47.006Z,X1909261,5750,-15.54747,-47.57190,22721.9,3.8,3.6,247.8,-57.3,2.5,37.3,RS41-SGP,403.502,19.1,-875,12,2.7,,
2026-09-19T15:37:48.006Z,X1909261,5751,-15.54748,-47.57193,22725.9,4.2,3.9,253.3,-57.5,2.6,37.3,RS41-SGP,403.502,18.8,-875,12,2.7,,
2026-09-19T15:37:49.006Z,X1909261,5752,-15.54750,-47.57197,22730.4,4.8,3.6,242.1,-57.5,2.6,37.2,RS41-SGP,403.502,18.2,-875,12,2.8,,
2026-09-19T15:37:50.006Z,X1909261,5753,-15.54751,-47.57199,22735.3,5.0,3.0,221.0,-57.6,2.6,37.2,RS41-SGP,403.502,17.7,-875,12,2.8,,
2026-09-19T15:37:51.006Z,X1909261,5754,-15.54753,-47.57200,22740.2,4.8,2.0,196.8,-57.5,2.5,37.2,RS41-SGP,403.502,17.3,-875,12,2.8,,
2026-09-19T15:37:52.006Z,X1909261,5755,-15.54755,-47.57200,22744.6,3.9,1.5,140.4,-57.3,2.4,37.2,RS41-SGP,403.502,19.7,-875,12,2.8,,
2026-09-19T15:37:53.006Z,X1909261,5756,-15.54755,-47.57199,22748.5,4.0,2.0,96.0,-57.4,2.4,37.1,RS41-SGP,403.502,19.8,-875,12,2.7,,
2026-09-19T15:37:54.006Z,X1909261,5757,-15.54755,-47.57197,22752.8,4.7,1.6,95.5,-57.5,2.5,37.1,RS41-SGP,403.502,20.3,-875,12,2.7,,
2026-09-19T15:37:55.006Z,X1909261,5758,-15.54756,-47.57196,22757.8,5.2,0.7,174.7,-57.6,2.4,37.1,RS41-SGP,403.502,20.3,-875,12,2.8,,
2026-09-19T15:37:56.006Z,X1909261,5759,-15.54757,-47.57197,22762.7,4.7,2.3,235.2,-57.4,2.4,37.1,RS41-SGP,403.502,20.0,-875,12,2.8,,
2026-09-19T15:37:57.006Z,X1909261,5760,-15.54758,-47.57200,22767.0,3.7,3.8,249.9,-57.2,2.3,37.0,RS41-SGP,403.502,19.2,-875,12,2.8,,
2026-09-19T15:37:58.006Z,X1909261,5761,-15.54759,-47.57203,22771.0,4.3,4.4,258.5,-56.2,2.1,37.0,RS41-SGP,403.502,18.2,-875,12,2.8,,
2026-09-19T15:37:59.006Z,X1909261,5762,-15.54759,-47.57207,22775.7,5.1,3.3,263.9,-56.5,2.1,37.0,RS41-SGP,403.502,17.2,-875,12,2.8,,
2026-09-19T15:38:00.006Z,X1909261,5763,-15.54760,-47.57209,22780.8,5.2,1.5,261.7,-57.0,2.3,37.0,RS41-SGP,403.502,17.0,-875,12,2.8,,
2026-09-19T15:38:01.006Z,X1909261,5764,-15.54760,-47.57210,22785.6,4.2,0.5,144.4,-56.9,2.3,36.9,RS41-SGP,403.502,18.4,-875,12,2.7,,
2026-09-19T15:38:02.006Z,X1909261,5765,-15.54760,-47.57209,22789.6,3.9,1.8,112.2,-56.0,2.0,36.9,RS41-SGP,403.502,19.0,-875,12,2.8,,
2026-09-19T15:38:03.006Z,X1909261,5766,-15.54761,-47.57207,22793.7,4.3,1.8,112.8,-56.0,2.0,36.9,RS41-SGP,403.502,19.5,-875,12,2.8,,
2026-09-19T15:38:04.006Z,X1909261,5767,-15.54761,-47.57206,22798.3,4.9,0.4,124.4,-55.5,1.9,36.9,RS41-SGP,403.502,19.6,-875,12,2.8,,
2026-09-19T15:38:05.006Z,X1909261,5768,-15.54762,-47.57207,22803.4,5.3,1.5,273.9,-55.2,1.8,36.9,RS41-SGP,403.502,19.7,-875,12,2.8,,
2026-09-19T15:38:06.006Z,X1909261,5769,-15.54761,-47.57209,22808.2,4.3,3.1,272.4,-55.8,2.0,36.8,RS41-SGP,403.502,19.7,-875,12,2.8,,
2026-09-19T15:38:07.006Z,X1909261,5770,-15.54761,-47.57213,22812.2,3.9,4.6,270.1,-56.7,2.2,36.8,RS41-SGP,403.502,19.1,-875,12,2.7,,
2026-09-19T15:38:08.006Z,X1909261,5771,-15.54761,-47.57217,22816.5,4.7,5.0,268.0,-57.2,2.4,36.7,RS41-SGP,403.502,17.6,-875,12,2.8,,
2026-09-19T15:38:09.006Z,X1909261,5772,-15.54762,-47.57221,22821.4,5.2,4.0,265.5,-57.5,2.4,36.7,RS41-SGP,403.502,17.6,-875,12,2.8,,
2026-09-19T15:38:10.006Z,X1909261,5773,-15.54762,-47.57224,22826.5,4.9,2.4,256.2,-57.5,2.4,36.7,RS41-SGP,403.502,17.8,-875,12,2.8,,
2026-09-19T15:38:11.006Z,X1909261,5774,-15.54763,-47.57225,22831.0,4.0,1.4,208.5,-57.4,2.4,36.7,RS41-SGP,403.502,18.7,-875,12,2.8,,
2026-09-19T15:38:12.006Z,X1909261,5775,-15.54764,-47.57226,22835.0,4.0,1.9,170.2,-57.3,2.4,36.6,RS41-SGP,403.502,19.4,-875,12,2.8,,
2026-09-19T15:38:13.006Z,X1909261,5776,-15.54766,-47.57226,22839.2,4.6,2.0,188.7,-57.3,2.5,36.6,RS41-SGP,403.502,19.4,-875,12,2.8,,
2026-09-19T15:38:14.006Z,X1909261,5777,-15.54767,-47.57227,22844.1,5.1,2.5,238.1,-57.4,2.5,36.6,RS41-SGP,403.502,18.5,-875,12,2.7,,
2026-09-19T15:38:15.006Z,X1909261,5778,-15.54768,-47.57229,22849.0,4.8,3.9,267.6,-57.5,2.5,36.6,RS41-SGP,403.502,18.2,-875,12,2.8,,
2026-09-19T15:38:16.006Z,X1909261,5779,-15.54768,-47.57234,22853.4,4.1,5.4,280.8,-57.6,2.4,36.5,RS41-SGP,403.502,18.0,-875,12,2.8,,
2026-09-19T15:38:17.006Z,X1909261,5780,-15.54766,-47.57239,22857.6,4.3,6.3,286.5,-57.6,2.4,36.5,RS41-SGP,403.502,17.3,-875,12,2.8,,
2026-09-19T15:38:18.006Z,X1909261,5781,-15.54765,-47.57244,22862.3,5.1,5.8,282.4,-57.5,2.4,36.5,RS41-SGP,403.502,16.5,-875,12,2.8,,
2026-09-19T15:38:19.006Z,X1909261,5782,-15.54765,-47.57249,22867.4,5.1,4.4,267.0,-57.4,2.4,36.4,RS41-SGP,403.502,16.7,-875,12,2.8,,
2026-09-19T15:38:20.006Z,X1909261,5783,-15.54765,-47.57253,22872.1,4.1,3.2,241.1,-57.2,2.4,36.4,RS41-SGP,403.502,16.9,-875,12,2.7,,
2026-09-19T15:38:21.006Z,X1909261,5784,-15.54767,-47.57255,22876.2,4.1,2.7,219.5,-56.9,2.2,36.4,RS41-SGP,403.502,17.9,-875,12,2.8,,
2026-09-19T15:38:22.006Z,X1909261,5785,-15.54769,-47.57256,22880.6,4.7,2.5,235.5,-56.3,2.1,36.4,RS41-SGP,403.502,18.0,-875,12,2.8,,
2026-09-19T15:38:23.006Z,X1909261,5786,-15.54769,-47.57259,22885.6,5.1,3.7,265.2,-55.9,2.0,36.4,RS41-SGP,403.502,18.4,-875,12,2.8,,
2026-09-19T15:38:24.006Z,X1909261,5787,-15.54769,-47.57263,22890.6,5.0,5.6,272.9,-56.0,1.9,36.3,RS41-SGP,403.502,18.4,-875,12,2.8,,
2026-09-19T15:38:25.006Z,X1909261,5788,-15.54769,-47.57269,22895.2,4.1,7.1,271.6,-56.3,2.0,36.3,RS41-SGP,403.502,17.8,-875,12,2.8,,
2026-09-19T15:38:26.006Z,X1909261,5789,-15.54769,-47.57276,22899.2,4.0,7.8,270.1,-56.5,2.1,36.3,RS41-SGP,403.502,17.4,-875,12,2.8,,
2026-09-19T15:38:27.006Z,X1909261,5790,-15.54769,-47.57283,22903.4,4.4,7.5,269.9,-56.7,2.1,36.2,RS41-SGP,403.502,16.3,-875,12,2.7,,
2026-09-19T15:38:28.006Z,X1909261,5791,-15.54769,-47.57290,22908.0,4.9,6.5,270.1,-56.8,2.1,36.2,RS41-SGP,403.502,16.3,-875,12,2.8,,
2026-09-19T15:38:29.006Z,X1909261,5792,-15.54769,-47.57295,22912.9,4.8,5.2,265.4,-56.8,2.1,36.2,RS41-SGP,403.502,16.7,-875,12,2.8,,
2026-09-19T15:38:30.006Z,X1909261,5793,-15.54770,-47.57299,22917.3,4.0,4.2,252.4,-56.8,2.1,36.2,RS41-SGP,403.502,16.7,-875,12,2.8,,
2026-09-19T15:38:31.006Z,X1909261,5794,-15.54771,-47.57303,22921.3,4.0,3.8,234.3,-56.8,2.1,36.1,RS41-SGP,403.502,18.0,-875,12,2.8,,
2026-09-19T15:38:32.006Z,X1909261,5795,-15.54774,-47.57306,22925.5,4.4,4.2,231.9,-56.9,2.1,36.1,RS41-SGP,403.502,18.0,-875,12,2.8,,
2026-09-19T15:38:33.006Z,X1909261,5796,-15.54776,-47.57309,22930.1,4.8,5.2,244.1,-56.9,2.1,36.1,RS41-SGP,403.502,18.7,-875,12,2.8,,
2026-09-19T15:38:34.006Z,X1909261,5797,-15.54778,-47.57315,22934.8,4.6,6.6,254.7,-56.4,2.0,36.1,RS41-SGP,403.502,18.7,-875,12,2.7,,
2026-09-19T15:38:35.006Z,X1909261,5798,-15.54779,-47.57321,22939.2,4.2,8.1,257.8,-55.9,1.9,36.0,RS41-SGP,403.502,17.4,-875,12,2.8,,
2026-09-19T15:38:36.006Z,X1909261,5799,-15.54781,-47.57329,22943.4,4.2,9.0,257.3,-56.1,1.9,36.0,RS41-SGP,403.502,17.4,-875,12,2.8,,
2026-09-19T15:38:37.006Z,X1909261,5800,-15.54783,-47.57337,22947.7,4.4,8.9,256.2,-56.3,2.0,36.0,RS41-SGP,403.502,15.9,-875,12,2.8,,
2026-09-19T15:38:38.006Z,X1909261,5801,-15.54784,-47.57345,22952.2,4.6,7.6,256.5,-55.9,2.0,35.9,RS41-SGP,403.502,17.5,-875,12,2.8,,
2026-09-19T15:38:39.006Z,X1909261,5802,-15.54786,-47.57351,22956.9,4.7,6.2,260.0,-55.6,1.9,36.0,RS41-SGP,403.502,17.5,-875,12,2.8,,
2026-09-19T15:38:40.006Z,X1909261,5803,-15.54786,-47.57356,22961.6,4.8,5.3,264.8,-55.9,2.0,35.9,RS41-SGP,403.502,17.0,-875,12,2.7,,
2026-09-19T15:38:41.006Z,X1909261,5804,-15.54787,-47.57361,22966.3,4.5,4.6,264.4,-56.1,2.0,35.9,RS41-SGP,403.502,16.9,-875,12,2.8,,
2026-09-19T15:38:42.006Z,X1909261,5805,-15.54788,-47.57364,22970.5,3.9,3.7,253.9,-56.3,2.0,35.9,RS41-SGP,403.502,17.6,-875,12,2.8,,
2026-09-19T15:38:43.006Z,X1909261,5806,-15.54789,-47.57367,22974.3,3.8,3.3,231.6,-55.9,2.0,35.9,RS41-SGP,403.502,17.6,-875,12,2.8,,
2026-09-19T15:38:44.006Z,X1909261,5807,-15.54791,-47.57370,22978.3,4.3,3.7,223.2,-55.0,1.8,35.8,RS41-SGP,403.502,17.5,-875,12,2.8,,
2026-09-19T15:38:45.006Z,X1909261,5808,-15.54793,-47.57372,22982.9,4.9,4.4,232.8,-54.8,1.7,35.8,RS41-SGP,403.502,17.5,-875,12,2.8,,
2026-09-19T15:38:46.006Z,X1909261,5809,-15.54796,-47.57376,22987.7,4.8,5.4,244.5,-55.3,1.8,35.8,RS41-SGP,403.502,18.2,-875,12,2.8,,
2026-09-19T15:38:47.006Z,X1909261,5810,-15.54798,-47.57382,22992.3,4.2,6.9,249.7,-55.4,1.8,35.8,RS41-SGP,403.502,18.2,-875,12,2.7,,
2026-09-19T15:38:48.006Z,X1909261,5811,-15.54800,-47.57388,22996.2,3.6,8.3,248.0,-55.4,1.8,35.7,RS41-SGP,403.502,17.7,-875,12,2.8,,
2026-09-19T15:38:49.006Z,X1909261,5812,-15.54803,-47.57395,22999.9,3.8,9.0,243.2,-55.8,1.9,35.7,RS41-SGP,403.502,16.6,-875,12,2.8,,
2026-09-19T15:38:50.006Z,X1909261,5813,-15.54807,-47.57403,23004.1,4.7,8.4,238.9,-56.1,2.0,35.7,RS41-SGP,403.502,15.8,-875,12,2.8,,
2026-09-19T15:38:51.006Z,X1909261,5814,-15.54811,-47.57409,23009.0,5.2,7.0,237.8,-56.2,2.1,35.7,RS41-SGP,403.502,15.8,-875,12,2.8,,
2026-09-19T15:38:52.006Z,X1909261,5815,-15.54814,-47.57413,23013.9,4.5,5.1,237.2,-56.0,2.0,35.6,RS41-SGP,403.502,16.4,-875,12,2.7,,
2026-09-19T15:38:53.006Z,X1909261,5816,-15.54816,-47.57417,23018.1,4.0,3.5,232.1,-56.0,2.1,35.6,RS41-SGP,403.502,17.5,-875,12,2.7,,
2026-09-19T15:38:54.006Z,X1909261,5817,-15.54818,-47.57419,23022.3,4.3,2.9,220.8,-56.1,2.1,35.6,RS41-SGP,403.502,17.6,-875,12,2.8,,
2026-09-19T15:38:55.006Z,X1909261,5818,-15.54820,-47.57421,23027.0,5.0,3.7,221.4,-56.2,2.1,35.6,RS41-SGP,403.502,18.0,-875,12,2.8,,
2026-09-19T15:38:56.006Z,X1909261,5819,-15.54823,-47.57424,23032.1,5.2,5.3,231.5,-56.2,2.2,35.5,RS41-SGP,403.502,18.0,-875,12,2.8,,
2026-09-19T15:38:57.006Z,X1909261,5820,-15.54826,-47.57429,23036.8,4.3,6.9,241.5,-56.2,2.1,35.5,RS41-SGP,403.502,17.4,-875,12,2.8,,
2026-09-19T15:38:58.006Z,X1909261,5821,-15.54829,-47.57435,23041.0,3.9,8.3,248.2,-55.6,2.0,35.5,RS41-SGP,403.502,16.7,-875,12,2.8,,
2026-09-19T15:38:59.006Z,X1909261,5822,-15.54831,-47.57442,23045.1,4.4,8.5,249.6,-55.8,2.0,35.4,RS41-SGP,403.502,15.2,-875,12,2.7,,
2026-09-19T15:39:00.006Z,X1909261,5823,-15.54834,-47.57449,23049.9,5.0,7.3,245.4,-55.7,1.9,35.4,RS41-SGP,403.502,14.9,-875,12,2.7,,
2026-09-19T15:39:01.006Z,X1909261,5824,-15.54837,-47.57454,23054.9,5.0,5.7,237.9,-55.1,1.8,35.4,RS41-SGP,403.502,14.9,-875,12,2.8,,
2026-09-19T15:39:02.006Z,X1909261,5825,-15.54839,-47.57458,23059.5,4.2,4.2,232.3,-55.3,1.8,35.4,RS41-SGP,403.502,16.4,-875,12,2.8,,
2026-09-19T15:39:03.006Z,X1909261,5826,-15.54841,-47.57461,23063.6,3.9,2.9,231.6,-55.6,1.9,35.3,RS41-SGP,403.502,17.0,-875,12,2.8,,
2026-09-19T15:39:04.006Z,X1909261,5827,-15.54843,-47.57463,23067.7,4.3,2.8,235.2,-55.8,2.0,35.3,RS41-SGP,403.502,17.1,-875,12,2.8,,
2026-09-19T15:39:05.006Z,X1909261,5828,-15.54844,-47.57465,23072.4,5.0,3.7,237.5,-55.9,2.0,35.3,RS41-SGP,403.502,17.1,-875,12,2.7,,
2026-09-19T15:39:06.006Z,X1909261,5829,-15.54847,-47.57469,23077.5,5.2,5.6,236.7,-55.9,2.1,35.3,RS41-SGP,403.502,17.0,-875,12,2.7,,
2026-09-19T15:39:07.006Z,X1909261,5830,-15.54850,-47.57474,23082.3,4.3,7.3,237.4,-55.7,2.0,35.3,RS41-SGP,403.502,16.5,-875,12,2.8,,
2026-09-19T15:39:08.006Z,X1909261,5831,-15.54854,-47.57480,23086.4,3.9,8.7,238.9,-55.1,1.9,35.2,RS41-SGP,403.502,15.8,-875,12,2.8,,
2026-09-19T15:39:09.006Z,X1909261,5832,-15.54858,-47.57487,23090.7,4.6,8.7,239.8,-54.6,1.8,35.2,RS41-SGP,403.502,14.8,-875,12,2.8,,
2026-09-19T15:39:10.006Z,X1909261,5833,-15.54861,-47.57494,23095.5,5.0,7.3,236.2,-53.9,1.6,35.2,RS41-SGP,403.502,15.1,-875,12,2.8,,
2026-09-19T15:39:11.006Z,X1909261,5834,-15.54865,-47.57498,23100.6,5.1,5.6,228.2,-53.5,1.6,35.1,RS41-SGP,403.502,15.1,-875,12,2.8,,
2026-09-19T15:39:12.006Z,X1909261,5835,-15.54868,-47.57501,23105.3,4.3,4.4,212.0,-54.1,1.7,35.1,RS41-SGP,403.502,15.6,-875,12,2.7,,
2026-09-19T15:39:13.006Z,X1909261,5836,-15.54872,-47.57503,23109.4,3.8,3.9,197.0,-54.7,1.8,35.1,RS41-SGP,403.502,15.7,-875,12,2.7,,
2026-09-19T15:39:14.006Z,X1909261,5837,-15.54875,-47.57504,23113.3,4.0,4.0,191.5,-55.0,1.9,35.1,RS41-SGP,403.502,16.8,-875,12,2.8,,
2026-09-19T15:39:15.006Z,X1909261,5838,-15.54879,-47.57505,23117.6,4.6,4.3,198.3,-55.1,1.9,35.0,RS41-SGP,403.502,16.8,-875,12,2.8,,
2026-09-19T15:39:16.006Z,X1909261,5839,-15.54882,-47.57507,23122.5,5.2,4.8,210.8,-55.1,1.9,35.0,RS41-SGP,403.502,16.9,-875,12,2.8,,
2026-09-19T15:39:17.006Z,X1909261,5840,-15.54886,-47.57509,23127.4,4.6,5.6,222.7,-54.7,1.9,35.0,RS41-SGP,403.502,17.0,-875,12,2.8,,
2026-09-19T15:39:18.006Z,X1909261,5841,-15.54890,-47.57514,23131.7,3.9,6.6,232.0,-54.3,1.8,35.0,RS41-SGP,403.502,17.0,-875,12,2.7,,
2026-09-19T15:39:19.006Z,X1909261,5842,-15.54893,-47.57519,23135.9,4.4,7.2,236.4,-54.5,1.9,35.0,RS41-SGP,403.502,15.8,-875,12,2.7,,
2026-09-19T15:39:20.006Z,X1909261,5843,-15.54897,-47.57524,23140.6,5.1,6.5,235.5,-54.6,1.9,34.9,RS41-SGP,403.502,15.3,-875,12,2.8,,
2026-09-19T15:39:21.006Z,X1909261,5844,-15.54900,-47.57528,23145.9,5.4,5.0,227.4,-54.8,1.9,34.9,RS41-SGP,403.502,14.9,-875,12,2.8,,
2026-09-19T15:39:22.006Z,X1909261,5845,-15.54903,-47.57531,23150.8,4.4,3.7,205.8,-54.9,2.0,34.9,RS41-SGP,403.502,15.6,-875,12,2.8,,
2026-09-19T15:39:23.006Z,X1909261,5846,-15.54906,-47.57531,23155.1,4.2,3.5,176.7,-55.0,2.0,34.8,RS41-SGP,403.502,16.8,-875,12,2.8,,
2026-09-19T15:39:24.006Z,X1909261,5847,-15.54909,-47.57531,23159.7,4.8,3.4,172.6,-55.0,2.0,34.8,RS41-SGP,403.502,17.0,-875,12,2.8,,
2026-09-19T15:39:25.006Z,X1909261,5848,-15.54912,-47.57531,23164.7,5.2,3.4,195.2,-55.0,2.0,34.8,RS41-SGP,403.502,17.7,-875,12,2.7,,
2026-09-19T15:39:26.006Z,X1909261,5849,-15.54915,-47.57533,23169.8,5.1,4.4,219.9,-54.7,1.9,34.8,RS41-SGP,403.502,17.7,-875,12,2.7,,
2026-09-19T15:39:27.006Z,X1909261,5850,-15.54918,-47.57536,23174.4,4.1,5.7,231.2,-54.6,1.9,34.7,RS41-SGP,403.502,17.3,-875,12,2.8,,
2026-09-19T15:39:28.006Z,X1909261,5851,-15.54922,-47.57541,23178.3,3.8,6.7,238.0,-54.6,1.9,34.7,RS41-SGP,403.502,16.0,-875,12,2.8,,
2026-09-19T15:39:29.006Z,X1909261,5852,-15.54925,-47.57546,23182.3,4.3,6.5,240.3,-54.7,1.9,34.7,RS41-SGP,403.502,15.3,-875,12,2.8,,
2026-09-19T15:39:30.006Z,X1909261,5853,-15.54927,-47.57551,23187.0,5.0,5.1,238.1,-54.8,1.9,34.7,RS41-SGP,403.502,15.3,-875,12,2.8,,
2026-09-19T15:39:31.006Z,X1909261,5854,-15.54929,-47.57554,23192.1,5.3,3.5,233.9,-54.9,1.9,34.6,RS41-SGP,403.502,15.4,-875,12,2.8,,
2026-09-19T15:39:32.006Z,X1909261,5855,-15.54931,-47.57556,23197.0,4.4,2.3,219.2,-54.9,2.0,34.6,RS41-SGP,403.502,16.3,-875,12,2.7,,
2026-09-19T15:39:33.006Z,X1909261,5856,-15.54933,-47.57557,23201.3,4.2,2.0,184.2,-55.0,2.0,34.6,RS41-SGP,403.502,17.0,-875,12,2.7,,
2026-09-19T15:39:34.006Z,X1909261,5857,-15.54935,-47.57557,23205.6,4.5,2.2,168.6,-55.1,2.0,34.6,RS41-SGP,403.502,17.4,-875,12,2.8,,
2026-09-19T15:39:35.006Z,X1909261,5858,-15.54937,-47.57557,23210.4,5.1,2.4,185.5,-55.1,2.0,34.5,RS41-SGP,403.502,17.6,-875,12,2.8,,
2026-09-19T15:39:36.006Z,X1909261,5859,-15.54939,-47.57558,23215.5,5.2,3.1,220.5,-55.0,2.0,34.5,RS41-SGP,403.502,17.6,-875,11,2.8,,
2026-09-19T15:39:37.006Z,X1909261,5860,-15.54941,-47.57561,23220.3,4.4,4.7,238.6,-54.9,1.9,34.5,RS41-SGP,403.502,17.2,-875,11,2.8,,
2026-09-19T15:39:38.006Z,X1909261,5861,-15.54943,-47.57565,23224.5,4.1,6.3,244.8,-54.8,1.9,34.5,RS41-SGP,403.502,17.1,-875,11,2.7,,
2026-09-19T15:39:39.006Z,X1909261,5862,-15.54946,-47.57570,23228.8,4.5,6.2,245.5,-54.9,2.0,34.4,RS41-SGP,403.502,15.2,-875,11,2.7,,
2026-09-19T15:39:40.006Z,X1909261,5863,-15.54948,-47.57575,23233.5,5.0,4.8,243.4,-54.9,2.0,34.4,RS41-SGP,403.502,15.8,-875,11,2.8,,
2026-09-19T15:39:41.006Z,X1909261,5864,-15.54950,-47.57578,23238.5,4.9,3.0,241.5,-54.5,1.9,34.4,RS41-SGP,403.502,16.2,-875,11,2.8,,
2026-09-19T15:39:42.006Z,X1909261,5865,-15.54951,-47.57580,23243.1,4.4,1.6,243.0,-54.7,1.9,34.4,RS41-SGP,403.502,16.8,-875,11,2.8,,
2026-09-19T15:39:43.006Z,X1909261,5866,-15.54951,-47.57581,23247.3,3.9,0.8,220.9,-54.8,2.0,34.3,RS41-SGP,403.502,17.1,-875,11,2.8,,
2026-09-19T15:39:44.006Z,X1909261,5867,-15.54952,-47.57581,23251.3,4.1,1.2,193.4,-54.0,1.8,34.3,RS41-SGP,403.502,17.2,-875,11,2.8,,
2026-09-19T15:39:45.006Z,X1909261,5868,-15.54953,-47.57582,23255.5,4.3,1.9,197.3,-53.3,1.7,34.3,RS41-SGP,403.502,17.2,-875,11,2.8,,
2026-09-19T15:39:46.006Z,X1909261,5869,-15.54955,-47.57583,23259.9,4.5,2.6,207.9,-53.5,1.7,34.3,RS41-SGP,403.502,17.9,-875,11,2.7,,
2026-09-19T15:39:47.006Z,X1909261,5870,-15.54957,-47.57584,23264.5,4.8,3.0,217.7,-54.1,1.8,34.3,RS41-SGP,403.502,18.3,-875,11,2.8,,
2026-09-19T15:39:48.006Z,X1909261,5871,-15.54960,-47.57586,23269.1,4.4,3.9,219.6,-54.6,1.9,34.2,RS41-SGP,403.502,18.3,-875,11,2.8,,
2026-09-19T15:39:49.006Z,X1909261,5872,-15.54963,-47.57589,23273.0,3.3,5.5,219.0,-54.7,1.9,34.2,RS41-SGP,403.502,17.8,-875,11,2.8,,
2026-09-19T15:39:50.006Z,X1909261,5873,-15.54967,-47.57592,23276.3,3.5,7.3,219.1,-55.0,2.0,34.2,RS41-SGP,403.502,17.1,-875,11,2.8,,
2026-09-19T15:39:51.006Z,X1909261,5874,-15.54972,-47.57597,23280.5,4.7,7.1,219.9,-55.1,2.0,34.1,RS41-SGP,403.502,15.7,-875,11,2.7,,
2026-09-19T15:39:52.006Z,X1909261,5875,-15.54977,-47.57601,23285.5,5.3,5.6,221.4,-55.2,2.0,34.1,RS41-SGP,403.502,16.5,-875,11,2.7,,
2026-09-19T15:39:53.006Z,X1909261,5876,-15.54980,-47.57604,23290.8,5.3,4.1,221.4,-55.0,1.9,34.1,RS41-SGP,403.502,16.5,-875,11,2.8,,
2026-09-19T15:39:54.006Z,X1909261,5877,-15.54982,-47.57606,23295.6,4.3,3.1,217.5,-55.1,1.9,34.1,RS41-SGP,403.502,16.2,-875,11,2.8,,
2026-09-19T15:39:55.006Z,X1909261,5878,-15.54984,-47.57607,23299.8,4.2,2.4,210.5,-55.1,1.9,34.0,RS41-SGP,403.502,16.5,-875,11,2.8,,
2026-09-19T15:39:56.006Z,X1909261,5879,-15.54986,-47.57608,23304.2,4.6,2.3,204.6,-55.2,2.0,34.1,RS41-SGP,403.502,17.2,-875,11,2.8,,
2026-09-19T15:39:57.006Z,X1909261,5880,-15.54988,-47.57609,23309.1,5.3,2.9,207.5,-55.1,2.0,34.0,RS41-SGP,403.502,17.6,-875,11,2.8,,
2026-09-19T15:39:58.006Z,X1909261,5881,-15.54991,-47.57611,23314.4,5.2,3.8,210.2,-55.1,2.0,34.0,RS41-SGP,403.502,17.6,-875,11,2.7,,
2026-09-19T15:39:59.006Z,X1909261,5882,-15.54994,-47.57613,23319.1,4.4,5.0,211.5,-54.6,1.9,34.0,RS41-SGP,403.502,17.6,-875,11,2.7,,
2026-09-19T15:40:00.006Z,X1909261,5883,-15.54999,-47.57616,23323.4,4.1,6.1,214.0,-54.8,1.9,33.9,RS41-SGP,403.502,16.7,-875,11,2.8,,
2026-09-19T15:40:01.006Z,X1909261,5884,-15.55003,-47.57619,23327.7,4.5,6.3,216.7,-54.9,1.9,33.9,RS41-SGP,403.502,16.4,-875,11,2.8,,
2026-09-19T15:40:02.006Z,X1909261,5885,-15.55007,-47.57622,23332.6,5.2,5.5,220.2,-54.6,1.8,33.9,RS41-SGP,403.502,16.2,-875,11,2.8,,
2026-09-19T15:40:03.006Z,X1909261,5886,-15.55011,-47.57625,23337.8,5.3,4.1,224.0,-53.8,1.7,33.8,RS41-SGP,403.502,15.7,-875,11,2.8,,
2026-09-19T15:40:04.006Z,X1909261,5887,-15.55013,-47.57627,23342.7,4.4,2.5,229.4,-53.8,1.7,33.8,RS41-SGP,403.502,16.5,-875,11,2.7,,
2026-09-19T15:40:05.006Z,X1909261,5888,-15.55013,-47.57629,23346.8,4.0,1.1,248.8,-53.7,1.7,33.8,RS41-SGP,403.502,17.9,-875,11,2.7,,
2026-09-19T15:40:06.006Z,X1909261,5889,-15.55014,-47.57630,23350.9,4.1,0.8,258.1,-52.8,1.5,33.8,RS41-SGP,403.502,17.9,-875,11,2.8,,
2026-09-19T15:40:07.006Z,X1909261,5890,-15.55014,-47.57631,23355.1,4.4,1.7,239.5,-52.4,1.4,33.8,RS41-SGP,403.502,17.6,-875,11,2.8,,
2026-09-19T15:40:08.006Z,X1909261,5891,-15.55015,-47.57632,23359.6,4.7,2.9,227.8,-52.6,1.5,33.7,RS41-SGP,403.502,16.9,-875,11,2.8,,
2026-09-19T15:40:09.006Z,X1909261,5892,-15.55017,-47.57634,23364.6,5.2,3.5,221.2,-53.2,1.6,33.7,RS41-SGP,403.502,17.6,-875,11,2.8,,
2026-09-19T15:40:10.006Z,X1909261,5893,-15.55020,-47.57637,23369.5,4.6,4.1,215.2,-53.5,1.6,33.7,RS41-SGP,403.502,18.0,-875,11,2.8,,
2026-09-19T15:40:11.006Z,X1909261,5894,-15.55024,-47.57639,23373.9,4.1,5.0,210.7,-53.3,1.6,33.6,RS41-SGP,403.502,18.0,-875,11,2.7,,
2026-09-19T15:40:12.006Z,X1909261,5895,-15.55028,-47.57641,23378.0,4.2,6.2,209.2,-53.0,1.6,33.7,RS41-SGP,403.502,17.3,-875,11,2.7,,
2026-09-19T15:40:13.006Z,X1909261,5896,-15.55033,-47.57644,23382.4,4.7,6.2,209.9,-53.1,1.7,33.6,RS41-SGP,403.502,16.2,-875,11,2.8,,
2026-09-19T15:40:14.006Z,X1909261,5897,-15.55037,-47.57647,23387.4,5.3,4.8,209.5,-53.0,1.7,33.6,RS41-SGP,403.502,14.9,-875,11,2.8,,
2026-09-19T15:40:15.006Z,X1909261,5898,-15.55040,-47.57648,23392.5,4.9,2.3,202.6,-52.3,1.6,33.6,RS41-SGP,403.502,16.1,-875,11,2.8,,
2026-09-19T15:40:16.006Z,X1909261,5899,-15.55041,-47.57648,23397.1,4.2,0.6,103.3,-52.6,1.6,33.5,RS41-SGP,403.502,17.6,-875,11,2.8,,
2026-09-19T15:40:17.006Z,X1909261,5900,-15.55041,-47.57648,23401.5,4.6,1.6,51.8,-53.0,1.7,33.5,RS41-SGP,403.502,18.4,-875,11,2.7,,
2026-09-19T15:40:18.006Z,X1909261,5901,-15.55040,-47.57647,23406.3,5.1,1.1,59.0,-53.1,1.7,33.5,RS41-SGP,403.502,18.4,-875,11,2.7,,
2026-09-19T15:40:19.006Z,X1909261,5902,-15.55040,-47.57646,23411.5,5.2,0.6,165.0,-53.1,1.7,33.5,RS41-SGP,403.502,17.9,-875,11,2.8,,
2026-09-19T15:40:20.006Z,X1909261,5903,-15.55041,-47.57646,23416.7,5.3,1.7,193.8,-52.9,1.7,33.4,RS41-SGP,403.502,17.6,-875,11,2.8,,
2026-09-19T15:40:21.006Z,X1909261,5904,-15.55043,-47.57647,23421.7,4.6,2.6,194.5,-52.7,1.7,33.4,RS41-SGP,403.502,17.3,-875,11,2.8,,
2026-09-19T15:40:22.006Z,X1909261,5905,-15.55045,-47.57647,23425.9,3.9,3.1,197.7,-52.5,1.7,33.4,RS41-SGP,403.502,17.3,-875,11,2.8,,
2026-09-19T15:40:23.006Z,X1909261,5906,-15.55048,-47.57648,23429.7,3.7,3.3,203.8,-52.6,1.7,33.4,RS41-SGP,403.502,16.3,-875,11,2.8,,
2026-09-19T15:40:24.006Z,X1909261,5907,-15.55050,-47.57650,23433.8,4.4,2.7,210.8,-52.6,1.7,33.4,RS41-SGP,403.502,16.2,-875,11,2.7,,
2026-09-19T15:40:25.006Z,X1909261,5908,-15.55052,-47.57651,23438.6,5.1,1.7,221.1,-52.7,1.7,33.3,RS41-SGP,403.502,15.9,-875,11,2.7,,
2026-09-19T15:40:26.006Z,X1909261,5909,-15.55052,-47.57652,23443.7,5.1,0.4,276.7,-52.8,1.8,33.3,RS41-SGP,403.502,15.9,-875,11,2.8,,
2026-09-19T15:40:27.006Z,X1909261,5910,-15.55052,-47.57651,23448.4,4.4,1.4,27.6,-52.8,1.8,33.2,RS41-SGP,403.502,16.3,-875,11,2.8,,
2026-09-19T15:40:28.006Z,X1909261,5911,-15.55050,-47.57650,23452.6,3.8,2.8,35.4,-53.0,1.8,33.3,RS41-SGP,403.502,17.7,-875,11,2.8,,
2026-09-19T15:40:29.006Z,X1909261,5912,-15.55048,-47.57649,23456.6,4.2,3.2,34.6,-53.1,1.8,33.2,RS41-SGP,403.502,19.1,-875,11,2.8,,
2026-09-19T15:40:30.006Z,X1909261,5913,-15.55046,-47.57647,23461.1,4.9,2.5,25.9,-53.1,1.8,33.2,RS41-SGP,403.502,19.1,-875,11,2.7,,
2026-09-19T15:40:31.006Z,X1909261,5914,-15.55044,-47.57647,23466.2,5.3,1.3,349.5,-53.1,1.9,33.2,RS41-SGP,403.502,18.0,-875,11,2.7,,
2026-09-19T15:40:32.006Z,X1909261,5915,-15.55043,-47.57648,23471.3,4.8,1.0,278.8,-53.0,1.8,33.1,RS41-SGP,403.502,17.3,-875,11,2.8,,
2026-09-19T15:40:33.006Z,X1909261,5916,-15.55044,-47.57649,23475.7,4.0,1.8,231.6,-53.0,1.9,33.2,RS41-SGP,403.502,17.1,-875,11,2.8,,
2026-09-19T15:40:34.006Z,X1909261,5917,-15.55045,-47.57650,23479.8,4.3,2.3,217.2,-53.0,1.9,33.1,RS41-SGP,403.502,16.5,-875,11,2.8,,
2026-09-19T15:40:35.006Z,X1909261,5918,-15.55047,-47.57651,23484.3,4.7,2.0,219.1,-53.1,1.9,33.1,RS41-SGP,403.502,16.0,-875,11,2.8,,
2026-09-19T15:40:36.006Z,X1909261,5919,-15.55048,-47.57652,23489.3,5.1,1.0,256.5,-53.2,1.9,33.1,RS41-SGP,403.502,15.9,-875,11,2.8,,
2026-09-19T15:40:37.006Z,X1909261,5920,-15.55047,-47.57653,23494.3,4.8,1.2,344.5,-53.2,1.9,33.1,RS41-SGP,403.502,15.5,-875,11,2.7,,
2026-09-19T15:40:38.006Z,X1909261,5921,-15.55046,-47.57653,23498.6,3.9,2.3,22.6,-53.1,1.9,33.0,RS41-SGP,403.502,17.0,-875,11,2.7,,
2026-09-19T15:40:39.006Z,X1909261,5922,-15.55043,-47.57651,23502.5,4.0,3.6,36.5,-53.2,1.9,33.0,RS41-SGP,403.502,18.1,-875,11,2.8,,
2026-09-19T15:40:40.006Z,X1909261,5923,-15.55041,-47.57649,23506.8,4.7,3.5,36.2,-53.4,1.9,33.0,RS41-SGP,403.502,18.1,-875,11,2.8,,
2026-09-19T15:40:41.006Z,X1909261,5924,-15.55038,-47.57648,23511.7,5.1,2.5,18.0,-53.5,2.0,33.0,RS41-SGP,403.502,18.1,-875,11,2.8,,
2026-09-19T15:40:42.006Z,X1909261,5925,-15.55037,-47.57648,23516.8,5.0,2.0,335.5,-53.4,1.9,33.0,RS41-SGP,403.502,17.6,-875,11,2.8,,
2026-09-19T15:40:43.006Z,X1909261,5926,-15.55035,-47.57649,23521.5,4.4,2.5,305.1,-53.4,2.0,32.9,RS41-SGP,403.502,17.5,-875,11,2.7,,
2026-09-19T15:40:44.006Z,X1909261,5927,-15.55034,-47.57652,23525.8,4.1,2.8,292.7,-52.7,1.8,32.9,RS41-SGP,403.502,16.6,-875,11,2.7,,
2026-09-19T15:40:45.006Z,X1909261,5928,-15.55033,-47.57654,23530.1,4.4,2.5,296.9,-52.1,1.7,32.8,RS41-SGP,403.502,16.1,-875,11,2.8,,
2026-09-19T15:40:46.006Z,X1909261,5929,-15.55032,-47.57656,23534.9,5.0,2.2,319.2,-52.2,1.7,32.8,RS41-SGP,403.502,15.8,-875,11,2.8,,
2026-09-19T15:40:47.006Z,X1909261,5930,-15.55030,-47.57657,23539.9,5.1,2.7,346.8,-52.7,1.8,32.8,RS41-SGP,403.502,15.8,-875,11,2.8,,
2026-09-19T15:40:48.006Z,X1909261,5931,-15.55027,-47.57657,23544.6,4.4,3.8,3.4,-53.0,1.9,32.8,RS41-SGP,403.502,16.8,-875,11,2.8,,
2026-09-19T15:40:49.006Z,X1909261,5932,-15.55023,-47.57656,23548.8,4.1,4.6,16.3,-53.2,1.9,32.7,RS41-SGP,403.502,17.5,-875,11,2.8,,
2026-09-19T15:40:50.006Z,X1909261,5933,-15.55019,-47.57655,23553.1,4.4,4.8,23.4,-53.3,1.9,32.7,RS41-SGP,403.502,18.6,-875,11,2.7,,
2026-09-19T15:40:51.006Z,X1909261,5934,-15.55016,-47.57653,23557.7,4.9,3.8,23.2,-52.7,1.8,32.7,RS41-SGP,403.502,18.6,-875,11,2.7,,
2026-09-19T15:40:52.006Z,X1909261,5935,-15.55013,-47.57652,23562.8,5.3,2.8,6.3,-51.9,1.7,32.7,RS41-SGP,403.502,18.8,-875,11,2.8,,
2026-09-19T15:40:53.006Z,X1909261,5936,-15.55011,-47.57653,23568.0,5.1,2.5,328.8,-52.0,1.7,32.7,RS41-SGP,403.502,18.8,-875,11,2.8,,
2026-09-19T15:40:54.006Z,X1909261,5937,-15.55009,-47.57654,23572.7,4.3,3.1,296.5,-52.4,1.8,32.7,RS41-SGP,403.502,18.8,-875,11,2.8,,
2026-09-19T15:40:55.006Z,X1909261,5938,-15.55008,-47.57657,23576.8,4.0,3.8,277.4,-53.0,1.9,32.6,RS41-SGP,403.502,17.2,-875,11,2.8,,
2026-09-19T15:40:56.006Z,X1909261,5939,-15.55008,-47.57661,23581.1,4.6,3.7,271.5,-53.3,2.0,32.6,RS41-SGP,403.502,17.0,-875,11,2.7,,
2026-09-19T15:40:57.006Z,X1909261,5940,-15.55008,-47.57664,23585.8,4.7,3.1,284.0,-53.4,2.0,32.6,RS41-SGP,403.502,17.6,-875,11,2.7,,
2026-09-19T15:40:58.006Z,X1909261,5941,-15.55006,-47.57667,23590.5,4.8,3.2,304.0,-53.5,2.0,32.5,RS41-SGP,403.502,17.8,-875,11,2.8,,
2026-09-19T15:40:59.006Z,X1909261,5942,-15.55005,-47.57669,23595.2,4.7,3.7,311.3,-53.4,2.0,32.5,RS41-SGP,403.502,17.8,-875,11,2.8,,
2026-09-19T15:41:00.006Z,X1909261,5943,-15.55002,-47.57672,23599.8,4.5,4.0,309.0,-53.6,2.0,32.5,RS41-SGP,403.502,17.0,-875,11,2.8,,
2026-09-19T15:41:01.006Z,X1909261,5944,-15.55000,-47.57675,23604.5,4.7,3.5,310.3,-53.6,2.0,32.5,RS41-SGP,403.502,16.3,-875,11,2.8,,
2026-09-19T15:41:02.006Z,X1909261,5945,-15.54998,-47.57677,23608.8,4.1,2.9,330.9,-53.0,1.9,32.5,RS41-SGP,403.502,16.4,-875,11,2.8,,
2026-09-19T15:41:03.006Z,X1909261,5946,-15.54995,-47.57677,23612.6,3.4,3.4,2.1,-52.7,1.9,32.4,RS41-SGP,403.502,18.6,-875,11,2.7,,
2026-09-19T15:41:04.006Z,X1909261,5947,-15.54992,-47.57677,23616.3,3.9,3.9,15.0,-53.0,1.9,32.4,RS41-SGP,403.502,19.1,-875,11,2.7,,
2026-09-19T15:41:05.006Z,X1909261,5948,-15.54989,-47.57676,23620.6,4.8,3.2,2.8,-53.1,1.9,32.4,RS41-SGP,403.502,19.1,-875,11,2.8,,
2026-09-19T15:41:06.006Z,X1909261,5949,-15.54986,-47.57677,23625.6,5.3,2.6,324.1,-53.0,1.9,32.4,RS41-SGP,403.502,18.6,-875,11,2.8,,
2026-09-19T15:41:07.006Z,X1909261,5950,-15.54985,-47.57679,23630.9,5.3,2.8,293.1,-53.1,2.0,32.4,RS41-SGP,403.502,18.0,-875,11,2.8,,
2026-09-19T15:41:08.006Z,X1909261,5951,-15.54984,-47.57681,23635.7,4.2,3.0,276.3,-53.2,2.0,32.3,RS41-SGP,403.502,18.0,-875,11,2.8,,
2026-09-19T15:41:09.006Z,X1909261,5952,-15.54984,-47.57684,23639.7,3.8,3.3,264.0,-53.4,2.1,32.3,RS41-SGP,403.502,17.5,-875,11,2.7,,
2026-09-19T15:41:10.006Z,X1909261,5953,-15.54985,-47.57687,23643.6,3.9,3.1,257.7,-53.6,2.1,32.3,RS41-SGP,403.502,16.6,-875,11,2.7,,
2026-09-19T15:41:11.006Z,X1909261,5954,-15.54985,-47.57690,23647.8,4.6,2.5,264.6,-53.7,2.1,32.2,RS41-SGP,403.502,16.5,-875,11,2.8,,
2026-09-19T15:41:12.006Z,X1909261,5955,-15.54985,-47.57692,23652.7,5.3,1.9,285.3,-53.6,2.1,32.2,RS41-SGP,403.502,16.5,-875,11,2.8,,
2026-09-19T15:41:13.006Z,X1909261,5956,-15.54984,-47.57693,23658.0,5.3,1.8,317.3,-53.6,2.1,32.2,RS41-SGP,403.502,16.4,-875,11,2.8,,
2026-09-19T15:41:14.006Z,X1909261,5957,-15.54983,-47.57694,23663.0,4.7,2.4,340.3,-53.4,2.0,32.2,RS41-SGP,403.502,16.9,-875,11,2.8,,
2026-09-19T15:41:15.006Z,X1909261,5958,-15.54980,-47.57694,23667.6,4.5,3.1,351.4,-53.1,2.0,32.2,RS41-SGP,403.502,17.7,-875,11,2.8,,
2026-09-19T15:41:16.006Z,X1909261,5959,-15.54978,-47.57695,23672.1,4.5,3.2,355.0,-52.6,1.9,32.2,RS41-SGP,403.502,18.2,-875,11,2.7,,
2026-09-19T15:41:17.006Z,X1909261,5960,-15.54975,-47.57695,23676.9,5.1,2.4,348.0,-51.9,1.7,32.1,RS41-SGP,403.502,18.8,-875,11,2.7,,
2026-09-19T15:41:18.006Z,X1909261,5961,-15.54974,-47.57696,23682.1,5.1,1.2,299.4,-51.3,1.6,32.1,RS41-SGP,403.502,18.8,-875,11,2.8,,
2026-09-19T15:41:19.006Z,X1909261,5962,-15.54974,-47.57697,23686.8,4.3,2.3,238.9,-51.8,1.7,32.0,RS41-SGP,403.502,18.6,-875,11,2.8,,
2026-09-19T15:41:20.006Z,X1909261,5963,-15.54976,-47.57699,23690.9,4.0,3.7,229.9,-52.4,1.9,32.1,RS41-SGP,403.502,17.8,-875,11,2.8,,
2026-09-19T15:41:21.006Z,X1909261,5964,-15.54978,-47.57702,23695.2,4.5,3.8,230.5,-53.0,2.0,32.0,RS41-SGP,403.502,16.5,-875,11,2.8,,
2026-09-19T15:41:22.006Z,X1909261,5965,-15.54979,-47.57704,23699.9,5.0,2.4,241.8,-53.2,2.1,32.0,RS41-SGP,403.502,16.2,-875,11,2.7,,
2026-09-19T15:41:23.006Z,X1909261,5966,-15.54980,-47.57706,23705.0,5.2,1.0,283.4,-53.3,2.1,32.0,RS41-SGP,403.502,16.4,-875,11,2.7,,
2026-09-19T15:41:24.006Z,X1909261,5967,-15.54979,-47.57706,23709.8,4.6,1.4,345.1,-52.9,2.0,31.9,RS41-SGP,403.502,17.6,-875,11,2.8,,
2026-09-19T15:41:25.006Z,X1909261,5968,-15.54978,-47.57707,23714.2,4.2,2.4,353.9,-52.4,1.9,31.9,RS41-SGP,403.502,18.0,-875,11,2.8,,
2026-09-19T15:41:26.006Z,X1909261,5969,-15.54975,-47.57707,23718.5,4.4,3.0,346.3,-52.9,2.0,31.9,RS41-SGP,403.502,18.0,-875,11,2.8,,
2026-09-19T15:41:27.006Z,X1909261,5970,-15.54973,-47.57708,23723.2,4.9,2.6,331.9,-53.2,2.0,31.9,RS41-SGP,403.502,18.0,-875,11,2.8,,
2026-09-19T15:41:28.006Z,X1909261,5971,-15.54971,-47.57709,23728.2,5.1,2.0,300.2,-53.4,2.0,31.9,RS41-SGP,403.502,18.5,-875,11,2.8,,
2026-09-19T15:41:29.006Z,X1909261,5972,-15.54971,-47.57711,23732.9,4.3,2.4,249.5,-53.3,2.0,31.9,RS41-SGP,403.502,18.5,-875,11,2.7,,
2026-09-19T15:41:30.006Z,X1909261,5973,-15.54973,-47.57714,23737.2,4.2,3.7,231.2,-53.3,2.0,31.8,RS41-SGP,403.502,17.4,-875,11,2.7,,
2026-09-19T15:41:31.006Z,X1909261,5974,-15.54975,-47.57717,23741.6,4.6,4.1,233.8,-53.4,2.0,31.8,RS41-SGP,403.502,17.1,-875,11,2.8,,
2026-09-19T15:41:33.006Z,X1909261,5976,-15.54977,-47.57722,23751.2,5.0,2.7,277.9,-53.6,2.0,31.7,RS41-SGP,403.502,12.3,-875,11,2.8,,
2026-09-19T15:41:34.006Z,X1909261,5977,-15.54976,-47.57724,23756.3,5.0,2.0,307.1,-53.4,2.0,31.7,RS41-SGP,403.502,16.2,-875,11,2.8,,
2026-09-19T15:41:35.006Z,X1909261,5978,-15.54975,-47.57725,23760.9,4.2,1.5,342.3,-53.0,1.9,31.7,RS41-SGP,403.502,17.5,-875,11,2.7,,
2026-09-19T15:41:36.006Z,X1909261,5979,-15.54973,-47.57725,23765.0,4.0,1.6,12.8,-53.1,1.9,31.7,RS41-SGP,403.502,17.5,-875,11,2.7,,
2026-09-19T15:41:37.006Z,X1909261,5980,-15.54972,-47.57725,23769.2,4.4,1.8,5.5,-53.3,2.0,31.6,RS41-SGP,403.502,15.7,-875,11,2.8,,
2026-09-19T15:41:38.006Z,X1909261,5981,-15.54970,-47.57725,23773.6,4.6,2.0,336.1,-53.5,2.0,31.6,RS41-SGP,403.502,18.4,-875,11,2.8,,
2026-09-19T15:41:39.006Z,X1909261,5982,-15.54969,-47.57727,23778.4,4.9,2.3,309.3,-53.6,2.1,31.6,RS41-SGP,403.502,18.4,-875,11,2.8,,
2026-09-19T15:41:40.006Z,X1909261,5983,-15.54968,-47.57728,23783.5,5.1,2.0,283.7,-53.1,1.9,31.6,RS41-SGP,403.502,18.1,-875,11,2.8,,
2026-09-19T15:41:41.006Z,X1909261,5984,-15.54968,-47.57730,23788.4,4.7,1.8,240.1,-52.7,1.9,31.6,RS41-SGP,403.502,19.1,-875,11,2.8,,
2026-09-19T15:41:42.006Z,X1909261,5985,-15.54970,-47.57731,23792.7,4.0,2.6,211.5,-52.8,1.9,31.6,RS41-SGP,403.502,19.1,-875,11,2.7,,
2026-09-19T15:41:43.006Z,X1909261,5986,-15.54972,-47.57733,23796.7,3.9,3.6,209.1,-53.1,2.0,31.5,RS41-SGP,403.502,18.2,-875,11,2.7,,
2026-09-19T15:41:44.006Z,X1909261,5987,-15.54975,-47.57735,23800.7,4.1,3.7,221.1,-53.4,2.0,31.5,RS41-SGP,403.502,18.2,-875,11,2.8,,
2026-09-19T15:41:45.006Z,X1909261,5988,-15.54977,-47.57737,23805.0,4.5,3.2,235.4,-53.6,2.0,31.5,RS41-SGP,403.502,17.6,-875,11,2.8,,
2026-09-19T15:41:46.006Z,X1909261,5989,-15.54978,-47.57739,23809.6,4.7,2.2,235.0,-53.6,2.0,31.5,RS41-SGP,403.502,17.1,-875,11,2.8,,
2026-09-19T15:41:47.006Z,X1909261,5990,-15.54979,-47.57740,23814.2,4.4,1.3,195.0,-53.5,2.0,31.5,RS41-SGP,403.502,17.7,-875,11,2.8,,
2026-09-19T15:41:48.006Z,X1909261,5991,-15.54980,-47.57740,23818.4,4.0,1.7,136.2,-52.6,1.9,31.4,RS41-SGP,403.502,19.7,-875,11,2.7,,
2026-09-19T15:41:49.006Z,X1909261,5992,-15.54981,-47.57739,23822.5,4.2,1.8,122.1,-52.1,1.7,31.4,RS41-SGP,403.502,20.2,-875,11,2.7,,
2026-09-19T15:41:50.006Z,X1909261,5993,-15.54982,-47.57738,23826.9,4.6,0.8,128.2,-52.5,1.8,31.4,RS41-SGP,403.502,20.5,-875,11,2.8,,
2026-09-19T15:41:51.006Z,X1909261,5994,-15.54983,-47.57738,23831.6,4.8,1.0,217.2,-52.1,1.7,31.3,RS41-SGP,403.502,20.5,-875,11,2.8,,
2026-09-19T15:41:52.006Z,X1909261,5995,-15.54984,-47.57739,23836.1,4.3,2.6,220.4,-52.0,1.7,31.3,RS41-SGP,403.502,18.9,-875,11,2.8,,
2026-09-19T15:41:53.006Z,X1909261,5996,-15.54986,-47.57741,23840.2,3.8,4.1,218.4,-52.5,1.8,31.3,RS41-SGP,403.502,18.9,-875,11,2.8,,
2026-09-19T15:41:54.006Z,X1909261,5997,-15.54989,-47.57743,23844.3,4.4,4.7,220.2,-52.9,1.9,31.3,RS41-SGP,403.502,18.4,-875,11,2.8,,
2026-09-19T15:41:55.006Z,X1909261,5998,-15.54992,-47.57746,23849.0,5.2,3.9,229.6,-53.3,2.0,31.3,RS41-SGP,403.502,17.6,-875,11,2.7,,
2026-09-19T15:41:56.006Z,X1909261,5999,-15.54994,-47.57749,23854.4,5.5,2.5,241.1,-53.5,2.0,31.2,RS41-SGP,403.502,16.8,-875,11,2.7,,
2026-09-19T15:41:57.006Z,X1909261,6000,-15.54994,-47.57750,23859.4,4.6,0.9,261.3,-53.7,2.1,31.2,RS41-SGP,403.502,17.5,-875,11,2.8,,
2026-09-19T15:41:58.006Z,X1909261,6001,-15.54994,-47.57750,23863.7,4.1,0.6,46.9,-53.7,2.0,31.2,RS41-SGP,403.502,18.8,-875,11,2.8,,
2026-09-19T15:41:59.006Z,X1909261,6002,-15.54994,-47.57750,23867.9,4.4,1.2,71.8,-54.0,2.0,31.2,RS41-SGP,403.502,19.4,-875,11,2.8,,
2026-09-19T15:42:00.006Z,X1909261,6003,-15.54994,-47.57749,23872.5,5.0,0.6,138.0,-54.2,2.0,31.2,RS41-SGP,403.502,19.4,-875,11,2.8,,
2026-09-19T15:42:01.006Z,X1909261,6004,-15.54995,-47.57749,23877.6,5.3,1.8,208.9,-54.2,2.1,31.1,RS41-SGP,403.502,19.1,-875,11,2.7,,
2026-09-19T15:42:02.006Z,X1909261,6005,-15.54996,-47.57750,23882.5,4.6,3.3,219.6,-54.0,2.0,31.1,RS41-SGP,403.502,18.6,-875,11,2.7,,
2026-09-19T15:42:03.006Z,X1909261,6006,-15.54999,-47.57753,23886.8,3.9,4.6,220.6,-52.8,1.7,31.1,RS41-SGP,403.502,18.5,-875,11,2.8,,
2026-09-19T15:42:04.006Z,X1909261,6007,-15.55002,-47.57756,23890.8,4.1,5.1,220.7,-52.1,1.5,31.1,RS41-SGP,403.502,17.6,-875,11,2.8,,
2026-09-19T15:42:05.006Z,X1909261,6008,-15.55006,-47.57759,23894.9,4.2,4.4,218.3,-52.4,1.6,31.0,RS41-SGP,403.502,17.6,-875,11,2.8,,
2026-09-19T15:42:06.006Z,X1909261,6009,-15.55008,-47.57761,23899.2,4.5,3.1,215.3,-52.9,1.6,31.0,RS41-SGP,403.502,18.0,-875,11,2.8,,
2026-09-19T15:42:07.006Z,X1909261,6010,-15.55010,-47.57762,23904.0,5.0,2.1,209.7,-53.4,1.8,31.0,RS41-SGP,403.502,18.0,-875,11,2.8,,
2026-09-19T15:42:08.006Z,X1909261,6011,-15.55012,-47.57763,23908.9,5.0,1.5,202.3,-53.2,1.7,31.0,RS41-SGP,403.502,17.4,-875,11,2.7,,
2026-09-19T15:42:09.006Z,X1909261,6012,-15.55013,-47.57763,23913.4,4.0,0.7,167.5,-53.2,1.7,30.9,RS41-SGP,403.502,17.8,-875,11,2.7,,
2026-09-19T15:42:10.006Z,X1909261,6013,-15.55013,-47.57762,23917.4,4.0,1.0,74.5,-53.3,1.7,30.9,RS41-SGP,403.502,19.3,-875,11,2.8,,
2026-09-19T15:42:11.006Z,X1909261,6014,-15.55013,-47.57761,23921.6,4.5,1.4,66.8,-53.8,1.8,30.9,RS41-SGP,403.502,19.4,-875,11,2.8,,
2026-09-19T15:42:12.006Z,X1909261,6015,-15.55012,-47.57760,23926.5,5.2,0.9,98.0,-54.0,1.8,30.9,RS41-SGP,403.502,19.5,-875,11,2.8,,
2026-09-19T15:42:13.006Z,X1909261,6016,-15.55013,-47.57760,23931.6,5.1,1.7,173.6,-54.1,1.9,30.9,RS41-SGP,403.502,19.7,-875,11,2.8,,
2026-09-19T15:42:14.006Z,X1909261,6017,-15.55015,-47.57760,23936.4,4.4,3.5,195.3,-54.2,1.9,30.8,RS41-SGP,403.502,19.7,-875,11,2.7,,
2026-09-19T15:42:15.006Z,X1909261,6018,-15.55019,-47.57761,23940.6,4.1,4.9,201.5,-54.3,1.9,30.8,RS41-SGP,403.502,19.0,-875,11,2.7,,
2026-09-19T15:42:16.006Z,X1909261,6019,-15.55023,-47.57763,23944.9,4.6,4.8,203.8,-54.4,2.0,30.8,RS41-SGP,403.502,16.8,-875,11,2.8,,
2026-09-19T15:42:17.006Z,X1909261,6020,-15.55026,-47.57765,23949.7,5.0,3.2,202.3,-54.6,2.0,30.8,RS41-SGP,403.502,16.8,-875,11,2.8,,
2026-09-19T15:42:18.006Z,X1909261,6021,-15.55028,-47.57765,23954.8,5.3,1.4,181.4,-54.6,2.0,30.7,RS41-SGP,403.502,17.0,-875,11,2.8,,
2026-09-19T15:42:19.006Z,X1909261,6022,-15.55029,-47.57765,23959.6,4.4,0.8,106.5,-54.6,2.0,30.7,RS41-SGP,403.502,18.5,-875,11,2.8,,
2026-09-19T15:42:20.006Z,X1909261,6023,-15.55029,-47.57764,23963.7,3.9,1.4,68.4,-54.5,2.1,30.7,RS41-SGP,403.502,18.5,-875,11,2.8,,
2026-09-19T15:42:21.006Z,X1909261,6024,-15.55028,-47.57763,23967.8,4.3,1.2,58.2,-54.4,2.1,30.7,RS41-SGP,403.502,18.5,-875,11,2.7,,
2026-09-19T15:42:22.006Z,X1909261,6025,-15.55028,-47.57762,23972.3,4.6,0.6,101.6,-53.6,1.9,30.7,RS41-SGP,403.502,18.5,-875,11,2.7,,
2026-09-19T15:42:23.006Z,X1909261,6026,-15.55029,-47.57761,23977.1,5.0,1.4,165.9,-52.6,1.7,30.6,RS41-SGP,403.502,18.0,-875,11,2.8,,
2026-09-19T15:42:24.006Z,X1909261,6027,-15.55031,-47.57761,23981.8,4.5,2.7,174.9,-52.5,1.7,30.6,RS41-SGP,403.502,18.0,-875,11,2.8,,
2026-09-19T15:42:25.006Z,X1909261,6028,-15.55034,-47.57761,23986.0,4.0,4.1,181.0,-53.0,1.8,30.6,RS41-SGP,403.502,18.0,-875,11,2.8,,
2026-09-19T15:42:26.006Z,X1909261,6029,-15.55038,-47.57761,23990.1,4.2,4.8,187.8,-53.5,1.9,30.6,RS41-SGP,403.502,18.0,-875,11,2.8,,
2026-09-19T15:42:27.006Z,X1909261,6030,-15.55042,-47.57762,23994.5,4.6,4.1,194.8,-54.0,2.0,30.6,RS41-SGP,403.502,16.7,-875,11,2.7,,
2026-09-19T15:42:28.006Z,X1909261,6031,-15.55044,-47.57763,23999.2,4.7,2.3,205.3,-54.2,2.0,30.5,RS41-SGP,403.502,17.2,-875,11,2.7,,
2026-09-19T15:42:29.006Z,X1909261,6032,-15.55045,-47.57764,24004.0,5.0,0.8,236.1,-54.2,2.0,30.5,RS41-SGP,403.502,17.6,-875,11,2.8,,
2026-09-19T15:42:30.006Z,X1909261,6033,-15.55045,-47.57764,24008.8,4.7,0.5,331.7,-54.0,1.9,30.5,RS41-SGP,403.502,17.6,-875,11,2.8,,
2026-09-19T15:42:31.006Z,X1909261,6034,-15.55045,-47.57764,24013.3,4.1,1.2,5.1,-54.0,1.9,30.5,RS41-SGP,403.502,17.6,-875,11,2.8,,
2026-09-19T15:42:32.006Z,X1909261,6035,-15.55043,-47.57764,24017.3,4.0,2.2,9.4,-54.0,2.0,30.4,RS41-SGP,403.502,17.6,-875,11,2.8,,
2026-09-19T15:42:33.006Z,X1909261,6036,-15.55041,-47.57764,24021.4,4.3,2.5,13.4,-54.0,2.0,30.4,RS41-SGP,403.502,18.3,-875,11,2.8,,
2026-09-19T15:42:34.006Z,X1909261,6037,-15.55039,-47.57763,24026.1,5.0,2.0,16.5,-54.1,2.0,30.4,RS41-SGP,403.502,18.4,-875,11,2.7,,
2026-09-19T15:42:35.006Z,X1909261,6038,-15.55038,-47.57763,24031.1,5.1,0.9,49.6,-54.0,2.0,30.4,RS41-SGP,403.502,18.6,-875,11,2.7,,
2026-09-19T15:42:36.006Z,X1909261,6039,-15.55038,-47.57762,24035.8,4.4,1.1,149.8,-53.6,1.9,30.4,RS41-SGP,403.502,18.6,-875,11,2.8,,
2026-09-19T15:42:37.006Z,X1909261,6040,-15.55040,-47.57762,24039.9,3.8,2.2,172.2,-52.7,1.7,30.3,RS41-SGP,403.502,18.5,-875,11,2.8,,
2026-09-19T15:42:38.006Z,X1909261,6041,-15.55042,-47.57762,24043.8,4.0,2.4,186.3,-53.0,1.8,30.3,RS41-SGP,403.502,17.8,-875,11,2.8,,
2026-09-19T15:42:39.006Z,X1909261,6042,-15.55043,-47.57762,24047.9,4.2,1.6,209.7,-53.3,1.8,30.3,RS41-SGP,403.502,17.5,-875,11,2.8,,
2026-09-19T15:42:40.006Z,X1909261,6043,-15.55044,-47.57763,24052.4,4.7,1.1,269.5,-53.2,1.8,30.3,RS41-SGP,403.502,17.8,-875,11,2.7,,
2026-09-19T15:42:41.006Z,X1909261,6044,-15.55044,-47.57764,24056.9,4.5,1.8,308.6,-53.4,1.9,30.3,RS41-SGP,403.502,17.8,-875,11,2.7,,
2026-09-19T15:42:42.006Z,X1909261,6045,-15.55042,-47.57766,24061.0,3.7,2.7,322.8,-53.8,1.9,30.2,RS41-SGP,403.502,17.8,-875,11,2.8,,
2026-09-19T15:42:43.006Z,X1909261,6046,-15.55040,-47.57767,24064.7,3.7,3.8,330.5,-54.1,1.9,30.2,RS41-SGP,403.502,18.7,-875,11,2.8,,
2026-09-19T15:42:44.006Z,X1909261,6047,-15.55037,-47.57769,24068.5,4.0,4.1,333.1,-54.2,2.0,30.2,RS41-SGP,403.502,18.7,-875,11,2.8,,
2026-09-19T15:42:45.006Z,X1909261,6048,-15.55034,-47.57771,24072.7,4.5,3.4,329.9,-54.3,1.9,30.2,RS41-SGP,403.502,18.6,-875,11,2.8,,
2026-09-19T15:42:46.006Z,X1909261,6049,-15.55032,-47.57772,24077.5,5.1,2.3,317.9,-54.4,1.9,30.2,RS41-SGP,403.502,18.8,-875,11,2.8,,
2026-09-19T15:42:47.006Z,X1909261,6050,-15.55030,-47.57774,24082.6,5.2,1.4,298.6,-54.0,1.9,30.1,RS41-SGP,403.502,18.8,-875,11,2.7,,
2026-09-19T15:42:48.006Z,X1909261,6051,-15.55030,-47.57774,24087.3,4.2,0.7,245.7,-53.7,1.8,30.1,RS41-SGP,403.502,18.3,-875,11,2.7,,
2026-09-19T15:42:49.006Z,X1909261,6052,-15.55031,-47.57775,24091.4,4.1,1.0,172.8,-54.0,1.9,30.1,RS41-SGP,403.502,18.4,-875,11,2.8,,
2026-09-19T15:42:50.006Z,X1909261,6053,-15.55032,-47.57774,24095.6,4.2,1.3,155.6,-54.4,1.9,30.1,RS41-SGP,403.502,18.4,-875,11,2.8,,
2026-09-19T15:42:51.006Z,X1909261,6054,-15.55033,-47.57774,24100.1,4.8,0.6,169.0,-54.6,2.0,30.1,RS41-SGP,403.502,18.5,-875,11,2.8,,
2026-09-19T15:42:52.006Z,X1909261,6055,-15.55033,-47.57774,24105.1,5.1,1.0,310.5,-54.8,2.0,30.1,RS41-SGP,403.502,18.5,-875,11,2.8,,
2026-09-19T15:42:53.006Z,X1909261,6056,-15.55031,-47.57776,24109.7,4.1,3.0,322.4,-54.6,1.9,30.0,RS41-SGP,403.502,18.3,-875,11,2.7,,
2026-09-19T15:42:54.006Z,X1909261,6057,-15.55028,-47.57778,24113.7,3.9,4.8,327.8,-54.1,1.8,30.0,RS41-SGP,403.502,18.4,-875,11,2.7,,
2026-09-19T15:42:55.006Z,X1909261,6058,-15.55024,-47.57780,24117.8,4.2,5.3,329.6,-53.4,1.6,30.0,RS41-SGP,403.502,19.0,-875,11,2.8,,
2026-09-19T15:42:56.006Z,X1909261,6059,-15.55021,-47.57782,24122.1,4.5,4.3,325.9,-53.3,1.6,29.9,RS41-SGP,403.502,19.0,-875,11,2.8,,
2026-09-19T15:42:57.006Z,X1909261,6060,-15.55018,-47.57784,24126.9,4.9,2.9,315.7,-53.2,1.6,29.9,RS41-SGP,403.502,18.8,-875,11,2.8,,
2026-09-19T15:42:58.006Z,X1909261,6061,-15.55017,-47.57786,24131.9,5.1,2.1,296.9,-53.5,1.7,29.9,RS41-SGP,403.502,18.3,-875,11,2.8,,
2026-09-19T15:42:59.006Z,X1909261,6062,-15.55016,-47.57788,24136.6,4.3,1.6,274.6,-53.8,1.8,29.9,RS41-SGP,403.502,18.1,-875,11,2.8,,
2026-09-19T15:43:00.006Z,X1909261,6063,-15.55017,-47.57789,24140.7,3.7,1.4,236.1,-54.0,1.8,29.9,RS41-SGP,403.502,18.2,-875,11,2.7,,
2026-09-19T15:43:01.006Z,X1909261,6064,-15.55018,-47.57790,24144.4,3.6,1.5,206.2,-54.2,1.9,29.9,RS41-SGP,403.502,18.5,-875,11,2.7,,
2026-09-19T15:43:02.006Z,X1909261,6065,-15.55019,-47.57791,24148.2,4.0,1.3,219.2,-54.4,1.9,29.9,RS41-SGP,403.502,18.8,-875,11,2.8,,
2026-09-19T15:43:03.006Z,X1909261,6066,-15.55019,-47.57792,24152.3,4.3,1.6,261.7,-54.7,2.0,29.8,RS41-SGP,403.502,18.8,-875,11,2.8,,
2026-09-19T15:43:04.006Z,X1909261,6067,-15.55019,-47.57794,24156.9,4.8,2.6,282.7,-54.9,2.0,29.8,RS41-SGP,403.502,18.7,-875,11,2.8,,
2026-09-19T15:43:05.006Z,X1909261,6068,-15.55018,-47.57797,24161.5,4.5,3.7,290.4,-55.1,2.0,29.8,RS41-SGP,403.502,18.5,-875,11,2.8,,
2026-09-19T15:43:06.006Z,X1909261,6069,-15.55017,-47.57800,24165.7,3.9,4.9,297.2,-55.0,2.0,29.8,RS41-SGP,403.502,18.5,-875,11,2.7,,
2026-09-19T15:43:07.006Z,X1909261,6070,-15.55014,-47.57804,24169.5,3.8,5.9,304.1,-54.7,1.9,29.8,RS41-SGP,403.502,18.3,-875,11,2.7,,
2026-09-19T15:43:08.006Z,X1909261,6071,-15.55011,-47.57809,24173.5,4.2,6.0,305.7,-54.8,1.9,29.7,RS41-SGP,403.502,18.8,-875,11,2.8,,
2026-09-19T15:43:09.006Z,X1909261,6072,-15.55008,-47.57813,24177.8,4.5,5.1,301.2,-54.8,2.0,29.7,RS41-SGP,403.502,18.8,-875,11,2.8,,
2026-09-19T15:43:10.006Z,X1909261,6073,-15.55007,-47.57817,24182.6,5.1,4.3,288.4,-54.6,1.9,29.7,RS41-SGP,403.502,18.3,-875,11,2.8,,
2026-09-19T15:43:11.006Z,X1909261,6074,-15.55006,-47.57821,24187.7,5.0,3.7,270.5,-54.7,1.9,29.6,RS41-SGP,403.502,18.0,-875,11,2.8,,
2026-09-19T15:43:12.006Z,X1909261,6075,-15.55006,-47.57824,24192.2,4.1,3.3,252.7,-54.6,1.9,29.6,RS41-SGP,403.502,17.9,-875,11,2.8,,
2026-09-19T15:43:13.006Z,X1909261,6076,-15.55007,-47.57827,24196.3,4.0,2.7,238.4,-54.6,1.9,29.6,RS41-SGP,403.502,19.2,-875,11,2.7,,
2026-09-19T15:43:14.006Z,X1909261,6077,-15.55008,-47.57829,24200.4,4.1,2.4,244.9,-54.1,1.8,29.6,RS41-SGP,403.502,19.2,-875,11,2.7,,
2026-09-19T15:43:15.006Z,X1909261,6078,-15.55009,-47.57831,24204.6,4.4,3.1,269.0,-53.4,1.7,29.6,RS41-SGP,403.502,20.0,-875,11,2.8,,
2026-09-19T15:43:16.006Z,X1909261,6079,-15.55009,-47.57835,24209.1,4.6,4.7,274.3,-53.0,1.6,29.6,RS41-SGP,403.502,20.0,-875,11,2.8,,
2026-09-19T15:43:17.006Z,X1909261,6080,-15.55009,-47.57840,24213.8,4.6,6.1,273.1,-53.5,1.7,29.6,RS41-SGP,403.502,19.0,-875,11,2.8,,
2026-09-19T15:43:18.006Z,X1909261,6081,-15.55008,-47.57846,24218.1,4.2,7.0,274.3,-53.9,1.8,29.5,RS41-SGP,403.502,18.8,-875,11,2.8,,
2026-09-19T15:43:19.006Z,X1909261,6082,-15.55007,-47.57852,24222.3,4.1,7.0,279.3,-54.2,1.9,29.5,RS41-SGP,403.502,18.2,-875,11,2.7,,
2026-09-19T15:43:20.006Z,X1909261,6083,-15.55006,-47.57858,24226.3,4.0,6.1,286.5,-54.4,1.9,29.5,RS41-SGP,403.502,18.2,-875,11,2.7,,
2026-09-19T15:43:21.006Z,X1909261,6084,-15.55004,-47.57863,24230.6,4.4,5.1,290.5,-54.6,1.9,29.5,RS41-SGP,403.502,18.8,-875,11,2.8,,
2026-09-19T15:43:22.006Z,X1909261,6085,-15.55003,-47.57867,24235.2,4.9,4.2,283.2,-54.6,1.9,29.4,RS41-SGP,403.502,18.8,-875,11,2.8,,
2026-09-19T15:43:23.006Z,X1909261,6086,-15.55003,-47.57871,24240.2,5.0,3.6,264.9,-54.6,1.9,29.4,RS41-SGP,403.502,18.2,-875,11,2.8,,
2026-09-19T15:43:24.006Z,X1909261,6087,-15.55004,-47.57874,24244.7,4.1,2.7,245.1,-54.5,1.9,29.4,RS41-SGP,403.502,18.1,-875,11,2.8,,
2026-09-19T15:43:25.006Z,X1909261,6088,-15.55005,-47.57875,24248.6,3.7,1.7,206.7,-54.6,1.9,29.4,RS41-SGP,403.502,18.9,-875,11,2.8,,
2026-09-19T15:43:26.006Z,X1909261,6089,-15.55006,-47.57876,24252.6,4.2,1.4,173.2,-54.8,1.9,29.3,RS41-SGP,403.502,19.5,-875,11,2.7,,
2026-09-19T15:43:27.006Z,X1909261,6090,-15.55007,-47.57876,24257.1,4.9,1.5,203.6,-54.8,2.0,29.3,RS41-SGP,403.502,20.0,-875,11,2.7,,
2026-09-19T15:43:28.006Z,X1909261,6091,-15.55009,-47.57877,24262.1,5.1,2.8,238.6,-54.8,2.0,29.3,RS41-SGP,403.502,20.0,-875,11,2.8,,
2026-09-19T15:43:29.006Z,X1909261,6092,-15.55010,-47.57880,24266.9,4.5,4.8,249.9,-54.1,1.8,29.3,RS41-SGP,403.502,19.4,-875,11,2.8,,
2026-09-19T15:43:30.006Z,X1909261,6093,-15.55012,-47.57885,24271.1,4.0,6.0,254.0,-54.1,1.8,29.3,RS41-SGP,403.502,18.5,-875,11,2.8,,
2026-09-19T15:43:31.006Z,X1909261,6094,-15.55013,-47.57890,24275.3,4.2,5.9,254.4,-54.4,1.8,29.2,RS41-SGP,403.502,17.4,-875,11,2.8,,
2026-09-19T15:43:32.006Z,X1909261,6095,-15.55014,-47.57895,24279.5,4.3,4.4,247.3,-54.6,1.9,29.2,RS41-SGP,403.502,17.9,-875,11,2.7,,
2026-09-19T15:43:33.006Z,X1909261,6096,-15.55016,-47.57898,24284.0,4.6,3.4,228.0,-53.7,1.7,29.2,RS41-SGP,403.502,18.6,-875,11,2.7,,
2026-09-19T15:43:34.006Z,X1909261,6097,-15.55019,-47.57900,24288.6,4.7,3.4,210.3,-53.5,1.7,29.2,RS41-SGP,403.502,18.6,-875,11,2.8,,
2026-09-19T15:43:35.006Z,X1909261,6098,-15.55021,-47.57901,24293.1,4.2,3.7,201.5,-54.1,1.8,29.2,RS41-SGP,403.502,18.1,-875,11,2.8,,
2026-09-19T15:43:36.006Z,X1909261,6099,-15.55024,-47.57902,24297.1,3.9,3.5,193.7,-54.4,1.9,29.2,RS41-SGP,403.502,18.6,-875,11,2.8,,
2026-09-19T15:43:37.006Z,X1909261,6100,-15.55027,-47.57903,24301.0,3.8,2.9,189.4,-54.6,1.9,29.1,RS41-SGP,403.502,19.1,-875,11,2.8,,
2026-09-19T15:43:38.006Z,X1909261,6101,-15.55030,-47.57904,24305.0,4.2,2.6,200.2,-54.7,1.9,29.1,RS41-SGP,403.502,19.1,-875,11,2.8,,
2026-09-19T15:43:39.006Z,X1909261,6102,-15.55032,-47.57905,24309.5,4.7,3.3,221.4,-54.7,1.9,29.1,RS41-SGP,403.502,19.4,-875,11,2.7,,
2026-09-19T15:43:40.006Z,X1909261,6103,-15.55034,-47.57908,24314.3,4.9,4.7,233.7,-54.4,1.9,29.1,RS41-SGP,403.502,19.4,-875,11,2.7,,
2026-09-19T15:43:41.006Z,X1909261,6104,-15.55037,-47.57912,24319.1,4.7,5.6,244.8,-54.6,1.9,29.0,RS41-SGP,403.502,18.7,-875,11,2.8,,
2026-09-19T15:43:42.006Z,X1909261,6105,-15.55038,-47.57917,24323.4,3.9,6.0,259.4,-54.0,1.7,29.0,RS41-SGP,403.502,17.8,-875,11,2.8,,
2026-09-19T15:43:43.006Z,X1909261,6106,-15.55038,-47.57923,24327.3,3.8,6.0,275.1,-53.8,1.7,29.0,RS41-SGP,403.502,18.0,-875,11,2.8,,
2026-09-19T15:43:44.006Z,X1909261,6107,-15.55038,-47.57928,24331.3,4.3,5.6,280.2,-54.0,1.7,29.0,RS41-SGP,403.502,18.7,-875,11,2.8,,
2026-09-19T15:43:45.006Z,X1909261,6108,-15.55037,-47.57933,24335.8,4.7,5.1,267.8,-53.8,1.7,29.0,RS41-SGP,403.502,18.8,-875,11,2.7,,
2026-09-19T15:43:46.006Z,X1909261,6109,-15.55038,-47.57938,24340.4,4.6,5.5,247.3,-53.0,1.5,29.0,RS41-SGP,403.502,18.8,-875,11,2.7,,
2026-09-19T15:43:47.006Z,X1909261,6110,-15.55041,-47.57942,24344.9,4.3,6.2,233.9,-53.5,1.6,28.9,RS41-SGP,403.502,18.1,-875,11,2.8,,
2026-09-19T15:43:48.006Z,X1909261,6111,-15.55044,-47.57947,24349.1,4.2,6.2,226.1,-54.0,1.7,28.9,RS41-SGP,403.502,17.3,-875,11,2.8,,
2026-09-19T15:43:49.006Z,X1909261,6112,-15.55048,-47.57950,24353.3,4.2,5.3,220.9,-54.4,1.8,28.9,RS41-SGP,403.502,17.8,-875,11,2.8,,
2026-09-19T15:43:50.006Z,X1909261,6113,-15.55052,-47.57953,24357.5,4.1,4.0,216.7,-54.0,1.8,28.9,RS41-SGP,403.502,18.1,-875,11,2.8,,
2026-09-19T15:43:51.006Z,X1909261,6114,-15.55054,-47.57955,24361.7,4.3,3.2,218.0,-54.3,1.9,28.8,RS41-SGP,403.502,18.4,-875,11,2.8,,
2026-09-19T15:43:52.006Z,X1909261,6115,-15.55056,-47.57957,24366.2,4.7,3.1,230.2,-54.4,1.9,28.8,RS41-SGP,403.502,18.4,-875,11,2.7,,
2026-09-19T15:43:53.006Z,X1909261,6116,-15.55058,-47.57960,24370.8,4.6,3.4,245.9,-54.6,2.0,28.8,RS41-SGP,403.502,17.6,-875,11,2.7,,
2026-09-19T15:43:54.006Z,X1909261,6117,-15.55058,-47.57963,24375.1,4.0,3.7,271.0,-54.6,1.9,28.8,RS41-SGP,403.502,17.3,-875,11,2.8,,
2026-09-19T15:43:55.006Z,X1909261,6118,-15.55057,-47.57966,24378.8,3.4,4.1,295.6,-53.7,1.7,28.8,RS41-SGP,403.502,18.3,-875,11,2.8,,
2026-09-19T15:43:56.006Z,X1909261,6119,-15.55055,-47.57970,24382.5,4.0,4.5,305.8,-53.6,1.7,28.8,RS41-SGP,403.502,19.1,-875,11,2.8,,
2026-09-19T15:43:57.006Z,X1909261,6120,-15.55053,-47.57973,24386.8,4.7,4.3,292.9,-53.9,1.8,28.7,RS41-SGP,403.502,19.1,-875,11,2.8,,
2026-09-19T15:43:58.006Z,X1909261,6121,-15.55053,-47.57977,24391.6,4.9,4.5,267.7,-53.8,1.8,28.7,RS41-SGP,403.502,19.1,-875,11,2.7,,
2026-09-19T15:43:59.006Z,X1909261,6122,-15.55054,-47.57982,24396.5,4.8,5.3,253.9,-53.6,1.8,28.7,RS41-SGP,403.502,18.7,-875,11,2.7,,
2026-09-19T15:44:00.006Z,X1909261,6123,-15.55055,-47.57987,24401.1,4.3,6.2,253.6,-53.6,1.8,28.6,RS41-SGP,403.502,18.5,-875,11,2.8,,
2026-09-19T15:44:01.006Z,X1909261,6124,-15.55057,-47.57993,24404.9,3.2,7.1,254.4,-53.2,1.7,28.7,RS41-SGP,403.502,18.4,-875,11,2.8,,
2026-09-19T15:44:02.006Z,X1909261,6125,-15.55058,-47.57999,24408.1,3.3,7.6,254.0,-52.6,1.6,28.6,RS41-SGP,403.502,17.3,-875,11,2.8,,
2026-09-19T15:44:03.006Z,X1909261,6126,-15.55060,-47.58006,24411.8,4.0,7.2,253.1,-52.2,1.6,28.6,RS41-SGP,403.502,17.5,-875,11,2.8,,
2026-09-19T15:44:04.006Z,X1909261,6127,-15.55062,-47.58012,24416.2,4.8,6.2,255.4,-52.8,1.7,28.6,RS41-SGP,403.502,18.4,-875,11,2.8,,
2026-09-19T15:44:05.006Z,X1909261,6128,-15.55063,-47.58017,24421.3,5.3,5.9,264.1,-53.4,1.8,28.6,RS41-SGP,403.502,18.4,-875,11,2.7,,
2026-09-19T15:44:06.006Z,X1909261,6129,-15.55063,-47.58023,24426.3,4.7,6.4,274.5,-53.5,1.8,28.6,RS41-SGP,403.502,17.8,-875,11,2.7,,
2026-09-19T15:44:07.006Z,X1909261,6130,-15.55062,-47.58029,24430.7,4.1,6.9,283.0,-53.8,1.8,28.6,RS41-SGP,403.502,17.3,-875,11,2.8,,
2026-09-19T15:44:08.006Z,X1909261,6131,-15.55061,-47.58035,24434.7,3.9,6.6,286.3,-54.0,1.9,28.5,RS41-SGP,403.502,17.7,-875,11,2.8,,
2026-09-19T15:44:09.006Z,X1909261,6132,-15.55059,-47.58040,24438.8,4.4,5.4,282.9,-54.0,1.9,28.5,RS41-SGP,403.502,18.6,-875,11,2.8,,
2026-09-19T15:44:10.006Z,X1909261,6133,-15.55059,-47.58045,24443.5,5.1,4.6,269.6,-53.7,1.8,28.5,RS41-SGP,403.502,18.9,-875,11,2.8,,
2026-09-19T15:44:11.006Z,X1909261,6134,-15.55059,-47.58049,24448.6,5.1,5.0,255.5,-52.9,1.7,28.4,RS41-SGP,403.502,18.9,-875,11,2.7,,
2026-09-19T15:44:12.006Z,X1909261,6135,-15.55061,-47.58054,24453.2,4.0,6.2,245.0,-52.7,1.7,28.4,RS41-SGP,403.502,18.8,-875,11,2.7,,
2026-09-19T15:44:13.006Z,X1909261,6136,-15.55064,-47.58060,24457.2,4.1,7.4,237.2,-53.0,1.8,28.4,RS41-SGP,403.502,17.4,-875,11,2.8,,
2026-09-19T15:44:14.006Z,X1909261,6137,-15.55068,-47.58065,24461.6,4.7,7.4,232.6,-53.4,1.8,28.4,RS41-SGP,403.502,16.7,-875,11,2.8,,
2026-09-19T15:44:15.006Z,X1909261,6138,-15.55071,-47.58071,24466.4,5.1,6.2,234.4,-53.5,1.9,28.4,RS41-SGP,403.502,17.3,-875,11,2.8,,
2026-09-19T15:44:16.006Z,X1909261,6139,-15.55074,-47.58075,24471.5,4.9,5.2,248.2,-53.8,1.9,28.4,RS41-SGP,403.502,17.6,-875,11,2.8,,
2026-09-19T15:44:17.006Z,X1909261,6140,-15.55075,-47.58080,24475.9,3.9,5.4,267.6,-53.9,1.9,28.3,RS41-SGP,403.502,18.0,-875,11,2.8,,
2026-09-19T15:44:18.006Z,X1909261,6141,-15.55075,-47.58085,24479.8,3.9,6.5,277.1,-54.0,1.9,28.3,RS41-SGP,403.502,18.0,-875,11,2.7,,
2026-09-19T15:44:19.006Z,X1909261,6142,-15.55074,-47.58092,24484.0,4.5,7.2,272.7,-53.9,1.9,28.3,RS41-SGP,403.502,17.3,-875,11,2.7,,
2026-09-19T15:44:20.006Z,X1909261,6143,-15.55075,-47.58098,24488.8,5.0,7.3,260.6,-53.8,1.9,28.3,RS41-SGP,403.502,17.1,-875,11,2.8,,
2026-09-19T15:44:21.006Z,X1909261,6144,-15.55076,-47.58105,24493.7,4.8,7.4,247.3,-53.7,1.9,28.2,RS41-SGP,403.502,17.6,-875,11,2.8,,
2026-09-19T15:44:22.006Z,X1909261,6145,-15.55080,-47.58111,24498.1,3.9,7.9,237.3,-53.6,1.9,28.2,RS41-SGP,403.502,17.6,-875,11,2.8,,
2026-09-19T15:44:23.006Z,X1909261,6146,-15.55084,-47.58117,24502.0,3.9,8.4,232.0,-53.6,1.9,28.2,RS41-SGP,403.502,17.4,-875,11,2.8,,
2026-09-19T15:44:24.006Z,X1909261,6147,-15.55088,-47.58124,24506.2,4.5,8.6,233.8,-53.6,1.9,28.2,RS41-SGP,403.502,16.9,-875,11,2.7,,
2026-09-19T15:44:25.006Z,X1909261,6148,-15.55093,-47.58130,24510.9,4.9,8.4,240.1,-53.7,1.9,28.2,RS41-SGP,403.502,16.9,-875,11,2.7,,
2026-09-19T15:44:26.006Z,X1909261,6149,-15.55096,-47.58137,24515.9,5.0,8.0,248.3,-53.6,1.8,28.2,RS41-SGP,403.502,16.4,-875,11,2.8,,
2026-09-19T15:44:27.006Z,X1909261,6150,-15.55098,-47.58144,24520.7,4.5,7.4,257.2,-53.1,1.7,28.1,RS41-SGP,403.502,16.1,-875,11,2.8,,
2026-09-19T15:44:28.006Z,X1909261,6151,-15.55099,-47.58150,24525.0,4.1,6.6,265.1,-52.6,1.6,28.1,RS41-SGP,403.502,16.6,-875,11,2.8,,
2026-09-19T15:44:29.006Z,X1909261,6152,-15.55099,-47.58156,24529.1,4.2,5.8,267.5,-52.6,1.6,28.1,RS41-SGP,403.502,17.4,-875,11,2.8,,
2026-09-19T15:44:30.006Z,X1909261,6153,-15.55100,-47.58161,24533.6,4.8,5.4,258.0,-52.7,1.6,28.1,RS41-SGP,403.502,17.4,-875,11,2.8,,
2026-09-19T15:44:31.006Z,X1909261,6154,-15.55102,-47.58166,24538.7,5.3,6.0,243.9,-52.7,1.6,28.1,RS41-SGP,403.502,17.2,-875,11,2.7,,
2026-09-19T15:44:32.006Z,X1909261,6155,-15.55105,-47.58171,24543.6,4.7,7.1,232.1,-52.8,1.6,28.1,RS41-SGP,403.502,17.1,-875,11,2.7,,
2026-09-19T15:44:33.006Z,X1909261,6156,-15.55109,-47.58177,24548.0,4.0,8.3,224.1,-52.7,1.7,28.0,RS41-SGP,403.502,16.7,-875,11,2.8,,
2026-09-19T15:44:34.006Z,X1909261,6157,-15.55115,-47.58182,24552.3,4.5,8.7,219.0,-52.7,1.7,28.0,RS41-SGP,403.502,16.0,-875,11,2.8,,
2026-09-19T15:44:35.006Z,X1909261,6158,-15.55121,-47.58187,24557.0,5.0,7.7,218.5,-52.8,1.7,28.0,RS41-SGP,403.502,16.0,-875,11,2.8,,
2026-09-19T15:44:36.006Z,X1909261,6159,-15.55126,-47.58191,24562.0,5.1,6.4,223.8,-52.8,1.6,28.0,RS41-SGP,403.502,16.2,-875,11,2.8,,
2026-09-19T15:44:37.006Z,X1909261,6160,-15.55129,-47.58195,24567.0,4.8,5.4,234.5,-52.7,1.6,27.9,RS41-SGP,403.502,16.2,-875,11,2.7,,
2026-09-19T15:44:39.006Z,X1909261,6162,-15.55133,-47.58203,24575.6,4.0,4.9,250.6,-52.5,1.6,27.9,RS41-SGP,403.502,8.5,-875,11,2.8,,
2026-09-19T15:44:40.006Z,X1909261,6163,-15.55135,-47.58208,24579.7,4.3,5.0,247.7,-52.1,1.5,27.9,RS41-SGP,403.502,15.9,-875,11,2.8,,
2026-09-19T15:44:41.006Z,X1909261,6164,-15.55137,-47.58212,24584.1,4.6,5.6,238.4,-51.7,1.5,27.9,RS41-SGP,403.502,16.1,-875,11,2.8,,
2026-09-19T15:44:42.006Z,X1909261,6165,-15.55140,-47.58217,24589.0,5.1,6.2,231.7,-52.0,1.5,27.9,RS41-SGP,403.502,16.6,-875,11,2.8,,
2026-09-19T15:44:43.006Z,X1909261,6166,-15.55144,-47.58221,24594.0,4.9,6.9,225.4,-52.2,1.5,27.8,RS41-SGP,403.502,16.6,-875,11,2.8,,
2026-09-19T15:44:44.006Z,X1909261,6167,-15.55149,-47.58226,24598.5,4.1,7.9,220.6,-52.2,1.6,27.8,RS41-SGP,403.502,16.3,-875,11,2.7,,
2026-09-19T15:44:45.006Z,X1909261,6168,-15.55155,-47.58231,24602.5,3.8,9.2,215.2,-52.3,1.6,27.8,RS41-SGP,403.502,16.3,-875,11,2.7,,
2026-09-19T15:44:46.006Z,X1909261,6169,-15.55162,-47.58236,24606.4,4.0,9.8,212.3,-52.4,1.6,27.8,RS41-SGP,403.502,15.2,-875,11,2.8,,
2026-09-19T15:44:47.006Z,X1909261,6170,-15.55169,-47.58240,24610.8,4.8,9.3,213.3,-52.4,1.6,27.7,RS41-SGP,403.502,15.0,-875,11,2.8,,
2026-09-19T15:44:48.006Z,X1909261,6171,-15.55175,-47.58245,24615.8,5.2,8.0,218.5,-52.5,1.7,27.7,RS41-SGP,403.502,15.1,-875,11,2.8,,
2026-09-19T15:44:49.006Z,X1909261,6172,-15.55180,-47.58250,24620.9,5.0,6.8,224.9,-52.6,1.7,27.7,RS41-SGP,403.502,15.1,-875,11,2.8,,
2026-09-19T15:44:50.006Z,X1909261,6173,-15.55184,-47.58254,24625.4,4.0,5.7,231.2,-52.4,1.6,27.7,RS41-SGP,403.502,15.4,-875,11,2.7,,
2026-09-19T15:44:51.006Z,X1909261,6174,-15.55187,-47.58258,24629.5,4.2,4.7,233.8,-52.3,1.6,27.7,RS41-SGP,403.502,15.7,-875,11,2.7,,
2026-09-19T15:44:52.006Z,X1909261,6175,-15.55190,-47.58261,24634.0,4.7,4.6,226.2,-52.4,1.7,27.7,RS41-SGP,403.502,16.7,-875,11,2.8,,
2026-09-19T15:44:53.006Z,X1909261,6176,-15.55193,-47.58264,24638.9,5.1,5.6,218.8,-52.4,1.7,27.6,RS41-SGP,403.502,16.7,-875,11,2.8,,
2026-09-19T15:44:54.006Z,X1909261,6177,-15.55198,-47.58268,24644.0,5.2,7.2,215.6,-52.0,1.6,27.6,RS41-SGP,403.502,16.3,-875,11,2.8,,
2026-09-19T15:44:55.006Z,X1909261,6178,-15.55204,-47.58272,24648.7,4.2,8.9,213.9,-51.9,1.6,27.6,RS41-SGP,403.502,16.3,-875,11,2.8,,
2026-09-19T15:44:56.006Z,X1909261,6179,-15.55211,-47.58277,24653.0,4.3,10.0,211.9,-51.9,1.6,27.6,RS41-SGP,403.502,15.2,-875,11,2.8,,
2026-09-19T15:44:57.006Z,X1909261,6180,-15.55218,-47.58282,24657.5,4.6,9.7,209.7,-51.5,1.6,27.5,RS41-SGP,403.502,14.4,-875,11,2.7,,
2026-09-19T15:44:58.006Z,X1909261,6181,-15.55226,-47.58286,24662.4,5.2,8.3,207.3,-51.4,1.6,27.5,RS41-SGP,403.502,15.6,-875,11,2.7,,
2026-09-19T15:44:59.006Z,X1909261,6182,-15.55232,-47.58289,24667.7,5.4,6.9,207.4,-51.7,1.7,27.5,RS41-SGP,403.502,15.9,-875,11,2.8,,
2026-09-19T15:45:00.006Z,X1909261,6183,-15.55237,-47.58292,24672.8,4.8,6.0,210.3,-51.6,1.7,27.5,RS41-SGP,403.502,15.9,-875,11,2.8,,
2026-09-19T15:45:01.006Z,X1909261,6184,-15.55241,-47.58295,24677.2,4.0,5.5,214.4,-51.2,1.6,27.5,RS41-SGP,403.502,15.9,-875,11,2.8,,
2026-09-19T15:45:02.006Z,X1909261,6185,-15.55245,-47.58298,24681.1,3.9,5.4,215.0,-50.7,1.5,27.5,RS41-SGP,403.502,15.7,-875,11,2.8,,
2026-09-19T15:45:03.006Z,X1909261,6186,-15.55249,-47.58300,24685.2,4.3,5.8,210.7,-50.4,1.5,27.5,RS41-SGP,403.502,16.0,-875,11,2.7,,
2026-09-19T15:45:04.006Z,X1909261,6187,-15.55254,-47.58303,24689.9,5.1,6.7,206.3,-50.2,1.4,27.4,RS41-SGP,403.502,16.3,-875,11,2.7,,
2026-09-19T15:45:05.006Z,X1909261,6188,-15.55260,-47.58306,24695.1,5.3,7.8,206.6,-50.3,1.5,27.4,RS41-SGP,403.502,16.6,-875,11,2.8,,
2026-09-19T15:45:06.006Z,X1909261,6189,-15.55267,-47.58310,24700.0,4.5,9.2,208.7,-50.7,1.5,27.4,RS41-SGP,403.502,16.6,-875,10,2.8,,
2026-09-19T15:45:07.006Z,X1909261,6190,-15.55275,-47.58314,24704.4,4.2,10.2,211.1,-51.2,1.6,27.4,RS41-SGP,403.502,15.8,-875,10,2.8,,
2026-09-19T15:45:08.006Z,X1909261,6191,-15.55282,-47.58319,24708.7,4.5,10.5,214.0,-51.5,1.6,27.3,RS41-SGP,403.502,15.1,-875,10,2.8,,
2026-09-19T15:45:09.006Z,X1909261,6192,-15.55290,-47.58325,24713.3,4.6,9.6,218.1,-51.8,1.7,27.3,RS41-SGP,403.502,15.3,-875,10,2.8,,
2026-09-19T15:45:10.006Z,X1909261,6193,-15.55296,-47.58330,24717.9,4.7,8.5,225.5,-52.0,1.7,27.3,RS41-SGP,403.502,15.5,-875,10,2.7,,
2026-09-19T15:45:11.006Z,X1909261,6194,-15.55300,-47.58336,24722.5,4.5,7.7,234.1,-51.3,1.5,27.3,RS41-SGP,403.502,15.5,-875,10,2.7,,
2026-09-19T15:45:12.006Z,X1909261,6195,-15.55304,-47.58342,24727.0,4.5,7.3,241.9,-50.4,1.4,27.3,RS41-SGP,403.502,14.7,-875,10,2.8,,
2026-09-19T15:45:13.006Z,X1909261,6196,-15.55307,-47.58348,24731.5,4.6,6.9,242.2,-50.0,1.3,27.2,RS41-SGP,403.502,15.5,-875,10,2.8,,
2026-09-19T15:45:14.006Z,X1909261,6197,-15.55310,-47.58353,24736.2,4.9,6.7,238.5,-50.0,1.3,27.2,RS41-SGP,403.502,15.5,-875,10,2.8,,
2026-09-19T15:45:15.006Z,X1909261,6198,-15.55313,-47.58359,24741.0,4.9,6.9,235.2,-50.2,1.3,27.2,RS41-SGP,403.502,16.3,-875,10,2.8,,
2026-09-19T15:45:16.006Z,X1909261,6199,-15.55317,-47.58364,24746.0,5.0,7.5,235.8,-50.1,1.4,27.2,RS41-SGP,403.502,16.8,-875,10,2.7,,
2026-09-19T15:45:17.006Z,X1909261,6200,-15.55321,-47.58370,24750.9,4.7,8.7,237.1,-49.6,1.3,27.2,RS41-SGP,403.502,16.8,-875,10,2.7,,
2026-09-19T15:45:18.006Z,X1909261,6201,-15.55326,-47.58378,24755.2,4.0,10.0,236.4,-50.0,1.3,27.1,RS41-SGP,403.502,16.2,-875,10,2.8,,
2026-09-19T15:45:19.006Z,X1909261,6202,-15.55331,-47.58386,24759.2,4.1,11.0,234.8,-50.7,1.5,27.1,RS41-SGP,403.502,14.9,-875,10,2.8,,
2026-09-19T15:45:20.006Z,X1909261,6203,-15.55337,-47.58394,24763.5,4.6,10.9,233.4,-51.1,1.5,27.1,RS41-SGP,403.502,14.6,-875,10,2.8,,
2026-09-19T15:45:21.006Z,X1909261,6204,-15.55342,-47.58402,24768.3,5.1,9.8,234.5,-51.2,1.6,27.1,RS41-SGP,403.502,14.9,-875,10,2.8,,
2026-09-19T15:45:22.006Z,X1909261,6205,-15.55347,-47.58409,24773.5,5.3,8.8,238.2,-51.2,1.6,27.0,RS41-SGP,403.502,15.5,-875,10,2.8,,
2026-09-19T15:45:23.006Z,X1909261,6206,-15.55351,-47.58416,24778.7,5.1,8.3,241.1,-50.7,1.5,27.1,RS41-SGP,403.502,15.5,-875,10,2.7,,
2026-09-19T15:45:24.006Z,X1909261,6207,-15.55354,-47.58422,24783.5,4.5,8.0,242.6,-49.9,1.4,27.0,RS41-SGP,403.502,14.7,-875,10,2.7,,
2026-09-19T15:45:25.006Z,X1909261,6208,-15.55358,-47.58429,24787.7,3.8,7.6,242.6,-49.6,1.4,27.0,RS41-SGP,403.502,15.3,-875,10,2.8,,
2026-09-19T15:45:26.006Z,X1909261,6209,-15.55361,-47.58435,24791.5,3.8,7.1,241.8,-49.9,1.4,27.0,RS41-SGP,403.502,16.1,-875,10,2.8,,
2026-09-19T15:45:27.006Z,X1909261,6210,-15.55364,-47.58441,24795.6,4.3,7.4,242.5,-50.1,1.5,27.0,RS41-SGP,403.502,16.3,-875,10,2.8,,
2026-09-19T15:45:28.006Z,X1909261,6211,-15.55367,-47.58447,24800.3,5.0,8.2,242.9,-49.8,1.4,27.0,RS41-SGP,403.502,16.3,-875,10,2.8,,
2026-09-19T15:45:29.006Z,X1909261,6212,-15.55371,-47.58454,24805.6,5.6,9.2,242.0,-49.4,1.4,26.9,RS41-SGP,403.502,15.7,-875,10,2.7,,
2026-09-19T15:45:30.006Z,X1909261,6213,-15.55375,-47.58462,24811.1,5.3,10.3,237.4,-49.3,1.4,26.9,RS41-SGP,403.502,15.7,-875,10,2.7,,
2026-09-19T15:45:31.006Z,X1909261,6214,-15.55381,-47.58470,24815.9,4.5,11.6,231.2,-49.7,1.5,26.9,RS41-SGP,403.502,15.4,-875,10,2.8,,
2026-09-19T15:45:32.006Z,X1909261,6215,-15.55388,-47.58479,24820.4,4.5,12.6,226.4,-50.0,1.5,26.9,RS41-SGP,403.502,15.0,-875,10,2.8,,
2026-09-19T15:45:33.006Z,X1909261,6216,-15.55396,-47.58487,24825.1,4.9,12.7,224.5,-50.3,1.6,26.9,RS41-SGP,403.502,13.8,-875,10,2.8,,
2026-09-19T15:45:34.006Z,X1909261,6217,-15.55404,-47.58495,24830.3,5.4,11.5,225.6,-50.4,1.6,26.8,RS41-SGP,403.502,13.2,-875,10,2.8,,
2026-09-19T15:45:35.006Z,X1909261,6218,-15.55410,-47.58502,24835.6,5.1,9.7,228.3,-50.4,1.6,26.8,RS41-SGP,403.502,13.8,-875,10,2.8,,
2026-09-19T15:45:36.006Z,X1909261,6219,-15.55415,-47.58509,24840.3,4.3,7.8,231.6,-49.8,1.5,26.8,RS41-SGP,403.502,15.2,-875,10,2.7,,
2026-09-19T15:45:37.006Z,X1909261,6220,-15.55419,-47.58514,24844.5,4.1,6.6,233.4,-49.6,1.5,26.8,RS41-SGP,403.502,16.3,-875,10,2.7,,
2026-09-19T15:45:38.006Z,X1909261,6221,-15.55423,-47.58519,24849.0,4.8,6.8,231.5,-50.0,1.6,26.8,RS41-SGP,403.502,16.9,-875,10,2.8,,
2026-09-19T15:45:39.006Z,X1909261,6222,-15.55427,-47.58524,24854.1,5.3,8.1,226.1,-50.0,1.6,26.8,RS41-SGP,403.502,16.9,-875,11,2.8,,
2026-09-19T15:45:40.006Z,X1909261,6223,-15.55433,-47.58530,24859.3,5.2,9.5,222.4,-49.2,1.5,26.7,RS41-SGP,403.502,15.9,-875,11,2.8,,
2026-09-19T15:45:41.006Z,X1909261,6224,-15.55440,-47.58536,24864.1,4.4,10.5,220.0,-49.2,1.4,26.7,RS41-SGP,403.502,15.8,-875,11,2.8,,
2026-09-19T15:45:42.006Z,X1909261,6225,-15.55447,-47.58542,24868.4,4.2,11.2,218.5,-49.5,1.5,26.7,RS41-SGP,403.502,15.3,-875,11,2.7,,
2026-09-19T15:45:43.006Z,X1909261,6226,-15.55455,-47.58548,24872.6,4.3,11.2,217.9,-49.8,1.6,26.7,RS41-SGP,403.502,15.3,-875,11,2.7,,
2026-09-19T15:45:44.006Z,X1909261,6227,-15.55463,-47.58555,24877.0,4.6,10.8,218.9,-50.0,1.6,26.6,RS41-SGP,403.502,15.3,-875,11,2.8,,
2026-09-19T15:45:45.006Z,X1909261,6228,-15.55470,-47.58561,24881.8,5.0,10.0,219.8,-50.1,1.6,26.6,RS41-SGP,403.502,14.9,-875,11,2.8,,
2026-09-19T15:45:46.006Z,X1909261,6229,-15.55477,-47.58567,24886.8,5.1,9.1,219.6,-49.7,1.6,26.6,RS41-SGP,403.502,14.4,-875,11,2.8,,
2026-09-19T15:45:47.006Z,X1909261,6230,-15.55483,-47.58572,24891.7,4.6,8.0,217.9,-49.2,1.5,26.6,RS41-SGP,403.502,14.5,-875,11,2.8,,
2026-09-19T15:45:48.006Z,X1909261,6231,-15.55488,-47.58576,24895.9,3.8,6.6,216.4,-49.4,1.5,26.6,RS41-SGP,403.502,16.3,-875,11,2.8,,
2026-09-19T15:45:49.006Z,X1909261,6232,-15.55492,-47.58579,24899.8,4.1,5.5,216.5,-49.9,1.6,26.6,RS41-SGP,403.502,16.3,-875,11,2.7,,
2026-09-19T15:45:50.006Z,X1909261,6233,-15.55497,-47.58582,24904.4,5.0,5.9,218.3,-50.2,1.6,26.5,RS41-SGP,403.502,16.5,-875,11,2.7,,
2026-09-19T15:45:51.006Z,X1909261,6234,-15.55501,-47.58586,24909.7,5.6,7.2,219.0,-50.3,1.6,26.5,RS41-SGP,403.502,16.7,-875,11,2.8,,
2026-09-19T15:45:52.006Z,X1909261,6235,-15.55507,-47.58591,24915.1,5.3,8.7,217.5,-50.2,1.6,26.5,RS41-SGP,403.502,16.8,-875,11,2.8,,
2026-09-19T15:45:53.006Z,X1909261,6236,-15.55513,-47.58596,24920.0,4.5,9.9,216.3,-49.9,1.5,26.5,RS41-SGP,403.502,16.8,-875,11,2.8,,
2026-09-19T15:45:54.006Z,X1909261,6237,-15.55521,-47.58602,24924.4,4.3,10.6,216.9,-49.8,1.5,26.4,RS41-SGP,403.502,16.2,-875,11,2.8,,
2026-09-19T15:45:57.006Z,X1909261,6240,-15.55542,-47.58618,24938.9,5.4,8.6,217.3,-48.0,1.2,26.4,RS41-SGP,403.502,16.0,-875,11,2.8,,
2026-09-19T15:45:58.006Z,X1909261,6241,-15.55548,-47.58623,24944.1,4.9,7.3,216.8,-48.2,1.2,26.4,RS41-SGP,403.502,16.0,-875,11,2.8,,
2026-09-19T15:45:59.006Z,X1909261,6242,-15.55552,-47.58627,24948.7,4.5,6.0,219.8,-48.5,1.3,26.3,RS41-SGP,403.502,16.9,-875,11,2.8,,
2026-09-19T15:46:00.006Z,X1909261,6243,-15.55556,-47.58630,24953.2,4.5,5.3,226.2,-49.0,1.4,26.3,RS41-SGP,403.502,17.0,-875,11,2.8,,
2026-09-19T15:46:01.006Z,X1909261,6244,-15.55559,-47.58634,24958.0,5.0,5.7,228.3,-49.5,1.4,26.3,RS41-SGP,403.502,17.6,-875,11,2.8,,
2026-09-19T15:46:02.006Z,X1909261,6245,-15.55563,-47.58638,24963.3,5.5,6.9,225.0,-49.7,1.4,26.3,RS41-SGP,403.502,17.6,-875,11,2.7,,
2026-09-19T15:46:03.006Z,X1909261,6246,-15.55568,-47.58643,24968.8,5.5,8.1,221.1,-49.9,1.5,26.3,RS41-SGP,403.502,16.5,-875,11,2.7,,
2026-09-19T15:46:04.006Z,X1909261,6247,-15.55574,-47.58648,24973.9,4.9,9.2,220.1,-49.6,1.4,26.3,RS41-SGP,403.502,16.7,-875,11,2.8,,
2026-09-19T15:46:05.006Z,X1909261,6248,-15.55581,-47.58654,24978.5,4.4,10.0,222.9,-49.5,1.4,26.2,RS41-SGP,403.502,16.7,-875,11,2.8,,
2026-09-19T15:46:06.006Z,X1909261,6249,-15.55587,-47.58661,24982.8,4.2,10.3,227.5,-49.7,1.4,26.2,RS41-SGP,403.502,16.1,-875,11,2.8,,
2026-09-19T15:46:07.006Z,X1909261,6250,-15.55593,-47.58668,24987.3,4.7,10.1,232.2,-49.7,1.4,26.2,RS41-SGP,403.502,15.3,-875,11,2.8,,
2026-09-19T15:46:08.006Z,X1909261,6251,-15.55598,-47.58675,24992.4,5.5,9.2,234.8,-49.5,1.4,26.1,RS41-SGP,403.502,14.2,-875,11,2.7,,
2026-09-19T15:46:09.006Z,X1909261,6252,-15.55603,-47.58682,24997.9,5.5,8.0,237.1,-48.7,1.3,26.2,RS41-SGP,403.502,15.2,-875,11,2.7,,
2026-09-19T15:46:10.006Z,X1909261,6253,-15.55606,-47.58688,25003.0,4.8,6.8,243.3,-48.2,1.2,26.1,RS41-SGP,403.502,15.2,-875,11,2.8,,
2026-09-19T15:46:11.006Z,X1909261,6254,-15.55608,-47.58694,25007.8,4.7,6.0,253.6,-48.4,1.2,26.1,RS41-SGP,403.502,15.2,-875,11,2.8,,
2026-09-19T15:46:12.006Z,X1909261,6255,-15.55609,-47.58699,25012.6,5.0,6.5,258.0,-48.7,1.3,26.1,RS41-SGP,403.502,15.0,-875,11,2.8,,
2026-09-19T15:46:13.006Z,X1909261,6256,-15.55611,-47.58706,25017.7,5.3,7.6,253.4,-48.8,1.3,26.1,RS41-SGP,403.502,15.0,-875,11,2.8,,
2026-09-19T15:46:14.006Z,X1909261,6257,-15.55614,-47.58713,25023.0,5.3,8.8,244.8,-48.0,1.2,26.1,RS41-SGP,403.502,15.0,-875,11,2.8,,
2026-09-19T15:46:15.006Z,X1909261,6258,-15.55618,-47.58720,25028.0,4.7,9.8,236.0,-48.0,1.2,26.0,RS41-SGP,403.502,15.0,-875,11,2.7,,
2026-09-19T15:46:16.006Z,X1909261,6259,-15.55623,-47.58728,25032.4,4.2,10.4,230.4,-48.5,1.2,26.0,RS41-SGP,403.502,13.7,-875,11,2.7,,
2026-09-19T15:46:17.006Z,X1909261,6260,-15.55629,-47.58735,25036.8,4.5,10.6,229.8,-48.8,1.3,26.0,RS41-SGP,403.502,13.7,-875,11,2.8,,
2026-09-19T15:46:18.006Z,X1909261,6261,-15.55635,-47.58743,25041.5,4.8,10.1,233.7,-49.1,1.4,26.0,RS41-SGP,403.502,13.7,-875,11,2.8,,
2026-09-19T15:46:19.006Z,X1909261,6262,-15.55640,-47.58750,25046.5,5.3,9.6,240.9,-49.4,1.4,25.9,RS41-SGP,403.502,12.9,-875,11,2.8,,
2026-09-19T15:46:20.006Z,X1909261,6263,-15.55643,-47.58758,25051.8,5.3,9.1,248.5,-49.2,1.3,25.9,RS41-SGP,403.502,12.6,-875,11,2.8,,
2026-09-19T15:46:21.006Z,X1909261,6264,-15.55646,-47.58766,25056.6,4.3,8.6,255.3,-49.0,1.3,25.9,RS41-SGP,403.502,12.6,-875,11,2.7,,
2026-09-19T15:46:22.006Z,X1909261,6265,-15.55647,-47.58773,25060.9,4.2,8.1,262.0,-48.7,1.3,25.9,RS41-SGP,403.502,13.7,-875,11,2.7,,
2026-09-19T15:46:23.006Z,X1909261,6266,-15.55648,-47.58781,25065.4,4.8,8.3,262.4,-48.8,1.4,25.9,RS41-SGP,403.502,14.3,-875,11,2.8,,
2026-09-19T15:46:24.006Z,X1909261,6267,-15.55650,-47.58789,25070.4,5.2,8.9,258.4,-48.8,1.4,25.9,RS41-SGP,403.502,14.3,-875,11,2.8,,
2026-09-19T15:46:25.006Z,X1909261,6268,-15.55652,-47.58797,25075.8,5.6,9.9,252.0,-48.8,1.4,25.9,RS41-SGP,403.502,13.6,-875,11,2.8,,
2026-09-19T15:46:26.006Z,X1909261,6269,-15.55655,-47.58806,25081.0,4.7,10.8,245.6,-48.6,1.4,25.9,RS41-SGP,403.502,13.2,-875,11,2.8,,
2026-09-19T15:46:27.006Z,X1909261,6270,-15.55660,-47.58815,25085.5,4.4,11.4,241.5,-48.2,1.3,25.8,RS41-SGP,403.502,12.4,-875,11,2.8,,
2026-09-19T15:46:28.006Z,X1909261,6271,-15.55665,-47.58825,25090.0,4.5,11.5,241.1,-48.4,1.4,25.8,RS41-SGP,403.502,12.3,-875,11,2.7,,
2026-09-19T15:46:29.006Z,X1909261,6272,-15.55669,-47.58834,25094.7,4.7,10.9,245.4,-48.6,1.4,25.8,RS41-SGP,403.502,12.8,-875,11,2.7,,
2026-09-19T15:46:30.006Z,X1909261,6273,-15.55673,-47.58843,25099.4,4.8,10.3,251.3,-48.7,1.4,25.8,RS41-SGP,403.502,12.8,-875,11,2.8,,
2026-09-19T15:46:31.006Z,X1909261,6274,-15.55675,-47.58852,25104.4,5.1,9.9,255.7,-48.5,1.4,25.8,RS41-SGP,403.502,12.6,-875,11,2.8,,
2026-09-19T15:46:32.006Z,X1909261,6275,-15.55677,-47.58861,25109.4,4.8,9.4,258.8,-48.2,1.4,25.7,RS41-SGP,403.502,12.1,-875,11,2.8,,
2026-09-19T15:46:33.006Z,X1909261,6276,-15.55679,-47.58869,25114.0,4.3,8.8,264.0,-48.3,1.4,25.7,RS41-SGP,403.502,11.8,-875,11,2.8,,
2026-09-19T15:46:34.006Z,X1909261,6277,-15.55679,-47.58877,25118.2,4.1,8.0,270.1,-48.4,1.4,25.7,RS41-SGP,403.502,12.6,-875,11,2.7,,
2026-09-19T15:46:35.006Z,X1909261,6278,-15.55679,-47.58884,25122.6,4.6,7.6,271.8,-48.6,1.4,25.6,RS41-SGP,403.502,13.6,-875,11,2.7,,
2026-09-19T15:46:36.006Z,X1909261,6279,-15.55679,-47.58891,25127.5,5.3,7.6,266.3,-48.7,1.5,25.6,RS41-SGP,403.502,14.6,-875,11,2.8,,
2026-09-19T15:46:37.006Z,X1909261,6280,-15.55680,-47.58899,25132.9,5.6,8.5,255.8,-48.2,1.4,25.6,RS41-SGP,403.502,14.6,-875,11,2.8,,
2026-09-19T15:46:38.006Z,X1909261,6281,-15.55683,-47.58907,25138.1,4.8,9.7,248.7,-47.9,1.3,25.6,RS41-SGP,403.502,13.5,-875,11,2.8,,
2026-09-19T15:46:39.006Z,X1909261,6282,-15.55686,-47.58915,25142.7,4.3,11.1,244.3,-47.9,1.3,25.6,RS41-SGP,403.502,12.8,-875,11,2.8,,
2026-09-19T15:46:40.006Z,X1909261,6283,-15.55691,-47.58925,25147.2,4.8,11.5,243.9,-48.2,1.4,25.6,RS41-SGP,403.502,11.6,-875,11,2.8,,
2026-09-19T15:46:41.006Z,X1909261,6284,-15.55695,-47.58934,25152.2,5.2,10.6,247.4,-48.2,1.4,25.5,RS41-SGP,403.502,11.6,-875,11,2.7,,
2026-09-19T15:46:42.006Z,X1909261,6285,-15.55698,-47.58943,25157.5,5.5,9.4,253.6,-48.3,1.5,25.5,RS41-SGP,403.502,11.6,-875,11,2.7,,
2026-09-19T15:46:43.006Z,X1909261,6286,-15.55700,-47.58951,25162.7,4.8,8.5,260.7,-48.4,1.4,25.5,RS41-SGP,403.502,11.6,-875,11,2.8,,
2026-09-19T15:46:44.006Z,X1909261,6287,-15.55701,-47.58959,25167.4,4.4,8.0,267.0,-48.2,1.4,25.5,RS41-SGP,403.502,11.8,-875,11,2.8,,
2026-09-19T15:46:45.006Z,X1909261,6288,-15.55701,-47.58966,25171.7,4.4,8.0,271.5,-48.2,1.4,25.5,RS41-SGP,403.502,11.8,-875,11,2.8,,
2026-09-19T15:46:46.006Z,X1909261,6289,-15.55701,-47.58974,25176.4,4.8,8.2,268.9,-48.3,1.5,25.4,RS41-SGP,403.502,12.0,-875,11,2.8,,
2026-09-19T15:46:47.006Z,X1909261,6290,-15.55701,-47.58981,25181.5,5.3,8.6,261.9,-47.6,1.3,25.4,RS41-SGP,403.502,12.6,-875,11,2.7,,
2026-09-19T15:46:48.006Z,X1909261,6291,-15.55703,-47.58989,25186.8,5.4,9.3,254.9,-47.3,1.3,25.4,RS41-SGP,403.502,12.6,-875,11,2.7,,
2026-09-19T15:46:49.006Z,X1909261,6292,-15.55706,-47.58998,25191.9,4.8,9.8,249.3,-47.4,1.3,25.4,RS41-SGP,403.502,11.7,-875,11,2.8,,
2026-09-19T15:46:50.006Z,X1909261,6293,-15.55709,-47.59006,25196.3,4.1,10.5,243.7,-47.5,1.3,25.4,RS41-SGP,403.502,11.7,-875,11,2.8,,
2026-09-19T15:46:51.006Z,X1909261,6294,-15.55714,-47.59015,25200.6,4.3,10.9,240.1,-47.3,1.3,25.3,RS41-SGP,403.502,11.6,-875,11,2.8,,
2026-09-19T15:46:52.006Z,X1909261,6295,-15.55718,-47.59024,25205.1,4.7,10.5,241.4,-47.3,1.3,25.3,RS41-SGP,403.502,12.1,-875,11,2.8,,
2026-09-19T15:46:53.006Z,X1909261,6296,-15.55722,-47.59032,25210.1,5.3,9.8,246.3,-47.7,1.4,25.3,RS41-SGP,403.502,12.1,-875,11,2.8,,
2026-09-19T15:46:54.006Z,X1909261,6297,-15.55725,-47.59041,25215.5,5.6,9.3,253.5,-48.2,1.4,25.3,RS41-SGP,403.502,12.2,-875,11,2.7,,
2026-09-19T15:46:55.006Z,X1909261,6298,-15.55727,-47.59049,25220.7,4.8,8.8,260.9,-48.3,1.4,25.2,RS41-SGP,403.502,12.2,-875,11,2.7,,
2026-09-19T15:46:56.006Z,X1909261,6299,-15.55728,-47.59057,25225.4,4.5,8.4,268.9,-47.8,1.3,25.3,RS41-SGP,403.502,12.3,-875,11,2.8,,
2026-09-19T15:46:57.006Z,X1909261,6300,-15.55728,-47.59064,25230.0,4.7,7.8,272.2,-47.6,1.3,25.2,RS41-SGP,403.502,12.4,-875,11,2.8,,
2026-09-19T15:46:58.006Z,X1909261,6301,-15.55728,-47.59071,25234.9,5.2,7.3,266.8,-47.9,1.3,25.2,RS41-SGP,403.502,13.0,-875,11,2.8,,
2026-09-19T15:46:59.006Z,X1909261,6302,-15.55729,-47.59078,25240.2,5.4,7.5,254.5,-48.2,1.4,25.2,RS41-SGP,403.502,13.2,-875,11,2.8,,
2026-09-19T15:47:00.006Z,X1909261,6303,-15.55732,-47.59085,25245.2,4.7,8.6,244.2,-48.5,1.4,25.2,RS41-SGP,403.502,13.2,-875,11,2.7,,
2026-09-19T15:47:01.006Z,X1909261,6304,-15.55736,-47.59092,25249.7,4.2,9.9,238.2,-48.6,1.4,25.2,RS41-SGP,403.502,13.3,-875,11,2.7,,
2026-09-19T15:47:02.006Z,X1909261,6305,-15.55741,-47.59100,25254.0,4.4,10.6,237.0,-49.0,1.5,25.1,RS41-SGP,403.502,13.3,-875,11,2.8,,
2026-09-19T15:47:03.006Z,X1909261,6306,-15.55745,-47.59109,25258.8,5.1,10.1,240.7,-49.2,1.5,25.1,RS41-SGP,403.502,13.4,-875,11,2.8,,
2026-09-19T15:47:04.006Z,X1909261,6307,-15.55749,-47.59117,25264.1,5.5,9.0,248.1,-49.4,1.5,25.1,RS41-SGP,403.502,13.5,-875,11,2.8,,
2026-09-19T15:47:05.006Z,X1909261,6308,-15.55751,-47.59124,25269.3,5.1,8.5,257.6,-49.3,1.5,25.1,RS41-SGP,403.502,13.5,-875,11,2.8,,
2026-09-19T15:47:06.006Z,X1909261,6309,-15.55752,-47.59132,25274.0,4.2,8.4,266.9,-48.9,1.4,25.1,RS41-SGP,403.502,12.6,-875,11,2.8,,
2026-09-19T15:47:07.006Z,X1909261,6310,-15.55753,-47.59140,25278.2,4.3,8.4,272.0,-49.0,1.4,25.1,RS41-SGP,403.502,12.1,-875,11,2.7,,
2026-09-19T15:47:08.006Z,X1909261,6311,-15.55752,-47.59148,25282.6,4.5,8.3,269.5,-49.0,1.4,25.1,RS41-SGP,403.502,11.7,-875,11,2.7,,
2026-09-19T15:47:09.006Z,X1909261,6312,-15.55753,-47.59155,25287.4,5.0,8.0,262.1,-48.8,1.4,25.0,RS41-SGP,403.502,12.2,-875,11,2.8,,
2026-09-19T15:47:10.006Z,X1909261,6313,-15.55754,-47.59162,25292.5,5.4,7.9,253.3,-48.4,1.3,25.0,RS41-SGP,403.502,12.4,-875,11,2.8,,
2026-09-19T15:47:11.006Z,X1909261,6314,-15.55757,-47.59169,25297.7,5.0,8.0,246.2,-48.7,1.4,25.0,RS41-SGP,403.502,12.9,-875,11,2.8,,
2026-09-19T15:47:12.006Z,X1909261,6315,-15.55760,-47.59176,25302.2,4.0,8.4,239.3,-48.7,1.4,25.0,RS41-SGP,403.502,12.9,-875,11,2.8,,
2026-09-19T15:47:13.006Z,X1909261,6316,-15.55765,-47.59183,25306.3,4.1,8.9,234.1,-48.9,1.4,25.0,RS41-SGP,403.502,13.0,-875,11,2.7,,
2026-09-19T15:47:14.006Z,X1909261,6317,-15.55769,-47.59189,25310.6,4.5,8.8,234.2,-49.3,1.5,24.9,RS41-SGP,403.502,13.0,-875,11,2.7,,
2026-09-19T15:47:15.006Z,X1909261,6318,-15.55774,-47.59196,25315.5,5.2,8.1,238.2,-49.5,1.5,24.9,RS41-SGP,403.502,13.8,-875,11,2.8,,
2026-09-19T15:47:16.006Z,X1909261,6319,-15.55777,-47.59202,25320.9,5.6,7.5,247.1,-49.5,1.5,24.9,RS41-SGP,403.502,13.8,-875,11,2.8,,
2026-09-19T15:47:17.006Z,X1909261,6320,-15.55779,-47.59209,25326.0,4.8,7.5,257.9,-49.7,1.5,24.9,RS41-SGP,403.502,13.9,-875,11,2.8,,
2026-09-19T15:47:18.006Z,X1909261,6321,-15.55780,-47.59216,25330.7,4.4,8.1,268.8,-49.7,1.5,24.9,RS41-SGP,403.502,13.9,-875,11,2.8,,
2026-09-19T15:47:19.006Z,X1909261,6322,-15.55779,-47.59224,25335.1,4.4,8.5,273.9,-49.1,1.4,24.9,RS41-SGP,403.502,12.6,-875,11,2.8,,
2026-09-19T15:47:20.006Z,X1909261,6323,-15.55779,-47.59232,25339.7,4.7,8.2,271.7,-48.3,1.3,24.8,RS41-SGP,403.502,12.5,-875,11,2.7,,
2026-09-19T15:47:21.006Z,X1909261,6324,-15.55779,-47.59239,25344.4,4.8,7.6,264.1,-47.5,1.2,24.8,RS41-SGP,403.502,12.7,-875,11,2.7,,
2026-09-19T15:47:22.006Z,X1909261,6325,-15.55780,-47.59246,25349.3,5.0,7.4,256.3,-47.3,1.1,24.8,RS41-SGP,403.502,12.7,-875,11,2.8,,
2026-09-19T15:47:23.006Z,X1909261,6326,-15.55782,-47.59253,25354.4,5.3,7.7,252.4,-47.9,1.2,24.8,RS41-SGP,403.502,12.3,-875,11,2.8,,
2026-09-19T15:47:24.006Z,X1909261,6327,-15.55785,-47.59259,25359.5,4.9,8.1,248.3,-48.4,1.3,24.7,RS41-SGP,403.502,11.6,-875,11,2.8,,
2026-09-19T15:47:25.006Z,X1909261,6328,-15.55788,-47.59266,25363.8,3.8,8.5,241.7,-48.7,1.3,24.7,RS41-SGP,403.502,11.3,-875,11,2.8,,
2026-09-19T15:47:26.006Z,X1909261,6329,-15.55792,-47.59273,25367.4,3.5,8.8,233.1,-48.4,1.3,24.7,RS41-SGP,403.502,11.8,-875,11,2.7,,
2026-09-19T15:47:27.006Z,X1909261,6330,-15.55797,-47.59279,25371.2,4.2,8.5,229.2,-48.0,1.2,24.7,RS41-SGP,403.502,13.1,-875,11,2.7,,
2026-09-19T15:47:28.006Z,X1909261,6331,-15.55801,-47.59285,25375.6,4.7,7.6,235.6,-47.8,1.2,24.7,RS41-SGP,403.502,13.4,-875,11,2.8,,
2026-09-19T15:47:29.006Z,X1909261,6332,-15.55804,-47.59291,25380.5,5.1,7.2,246.0,-48.6,1.3,24.7,RS41-SGP,403.502,13.7,-875,11,2.8,,
2026-09-19T15:47:30.006Z,X1909261,6333,-15.55807,-47.59298,25385.8,5.5,7.5,253.8,-49.0,1.3,24.7,RS41-SGP,403.502,14.1,-875,11,2.8,,
2026-09-19T15:47:31.006Z,X1909261,6334,-15.55808,-47.59305,25390.8,4.5,8.0,259.4,-49.2,1.4,24.6,RS41-SGP,403.502,14.1,-875,11,2.8,,
2026-09-19T15:47:32.006Z,X1909261,6335,-15.55809,-47.59312,25395.2,4.4,8.6,267.2,-48.9,1.3,24.6,RS41-SGP,403.502,12.3,-875,11,2.8,,
2026-09-19T15:47:33.006Z,X1909261,6336,-15.55809,-47.59320,25399.6,4.4,8.5,273.2,-49.3,1.4,24.6,RS41-SGP,403.502,11.0,-875,11,2.7,,
2026-09-19T15:47:34.006Z,X1909261,6337,-15.55809,-47.59328,25404.2,4.8,7.8,273.8,-49.3,1.4,24.6,RS41-SGP,403.502,11.0,-875,11,2.7,,
2026-09-19T15:47:35.006Z,X1909261,6338,-15.55809,-47.59335,25409.3,5.3,7.0,267.7,-48.6,1.3,24.6,RS41-SGP,403.502,10.0,-875,11,2.8,,
2026-09-19T15:47:36.006Z,X1909261,6339,-15.55810,-47.59341,25414.6,5.3,6.7,254.4,-47.9,1.2,24.6,RS41-SGP,403.502,11.0,-875,11,2.8,,
2026-09-19T15:47:37.006Z,X1909261,6340,-15.55812,-47.59347,25419.4,4.4,6.9,239.7,-48.1,1.3,24.5,RS41-SGP,403.502,11.0,-875,11,2.8,,
2026-09-19T15:47:38.006Z,X1909261,6341,-15.55815,-47.59352,25423.9,4.4,7.1,230.9,-48.7,1.4,24.5,RS41-SGP,403.502,11.5,-875,11,2.8,,
2026-09-19T15:47:39.006Z,X1909261,6342,-15.55819,-47.59357,25428.5,4.9,6.8,230.0,-49.1,1.4,24.5,RS41-SGP,403.502,12.3,-875,11,2.7,,
2026-09-19T15:47:40.006Z,X1909261,6343,-15.55823,-47.59362,25433.5,5.2,6.3,239.6,-49.4,1.5,24.4,RS41-SGP,403.502,12.4,-875,11,2.7,,
2026-09-19T15:47:41.006Z,X1909261,6344,-15.55825,-47.59367,25438.8,5.3,6.4,254.9,-49.6,1.5,24.4,RS41-SGP,403.502,12.4,-875,11,2.8,,
2026-09-19T15:47:42.006Z,X1909261,6345,-15.55826,-47.59374,25443.7,4.5,7.2,266.3,-49.5,1.4,24.5,RS41-SGP,403.502,11.8,-875,11,2.8,,
2026-09-19T15:47:43.006Z,X1909261,6346,-15.55826,-47.59381,25448.0,4.0,8.1,272.7,-49.6,1.4,24.4,RS41-SGP,403.502,11.0,-875,11,2.8,,
2026-09-19T15:47:44.006Z,X1909261,6347,-15.55826,-47.59388,25452.3,4.5,8.3,273.5,-49.8,1.5,24.4,RS41-SGP,403.502,9.0,-875,11,2.8,,
2026-09-19T15:47:45.006Z,X1909261,6348,-15.55826,-47.59396,25457.1,5.0,7.7,268.6,-49.8,1.5,24.4,RS41-SGP,403.502,9.8,-875,11,2.8,,
2026-09-19T15:47:46.006Z,X1909261,6349,-15.55826,-47.59402,25462.1,5.2,6.8,260.5,-49.3,1.4,24.4,RS41-SGP,403.502,10.1,-875,11,2.7,,
2026-09-19T15:47:47.006Z,X1909261,6350,-15.55827,-47.59408,25467.2,4.9,6.4,254.5,-49.0,1.4,24.3,RS41-SGP,403.502,10.1,-875,11,2.7,,
2026-09-19T15:47:48.006Z,X1909261,6351,-15.55829,-47.59414,25471.6,4.1,5.9,248.7,-49.2,1.4,24.3,RS41-SGP,403.502,10.9,-875,11,2.8,,
2026-09-19T15:47:49.006Z,X1909261,6352,-15.55831,-47.59419,25475.6,3.9,5.5,241.7,-49.2,1.4,24.3,RS41-SGP,403.502,12.4,-875,11,2.8,,
2026-09-19T15:47:50.006Z,X1909261,6353,-15.55834,-47.59423,25479.7,4.5,5.7,242.6,-49.2,1.4,24.3,RS41-SGP,403.502,12.4,-875,11,2.8,,
2026-09-19T15:47:51.006Z,X1909261,6354,-15.55836,-47.59428,25484.4,4.8,6.7,248.9,-48.7,1.3,24.3,RS41-SGP,403.502,12.3,-875,11,2.8,,
2026-09-19T15:47:52.006Z,X1909261,6355,-15.55838,-47.59435,25489.3,5.1,7.9,257.2,-48.9,1.4,24.3,RS41-SGP,403.502,11.4,-875,11,2.7,,
2026-09-19T15:47:53.006Z,X1909261,6356,-15.55839,-47.59442,25494.3,4.8,8.7,265.2,-49.0,1.3,24.3,RS41-SGP,403.502,10.9,-875,11,2.7,,
2026-09-19T15:47:54.006Z,X1909261,6357,-15.55839,-47.59451,25498.8,4.2,9.3,273.4,-48.6,1.3,24.2,RS41-SGP,403.502,9.2,-875,11,2.8,,
2026-09-19T15:47:55.006Z,X1909261,6358,-15.55838,-47.59459,25502.8,4.0,9.7,279.5,-48.1,1.2,24.2,RS41-SGP,403.502,8.9,-875,11,2.8,,
2026-09-19T15:47:56.006Z,X1909261,6359,-15.55836,-47.59468,25506.9,4.1,9.8,280.8,-48.2,1.2,24.2,RS41-SGP,403.502,8.2,-875,11,2.8,,
2026-09-19T15:47:57.006Z,X1909261,6360,-15.55835,-47.59477,25511.3,4.7,9.5,277.2,-48.2,1.2,24.2,RS41-SGP,403.502,8.2,-875,11,2.8,,
2026-09-19T15:47:58.006Z,X1909261,6361,-15.55834,-47.59486,25516.2,5.1,9.3,271.9,-47.7,1.1,24.2,RS41-SGP,403.502,7.9,-875,11,2.8,,
2026-09-19T15:48:00.006Z,X1909261,6363,-15.55835,-47.59502,25526.2,4.4,7.7,261.7,-47.5,1.1,24.1,RS41-SGP,403.502,9.2,-875,11,2.7,,
2026-09-19T15:48:01.006Z,X1909261,6364,-15.55836,-47.59508,25530.4,4.1,6.9,255.1,-48.1,1.2,24.1,RS41-SGP,403.502,11.1,-875,11,2.8,,
2026-09-19T15:48:02.006Z,X1909261,6365,-15.55838,-47.59515,25534.6,4.5,6.9,253.5,-48.7,1.3,24.1,RS41-SGP,403.502,12.4,-875,11,2.8,,
2026-09-19T15:48:03.006Z,X1909261,6366,-15.55840,-47.59521,25539.4,5.0,7.6,259.4,-49.2,1.3,24.1,RS41-SGP,403.502,12.6,-875,11,2.8,,
2026-09-19T15:48:04.006Z,X1909261,6367,-15.55840,-47.59529,25544.4,5.1,8.6,269.7,-49.4,1.4,24.1,RS41-SGP,403.502,13.3,-875,11,2.8,,
2026-09-19T15:48:05.006Z,X1909261,6368,-15.55840,-47.59537,25549.1,4.3,9.7,279.5,-49.4,1.4,24.1,RS41-SGP,403.502,13.3,-875,11,2.7,,
2026-09-19T15:48:06.006Z,X1909261,6369,-15.55838,-47.59546,25553.1,3.9,10.6,286.4,-49.5,1.4,24.0,RS41-SGP,403.502,11.6,-875,11,2.7,,
2026-09-19T15:48:07.006Z,X1909261,6370,-15.55835,-47.59556,25557.3,4.4,10.8,286.8,-49.5,1.4,24.0,RS41-SGP,403.502,11.0,-875,11,2.8,,
2026-09-19T15:48:08.006Z,X1909261,6371,-15.55832,-47.59565,25561.9,4.8,10.3,281.4,-49.4,1.4,24.0,RS41-SGP,403.502,11.5,-875,11,2.8,,
2026-09-19T15:48:09.006Z,X1909261,6372,-15.55831,-47.59574,25566.8,5.1,9.6,274.4,-49.3,1.4,24.0,RS41-SGP,403.502,11.5,-875,11,2.8,,
2026-09-19T15:48:10.006Z,X1909261,6373,-15.55831,-47.59583,25571.8,4.9,9.2,269.6,-49.3,1.4,24.0,RS41-SGP,403.502,10.7,-875,11,2.8,,
2026-09-19T15:48:11.006Z,X1909261,6374,-15.55831,-47.59591,25576.3,4.1,8.8,264.8,-49.2,1.4,23.9,RS41-SGP,403.502,11.5,-875,11,2.8,,
2026-09-19T15:48:12.006Z,X1909261,6375,-15.55832,-47.59599,25580.3,3.9,8.5,259.3,-49.3,1.4,23.9,RS41-SGP,403.502,11.8,-875,11,2.7,,
2026-09-19T15:48:13.006Z,X1909261,6376,-15.55834,-47.59607,25584.4,4.2,8.8,256.2,-49.4,1.4,23.9,RS41-SGP,403.502,11.8,-875,11,2.7,,
2026-09-19T15:48:14.006Z,X1909261,6377,-15.55836,-47.59615,25588.8,4.8,8.9,259.4,-49.4,1.4,23.9,RS41-SGP,403.502,11.6,-875,11,2.8,,
2026-09-19T15:48:15.006Z,X1909261,6378,-15.55837,-47.59624,25593.8,5.1,9.0,266.9,-49.5,1.4,23.9,RS41-SGP,403.502,13.0,-875,11,2.8,,
2026-09-19T15:48:16.006Z,X1909261,6379,-15.55836,-47.59632,25598.8,4.7,9.1,277.5,-49.5,1.4,23.9,RS41-SGP,403.502,13.0,-875,11,2.8,,
2026-09-19T15:48:17.006Z,X1909261,6380,-15.55835,-47.59641,25603.2,4.2,9.9,285.8,-49.5,1.4,23.8,RS41-SGP,403.502,12.7,-875,11,2.8,,
2026-09-19T15:48:18.006Z,X1909261,6381,-15.55832,-47.59650,25607.4,4.4,10.6,288.8,-49.5,1.4,23.9,RS41-SGP,403.502,12.2,-875,11,2.7,,
2026-09-19T15:48:19.006Z,X1909261,6382,-15.55829,-47.59659,25611.9,4.6,10.5,285.7,-49.5,1.3,23.8,RS41-SGP,403.502,12.2,-875,11,2.7,,
2026-09-19T15:48:20.006Z,X1909261,6383,-15.55827,-47.59668,25616.5,4.7,10.1,280.4,-49.5,1.4,23.8,RS41-SGP,403.502,12.7,-875,11,2.8,,
2026-09-19T15:48:21.006Z,X1909261,6384,-15.55826,-47.59677,25621.3,4.8,9.3,276.7,-49.4,1.4,23.8,RS41-SGP,403.502,12.7,-875,11,2.8,,
2026-09-19T15:48:22.006Z,X1909261,6385,-15.55825,-47.59686,25626.0,4.7,8.7,275.0,-49.5,1.4,23.8,RS41-SGP,403.502,12.4,-875,11,2.8,,
2026-09-19T15:48:23.006Z,X1909261,6386,-15.55824,-47.59693,25630.3,3.9,8.1,271.6,-49.3,1.3,23.7,RS41-SGP,403.502,13.9,-875,11,2.8,,
2026-09-19T15:48:24.006Z,X1909261,6387,-15.55824,-47.59701,25634.0,3.6,7.9,265.5,-49.3,1.3,23.7,RS41-SGP,403.502,14.2,-875,11,2.8,,
2026-09-19T15:48:25.006Z,X1909261,6388,-15.55825,-47.59708,25637.8,3.9,8.1,261.8,-49.5,1.4,23.7,RS41-SGP,403.502,14.6,-875,11,2.7,,
2026-09-19T15:48:26.006Z,X1909261,6389,-15.55826,-47.59716,25642.0,4.4,8.6,263.7,-49.7,1.4,23.7,RS41-SGP,403.502,14.6,-875,11,2.7,,
2026-09-19T15:48:27.006Z,X1909261,6390,-15.55827,-47.59724,25646.6,4.8,9.0,270.2,-49.8,1.4,23.7,RS41-SGP,403.502,14.4,-875,11,2.8,,
2026-09-19T15:48:28.006Z,X1909261,6391,-15.55826,-47.59733,25651.5,5.0,9.5,275.8,-49.7,1.3,23.7,RS41-SGP,403.502,15.3,-875,11,2.8,,
2026-09-19T15:48:29.006Z,X1909261,6392,-15.55825,-47.59742,25656.2,4.6,10.2,280.1,-49.5,1.3,23.6,RS41-SGP,403.502,15.3,-875,11,2.8,,
2026-09-19T15:48:30.006Z,X1909261,6393,-15.55823,-47.59752,25660.6,4.2,11.5,282.4,-49.5,1.3,23.6,RS41-SGP,403.502,15.1,-875,11,2.8,,
2026-09-19T15:48:31.006Z,X1909261,6394,-15.55821,-47.59762,25664.6,4.0,12.4,283.4,-49.6,1.3,23.6,RS41-SGP,403.502,14.4,-875,11,2.7,,
2026-09-19T15:48:32.006Z,X1909261,6395,-15.55818,-47.59774,25668.9,4.6,12.3,282.6,-49.6,1.4,23.6,RS41-SGP,403.502,13.9,-875,11,2.7,,
2026-09-19T15:48:33.006Z,X1909261,6396,-15.55816,-47.59784,25673.7,5.1,11.1,280.5,-49.3,1.4,23.6,RS41-SGP,403.502,13.9,-875,11,2.8,,
2026-09-19T15:48:34.006Z,X1909261,6397,-15.55814,-47.59794,25678.8,5.3,9.7,277.4,-48.8,1.3,23.6,RS41-SGP,403.502,14.0,-875,11,2.8,,
2026-09-19T15:48:35.006Z,X1909261,6398,-15.55814,-47.59802,25683.7,4.4,8.7,273.4,-49.0,1.3,23.6,RS41-SGP,403.502,15.0,-875,11,2.8,,
2026-09-19T15:48:36.006Z,X1909261,6399,-15.55814,-47.59810,25687.9,4.1,8.1,268.2,-49.2,1.4,23.6,RS41-SGP,403.502,15.2,-875,11,2.8,,
2026-09-19T15:48:37.006Z,X1909261,6400,-15.55814,-47.59817,25692.1,4.2,8.1,265.6,-49.5,1.4,23.5,RS41-SGP,403.502,15.2,-875,11,2.8,,
2026-09-19T15:48:38.006Z,X1909261,6401,-15.55814,-47.59825,25696.5,4.7,8.8,267.4,-49.7,1.4,23.5,RS41-SGP,403.502,15.1,-875,11,2.7,,
2026-09-19T15:48:39.006Z,X1909261,6402,-15.55814,-47.59834,25701.4,5.1,9.8,271.5,-49.8,1.4,23.5,RS41-SGP,403.502,15.1,-875,11,2.7,,
2026-09-19T15:48:40.006Z,X1909261,6403,-15.55814,-47.59843,25706.5,5.1,10.9,275.7,-49.6,1.4,23.5,RS41-SGP,403.502,14.9,-875,11,2.8,,
2026-09-19T15:48:41.006Z,X1909261,6404,-15.55813,-47.59854,25711.2,4.3,12.0,279.0,-49.2,1.3,23.4,RS41-SGP,403.502,14.9,-875,11,2.8,,
2026-09-19T15:48:42.006Z,X1909261,6405,-15.55811,-47.59865,25715.3,4.1,12.9,280.4,-48.6,1.2,23.4,RS41-SGP,403.502,13.3,-875,11,2.8,,
2026-09-19T15:48:43.006Z,X1909261,6406,-15.55809,-47.59877,25719.4,4.2,13.1,279.1,-48.2,1.2,23.4,RS41-SGP,403.502,13.3,-875,11,2.8,,
2026-09-19T15:48:44.006Z,X1909261,6407,-15.55807,-47.59889,25723.8,4.5,12.7,275.2,-47.5,1.1,23.4,RS41-SGP,403.502,13.1,-875,11,2.7,,
2026-09-19T15:48:45.006Z,X1909261,6408,-15.55807,-47.59901,25728.6,5.1,12.0,270.7,-47.3,1.1,23.4,RS41-SGP,403.502,12.3,-875,11,2.7,,
2026-09-19T15:48:46.006Z,X1909261,6409,-15.55807,-47.59911,25733.6,4.9,11.2,266.7,-48.0,1.1,23.4,RS41-SGP,403.502,12.4,-875,11,2.8,,
2026-09-19T15:48:47.006Z,X1909261,6410,-15.55808,-47.59921,25738.2,4.3,10.3,263.0,-48.5,1.2,23.3,RS41-SGP,403.502,13.1,-875,11,2.8,,
2026-09-19T15:48:48.006Z,X1909261,6411,-15.55809,-47.59930,25742.2,3.9,9.6,260.4,-48.9,1.3,23.3,RS41-SGP,403.502,14.1,-875,11,2.8,,
2026-09-19T15:48:49.006Z,X1909261,6412,-15.55810,-47.59939,25746.2,4.0,9.6,260.9,-49.1,1.3,23.3,RS41-SGP,403.502,14.1,-875,11,2.8,,
2026-09-19T15:48:50.006Z,X1909261,6413,-15.55811,-47.59948,25750.5,4.6,10.2,264.6,-49.2,1.3,23.3,RS41-SGP,403.502,14.1,-875,11,2.8,,
2026-09-19T15:48:51.006Z,X1909261,6414,-15.55812,-47.59958,25755.3,5.2,11.1,268.9,-49.3,1.3,23.3,RS41-SGP,403.502,13.5,-875,11,2.7,,
2026-09-19T15:48:52.006Z,X1909261,6415,-15.55812,-47.59969,25760.5,5.1,11.6,274.0,-49.0,1.3,23.3,RS41-SGP,403.502,13.5,-875,11,2.7,,
2026-09-19T15:48:53.006Z,X1909261,6416,-15.55810,-47.59980,25765.2,4.2,12.0,279.9,-48.7,1.3,23.3,RS41-SGP,403.502,13.3,-875,11,2.8,,
2026-09-19T15:48:54.006Z,X1909261,6417,-15.55808,-47.59990,25769.3,4.2,12.2,285.4,-48.0,1.2,23.2,RS41-SGP,403.502,12.1,-875,11,2.8,,
2026-09-19T15:48:55.006Z,X1909261,6418,-15.55805,-47.60001,25773.6,4.4,12.1,287.0,-47.3,1.1,23.2,RS41-SGP,403.502,11.6,-875,11,2.8,,
2026-09-19T15:48:56.006Z,X1909261,6419,-15.55802,-47.60012,25778.0,4.6,11.5,284.0,-46.8,1.1,23.2,RS41-SGP,403.502,11.6,-875,11,2.8,,
2026-09-19T15:48:57.006Z,X1909261,6420,-15.55800,-47.60022,25782.9,5.0,10.8,278.1,-46.4,1.0,23.2,RS41-SGP,403.502,12.0,-875,11,2.7,,
2026-09-19T15:48:58.006Z,X1909261,6421,-15.55799,-47.60032,25787.8,4.9,10.1,271.9,-46.9,1.1,23.2,RS41-SGP,403.502,12.0,-875,11,2.7,,
2026-09-19T15:48:59.006Z,X1909261,6422,-15.55800,-47.60041,25792.3,4.1,9.5,265.5,-47.8,1.2,23.2,RS41-SGP,403.502,13.0,-875,11,2.8,,
2026-09-19T15:49:00.006Z,X1909261,6423,-15.55801,-47.60050,25796.2,3.9,9.4,259.7,-48.4,1.3,23.1,RS41-SGP,403.502,13.1,-875,11,2.8,,
2026-09-19T15:49:01.006Z,X1909261,6424,-15.55802,-47.60058,25800.2,4.1,9.6,259.2,-48.9,1.4,23.1,RS41-SGP,403.502,13.3,-875,11,2.8,,
2026-09-19T15:49:02.006Z,X1909261,6425,-15.55804,-47.60067,25804.4,4.2,10.0,264.2,-49.2,1.4,23.1,RS41-SGP,403.502,13.3,-875,11,2.8,,
2026-09-19T15:49:03.006Z,X1909261,6426,-15.55804,-47.60077,25808.6,4.4,10.2,269.8,-49.3,1.4,23.1,RS41-SGP,403.502,13.3,-875,11,2.8,,
2026-09-19T15:49:04.006Z,X1909261,6427,-15.55804,-47.60086,25813.1,4.6,10.2,273.9,-49.2,1.4,23.1,RS41-SGP,403.502,13.6,-875,11,2.7,,
2026-09-19T15:49:05.006Z,X1909261,6428,-15.55803,-47.60095,25817.7,4.7,10.2,277.0,-49.1,1.4,23.1,RS41-SGP,403.502,13.6,-875,11,2.7,,
2026-09-19T15:49:06.006Z,X1909261,6429,-15.55801,-47.60105,25822.1,4.1,10.4,281.3,-48.7,1.4,23.1,RS41-SGP,403.502,13.0,-875,11,2.8,,
2026-09-19T15:49:07.006Z,X1909261,6430,-15.55799,-47.60114,25826.0,3.7,11.1,286.3,-47.9,1.3,23.1,RS41-SGP,403.502,13.0,-875,11,2.8,,
2026-09-19T15:49:08.006Z,X1909261,6431,-15.55796,-47.60125,25829.8,3.9,11.8,288.2,-48.1,1.3,23.0,RS41-SGP,403.502,11.5,-875,11,2.8,,
2026-09-19T15:49:09.006Z,X1909261,6432,-15.55793,-47.60135,25834.1,4.7,11.9,285.1,-48.4,1.3,23.0,RS41-SGP,403.502,10.1,-875,11,2.8,,
2026-09-19T15:49:10.006Z,X1909261,6433,-15.55791,-47.60146,25839.1,5.4,11.4,279.9,-48.5,1.3,23.0,RS41-SGP,403.502,9.9,-875,11,2.7,,
2026-09-19T15:49:11.006Z,X1909261,6434,-15.55790,-47.60156,25844.6,5.5,10.4,274.7,-48.4,1.4,22.9,RS41-SGP,403.502,10.0,-875,11,2.7,,
2026-09-19T15:49:12.006Z,X1909261,6435,-15.55789,-47.60165,25849.6,4.7,9.4,270.0,-48.2,1.3,23.0,RS41-SGP,403.502,11.0,-875,11,2.8,,
2026-09-19T15:49:13.006Z,X1909261,6436,-15.55789,-47.60173,25854.1,4.2,8.6,265.6,-48.2,1.3,22.9,RS41-SGP,403.502,11.0,-875,11,2.8,,
2026-09-19T15:49:14.006Z,X1909261,6437,-15.55790,-47.60181,25858.3,4.3,8.4,264.1,-48.3,1.4,22.9,RS41-SGP,403.502,11.0,-875,11,2.8,,
2026-09-19T15:49:15.006Z,X1909261,6438,-15.55791,-47.60189,25862.8,4.7,8.7,267.9,-48.4,1.4,22.9,RS41-SGP,403.502,10.7,-875,11,2.8,,
2026-09-19T15:49:16.006Z,X1909261,6439,-15.55790,-47.60197,25867.6,5.1,9.0,274.8,-48.6,1.4,22.9,RS41-SGP,403.502,10.7,-875,11,2.8,,
2026-09-19T15:49:17.006Z,X1909261,6440,-15.55789,-47.60206,25872.7,5.1,9.6,282.0,-48.5,1.4,22.9,RS41-SGP,403.502,10.2,-875,11,2.7,,
2026-09-19T15:49:18.006Z,X1909261,6441,-15.55787,-47.60215,25877.5,4.4,10.2,287.9,-48.2,1.3,22.8,RS41-SGP,403.502,10.6,-875,11,2.7,,
2026-09-19T15:49:19.006Z,X1909261,6442,-15.55784,-47.60224,25881.9,4.4,10.6,289.8,-48.3,1.3,22.8,RS41-SGP,403.502,10.6,-875,11,2.8,,
2026-09-19T15:49:20.006Z,X1909261,6443,-15.55781,-47.60233,25886.3,4.6,10.3,287.7,-48.4,1.4,22.8,RS41-SGP,403.502,8.1,-875,11,2.8,,
2026-09-19T15:49:21.006Z,X1909261,6444,-15.55778,-47.60242,25891.0,4.8,9.4,283.3,-48.5,1.4,22.8,RS41-SGP,403.502,8.2,-875,11,2.8,,
2026-09-19T15:49:22.006Z,X1909261,6445,-15.55777,-47.60250,25895.7,4.7,8.1,281.0,-47.9,1.3,22.8,RS41-SGP,403.502,9.9,-875,11,2.8,,
2026-09-19T15:49:23.006Z,X1909261,6446,-15.55775,-47.60257,25900.2,4.3,7.0,281.4,-46.9,1.2,22.8,RS41-SGP,403.502,10.0,-875,11,2.7,,
2026-09-19T15:49:24.006Z,X1909261,6447,-15.55774,-47.60263,25904.4,4.1,6.3,281.5,-46.2,1.1,22.8,RS41-SGP,403.502,11.2,-875,11,2.7,,
2026-09-19T15:49:25.006Z,X1909261,6448,-15.55773,-47.60268,25908.5,4.3,6.1,278.5,-45.8,1.0,22.8,RS41-SGP,403.502,11.3,-875,11,2.8,,
2026-09-19T15:49:26.006Z,X1909261,6449,-15.55773,-47.60274,25912.9,4.5,6.6,272.5,-45.6,1.0,22.7,RS41-SGP,403.502,11.8,-875,11,2.8,,
2026-09-19T15:49:27.006Z,X1909261,6450,-15.55773,-47.60281,25917.5,4.7,7.2,269.7,-45.5,1.0,22.7,RS41-SGP,403.502,11.8,-875,11,2.8,,
2026-09-19T15:49:28.006Z,X1909261,6451,-15.55773,-47.60287,25922.3,4.8,7.4,269.4,-45.6,1.0,22.7,RS41-SGP,403.502,11.2,-875,11,2.8,,
2026-09-19T15:49:29.006Z,X1909261,6452,-15.55773,-47.60294,25927.0,4.7,7.2,269.6,-45.5,1.1,22.7,RS41-SGP,403.502,12.1,-875,11,2.8,,
2026-09-19T15:49:30.006Z,X1909261,6453,-15.55773,-47.60301,25931.6,4.5,7.4,267.7,-45.2,1.0,22.7,RS41-SGP,403.502,12.3,-875,11,2.7,,
2026-09-19T15:49:31.006Z,X1909261,6454,-15.55773,-47.60308,25935.8,4.0,8.2,264.1,-45.3,1.1,22.7,RS41-SGP,403.502,12.3,-875,11,2.7,,
2026-09-19T15:49:32.006Z,X1909261,6455,-15.55774,-47.60316,25939.7,3.8,9.3,261.4,-46.0,1.1,22.7,RS41-SGP,403.502,11.3,-875,11,2.8,,
2026-09-19T15:49:33.006Z,X1909261,6456,-15.55776,-47.60325,25943.9,4.6,9.9,263.0,-46.7,1.3,22.6,RS41-SGP,403.502,10.5,-875,11,2.8,,
2026-09-19T15:49:34.006Z,X1909261,6457,-15.55776,-47.60334,25948.8,5.3,9.2,269.8,-47.3,1.3,22.6,RS41-SGP,403.502,11.2,-875,11,2.8,,
2026-09-19T15:49:35.006Z,X1909261,6458,-15.55776,-47.60342,25954.1,5.3,8.1,280.9,-47.7,1.4,22.6,RS41-SGP,403.502,12.2,-875,11,2.8,,
2026-09-19T15:49:36.006Z,X1909261,6459,-15.55774,-47.60349,25959.2,4.7,7.5,292.1,-48.1,1.4,22.6,RS41-SGP,403.502,13.9,-875,11,2.7,,
2026-09-19T15:49:37.006Z,X1909261,6460,-15.55771,-47.60355,25963.7,4.4,7.3,299.2,-47.6,1.3,22.6,RS41-SGP,403.502,13.9,-875,11,2.7,,
2026-09-19T15:49:38.006Z,X1909261,6461,-15.55768,-47.60361,25968.2,4.4,7.0,298.3,-47.1,1.3,22.5,RS41-SGP,403.502,14.1,-875,11,2.8,,
2026-09-19T15:49:39.006Z,X1909261,6462,-15.55765,-47.60366,25972.6,4.5,6.4,291.6,-46.8,1.2,22.6,RS41-SGP,403.502,14.3,-875,11,2.8,,
2026-09-19T15:49:40.006Z,X1909261,6463,-15.55763,-47.60372,25977.2,4.7,5.9,284.9,-47.2,1.2,22.5,RS41-SGP,403.502,14.4,-875,11,2.8,,
2026-09-19T15:49:41.006Z,X1909261,6464,-15.55762,-47.60377,25982.0,4.9,5.5,283.2,-47.8,1.3,22.5,RS41-SGP,403.502,14.4,-875,11,2.8,,
2026-09-19T15:49:42.006Z,X1909261,6465,-15.55761,-47.60382,25986.7,4.6,5.6,279.6,-48.3,1.4,22.5,RS41-SGP,403.502,14.4,-875,11,2.8,,
2026-09-19T15:49:43.006Z,X1909261,6466,-15.55761,-47.60388,25991.0,4.1,6.4,269.8,-48.6,1.4,22.5,RS41-SGP,403.502,14.3,-875,11,2.7,,
2026-09-19T15:49:44.006Z,X1909261,6467,-15.55761,-47.60394,25995.1,4.1,7.4,260.4,-48.8,1.4,22.4,RS41-SGP,403.502,13.6,-875,11,2.7,,
2026-09-19T15:49:45.006Z,X1909261,6468,-15.55762,-47.60401,25999.3,4.2,7.6,258.1,-49.0,1.4,22.4,RS41-SGP,403.502,12.9,-875,11,2.8,,
2026-09-19T15:49:46.006Z,X1909261,6469,-15.55764,-47.60407,26003.7,4.6,6.8,261.4,-49.0,1.4,22.4,RS41-SGP,403.502,13.9,-875,11,2.8,,
2026-09-19T15:49:47.006Z,X1909261,6470,-15.55764,-47.60413,26008.4,5.0,5.9,271.3,-48.9,1.4,22.4,RS41-SGP,403.502,14.5,-875,11,2.8,,
2026-09-19T15:49:48.006Z,X1909261,6471,-15.55764,-47.60419,26013.6,5.3,5.8,277.9,-48.9,1.4,22.4,RS41-SGP,403.502,14.5,-875,11,2.8,,
2026-09-19T15:49:49.006Z,X1909261,6472,-15.55763,-47.60424,26018.8,5.2,6.2,280.0,-48.6,1.4,22.4,RS41-SGP,403.502,14.1,-875,11,2.7,,
2026-09-19T15:49:50.006Z,X1909261,6473,-15.55762,-47.60430,26023.8,4.6,6.6,284.2,-48.6,1.3,22.4,RS41-SGP,403.502,14.1,-875,11,2.7,,
2026-09-19T15:49:51.006Z,X1909261,6474,-15.55760,-47.60436,26028.2,4.2,6.9,293.5,-48.6,1.3,22.3,RS41-SGP,403.502,14.5,-875,11,2.8,,
2026-09-19T15:49:52.006Z,X1909261,6475,-15.55757,-47.60442,26032.3,4.1,6.9,300.1,-48.6,1.3,22.3,RS41-SGP,403.502,14.5,-875,11,2.8,,
2026-09-19T15:49:53.006Z,X1909261,6476,-15.55754,-47.60447,26036.6,4.5,6.9,298.0,-48.6,1.3,22.3,RS41-SGP,403.502,14.5,-875,11,2.8,,
2026-09-19T15:49:54.006Z,X1909261,6477,-15.55751,-47.60453,26041.4,5.1,6.9,286.5,-48.6,1.3,22.3,RS41-SGP,403.502,15.1,-875,11,2.8,,
2026-09-19T15:49:55.006Z,X1909261,6478,-15.55750,-47.60460,26046.7,5.6,7.6,274.8,-47.9,1.2,22.3,RS41-SGP,403.502,15.1,-875,11,2.8,,
2026-09-19T15:49:56.006Z,X1909261,6479,-15.55750,-47.60467,26052.1,5.1,8.3,267.2,-47.7,1.2,22.2,RS41-SGP,403.502,13.6,-875,11,2.7,,
2026-09-19T15:49:57.006Z,X1909261,6480,-15.55751,-47.60475,26057.0,4.7,8.5,260.3,-48.0,1.3,22.2,RS41-SGP,403.502,12.7,-875,11,2.7,,
2026-09-19T15:49:58.006Z,X1909261,6481,-15.55752,-47.60482,26061.7,4.5,8.4,255.1,-48.4,1.3,22.2,RS41-SGP,403.502,12.3,-875,11,2.8,,
2026-09-19T15:49:59.006Z,X1909261,6482,-15.55754,-47.60490,26066.2,4.6,8.0,253.6,-48.6,1.3,22.2,RS41-SGP,403.502,12.8,-875,11,2.8,,
2026-09-19T15:50:00.006Z,X1909261,6483,-15.55756,-47.60497,26071.0,5.1,7.8,256.9,-48.7,1.4,22.2,RS41-SGP,403.502,12.8,-875,11,2.8,,
2026-09-19T15:50:01.006Z,X1909261,6484,-15.55758,-47.60504,26076.3,5.5,7.9,262.3,-48.8,1.4,22.2,RS41-SGP,403.502,11.5,-875,11,2.8,,
2026-09-19T15:50:02.006Z,X1909261,6485,-15.55758,-47.60511,26081.7,5.4,7.7,269.5,-48.5,1.3,22.2,RS41-SGP,403.502,10.4,-875,11,2.8,,
2026-09-19T15:50:03.006Z,X1909261,6486,-15.55758,-47.60518,26086.7,4.6,6.9,276.7,-47.7,1.2,22.1,RS41-SGP,403.502,11.0,-875,11,2.7,,
2026-09-19T15:50:04.006Z,X1909261,6487,-15.55757,-47.60524,26091.1,4.3,5.9,284.0,-47.2,1.2,22.1,RS41-SGP,403.502,13.0,-875,11,2.7,,
2026-09-19T15:50:05.006Z,X1909261,6488,-15.55755,-47.60529,26095.5,4.5,5.4,284.0,-47.3,1.2,22.1,RS41-SGP,403.502,13.2,-875,11,2.8,,
2026-09-19T15:50:06.006Z,X1909261,6489,-15.55755,-47.60534,26100.3,5.1,5.6,274.9,-47.2,1.2,22.1,RS41-SGP,403.502,13.2,-875,11,2.8,,
2026-09-19T15:50:07.006Z,X1909261,6490,-15.55755,-47.60540,26105.6,5.3,6.9,266.8,-46.6,1.2,22.1,RS41-SGP,403.502,13.4,-875,11,2.8,,
2026-09-19T15:50:08.006Z,X1909261,6491,-15.55755,-47.60547,26110.6,4.8,8.3,261.0,-46.4,1.1,22.1,RS41-SGP,403.502,13.4,-875,11,2.8,,
2026-09-19T15:50:09.006Z,X1909261,6492,-15.55757,-47.60555,26115.1,4.2,9.4,256.4,-46.8,1.2,22.1,RS41-SGP,403.502,11.6,-875,11,2.7,,
2026-09-19T15:50:10.006Z,X1909261,6493,-15.55759,-47.60563,26119.5,4.6,9.5,253.3,-46.5,1.1,22.0,RS41-SGP,403.502,11.6,-875,11,2.7,,
2026-09-19T15:50:11.006Z,X1909261,6494,-15.55761,-47.60571,26124.3,5.1,8.7,255.1,-46.3,1.1,22.0,RS41-SGP,403.502,11.0,-875,11,2.8,,
2026-09-19T15:50:12.006Z,X1909261,6495,-15.55763,-47.60579,26129.5,5.4,7.6,263.3,-46.7,1.2,22.0,RS41-SGP,403.502,10.9,-875,11,2.8,,
2026-09-19T15:50:13.006Z,X1909261,6496,-15.55763,-47.60585,26134.7,4.9,6.9,275.1,-47.1,1.2,22.0,RS41-SGP,403.502,11.7,-875,11,2.8,,
2026-09-19T15:50:14.006Z,X1909261,6497,-15.55762,-47.60591,26139.3,4.3,6.3,286.5,-47.3,1.3,22.0,RS41-SGP,403.502,12.4,-875,11,2.8,,
2026-09-19T15:50:15.006Z,X1909261,6498,-15.55760,-47.60597,26143.6,4.3,5.9,290.9,-47.5,1.3,21.9,RS41-SGP,403.502,12.4,-875,11,2.8,,
2026-09-19T15:50:16.006Z,X1909261,6499,-15.55758,-47.60602,26148.0,4.5,5.7,287.2,-47.7,1.3,21.9,RS41-SGP,403.502,12.4,-875,11,2.7,,
2026-09-19T15:50:17.006Z,X1909261,6500,-15.55757,-47.60607,26152.7,5.1,5.9,279.2,-47.3,1.3,21.9,RS41-SGP,403.502,12.8,-875,11,2.7,,
2026-09-19T15:50:18.006Z,X1909261,6501,-15.55757,-47.60613,26158.1,5.5,6.6,273.4,-46.6,1.2,21.9,RS41-SGP,403.502,12.8,-875,11,2.8,,
2026-09-19T15:50:19.006Z,X1909261,6502,-15.55757,-47.60619,26163.2,4.8,7.3,268.5,-46.5,1.2,21.9,RS41-SGP,403.502,12.6,-875,11,2.8,,
2026-09-19T15:50:20.006Z,X1909261,6503,-15.55757,-47.60626,26167.7,4.1,8.2,262.8,-46.5,1.2,21.9,RS41-SGP,403.502,11.4,-875,11,2.8,,
2026-09-19T15:50:21.006Z,X1909261,6504,-15.55758,-47.60634,26171.9,4.4,8.7,258.1,-47.0,1.2,21.9,RS41-SGP,403.502,10.8,-875,11,2.8,,
2026-09-19T15:50:22.006Z,X1909261,6505,-15.55760,-47.60642,26176.7,5.1,8.1,259.1,-47.4,1.3,21.9,RS41-SGP,403.502,10.1,-875,11,2.7,,
2026-09-19T15:50:23.006Z,X1909261,6506,-15.55761,-47.60649,26182.1,5.7,7.0,267.2,-47.6,1.4,21.8,RS41-SGP,403.502,9.2,-875,11,2.7,,
2026-09-19T15:50:24.006Z,X1909261,6507,-15.55760,-47.60655,26187.6,5.3,6.0,281.4,-47.8,1.4,21.8,RS41-SGP,403.502,9.1,-875,11,2.8,,
2026-09-19T15:50:25.006Z,X1909261,6508,-15.55759,-47.60660,26192.5,4.6,5.6,298.3,-47.6,1.4,21.8,RS41-SGP,403.502,11.4,-875,11,2.8,,
2026-09-19T15:50:26.006Z,X1909261,6509,-15.55756,-47.60664,26197.2,4.7,5.6,308.1,-47.7,1.4,21.8,RS41-SGP,403.502,11.8,-875,11,2.8,,
2026-09-19T15:50:27.006Z,X1909261,6510,-15.55753,-47.60668,26202.1,5.1,5.7,305.0,-47.9,1.4,21.7,RS41-SGP,403.502,12.0,-875,11,2.8,,
2026-09-19T15:50:28.006Z,X1909261,6511,-15.55750,-47.60673,26207.4,5.5,6.0,293.8,-47.6,1.4,21.8,RS41-SGP,403.502,12.0,-875,11,2.8,,
2026-09-19T15:50:29.006Z,X1909261,6512,-15.55748,-47.60679,26212.8,5.3,6.8,283.4,-47.0,1.3,21.7,RS41-SGP,403.502,12.6,-875,11,2.7,,
2026-09-19T15:50:30.006Z,X1909261,6513,-15.55747,-47.60685,26217.9,4.8,7.7,275.2,-46.9,1.2,21.7,RS41-SGP,403.502,12.6,-875,11,2.7,,
2026-09-19T15:50:31.006Z,X1909261,6514,-15.55747,-47.60693,26222.5,4.4,8.5,271.0,-46.8,1.3,21.7,RS41-SGP,403.502,11.5,-875,11,2.8,,
2026-09-19T15:50:32.006Z,X1909261,6515,-15.55747,-47.60701,26226.9,4.4,8.7,270.4,-46.3,1.2,21.7,RS41-SGP,403.502,11.3,-875,11,2.8,,
2026-09-19T15:50:33.006Z,X1909261,6516,-15.55747,-47.60709,26231.4,4.7,8.4,274.3,-46.3,1.2,21.6,RS41-SGP,403.502,10.4,-875,11,2.8,,
2026-09-19T15:50:34.006Z,X1909261,6517,-15.55746,-47.60716,26236.2,5.0,7.9,280.5,-46.9,1.2,21.6,RS41-SGP,403.502,10.9,-875,11,2.8,,
2026-09-19T15:50:35.006Z,X1909261,6518,-15.55744,-47.60723,26241.3,5.2,7.5,284.1,-47.4,1.3,21.6,RS41-SGP,403.502,10.9,-875,11,2.7,,
2026-09-19T15:50:36.006Z,X1909261,6519,-15.55743,-47.60730,26246.6,5.3,7.0,283.2,-47.0,1.2,21.6,RS41-SGP,403.502,10.2,-875,11,2.7,,
2026-09-19T15:50:37.006Z,X1909261,6520,-15.55742,-47.60736,26251.7,4.9,6.3,280.7,-46.7,1.2,21.6,RS41-SGP,403.502,10.1,-875,11,2.8,,
2026-09-19T15:50:38.006Z,X1909261,6521,-15.55741,-47.60741,26256.3,4.4,5.3,280.2,-47.0,1.3,21.6,RS41-SGP,403.502,11.3,-875,11,2.8,,
2026-09-19T15:50:39.006Z,X1909261,6522,-15.55740,-47.60745,26260.6,4.1,4.4,281.9,-47.3,1.3,21.6,RS41-SGP,403.502,12.0,-875,11,2.8,,
2026-09-19T15:50:40.006Z,X1909261,6523,-15.55739,-47.60750,26264.9,4.5,4.5,279.9,-47.8,1.4,21.6,RS41-SGP,403.502,13.1,-875,11,2.8,,
2026-09-19T15:50:41.006Z,X1909261,6524,-15.55739,-47.60754,26269.7,4.9,5.4,273.2,-48.0,1.4,21.5,RS41-SGP,403.502,13.1,-875,11,2.8,,
2026-09-19T15:50:42.006Z,X1909261,6525,-15.55739,-47.60760,26274.7,5.2,6.6,265.6,-48.1,1.5,21.5,RS41-SGP,403.502,12.3,-875,11,2.7,,
2026-09-19T15:50:43.006Z,X1909261,6526,-15.55739,-47.60766,26279.9,5.1,7.4,258.5,-48.3,1.5,21.5,RS41-SGP,403.502,12.6,-875,11,2.7,,
2026-09-19T15:50:44.006Z,X1909261,6527,-15.55741,-47.60773,26284.8,4.7,8.1,256.5,-48.2,1.5,21.5,RS41-SGP,403.502,12.6,-875,11,2.8,,
2026-09-19T15:50:45.006Z,X1909261,6528,-15.55743,-47.60781,26289.2,4.2,9.1,260.4,-48.5,1.5,21.5,RS41-SGP,403.502,11.9,-875,11,2.8,,
2026-09-19T15:50:46.006Z,X1909261,6529,-15.55744,-47.60790,26293.4,4.2,10.1,265.2,-48.7,1.5,21.4,RS41-SGP,403.502,11.3,-875,11,2.8,,
2026-09-19T15:50:47.006Z,X1909261,6530,-15.55744,-47.60799,26297.8,4.7,10.2,266.5,-48.7,1.5,21.4,RS41-SGP,403.502,11.1,-875,11,2.8,,
2026-09-19T15:50:48.006Z,X1909261,6531,-15.55745,-47.60808,26302.7,5.1,9.2,262.7,-48.7,1.5,21.4,RS41-SGP,403.502,11.0,-875,11,2.7,,
2026-09-19T15:50:49.006Z,X1909261,6532,-15.55746,-47.60816,26307.8,5.2,7.9,256.1,-48.7,1.5,21.4,RS41-SGP,403.502,11.6,-875,11,2.7,,
2026-09-19T15:50:50.006Z,X1909261,6533,-15.55748,-47.60822,26312.9,5.0,6.8,254.5,-48.7,1.5,21.4,RS41-SGP,403.502,12.5,-875,11,2.8,,
2026-09-19T15:50:51.006Z,X1909261,6534,-15.55749,-47.60828,26317.6,4.6,6.4,264.4,-48.7,1.4,21.4,RS41-SGP,403.502,13.8,-875,11,2.8,,
2026-09-19T15:50:52.006Z,X1909261,6535,-15.55749,-47.60834,26322.1,4.4,6.6,277.8,-48.3,1.4,21.4,RS41-SGP,403.502,14.2,-875,11,2.8,,
2026-09-19T15:50:53.006Z,X1909261,6536,-15.55748,-47.60841,26326.7,4.9,7.3,281.5,-48.5,1.4,21.4,RS41-SGP,403.502,15.2,-875,11,2.8,,
2026-09-19T15:50:54.006Z,X1909261,6537,-15.55747,-47.60847,26331.8,5.3,7.7,273.4,-48.7,1.4,21.4,RS41-SGP,403.502,15.2,-875,11,2.8,,
2026-09-19T15:50:55.006Z,X1909261,6538,-15.55748,-47.60855,26337.1,5.4,8.4,261.3,-48.7,1.4,21.3,RS41-SGP,403.502,15.4,-875,11,2.7,,
2026-09-19T15:50:56.006Z,X1909261,6539,-15.55749,-47.60863,26342.3,4.9,9.6,254.7,-48.4,1.4,21.3,RS41-SGP,403.502,15.6,-875,11,2.7,,
2026-09-19T15:50:59.006Z,X1909261,6542,-15.55756,-47.60894,26355.5,4.7,11.7,261.8,-48.2,1.3,21.3,RS41-SGP,403.502,13.3,-875,11,2.8,,
2026-09-19T15:51:00.006Z,X1909261,6543,-15.55757,-47.60904,26360.4,5.0,10.5,263.6,-48.3,1.4,21.2,RS41-SGP,403.502,13.8,-875,11,2.8,,
2026-09-19T15:51:01.006Z,X1909261,6544,-15.55758,-47.60913,26365.5,5.2,9.3,260.4,-48.5,1.3,21.2,RS41-SGP,403.502,14.1,-875,11,2.7,,
2026-09-19T15:51:02.006Z,X1909261,6545,-15.55760,-47.60921,26370.7,5.2,8.8,258.5,-48.4,1.3,21.2,RS41-SGP,403.502,14.1,-875,11,2.7,,
2026-09-19T15:51:03.006Z,X1909261,6546,-15.55761,-47.60929,26375.6,4.5,8.2,258.8,-48.3,1.3,21.2,RS41-SGP,403.502,12.8,-875,11,2.8,,
2026-09-19T15:51:04.006Z,X1909261,6547,-15.55763,-47.60936,26379.8,3.9,7.3,262.7,-48.3,1.3,21.2,RS41-SGP,403.502,14.1,-875,11,2.8,,
2026-09-19T15:51:05.006Z,X1909261,6548,-15.55763,-47.60942,26383.7,4.0,6.7,266.8,-48.4,1.3,21.2,RS41-SGP,403.502,15.3,-875,11,2.8,,
2026-09-19T15:51:06.006Z,X1909261,6549,-15.55764,-47.60949,26388.1,4.7,7.0,264.5,-48.5,1.4,21.2,RS41-SGP,403.502,15.3,-875,11,2.8,,
2026-09-19T15:51:07.006Z,X1909261,6550,-15.55765,-47.60956,26393.1,5.3,8.1,259.3,-48.5,1.4,21.2,RS41-SGP,403.502,15.7,-875,11,2.8,,
2026-09-19T15:51:08.006Z,X1909261,6551,-15.55766,-47.60964,26398.5,5.6,9.6,256.6,-48.5,1.3,21.1,RS41-SGP,403.502,15.7,-875,11,2.7,,
2026-09-19T15:51:09.006Z,X1909261,6552,-15.55768,-47.60973,26403.7,4.9,11.2,256.8,-48.3,1.3,21.1,RS41-SGP,403.502,15.4,-875,11,2.7,,
2026-09-19T15:51:10.006Z,X1909261,6553,-15.55771,-47.60984,26408.5,4.7,12.5,257.3,-48.5,1.4,21.1,RS41-SGP,403.502,14.7,-875,11,2.8,,
2026-09-19T15:51:11.006Z,X1909261,6554,-15.55773,-47.60995,26413.4,5.1,12.8,257.4,-48.6,1.4,21.1,RS41-SGP,403.502,13.2,-875,11,2.8,,
2026-09-19T15:51:12.006Z,X1909261,6555,-15.55776,-47.61006,26418.6,5.6,11.8,256.7,-48.5,1.4,21.1,RS41-SGP,403.502,13.1,-875,11,2.8,,
2026-09-19T15:51:13.006Z,X1909261,6556,-15.55778,-47.61017,26424.2,5.6,10.4,256.5,-48.5,1.4,21.1,RS41-SGP,403.502,12.8,-875,11,2.8,,
2026-09-19T15:51:14.006Z,X1909261,6557,-15.55780,-47.61025,26429.5,4.9,8.9,257.7,-48.2,1.3,21.0,RS41-SGP,403.502,13.9,-875,11,2.8,,
2026-09-19T15:51:15.006Z,X1909261,6558,-15.55781,-47.61033,26434.0,4.2,7.7,260.7,-47.7,1.3,21.0,RS41-SGP,403.502,14.5,-875,11,2.7,,
2026-09-19T15:51:16.006Z,X1909261,6559,-15.55782,-47.61040,26438.2,4.3,7.4,263.3,-47.6,1.3,21.0,RS41-SGP,403.502,14.6,-875,11,2.7,,
2026-09-19T15:51:17.006Z,X1909261,6560,-15.55783,-47.61047,26442.8,4.8,8.1,262.3,-47.3,1.2,21.0,RS41-SGP,403.502,14.9,-875,11,2.8,,
2026-09-19T15:51:18.006Z,X1909261,6561,-15.55785,-47.61055,26447.6,5.0,9.2,259.5,-46.5,1.1,21.0,RS41-SGP,403.502,14.9,-875,11,2.8,,
2026-09-19T15:51:19.006Z,X1909261,6562,-15.55786,-47.61063,26452.8,5.5,9.8,256.6,-46.3,1.1,20.9,RS41-SGP,403.502,14.6,-875,11,2.8,,
2026-09-19T15:51:20.006Z,X1909261,6563,-15.55789,-47.61072,26458.1,5.0,10.2,252.5,-46.6,1.2,20.9,RS41-SGP,403.502,14.8,-875,11,2.8,,
2026-09-19T15:51:21.006Z,X1909261,6564,-15.55792,-47.61082,26462.8,4.4,10.9,248.4,-47.1,1.2,20.9,RS41-SGP,403.502,14.8,-875,11,2.7,,
2026-09-19T15:51:22.006Z,X1909261,6565,-15.55796,-47.61091,26467.1,4.3,11.6,245.7,-47.7,1.3,20.9,RS41-SGP,403.502,13.4,-875,11,2.7,,
2026-09-19T15:51:23.006Z,X1909261,6566,-15.55800,-47.61101,26471.5,4.5,11.5,244.6,-48.2,1.4,20.9,RS41-SGP,403.502,13.3,-875,11,2.8,,
2026-09-19T15:51:24.006Z,X1909261,6567,-15.55804,-47.61110,26476.3,5.0,10.7,245.9,-48.5,1.4,20.9,RS41-SGP,403.502,13.3,-875,11,2.8,,
2026-09-19T15:51:25.006Z,X1909261,6568,-15.55808,-47.61119,26481.5,5.4,9.4,249.1,-48.6,1.4,20.9,RS41-SGP,403.502,12.9,-875,11,2.8,,
2026-09-19T15:51:26.006Z,X1909261,6569,-15.55810,-47.61127,26486.6,4.8,8.1,253.8,-48.3,1.4,20.8,RS41-SGP,403.502,14.2,-875,11,2.8,,
2026-09-19T15:51:27.006Z,X1909261,6570,-15.55812,-47.61133,26491.3,4.6,7.1,262.1,-48.1,1.4,20.8,RS41-SGP,403.502,15.4,-875,11,2.8,,
2026-09-19T15:51:28.006Z,X1909261,6571,-15.55812,-47.61140,26496.0,4.9,7.0,267.6,-48.1,1.4,20.8,RS41-SGP,403.502,16.2,-875,11,2.7,,
2026-09-19T15:51:29.006Z,X1909261,6572,-15.55813,-47.61147,26501.1,5.2,7.6,265.0,-48.1,1.4,20.8,RS41-SGP,403.502,16.2,-875,11,2.7,,
2026-09-19T15:51:30.006Z,X1909261,6573,-15.55814,-47.61154,26506.4,5.4,8.6,257.0,-48.1,1.4,20.8,RS41-SGP,403.502,16.8,-875,11,2.8,,
2026-09-19T15:51:31.006Z,X1909261,6574,-15.55816,-47.61162,26511.5,4.7,9.9,249.2,-48.0,1.3,20.8,RS41-SGP,403.502,16.8,-875,11,2.8,,
2026-09-19T15:51:32.006Z,X1909261,6575,-15.55820,-47.61171,26515.8,4.0,11.0,243.2,-47.9,1.3,20.8,RS41-SGP,403.502,16.1,-875,11,2.8,,
2026-09-19T15:51:33.006Z,X1909261,6576,-15.55825,-47.61180,26519.9,4.2,11.7,240.7,-48.0,1.3,20.7,RS41-SGP,403.502,14.5,-875,11,2.8,,
2026-09-19T15:51:34.006Z,X1909261,6577,-15.55830,-47.61190,26524.3,4.6,11.3,242.9,-48.0,1.4,20.7,RS41-SGP,403.502,14.5,-875,11,2.7,,
2026-09-19T15:51:35.006Z,X1909261,6578,-15.55834,-47.61199,26529.0,4.9,10.3,248.1,-47.7,1.3,20.7,RS41-SGP,403.502,14.8,-875,11,2.7,,
2026-09-19T15:51:36.006Z,X1909261,6579,-15.55837,-47.61207,26534.0,5.2,9.5,252.4,-47.0,1.2,20.7,RS41-SGP,403.502,14.9,-875,11,2.8,,
2026-09-19T15:51:37.006Z,X1909261,6580,-15.55839,-47.61216,26538.9,4.8,8.9,254.6,-46.8,1.2,20.7,RS41-SGP,403.502,15.2,-875,11,2.8,,
2026-09-19T15:51:38.006Z,X1909261,6581,-15.55841,-47.61223,26543.3,4.0,8.3,258.2,-46.9,1.2,20.7,RS41-SGP,403.502,15.7,-875,11,2.8,,
2026-09-19T15:51:39.006Z,X1909261,6582,-15.55842,-47.61231,26547.2,4.0,7.9,264.3,-47.2,1.2,20.7,RS41-SGP,403.502,15.8,-875,11,2.8,,
2026-09-19T15:51:40.006Z,X1909261,6583,-15.55843,-47.61238,26551.4,4.4,8.0,266.7,-47.4,1.2,20.6,RS41-SGP,403.502,15.9,-875,11,2.8,,
2026-09-19T15:51:41.006Z,X1909261,6584,-15.55843,-47.61246,26556.0,4.8,8.3,262.8,-47.5,1.3,20.6,RS41-SGP,403.502,15.9,-875,11,2.7,,
2026-09-19T15:51:42.006Z,X1909261,6585,-15.55845,-47.61254,26561.0,5.2,8.7,257.5,-47.4,1.2,20.6,RS41-SGP,403.502,16.2,-875,11,2.7,,
2026-09-19T15:51:43.006Z,X1909261,6586,-15.55847,-47.61262,26566.0,4.9,9.2,251.1,-47.1,1.2,20.6,RS41-SGP,403.502,16.2,-875,11,2.8,,
2026-09-19T15:51:44.006Z,X1909261,6587,-15.55850,-47.61270,26570.6,4.2,10.0,246.5,-46.1,1.1,20.6,RS41-SGP,403.502,15.8,-875,11,2.8,,
2026-09-19T15:51:45.006Z,X1909261,6588,-15.55854,-47.61279,26574.7,4.2,11.0,245.7,-46.2,1.1,20.6,RS41-SGP,403.502,15.6,-875,11,2.8,,
2026-09-19T15:51:46.006Z,X1909261,6589,-15.55858,-47.61288,26579.1,4.7,11.2,249.0,-46.5,1.2,20.5,RS41-SGP,403.502,13.6,-875,11,2.8,,
2026-09-19T15:51:47.006Z,X1909261,6590,-15.55861,-47.61298,26583.9,5.0,10.6,253.8,-46.7,1.2,20.5,RS41-SGP,403.502,13.6,-875,11,2.7,,
2026-09-19T15:51:48.006Z,X1909261,6591,-15.55863,-47.61307,26589.1,5.3,9.5,258.5,-46.9,1.2,20.5,RS41-SGP,403.502,14.0,-875,11,2.7,,
2026-09-19T15:51:49.006Z,X1909261,6592,-15.55864,-47.61315,26594.1,4.8,8.6,264.9,-46.8,1.2,20.5,RS41-SGP,403.502,14.8,-875,11,2.8,,
2026-09-19T15:51:50.006Z,X1909261,6593,-15.55864,-47.61323,26598.5,4.0,8.3,274.2,-46.5,1.1,20.5,RS41-SGP,403.502,15.9,-875,11,2.8,,
2026-09-19T15:51:51.006Z,X1909261,6594,-15.55863,-47.61331,26602.6,4.1,8.7,280.1,-46.9,1.2,20.4,RS41-SGP,403.502,16.0,-875,11,2.8,,
2026-09-19T15:51:52.006Z,X1909261,6595,-15.55862,-47.61339,26606.9,4.6,9.3,279.2,-47.1,1.2,20.4,RS41-SGP,403.502,16.0,-875,11,2.8,,
2026-09-19T15:51:53.006Z,X1909261,6596,-15.55861,-47.61348,26611.7,5.0,9.5,273.4,-47.1,1.2,20.4,RS41-SGP,403.502,16.3,-875,11,2.8,,
2026-09-19T15:51:54.006Z,X1909261,6597,-15.55861,-47.61357,26616.8,5.1,9.7,266.7,-46.3,1.1,20.4,RS41-SGP,403.502,16.8,-875,11,2.7,,
2026-09-19T15:51:55.006Z,X1909261,6598,-15.55862,-47.61366,26621.6,4.5,10.2,260.7,-46.1,1.1,20.4,RS41-SGP,403.502,16.8,-875,11,2.7,,
2026-09-19T15:51:56.006Z,X1909261,6599,-15.55864,-47.61375,26625.7,3.8,11.1,256.6,-46.4,1.2,20.4,RS41-SGP,403.502,16.1,-875,11,2.8,,
2026-09-19T15:51:57.006Z,X1909261,6600,-15.55867,-47.61386,26629.7,4.2,12.0,254.8,-46.9,1.2,20.4,RS41-SGP,403.502,15.9,-875,11,2.8,,
2026-09-19T15:51:58.006Z,X1909261,6601,-15.55869,-47.61396,26634.1,4.6,11.9,255.7,-47.3,1.3,20.4,RS41-SGP,403.502,14.8,-875,11,2.8,,
2026-09-19T15:51:59.006Z,X1909261,6602,-15.55872,-47.61407,26638.8,4.9,11.0,258.9,-47.5,1.3,20.4,RS41-SGP,403.502,15.0,-875,11,2.8,,
2026-09-19T15:52:00.006Z,X1909261,6603,-15.55873,-47.61416,26643.8,5.1,10.0,261.9,-47.6,1.3,20.4,RS41-SGP,403.502,15.3,-875,11,2.7,,
2026-09-19T15:52:01.006Z,X1909261,6604,-15.55874,-47.61425,26648.8,4.8,9.5,267.5,-47.4,1.3,20.4,RS41-SGP,403.502,15.3,-875,11,2.7,,
2026-09-19T15:52:02.006Z,X1909261,6605,-15.55874,-47.61434,26653.3,4.2,9.2,274.4,-47.3,1.3,20.3,RS41-SGP,403.502,15.9,-875,11,2.8,,
2026-09-19T15:52:03.006Z,X1909261,6606,-15.55873,-47.61443,26657.2,3.8,9.1,280.7,-47.2,1.3,20.3,RS41-SGP,403.502,16.9,-875,11,2.8,,
2026-09-19T15:52:04.006Z,X1909261,6607,-15.55871,-47.61451,26661.2,4.2,9.2,281.4,-47.2,1.3,20.3,RS41-SGP,403.502,16.9,-875,11,2.8,,
2026-09-19T15:52:05.006Z,X1909261,6608,-15.55870,-47.61459,26665.6,4.6,9.4,276.8,-47.3,1.3,20.3,RS41-SGP,403.502,16.8,-875,11,2.8,,
2026-09-19T15:52:06.006Z,X1909261,6609,-15.55869,-47.61468,26670.3,4.9,9.9,270.9,-47.4,1.3,20.3,RS41-SGP,403.502,16.7,-875,11,2.8,,
2026-09-19T15:52:07.006Z,X1909261,6610,-15.55869,-47.61478,26675.3,4.9,10.6,267.9,-47.4,1.3,20.2,RS41-SGP,403.502,16.7,-875,11,2.7,,
2026-09-19T15:52:08.006Z,X1909261,6611,-15.55870,-47.61488,26679.8,4.3,11.5,265.4,-46.5,1.2,20.2,RS41-SGP,403.502,16.6,-875,11,2.7,,
2026-09-19T15:52:09.006Z,X1909261,6612,-15.55871,-47.61499,26684.0,4.2,12.0,262.8,-46.3,1.1,20.2,RS41-SGP,403.502,16.2,-875,11,2.8,,
2026-09-19T15:52:10.006Z,X1909261,6613,-15.55873,-47.61510,26688.4,4.5,12.1,261.3,-46.7,1.2,20.2,RS41-SGP,403.502,15.0,-875,11,2.8,,
2026-09-19T15:52:11.006Z,X1909261,6614,-15.55874,-47.61521,26692.9,4.7,11.4,262.1,-46.9,1.2,20.2,RS41-SGP,403.502,14.7,-875,11,2.8,,
2026-09-19T15:52:12.006Z,X1909261,6615,-15.55875,-47.61531,26697.9,5.2,10.6,265.4,-46.4,1.2,20.2,RS41-SGP,403.502,14.5,-875,11,2.8,,
2026-09-19T15:52:13.006Z,X1909261,6616,-15.55876,-47.61540,26703.0,5.0,9.7,270.3,-45.9,1.1,20.1,RS41-SGP,403.502,14.6,-875,11,2.8,,
2026-09-19T15:52:14.006Z,X1909261,6617,-15.55875,-47.61549,26707.6,4.2,8.6,276.1,-46.2,1.1,20.1,RS41-SGP,403.502,15.7,-875,11,2.7,,
2026-09-19T15:52:15.006Z,X1909261,6618,-15.55874,-47.61556,26711.7,3.9,7.5,281.5,-45.9,1.1,20.1,RS41-SGP,403.502,16.3,-875,11,2.7,,
2026-09-19T15:52:16.006Z,X1909261,6619,-15.55873,-47.61563,26715.7,4.1,7.2,282.6,-45.7,1.1,20.1,RS41-SGP,403.502,16.3,-875,11,2.8,,
2026-09-19T15:52:17.006Z,X1909261,6620,-15.55871,-47.61570,26719.9,4.3,7.8,278.7,-46.2,1.1,20.1,RS41-SGP,403.502,16.0,-875,11,2.8,,
2026-09-19T15:52:18.006Z,X1909261,6621,-15.55870,-47.61577,26724.2,4.4,8.7,275.5,-46.6,1.2,20.1,RS41-SGP,403.502,15.8,-875,11,2.8,,
2026-09-19T15:52:19.006Z,X1909261,6622,-15.55870,-47.61586,26728.6,4.4,9.2,274.3,-46.8,1.2,20.1,RS41-SGP,403.502,15.0,-875,11,2.8,,
2026-09-19T15:52:20.006Z,X1909261,6623,-15.55869,-47.61594,26733.0,4.4,9.0,274.1,-47.0,1.2,20.1,RS41-SGP,403.502,16.0,-875,11,2.7,,
2026-09-19T15:52:21.006Z,X1909261,6624,-15.55869,-47.61602,26737.4,4.5,8.6,270.0,-47.0,1.2,20.1,RS41-SGP,403.502,16.1,-875,11,2.7,,
2026-09-19T15:52:22.006Z,X1909261,6625,-15.55869,-47.61610,26741.7,4.1,8.7,262.9,-47.1,1.2,20.0,RS41-SGP,403.502,16.1,-875,11,2.8,,
2026-09-19T15:52:23.006Z,X1909261,6626,-15.55871,-47.61619,26745.5,3.5,9.6,256.2,-47.0,1.2,20.0,RS41-SGP,403.502,15.8,-875,11,2.8,,
2026-09-19T15:52:24.006Z,X1909261,6627,-15.55873,-47.61628,26749.0,3.5,10.7,255.3,-46.3,1.1,20.0,RS41-SGP,403.502,15.3,-875,11,2.8,,
2026-09-19T15:52:25.006Z,X1909261,6628,-15.55875,-47.61638,26752.8,4.0,10.9,258.7,-45.8,1.0,20.0,RS41-SGP,403.502,14.3,-875,11,2.8,,
2026-09-19T15:52:26.006Z,X1909261,6629,-15.55877,-47.61647,26757.0,4.5,10.4,265.1,-45.5,1.0,20.0,RS41-SGP,403.502,15.0,-875,11,2.8,,
2026-09-19T15:52:27.006Z,X1909261,6630,-15.55877,-47.61657,26761.9,5.1,9.5,269.0,-45.4,1.0,20.0,RS41-SGP,403.502,15.0,-875,11,2.7,,
2026-09-19T15:52:28.006Z,X1909261,6631,-15.55877,-47.61665,26766.9,4.9,8.9,271.3,-45.6,1.0,19.9,RS41-SGP,403.502,14.8,-875,11,2.7,,
2026-09-19T15:52:29.006Z,X1909261,6632,-15.55877,-47.61673,26771.4,4.2,8.6,275.2,-46.0,1.0,19.9,RS41-SGP,403.502,15.6,-875,11,2.8,,
2026-09-19T15:52:30.006Z,X1909261,6633,-15.55875,-47.61681,26775.5,4.0,8.7,281.7,-46.7,1.1,19.9,RS41-SGP,403.502,15.9,-875,11,2.8,,
2026-09-19T15:52:31.006Z,X1909261,6634,-15.55874,-47.61689,26779.7,4.3,9.0,285.9,-47.2,1.2,19.9,RS41-SGP,403.502,16.8,-875,11,2.8,,
2026-09-19T15:52:32.006Z,X1909261,6635,-15.55871,-47.61697,26784.3,4.9,9.1,283.5,-47.5,1.2,19.9,RS41-SGP,403.502,17.0,-875,11,2.8,,
2026-09-19T15:52:33.006Z,X1909261,6636,-15.55870,-47.61705,26789.2,5.0,8.9,274.6,-47.6,1.2,19.9,RS41-SGP,403.502,17.0,-875,11,2.7,,
2026-09-19T15:52:34.006Z,X1909261,6637,-15.55870,-47.61714,26794.0,4.6,9.5,264.9,-47.2,1.2,19.9,RS41-SGP,403.502,16.9,-875,11,2.7,,
2026-09-19T15:52:35.006Z,X1909261,6638,-15.55872,-47.61723,26798.2,3.9,10.5,257.5,-46.9,1.1,19.9,RS41-SGP,403.502,15.7,-875,11,2.8,,
2026-09-19T15:52:36.006Z,X1909261,6639,-15.55874,-47.61733,26802.1,3.9,11.1,256.3,-47.1,1.2,19.9,RS41-SGP,403.502,14.4,-875,11,2.8,,
2026-09-19T15:52:37.006Z,X1909261,6640,-15.55876,-47.61743,26806.2,4.3,10.9,259.7,-47.3,1.2,19.9,RS41-SGP,403.502,13.6,-875,11,2.8,,
2026-09-19T15:52:38.006Z,X1909261,6641,-15.55877,-47.61752,26810.7,4.7,9.9,264.5,-47.1,1.2,19.8,RS41-SGP,403.502,14.7,-875,11,2.8,,
2026-09-19T15:52:39.006Z,X1909261,6642,-15.55878,-47.61761,26815.6,5.0,8.7,266.4,-46.3,1.1,19.8,RS41-SGP,403.502,15.0,-875,11,2.8,,
2026-09-19T15:52:40.006Z,X1909261,6643,-15.55878,-47.61769,26820.4,4.8,8.2,267.8,-46.1,1.1,19.8,RS41-SGP,403.502,15.0,-875,11,2.7,,
2026-09-19T15:52:41.006Z,X1909261,6644,-15.55878,-47.61776,26824.9,4.1,7.9,273.3,-46.6,1.1,19.8,RS41-SGP,403.502,14.5,-875,11,2.7,,
2026-09-19T15:52:42.006Z,X1909261,6645,-15.55877,-47.61784,26828.7,3.6,8.0,283.2,-47.3,1.2,19.8,RS41-SGP,403.502,15.4,-875,11,2.8,,
2026-09-19T15:52:43.006Z,X1909261,6646,-15.55875,-47.61791,26832.4,3.7,8.1,289.7,-47.6,1.2,19.8,RS41-SGP,403.502,15.4,-875,11,2.8,,
2026-09-19T15:52:44.006Z,X1909261,6647,-15.55873,-47.61798,26836.3,4.1,7.9,285.5,-47.8,1.3,19.8,RS41-SGP,403.502,15.1,-875,11,2.8,,
2026-09-19T15:52:45.006Z,X1909261,6648,-15.55872,-47.61805,26840.4,4.3,7.5,273.5,-48.0,1.3,19.8,RS41-SGP,403.502,15.1,-875,11,2.8,,
2026-09-19T15:52:46.006Z,X1909261,6649,-15.55872,-47.61812,26845.0,4.7,7.6,265.3,-48.1,1.3,19.7,RS41-SGP,403.502,15.6,-875,11,2.8,,
2026-09-19T15:52:47.006Z,X1909261,6650,-15.55872,-47.61819,26849.7,4.8,7.9,263.3,-48.1,1.3,19.7,RS41-SGP,403.502,15.6,-875,11,2.7,,
2026-09-19T15:52:48.006Z,X1909261,6651,-15.55873,-47.61827,26854.3,4.3,8.7,264.2,-48.2,1.3,19.7,RS41-SGP,403.502,15.6,-875,11,2.7,,
2026-09-19T15:52:49.006Z,X1909261,6652,-15.55874,-47.61835,26858.4,4.0,9.9,262.2,-47.5,1.2,19.7,RS41-SGP,403.502,15.4,-875,11,2.8,,
2026-09-19T15:52:50.006Z,X1909261,6653,-15.55876,-47.61844,26862.4,4.0,10.6,260.6,-46.5,1.1,19.7,RS41-SGP,403.502,13.7,-875,11,2.8,,
2026-09-19T15:52:51.006Z,X1909261,6654,-15.55877,-47.61854,26866.6,4.4,10.3,260.5,-46.4,1.1,19.6,RS41-SGP,403.502,13.6,-875,11,2.8,,
2026-09-19T15:52:52.006Z,X1909261,6655,-15.55878,-47.61863,26871.2,4.9,9.5,263.9,-46.6,1.1,19.6,RS41-SGP,403.502,13.7,-875,11,2.8,,
2026-09-19T15:52:53.006Z,X1909261,6656,-15.55879,-47.61872,26876.3,5.3,9.0,270.0,-46.8,1.1,19.6,RS41-SGP,403.502,13.8,-875,11,2.7,,
2026-09-19T15:52:54.006Z,X1909261,6657,-15.55878,-47.61880,26881.4,4.9,9.3,277.6,-46.7,1.1,19.6,RS41-SGP,403.502,13.8,-875,11,2.7,,
2026-09-19T15:52:55.006Z,X1909261,6658,-15.55877,-47.61889,26885.8,3.9,9.6,284.7,-46.8,1.1,19.6,RS41-SGP,403.502,13.7,-875,11,2.8,,
2026-09-19T15:52:56.006Z,X1909261,6659,-15.55874,-47.61897,26889.6,3.7,9.6,291.0,-47.3,1.1,19.6,RS41-SGP,403.502,14.7,-875,11,2.8,,
2026-09-19T15:52:57.006Z,X1909261,6660,-15.55871,-47.61905,26893.4,4.0,9.2,292.0,-47.7,1.2,19.6,RS41-SGP,403.502,15.0,-875,11,2.8,,
2026-09-19T15:52:58.006Z,X1909261,6661,-15.55868,-47.61913,26897.7,4.6,8.9,286.7,-48.0,1.2,19.6,RS41-SGP,403.502,15.2,-875,11,2.8,,
2026-09-19T15:52:59.006Z,X1909261,6662,-15.55866,-47.61921,26902.4,4.9,9.3,279.8,-48.1,1.3,19.6,RS41-SGP,403.502,15.2,-875,11,2.8,,
2026-09-19T15:53:00.006Z,X1909261,6663,-15.55865,-47.61930,26907.2,4.7,10.2,274.4,-47.6,1.2,19.6,RS41-SGP,403.502,15.1,-875,11,2.7,,
2026-09-19T15:53:01.006Z,X1909261,6664,-15.55865,-47.61940,26911.7,4.2,10.7,269.5,-47.1,1.2,19.5,RS41-SGP,403.502,15.1,-875,11,2.7,,
2026-09-19T15:53:02.006Z,X1909261,6665,-15.55865,-47.61950,26915.8,4.0,10.6,265.8,-47.5,1.2,19.5,RS41-SGP,403.502,13.2,-875,11,2.8,,
2026-09-19T15:53:03.006Z,X1909261,6666,-15.55866,-47.61960,26919.9,4.1,10.0,264.0,-47.7,1.2,19.5,RS41-SGP,403.502,13.3,-875,11,2.8,,
2026-09-19T15:53:04.006Z,X1909261,6667,-15.55867,-47.61969,26924.2,4.6,9.5,266.2,-47.9,1.3,19.5,RS41-SGP,403.502,13.3,-875,11,2.8,,
2026-09-19T15:53:05.006Z,X1909261,6668,-15.55867,-47.61977,26929.0,5.0,9.4,271.9,-48.1,1.3,19.5,RS41-SGP,403.502,13.3,-875,11,2.8,,
2026-09-19T15:53:06.006Z,X1909261,6669,-15.55866,-47.61986,26934.0,5.0,9.6,279.0,-47.8,1.2,19.4,RS41-SGP,403.502,11.8,-875,11,2.7,,
2026-09-19T15:53:07.006Z,X1909261,6670,-15.55864,-47.61995,26938.6,4.2,9.6,286.6,-47.5,1.2,19.4,RS41-SGP,403.502,12.3,-875,11,2.7,,
2026-09-19T15:53:08.006Z,X1909261,6671,-15.55861,-47.62003,26942.5,3.7,9.2,294.3,-46.7,1.1,19.4,RS41-SGP,403.502,13.9,-875,11,2.8,,
2026-09-19T15:53:09.006Z,X1909261,6672,-15.55858,-47.62010,26946.4,4.0,8.9,296.9,-46.0,1.0,19.4,RS41-SGP,403.502,14.9,-875,11,2.8,,
2026-09-19T15:53:10.006Z,X1909261,6673,-15.55854,-47.62018,26950.7,4.5,8.9,291.9,-45.4,1.0,19.4,RS41-SGP,403.502,14.9,-875,11,2.8,,
2026-09-19T15:53:11.006Z,X1909261,6674,-15.55852,-47.62026,26955.4,5.1,9.4,284.7,-44.9,0.9,19.4,RS41-SGP,403.502,14.1,-875,11,2.8,,
2026-09-19T15:53:12.006Z,X1909261,6675,-15.55850,-47.62035,26960.5,5.1,10.3,279.4,-45.2,1.0,19.4,RS41-SGP,403.502,13.9,-875,11,2.8,,
2026-09-19T15:53:13.006Z,X1909261,6676,-15.55849,-47.62045,26965.1,4.2,11.0,276.3,-46.0,1.0,19.4,RS41-SGP,403.502,13.9,-875,11,2.7,,
2026-09-19T15:53:14.006Z,X1909261,6677,-15.55848,-47.62055,26969.1,3.8,11.3,272.1,-46.0,1.1,19.4,RS41-SGP,403.502,13.7,-875,11,2.7,,
2026-09-19T15:53:15.006Z,X1909261,6678,-15.55848,-47.62066,26972.9,3.9,11.2,269.2,-46.2,1.1,19.3,RS41-SGP,403.502,13.1,-875,11,2.8,,
2026-09-19T15:53:16.006Z,X1909261,6679,-15.55848,-47.62076,26977.1,4.4,10.6,270.7,-46.9,1.2,19.3,RS41-SGP,403.502,12.4,-875,11,2.8,,
2026-09-19T15:53:17.006Z,X1909261,6680,-15.55847,-47.62085,26981.7,4.9,10.2,276.0,-47.4,1.3,19.3,RS41-SGP,403.502,12.2,-875,11,2.8,,
2026-09-19T15:53:18.006Z,X1909261,6681,-15.55846,-47.62095,26986.7,5.1,10.1,282.7,-47.7,1.3,19.3,RS41-SGP,403.502,12.2,-875,11,2.8,,
2026-09-19T15:53:19.006Z,X1909261,6682,-15.55844,-47.62103,26991.4,4.3,9.5,289.4,-47.7,1.3,19.3,RS41-SGP,403.502,12.1,-875,11,2.8,,
2026-09-19T15:53:20.006Z,X1909261,6683,-15.55840,-47.62111,26995.4,3.7,8.7,296.4,-47.9,1.3,19.3,RS41-SGP,403.502,14.3,-875,11,2.7,,
2026-09-19T15:53:21.006Z,X1909261,6684,-15.55837,-47.62118,26999.2,3.9,8.0,300.0,-48.2,1.4,19.3,RS41-SGP,403.502,14.3,-875,11,2.7,,
2026-09-19T15:53:22.006Z,X1909261,6685,-15.55833,-47.62125,27003.3,4.4,8.2,296.1,-48.4,1.4,19.2,RS41-SGP,403.502,14.4,-875,11,2.8,,
2026-09-19T15:53:23.006Z,X1909261,6686,-15.55830,-47.62132,27007.9,4.8,9.4,290.3,-48.4,1.4,19.2,RS41-SGP,403.502,14.6,-875,11,2.8,,
2026-09-19T15:53:24.006Z,X1909261,6687,-15.55828,-47.62141,27012.7,4.8,10.7,285.6,-48.1,1.4,19.2,RS41-SGP,403.502,14.6,-875,11,2.8,,
2026-09-19T15:53:25.006Z,X1909261,6688,-15.55825,-47.62151,27017.3,4.5,11.7,282.3,-48.1,1.4,19.2,RS41-SGP,403.502,14.3,-875,11,2.8,,
2026-09-19T15:53:26.006Z,X1909261,6689,-15.55823,-47.62162,27021.5,3.9,12.1,278.5,-48.2,1.4,19.2,RS41-SGP,403.502,13.2,-875,11,2.7,,
2026-09-19T15:53:27.006Z,X1909261,6690,-15.55822,-47.62173,27025.5,4.1,12.0,276.1,-48.3,1.4,19.2,RS41-SGP,403.502,12.4,-875,11,2.7,,
2026-09-19T15:53:28.006Z,X1909261,6691,-15.55821,-47.62184,27029.7,4.4,11.7,277.4,-48.3,1.4,19.2,RS41-SGP,403.502,12.2,-875,11,2.8,,
2026-09-19T15:53:29.006Z,X1909261,6692,-15.55819,-47.62194,27034.3,4.8,11.3,281.5,-48.4,1.4,19.2,RS41-SGP,403.502,12.3,-875,11,2.8,,
2026-09-19T15:53:30.006Z,X1909261,6693,-15.55816,-47.62205,27039.1,4.9,11.2,286.5,-48.5,1.4,19.1,RS41-SGP,403.502,12.3,-875,11,2.8,,
2026-09-19T15:53:31.006Z,X1909261,6694,-15.55813,-47.62214,27043.9,4.7,10.7,291.0,-48.6,1.4,19.1,RS41-SGP,403.502,12.0,-875,11,2.8,,
2026-09-19T15:53:32.006Z,X1909261,6695,-15.55810,-47.62223,27048.2,3.9,9.5,294.7,-48.2,1.4,19.1,RS41-SGP,403.502,13.8,-875,11,2.8,,
2026-09-19T15:53:33.006Z,X1909261,6696,-15.55806,-47.62230,27052.0,3.7,8.6,299.0,-48.5,1.4,19.1,RS41-SGP,403.502,14.9,-875,11,2.7,,
2026-09-19T15:53:34.006Z,X1909261,6697,-15.55802,-47.62237,27055.8,4.0,8.3,299.1,-48.7,1.4,19.1,RS41-SGP,403.502,15.3,-875,11,2.7,,
2026-09-19T15:53:35.006Z,X1909261,6698,-15.55799,-47.62244,27060.0,4.3,9.1,294.4,-48.7,1.4,19.1,RS41-SGP,403.502,15.3,-875,11,2.8,,
2026-09-19T15:53:36.006Z,X1909261,6699,-15.55796,-47.62253,27064.5,4.7,10.0,290.2,-48.7,1.4,19.1,RS41-SGP,403.502,15.0,-875,11,2.8,,
2026-09-19T15:53:37.006Z,X1909261,6700,-15.55793,-47.62262,27069.3,5.1,10.2,286.8,-48.6,1.4,19.0,RS41-SGP,403.502,16.0,-875,11,2.8,,
2026-09-19T15:53:38.006Z,X1909261,6701,-15.55791,-47.62271,27074.2,4.6,10.0,281.4,-48.5,1.4,19.1,RS41-SGP,403.502,16.3,-875,11,2.8,,
2026-09-19T15:53:39.006Z,X1909261,6702,-15.55789,-47.62280,27078.3,3.8,10.2,273.6,-48.0,1.3,19.1,RS41-SGP,403.502,16.3,-875,11,2.7,,
2026-09-19T15:53:40.006Z,X1909261,6703,-15.55789,-47.62290,27082.1,3.7,11.0,267.1,-47.0,1.2,19.0,RS41-SGP,403.502,15.2,-875,11,2.7,,
2026-09-19T15:53:41.006Z,X1909261,6704,-15.55790,-47.62300,27086.1,4.2,11.6,266.8,-46.8,1.1,19.0,RS41-SGP,403.502,14.0,-875,11,2.8,,
2026-09-19T15:53:42.006Z,X1909261,6705,-15.55790,-47.62311,27090.4,4.5,11.1,270.8,-46.5,1.1,19.0,RS41-SGP,403.502,14.4,-875,11,2.8,,
2026-09-19T15:53:43.006Z,X1909261,6706,-15.55790,-47.62320,27095.0,4.6,9.9,274.5,-45.9,1.0,19.0,RS41-SGP,403.502,14.5,-875,11,2.8,,
2026-09-19T15:53:44.006Z,X1909261,6707,-15.55789,-47.62329,27099.5,4.5,8.7,274.7,-46.4,1.1,19.0,RS41-SGP,403.502,14.9,-875,11,2.8,,
2026-09-19T15:53:45.006Z,X1909261,6708,-15.55788,-47.62337,27103.7,3.8,7.9,272.7,-47.2,1.2,18.9,RS41-SGP,403.502,14.9,-875,11,2.8,,
2026-09-19T15:53:46.006Z,X1909261,6709,-15.55788,-47.62344,27107.4,3.5,7.3,275.2,-47.9,1.2,18.9,RS41-SGP,403.502,15.1,-875,11,2.7,,
2026-09-19T15:53:47.006Z,X1909261,6710,-15.55787,-47.62350,27111.0,3.6,7.1,280.0,-48.4,1.3,18.9,RS41-SGP,403.502,16.0,-875,11,2.7,,
2026-09-19T15:53:48.006Z,X1909261,6711,-15.55786,-47.62357,27114.8,3.9,7.1,282.7,-48.5,1.3,18.9,RS41-SGP,403.502,16.4,-875,11,2.8,,
2026-09-19T15:53:49.006Z,X1909261,6712,-15.55785,-47.62363,27119.0,4.5,7.4,278.9,-48.2,1.3,18.9,RS41-SGP,403.502,16.4,-875,11,2.8,,
2026-09-19T15:53:50.006Z,X1909261,6713,-15.55784,-47.62370,27123.8,4.9,7.8,271.6,-48.3,1.3,18.9,RS41-SGP,403.502,16.2,-875,11,2.8,,
2026-09-19T15:53:51.006Z,X1909261,6714,-15.55784,-47.62378,27128.7,4.9,8.5,267.0,-48.4,1.3,18.9,RS41-SGP,403.502,16.2,-875,11,2.8,,
2026-09-19T15:53:52.006Z,X1909261,6715,-15.55785,-47.62386,27133.3,4.5,9.5,267.6,-48.4,1.3,18.9,RS41-SGP,403.502,16.0,-875,11,2.8,,
2026-09-19T15:53:53.006Z,X1909261,6716,-15.55785,-47.62395,27137.6,4.0,10.5,270.1,-47.7,1.2,18.9,RS41-SGP,403.502,15.6,-875,11,2.7,,
2026-09-19T15:53:54.006Z,X1909261,6717,-15.55785,-47.62405,27141.6,4.2,10.7,270.6,-46.7,1.1,18.9,RS41-SGP,403.502,15.4,-875,11,2.7,,
2026-09-19T15:53:55.006Z,X1909261,6718,-15.55785,-47.62415,27146.0,4.5,9.8,267.7,-46.2,1.0,18.8,RS41-SGP,403.502,15.2,-875,11,2.8,,
2026-09-19T15:53:56.006Z,X1909261,6719,-15.55785,-47.62423,27150.5,4.6,8.2,262.2,-46.5,1.0,18.8,RS41-SGP,403.502,14.7,-875,11,2.8,,
2026-09-19T15:53:57.006Z,X1909261,6720,-15.55787,-47.62430,27155.2,4.8,6.9,257.6,-47.3,1.1,18.8,RS41-SGP,403.502,14.7,-875,11,2.8,,
2026-09-19T15:53:58.006Z,X1909261,6721,-15.55788,-47.62436,27160.2,5.1,6.1,263.4,-47.8,1.2,18.8,RS41-SGP,403.502,14.3,-875,11,2.8,,
2026-09-19T15:53:59.006Z,X1909261,6722,-15.55788,-47.62441,27165.2,4.7,5.9,277.9,-48.2,1.3,18.8,RS41-SGP,403.502,14.7,-875,11,2.7,,
2026-09-19T15:54:00.006Z,X1909261,6723,-15.55786,-47.62447,27169.6,4.2,6.1,292.9,-48.1,1.2,18.8,RS41-SGP,403.502,16.5,-875,11,2.7,,
2026-09-19T15:54:01.006Z,X1909261,6724,-15.55784,-47.62452,27174.0,4.4,6.1,300.9,-48.3,1.2,18.7,RS41-SGP,403.502,16.6,-875,11,2.8,,
2026-09-19T15:54:02.006Z,X1909261,6725,-15.55781,-47.62456,27178.4,4.4,5.5,297.2,-48.5,1.3,18.7,RS41-SGP,403.502,16.7,-875,11,2.8,,
2026-09-19T15:54:03.006Z,X1909261,6726,-15.55779,-47.62461,27182.8,4.6,5.1,283.7,-48.6,1.3,18.7,RS41-SGP,403.502,16.7,-875,11,2.8,,
2026-09-19T15:54:04.006Z,X1909261,6727,-15.55779,-47.62466,27187.6,4.9,5.7,274.6,-48.4,1.3,18.7,RS41-SGP,403.502,16.2,-875,11,2.8,,
2026-09-19T15:54:05.006Z,X1909261,6728,-15.55778,-47.62472,27192.4,4.8,6.4,275.7,-48.4,1.3,18.7,RS41-SGP,403.502,16.4,-875,11,2.8,,
2026-09-19T15:54:06.006Z,X1909261,6729,-15.55777,-47.62478,27197.3,4.9,7.1,278.2,-48.3,1.3,18.7,RS41-SGP,403.502,17.2,-875,11,2.7,,
2026-09-19T15:54:07.006Z,X1909261,6730,-15.55777,-47.62484,27202.0,4.5,7.5,272.7,-48.2,1.2,18.7,RS41-SGP,403.502,17.2,-875,11,2.7,,
2026-09-19T15:54:08.006Z,X1909261,6731,-15.55777,-47.62492,27206.1,3.6,8.0,260.2,-47.4,1.2,18.7,RS41-SGP,403.502,16.9,-875,11,2.8,,
2026-09-19T15:54:09.006Z,X1909261,6732,-15.55779,-47.62499,27209.7,3.7,8.6,248.2,-47.8,1.2,18.7,RS41-SGP,403.502,15.6,-875,11,2.8,,
2026-09-19T15:54:10.006Z,X1909261,6733,-15.55782,-47.62506,27213.9,4.7,8.2,246.4,-48.2,1.3,18.6,RS41-SGP,403.502,14.2,-875,11,2.8,,
2026-09-19T15:54:11.006Z,X1909261,6734,-15.55784,-47.62513,27218.9,5.3,6.9,256.9,-48.3,1.3,18.6,RS41-SGP,403.502,14.8,-875,11,2.8,,
2026-09-19T15:54:12.006Z,X1909261,6735,-15.55785,-47.62519,27224.2,5.3,6.3,272.6,-47.9,1.2,18.6,RS41-SGP,403.502,15.7,-875,11,2.7,,
2026-09-19T15:54:13.006Z,X1909261,6736,-15.55784,-47.62524,27229.4,5.0,6.1,279.9,-48.1,1.2,18.6,RS41-SGP,403.502,15.8,-875,11,2.7,,
2026-09-19T15:54:14.006Z,X1909261,6737,-15.55784,-47.62530,27234.1,4.5,5.9,277.7,-48.3,1.3,18.6,RS41-SGP,403.502,15.8,-875,11,2.8,,
2026-09-19T15:54:15.006Z,X1909261,6738,-15.55783,-47.62535,27238.7,4.6,5.6,270.5,-48.5,1.3,18.6,RS41-SGP,403.502,16.0,-875,11,2.8,,
2026-09-19T15:54:16.006Z,X1909261,6739,-15.55783,-47.62540,27243.4,4.9,5.5,265.7,-48.5,1.3,18.6,RS41-SGP,403.502,16.1,-875,11,2.8,,
2026-09-19T15:54:17.006Z,X1909261,6740,-15.55784,-47.62546,27248.5,5.1,5.9,265.0,-48.3,1.3,18.6,RS41-SGP,403.502,17.2,-875,11,2.8,,
2026-09-19T15:54:18.006Z,X1909261,6741,-15.55785,-47.62552,27253.4,4.6,7.1,261.1,-48.1,1.3,18.5,RS41-SGP,403.502,17.3,-875,11,2.8,,
2026-09-19T15:54:19.006Z,X1909261,6742,-15.55786,-47.62559,27257.6,4.1,8.6,255.2,-47.7,1.2,18.5,RS41-SGP,403.502,17.3,-875,11,2.7,,
2026-09-19T15:54:20.006Z,X1909261,6743,-15.55789,-47.62567,27261.9,4.4,9.6,249.3,-46.9,1.1,18.5,RS41-SGP,403.502,14.8,-875,11,2.7,,
2026-09-19T15:54:23.006Z,X1909261,6746,-15.55796,-47.62590,27276.5,5.0,7.3,258.7,-45.3,0.9,18.5,RS41-SGP,403.502,14.2,-875,11,2.8,,
2026-09-19T15:54:24.006Z,X1909261,6747,-15.55797,-47.62596,27281.4,4.8,6.9,263.4,-46.4,1.0,18.5,RS41-SGP,403.502,14.2,-875,11,2.8,,
2026-09-19T15:54:25.006Z,X1909261,6748,-15.55798,-47.62602,27285.8,4.1,6.4,263.6,-47.1,1.1,18.4,RS41-SGP,403.502,13.8,-875,11,2.8,,
2026-09-19T15:54:26.006Z,X1909261,6749,-15.55798,-47.62608,27289.4,3.0,5.5,262.5,-47.0,1.1,18.4,RS41-SGP,403.502,15.0,-875,11,2.7,,
2026-09-19T15:54:27.006Z,X1909261,6750,-15.55799,-47.62612,27292.5,3.2,4.3,256.9,-47.7,1.2,18.4,RS41-SGP,403.502,16.6,-875,11,2.7,,
2026-09-19T15:54:28.006Z,X1909261,6751,-15.55800,-47.62616,27296.1,4.1,4.5,251.5,-48.2,1.3,18.4,RS41-SGP,403.502,16.6,-875,11,2.8,,
2026-09-19T15:54:29.006Z,X1909261,6752,-15.55802,-47.62621,27300.6,4.9,5.7,250.5,-48.5,1.3,18.4,RS41-SGP,403.502,16.2,-875,11,2.8,,
2026-09-19T15:54:30.006Z,X1909261,6753,-15.55804,-47.62626,27305.9,5.5,7.0,249.4,-48.4,1.3,18.4,RS41-SGP,403.502,15.9,-875,11,2.8,,
2026-09-19T15:54:31.006Z,X1909261,6754,-15.55806,-47.62633,27311.2,5.2,7.6,246.2,-48.1,1.3,18.4,RS41-SGP,403.502,15.6,-875,11,2.8,,
2026-09-19T15:54:32.006Z,X1909261,6755,-15.55809,-47.62639,27316.0,4.4,8.0,240.7,-46.8,1.1,18.4,RS41-SGP,403.502,15.0,-875,11,2.7,,
2026-09-19T15:54:33.006Z,X1909261,6756,-15.55813,-47.62646,27320.4,4.3,8.5,235.8,-45.7,1.0,18.4,RS41-SGP,403.502,15.0,-875,11,2.7,,
2026-09-19T15:54:34.006Z,X1909261,6757,-15.55818,-47.62652,27324.6,4.3,8.8,233.6,-44.9,0.9,18.3,RS41-SGP,403.502,14.7,-875,11,2.8,,
2026-09-19T15:54:35.006Z,X1909261,6758,-15.55822,-47.62659,27329.1,4.6,8.5,234.0,-44.4,0.8,18.3,RS41-SGP,403.502,13.5,-875,11,2.8,,
2026-09-19T15:54:36.006Z,X1909261,6759,-15.55827,-47.62665,27333.8,4.8,7.6,234.7,-44.0,0.8,18.3,RS41-SGP,403.502,13.3,-875,11,2.8,,
2026-09-19T15:54:37.006Z,X1909261,6760,-15.55830,-47.62670,27338.6,4.7,6.4,233.6,-44.1,0.8,18.3,RS41-SGP,403.502,13.5,-875,11,2.8,,
2026-09-19T15:54:40.006Z,X1909261,6763,-15.55838,-47.62681,27351.5,4.4,4.3,241.0,-47.6,1.2,18.2,RS41-SGP,403.502,15.8,-875,11,2.7,,
2026-09-19T15:54:41.006Z,X1909261,6764,-15.55840,-47.62685,27356.0,4.6,4.8,247.5,-48.1,1.2,18.2,RS41-SGP,403.502,15.8,-875,11,2.8,,
2026-09-19T15:54:42.006Z,X1909261,6765,-15.55842,-47.62689,27360.7,4.8,5.4,249.0,-48.4,1.3,18.2,RS41-SGP,403.502,15.0,-875,11,2.8,,
2026-09-19T15:54:43.006Z,X1909261,6766,-15.55844,-47.62694,27365.6,5.1,5.9,246.1,-48.2,1.3,18.2,RS41-SGP,403.502,15.8,-875,11,2.8,,
2026-09-19T15:54:44.006Z,X1909261,6767,-15.55846,-47.62699,27370.6,5.0,6.4,242.4,-48.3,1.3,18.2,RS41-SGP,403.502,16.3,-875,11,2.8,,
2026-09-19T15:54:45.006Z,X1909261,6768,-15.55849,-47.62705,27375.3,4.3,7.3,243.0,-48.3,1.3,18.2,RS41-SGP,403.502,16.3,-875,11,2.8,,
2026-09-19T15:54:46.006Z,X1909261,6769,-15.55852,-47.62712,27379.3,3.7,8.5,244.3,-48.3,1.3,18.2,RS41-SGP,403.502,15.6,-875,11,2.7,,
2026-09-19T15:54:47.006Z,X1909261,6770,-15.55855,-47.62719,27383.1,3.9,9.3,245.0,-48.5,1.3,18.2,RS41-SGP,403.502,14.0,-875,11,2.7,,
2026-09-19T15:54:48.006Z,X1909261,6771,-15.55859,-47.62726,27387.3,4.5,8.6,242.0,-48.6,1.3,18.1,RS41-SGP,403.502,13.8,-875,11,2.8,,
2026-09-19T15:54:49.006Z,X1909261,6772,-15.55863,-47.62733,27391.9,4.8,7.2,236.9,-48.6,1.3,18.1,RS41-SGP,403.502,14.6,-875,11,2.8,,
2026-09-19T15:54:50.006Z,X1909261,6773,-15.55866,-47.62738,27397.0,5.3,6.3,231.3,-47.8,1.2,18.1,RS41-SGP,403.502,14.6,-875,11,2.8,,
2026-09-19T15:54:51.006Z,X1909261,6774,-15.55870,-47.62742,27402.2,5.1,5.9,229.5,-47.3,1.2,18.1,RS41-SGP,403.502,14.4,-875,11,2.8,,
2026-09-19T15:54:52.006Z,X1909261,6775,-15.55873,-47.62746,27406.9,4.4,5.2,228.8,-47.5,1.2,18.1,RS41-SGP,403.502,14.2,-875,11,2.7,,
2026-09-19T15:54:53.006Z,X1909261,6776,-15.55876,-47.62749,27411.2,4.0,3.8,224.6,-48.0,1.2,18.1,RS41-SGP,403.502,15.3,-875,11,2.7,,
2026-09-19T15:54:54.006Z,X1909261,6777,-15.55878,-47.62751,27415.3,4.2,3.1,211.0,-48.4,1.3,18.1,RS41-SGP,403.502,15.9,-875,11,2.8,,
2026-09-19T15:54:55.006Z,X1909261,6778,-15.55881,-47.62752,27419.7,4.6,3.2,205.5,-48.6,1.3,18.1,RS41-SGP,403.502,16.5,-875,11,2.8,,
2026-09-19T15:54:56.006Z,X1909261,6779,-15.55883,-47.62754,27424.5,5.0,4.0,213.6,-48.7,1.3,18.1,RS41-SGP,403.502,16.5,-875,11,2.8,,
2026-09-19T15:54:57.006Z,X1909261,6780,-15.55886,-47.62757,27429.7,5.3,4.8,225.8,-48.6,1.3,18.0,RS41-SGP,403.502,15.9,-875,11,2.8,,
2026-09-19T15:54:58.006Z,X1909261,6781,-15.55889,-47.62761,27434.7,4.8,5.5,239.4,-48.2,1.3,18.0,RS41-SGP,403.502,15.4,-875,11,2.8,,
2026-09-19T15:54:59.006Z,X1909261,6782,-15.55891,-47.62765,27439.1,4.1,6.3,249.4,-48.4,1.3,18.0,RS41-SGP,403.502,14.8,-875,11,2.7,,
2026-09-19T15:55:00.006Z,X1909261,6783,-15.55893,-47.62771,27443.2,4.1,6.6,251.7,-48.5,1.3,18.0,RS41-SGP,403.502,14.7,-875,11,2.7,,
2026-09-19T15:55:01.006Z,X1909261,6784,-15.55895,-47.62777,27447.5,4.5,6.4,248.5,-48.5,1.3,18.0,RS41-SGP,403.502,14.7,-875,11,2.8,,
2026-09-19T15:55:02.006Z,X1909261,6785,-15.55897,-47.62782,27452.0,4.7,5.6,242.4,-48.5,1.3,18.0,RS41-SGP,403.502,15.3,-875,11,2.8,,
2026-09-19T15:55:03.006Z,X1909261,6786,-15.55900,-47.62786,27456.9,5.1,5.1,238.6,-48.2,1.3,18.0,RS41-SGP,403.502,15.4,-875,11,2.8,,
2026-09-19T15:55:04.006Z,X1909261,6787,-15.55902,-47.62790,27462.1,5.3,4.6,237.6,-48.3,1.3,18.0,RS41-SGP,403.502,15.4,-875,11,2.8,,
2026-09-19T15:55:05.006Z,X1909261,6788,-15.55904,-47.62793,27467.1,4.6,4.0,229.4,-48.2,1.3,17.9,RS41-SGP,403.502,15.2,-875,11,2.8,,
2026-09-19T15:55:06.006Z,X1909261,6789,-15.55907,-47.62795,27471.5,4.3,3.5,210.6,-48.2,1.3,17.9,RS41-SGP,403.502,15.8,-875,11,2.7,,
2026-09-19T15:55:07.006Z,X1909261,6790,-15.55910,-47.62797,27475.9,4.4,3.4,195.1,-48.3,1.3,17.9,RS41-SGP,403.502,16.8,-875,11,2.7,,
2026-09-19T15:55:08.006Z,X1909261,6791,-15.55913,-47.62798,27480.5,4.7,3.2,200.8,-48.3,1.3,17.9,RS41-SGP,403.502,16.8,-875,11,2.8,,
2026-09-19T15:55:09.006Z,X1909261,6792,-15.55915,-47.62799,27485.2,4.9,3.0,223.2,-48.5,1.3,17.9,RS41-SGP,403.502,16.0,-875,11,2.8,,
2026-09-19T15:55:10.006Z,X1909261,6793,-15.55917,-47.62801,27490.1,5.0,3.2,244.3,-48.6,1.3,17.9,RS41-SGP,403.502,15.7,-875,11,2.8,,
2026-09-19T15:55:11.006Z,X1909261,6794,-15.55918,-47.62804,27495.0,4.9,3.3,255.7,-48.4,1.3,17.9,RS41-SGP,403.502,16.0,-875,11,2.8,,
2026-09-19T15:55:12.006Z,X1909261,6795,-15.55918,-47.62807,27499.8,4.6,3.6,261.6,-48.3,1.3,17.9,RS41-SGP,403.502,16.1,-875,11,2.7,,
2026-09-19T15:55:13.006Z,X1909261,6796,-15.55919,-47.62811,27504.3,4.3,4.2,260.9,-48.4,1.3,17.8,RS41-SGP,403.502,16.1,-875,11,2.7,,
2026-09-19T15:55:14.006Z,X1909261,6797,-15.55919,-47.62815,27508.6,4.3,4.8,258.3,-48.4,1.4,17.8,RS41-SGP,403.502,15.6,-875,11,2.8,,
2026-09-19T15:55:15.006Z,X1909261,6798,-15.55920,-47.62819,27512.9,4.4,4.9,254.9,-48.5,1.3,17.8,RS41-SGP,403.502,15.6,-875,11,2.8,,
2026-09-19T15:55:16.006Z,X1909261,6799,-15.55922,-47.62823,27517.6,4.9,4.4,250.2,-48.5,1.3,17.8,RS41-SGP,403.502,15.5,-875,11,2.8,,
2026-09-19T15:55:17.006Z,X1909261,6800,-15.55923,-47.62827,27522.7,5.3,3.7,244.3,-48.6,1.4,17.8,RS41-SGP,403.502,16.4,-875,11,2.8,,
2026-09-19T15:55:18.006Z,X1909261,6801,-15.55925,-47.62830,27528.1,5.5,3.4,234.2,-48.6,1.3,17.8,RS41-SGP,403.502,16.4,-875,11,2.8,,
2026-09-19T15:55:19.006Z,X1909261,6802,-15.55927,-47.62832,27533.2,4.8,3.4,219.1,-48.5,1.3,17.8,RS41-SGP,403.502,15.0,-875,11,2.7,,
2026-09-19T15:55:20.006Z,X1909261,6803,-15.55929,-47.62834,27537.7,4.0,3.6,196.5,-48.3,1.3,17.7,RS41-SGP,403.502,16.9,-875,11,2.7,,
2026-09-19T15:55:21.006Z,X1909261,6804,-15.55933,-47.62834,27541.6,3.9,4.1,177.0,-48.5,1.3,17.7,RS41-SGP,403.502,17.2,-875,11,2.8,,
2026-09-19T15:55:22.006Z,X1909261,6805,-15.55936,-47.62834,27545.7,4.4,3.9,174.0,-48.7,1.4,17.7,RS41-SGP,403.502,18.1,-875,11,2.8,,
2026-09-19T15:55:23.006Z,X1909261,6806,-15.55940,-47.62834,27550.6,5.1,3.1,198.7,-48.9,1.4,17.7,RS41-SGP,403.502,18.1,-875,11,2.8,,
2026-09-19T15:55:24.006Z,X1909261,6807,-15.55942,-47.62836,27555.9,5.4,3.3,233.3,-48.5,1.3,17.7,RS41-SGP,403.502,17.4,-875,11,2.8,,
2026-09-19T15:55:25.006Z,X1909261,6808,-15.55943,-47.62838,27561.1,5.2,3.8,250.3,-48.3,1.3,17.7,RS41-SGP,403.502,16.6,-875,11,2.8,,
2026-09-19T15:55:26.006Z,X1909261,6809,-15.55944,-47.62842,27566.0,4.6,3.7,260.4,-48.4,1.3,17.7,RS41-SGP,403.502,16.3,-875,11,2.7,,
2026-09-19T15:55:27.006Z,X1909261,6810,-15.55944,-47.62845,27570.5,4.4,3.0,268.7,-48.5,1.3,17.6,RS41-SGP,403.502,16.5,-875,11,2.7,,
2026-09-19T15:55:28.006Z,X1909261,6811,-15.55944,-47.62848,27574.9,4.5,2.6,275.1,-48.4,1.3,17.6,RS41-SGP,403.502,17.9,-875,11,2.8,,
2026-09-19T15:55:29.006Z,X1909261,6812,-15.55944,-47.62850,27579.8,5.1,2.5,267.4,-47.9,1.2,17.6,RS41-SGP,403.502,17.9,-875,11,2.8,,
2026-09-19T15:55:30.006Z,X1909261,6813,-15.55945,-47.62852,27585.1,5.5,3.1,256.0,-47.9,1.2,17.6,RS41-SGP,403.502,17.4,-875,11,2.8,,
2026-09-19T15:55:31.006Z,X1909261,6814,-15.55946,-47.62855,27590.4,5.2,3.5,242.1,-48.1,1.2,17.6,RS41-SGP,403.502,16.5,-875,11,2.8,,
2026-09-19T15:55:32.006Z,X1909261,6815,-15.55948,-47.62858,27595.3,4.5,3.5,223.2,-47.4,1.2,17.6,RS41-SGP,403.502,17.4,-875,11,2.7,,
2026-09-19T15:55:33.006Z,X1909261,6816,-15.55950,-47.62860,27599.6,4.3,3.6,204.4,-46.5,1.1,17.6,RS41-SGP,403.502,17.8,-875,11,2.7,,
2026-09-19T15:55:34.006Z,X1909261,6817,-15.55953,-47.62861,27604.1,4.6,3.5,202.6,-46.7,1.1,17.5,RS41-SGP,403.502,18.6,-875,11,2.8,,
2026-09-19T15:55:35.006Z,X1909261,6818,-15.55956,-47.62863,27608.9,4.9,3.4,221.6,-46.8,1.1,17.5,RS41-SGP,403.502,18.6,-875,11,2.8,,
2026-09-19T15:55:36.006Z,X1909261,6819,-15.55958,-47.62865,27614.0,5.2,4.5,241.9,-46.0,1.0,17.6,RS41-SGP,403.502,18.0,-875,11,2.8,,
2026-09-19T15:55:37.006Z,X1909261,6820,-15.55960,-47.62870,27619.1,5.0,5.5,251.4,-46.1,1.0,17.5,RS41-SGP,403.502,17.6,-875,11,2.8,,
2026-09-19T15:55:38.006Z,X1909261,6821,-15.55961,-47.62875,27623.9,4.7,6.1,258.7,-46.9,1.1,17.5,RS41-SGP,403.502,16.7,-875,11,2.8,,
2026-09-19T15:55:39.006Z,X1909261,6822,-15.55962,-47.62881,27628.4,4.2,6.5,268.3,-47.7,1.2,17.5,RS41-SGP,403.502,16.0,-875,11,2.7,,
2026-09-19T15:55:40.006Z,X1909261,6823,-15.55961,-47.62887,27632.6,4.3,6.6,277.2,-47.6,1.2,17.5,RS41-SGP,403.502,16.1,-875,11,2.7,,
2026-09-19T15:55:41.006Z,X1909261,6824,-15.55960,-47.62893,27637.1,4.8,6.6,278.7,-46.8,1.1,17.5,RS41-SGP,403.502,16.1,-875,11,2.8,,
2026-09-19T15:55:42.006Z,X1909261,6825,-15.55960,-47.62899,27642.1,5.1,6.3,272.5,-46.5,1.0,17.4,RS41-SGP,403.502,15.9,-875,11,2.8,,
2026-09-19T15:55:43.006Z,X1909261,6826,-15.55960,-47.62904,27647.3,5.3,5.8,262.5,-46.8,1.1,17.4,RS41-SGP,403.502,15.4,-875,11,2.8,,
2026-09-19T15:55:44.006Z,X1909261,6827,-15.55961,-47.62909,27652.4,4.9,5.0,251.8,-47.2,1.1,17.4,RS41-SGP,403.502,15.0,-875,11,2.8,,
2026-09-19T15:55:45.006Z,X1909261,6828,-15.55963,-47.62913,27657.1,4.4,3.6,240.5,-47.5,1.2,17.4,RS41-SGP,403.502,16.6,-875,11,2.8,,
2026-09-19T15:55:46.006Z,X1909261,6829,-15.55964,-47.62915,27661.3,4.2,2.4,230.8,-47.1,1.2,17.4,RS41-SGP,403.502,17.3,-875,11,2.7,,
2026-09-19T15:55:47.006Z,X1909261,6830,-15.55965,-47.62917,27665.7,4.4,2.3,240.8,-46.2,1.1,17.4,RS41-SGP,403.502,17.3,-875,11,2.7,,
2026-09-19T15:55:48.006Z,X1909261,6831,-15.55966,-47.62919,27670.2,4.7,3.1,252.2,-45.3,1.0,17.4,RS41-SGP,403.502,17.3,-875,11,2.8,,
2026-09-19T15:55:49.006Z,X1909261,6832,-15.55967,-47.62922,27675.3,5.3,4.0,256.5,-44.9,0.9,17.4,RS41-SGP,403.502,17.0,-875,11,2.8,,
2026-09-19T15:55:50.006Z,X1909261,6833,-15.55968,-47.62926,27680.7,5.6,4.4,258.4,-45.5,1.0,17.3,RS41-SGP,403.502,16.5,-875,11,2.8,,
2026-09-19T15:55:51.006Z,X1909261,6834,-15.55968,-47.62931,27685.9,4.8,5.1,266.5,-46.4,1.1,17.3,RS41-SGP,403.502,16.5,-875,11,2.8,,
2026-09-19T15:55:52.006Z,X1909261,6835,-15.55968,-47.62936,27690.5,4.4,5.9,276.9,-46.8,1.2,17.3,RS41-SGP,403.502,16.5,-875,11,2.7,,
2026-09-19T15:55:53.006Z,X1909261,6836,-15.55967,-47.62941,27694.9,4.3,6.5,280.8,-47.4,1.2,17.3,RS41-SGP,403.502,15.9,-875,11,2.7,,
2026-09-19T15:55:54.006Z,X1909261,6837,-15.55966,-47.62947,27699.5,4.9,6.2,280.4,-47.7,1.3,17.3,RS41-SGP,403.502,15.9,-875,11,2.8,,
2026-09-19T15:55:55.006Z,X1909261,6838,-15.55966,-47.62952,27704.6,5.5,5.2,273.9,-47.9,1.3,17.3,RS41-SGP,403.502,15.9,-875,11,2.8,,
2026-09-19T15:55:56.006Z,X1909261,6839,-15.55966,-47.62956,27710.2,5.6,3.8,265.5,-47.8,1.3,17.3,RS41-SGP,403.502,15.5,-875,11,2.8,,
2026-09-19T15:55:57.006Z,X1909261,6840,-15.55966,-47.62959,27715.3,4.8,2.6,255.4,-47.2,1.3,17.2,RS41-SGP,403.502,16.1,-875,11,2.8,,
2026-09-19T15:55:58.006Z,X1909261,6841,-15.55967,-47.62961,27720.0,4.5,1.6,239.7,-46.4,1.2,17.3,RS41-SGP,403.502,16.7,-875,11,2.8,,
2026-09-19T15:55:59.006Z,X1909261,6842,-15.55968,-47.62962,27724.5,4.5,1.6,233.9,-46.1,1.1,17.2,RS41-SGP,403.502,16.7,-875,11,2.7,,
2026-09-19T15:56:00.006Z,X1909261,6843,-15.55968,-47.62964,27729.2,4.7,2.2,243.4,-45.7,1.1,17.2,RS41-SGP,403.502,16.5,-875,11,2.7,,
2026-09-19T15:56:01.006Z,X1909261,6844,-15.55969,-47.62966,27734.1,5.2,3.1,250.8,-45.3,1.0,17.2,RS41-SGP,403.502,16.2,-875,11,2.8,,
2026-09-19T15:56:02.006Z,X1909261,6845,-15.55970,-47.62969,27739.5,5.5,3.8,254.5,-45.4,1.0,17.2,RS41-SGP,403.502,16.4,-875,11,2.8,,
2026-09-19T15:56:03.006Z,X1909261,6846,-15.55971,-47.62973,27744.7,5.0,4.4,260.5,-45.9,1.1,17.2,RS41-SGP,403.502,16.4,-875,11,2.8,,
2026-09-19T15:56:04.006Z,X1909261,6847,-15.55972,-47.62978,27749.5,4.4,5.5,266.8,-46.7,1.2,17.1,RS41-SGP,403.502,16.1,-875,11,2.8,,
2026-09-19T15:56:05.006Z,X1909261,6848,-15.55972,-47.62983,27753.9,4.5,6.5,271.0,-46.9,1.2,17.1,RS41-SGP,403.502,15.0,-875,11,2.8,,
2026-09-19T15:56:06.006Z,X1909261,6849,-15.55972,-47.62989,27758.7,5.0,6.7,271.4,-47.3,1.3,17.1,RS41-SGP,403.502,14.1,-875,10,2.7,,
2026-09-19T15:56:07.006Z,X1909261,6850,-15.55972,-47.62995,27763.9,5.5,5.9,268.6,-47.6,1.3,17.1,RS41-SGP,403.502,14.3,-875,10,2.7,,
2026-09-19T15:56:08.006Z,X1909261,6851,-15.55972,-47.63000,27769.4,5.6,4.5,263.2,-47.6,1.3,17.1,RS41-SGP,403.502,14.5,-875,10,2.8,,
2026-09-19T15:56:09.006Z,X1909261,6852,-15.55973,-47.63003,27774.7,5.0,3.2,252.7,-47.3,1.3,17.1,RS41-SGP,403.502,15.2,-875,10,2.8,,
2026-09-19T15:56:10.006Z,X1909261,6853,-15.55974,-47.63006,27779.4,4.4,2.4,237.1,-46.4,1.2,17.1,RS41-SGP,403.502,16.2,-875,11,2.8,,
2026-09-19T15:56:11.006Z,X1909261,6854,-15.55975,-47.63007,27784.0,4.7,2.1,232.2,-45.7,1.1,17.1,RS41-SGP,403.502,16.2,-875,11,2.8,,
2026-09-19T15:56:12.006Z,X1909261,6855,-15.55976,-47.63009,27789.0,5.2,2.8,243.4,-45.3,1.0,17.1,RS41-SGP,403.502,15.8,-875,11,2.7,,
2026-09-19T15:56:13.006Z,X1909261,6856,-15.55977,-47.63012,27794.2,5.4,3.7,255.4,-44.9,1.0,17.1,RS41-SGP,403.502,16.3,-875,11,2.7,,
2026-09-19T15:56:14.006Z,X1909261,6857,-15.55978,-47.63016,27799.7,5.4,4.6,261.2,-45.1,1.0,17.0,RS41-SGP,403.502,16.5,-875,11,2.8,,
2026-09-19T15:56:15.006Z,X1909261,6858,-15.55978,-47.63021,27804.8,4.8,5.5,265.9,-45.9,1.1,17.1,RS41-SGP,403.502,16.5,-875,11,2.8,,
2026-09-19T15:56:16.006Z,X1909261,6859,-15.55978,-47.63026,27809.3,4.4,6.6,269.8,-46.3,1.1,17.0,RS41-SGP,403.502,16.3,-875,11,2.8,,
2026-09-19T15:56:17.006Z,X1909261,6860,-15.55978,-47.63033,27813.7,4.4,7.3,270.1,-46.0,1.1,17.0,RS41-SGP,403.502,15.6,-875,11,2.8,,
2026-09-19T15:56:18.006Z,X1909261,6861,-15.55978,-47.63039,27818.2,4.7,7.1,267.1,-45.8,1.0,17.0,RS41-SGP,403.502,15.2,-875,11,2.8,,
2026-09-19T15:56:19.006Z,X1909261,6862,-15.55979,-47.63046,27823.1,5.0,6.4,261.9,-46.4,1.1,17.0,RS41-SGP,403.502,15.2,-875,11,2.7,,
2026-09-19T15:56:20.006Z,X1909261,6863,-15.55980,-47.63051,27828.4,5.6,5.6,258.8,-47.2,1.2,17.0,RS41-SGP,403.502,15.0,-875,11,2.7,,
2026-09-19T15:56:21.006Z,X1909261,6864,-15.55981,-47.63056,27834.0,5.6,4.8,259.3,-47.7,1.3,17.0,RS41-SGP,403.502,14.6,-875,11,2.8,,
2026-09-19T15:56:22.006Z,X1909261,6865,-15.55982,-47.63060,27839.2,4.8,3.9,259.1,-47.5,1.3,16.9,RS41-SGP,403.502,15.4,-875,11,2.8,,
2026-09-19T15:56:23.006Z,X1909261,6866,-15.55982,-47.63063,27843.7,4.4,2.9,251.2,-47.6,1.3,17.0,RS41-SGP,403.502,16.0,-875,11,2.8,,
2026-09-19T15:56:24.006Z,X1909261,6867,-15.55983,-47.63065,27848.2,4.5,2.5,241.5,-48.1,1.3,16.9,RS41-SGP,403.502,16.6,-875,11,2.8,,
2026-09-19T15:56:25.006Z,X1909261,6868,-15.55984,-47.63067,27852.8,4.6,2.9,242.6,-48.4,1.4,16.9,RS41-SGP,403.502,16.6,-875,11,2.8,,
2026-09-19T15:56:26.006Z,X1909261,6869,-15.55986,-47.63070,27857.6,5.1,3.7,251.5,-48.6,1.4,16.9,RS41-SGP,403.502,16.3,-875,11,2.7,,
2026-09-19T15:56:27.006Z,X1909261,6870,-15.55987,-47.63074,27862.8,5.4,4.6,257.8,-48.4,1.4,16.9,RS41-SGP,403.502,17.6,-875,11,2.7,,
2026-09-19T15:56:28.006Z,X1909261,6871,-15.55987,-47.63079,27868.3,5.4,5.7,260.0,-48.0,1.3,16.9,RS41-SGP,403.502,17.6,-875,11,2.8,,
2026-09-19T15:56:29.006Z,X1909261,6872,-15.55989,-47.63085,27873.3,4.6,7.1,259.0,-47.8,1.3,16.9,RS41-SGP,403.502,17.3,-875,11,2.8,,
2026-09-19T15:56:30.006Z,X1909261,6873,-15.55990,-47.63092,27877.7,4.3,8.5,258.3,-48.2,1.3,16.9,RS41-SGP,403.502,16.1,-875,11,2.8,,
2026-09-19T15:56:31.006Z,X1909261,6874,-15.55992,-47.63099,27882.2,4.7,8.8,257.0,-48.5,1.4,16.8,RS41-SGP,403.502,15.1,-875,11,2.8,,
2026-09-19T15:56:32.006Z,X1909261,6875,-15.55993,-47.63107,27887.1,4.9,8.2,256.5,-48.7,1.4,16.8,RS41-SGP,403.502,15.7,-875,11,2.7,,
2026-09-19T15:56:33.006Z,X1909261,6876,-15.55995,-47.63114,27892.0,5.0,7.3,255.9,-48.8,1.4,16.8,RS41-SGP,403.502,16.2,-875,11,2.7,,
2026-09-19T15:56:34.006Z,X1909261,6877,-15.55997,-47.63121,27897.1,5.2,6.9,253.5,-48.9,1.4,16.8,RS41-SGP,403.502,16.2,-875,11,2.8,,
2026-09-19T15:56:35.006Z,X1909261,6878,-15.55999,-47.63127,27902.2,5.0,6.8,249.5,-49.0,1.4,16.8,RS41-SGP,403.502,15.5,-875,11,2.8,,
2026-09-19T15:56:37.006Z,X1909261,6880,-15.56004,-47.63137,27911.4,3.9,5.5,236.1,-47.6,1.2,16.8,RS41-SGP,403.502,13.9,-875,11,2.8,,
2026-09-19T15:56:38.006Z,X1909261,6881,-15.56006,-47.63141,27915.2,3.7,4.4,231.8,-47.7,1.2,16.7,RS41-SGP,403.502,16.8,-875,11,2.8,,
2026-09-19T15:56:39.006Z,X1909261,6882,-15.56008,-47.63144,27919.2,4.3,4.0,240.1,-48.4,1.3,16.8,RS41-SGP,403.502,16.8,-875,11,2.7,,
2026-09-19T15:56:40.006Z,X1909261,6883,-15.56010,-47.63148,27923.7,4.6,4.8,254.0,-49.0,1.4,16.7,RS41-SGP,403.502,16.6,-875,11,2.7,,
2026-09-19T15:56:41.006Z,X1909261,6884,-15.56011,-47.63153,27928.7,5.4,5.9,258.0,-49.0,1.4,16.7,RS41-SGP,403.502,15.5,-875,11,2.8,,
2026-09-19T15:56:42.006Z,X1909261,6885,-15.56012,-47.63158,27934.3,5.9,6.3,254.5,-48.6,1.3,16.7,RS41-SGP,403.502,16.0,-875,11,2.8,,
2026-09-19T15:56:43.006Z,X1909261,6886,-15.56014,-47.63164,27940.0,5.4,6.4,252.0,-48.4,1.3,16.7,RS41-SGP,403.502,16.7,-875,11,2.8,,
2026-09-19T15:56:44.006Z,X1909261,6887,-15.56016,-47.63170,27945.2,4.9,7.0,256.4,-48.6,1.3,16.7,RS41-SGP,403.502,16.7,-875,11,2.8,,
2026-09-19T15:56:45.006Z,X1909261,6888,-15.56017,-47.63177,27950.1,4.8,8.1,262.2,-49.1,1.4,16.7,RS41-SGP,403.502,16.6,-875,11,2.8,,
2026-09-19T15:56:46.006Z,X1909261,6889,-15.56018,-47.63184,27955.1,5.2,8.8,265.4,-49.1,1.4,16.7,RS41-SGP,403.502,15.4,-875,11,2.7,,
2026-09-19T15:56:47.006Z,X1909261,6890,-15.56018,-47.63193,27960.6,5.7,8.8,263.7,-48.9,1.4,16.6,RS41-SGP,403.502,15.0,-875,11,2.7,,
2026-09-19T15:56:48.006Z,X1909261,6891,-15.56019,-47.63200,27966.6,6.2,8.0,260.5,-48.9,1.4,16.6,RS41-SGP,403.502,14.2,-875,11,2.8,,
2026-09-19T15:56:49.006Z,X1909261,6892,-15.56021,-47.63207,27972.5,5.7,6.6,257.9,-49.1,1.4,16.6,RS41-SGP,403.502,13.7,-875,11,2.8,,
2026-09-19T15:56:50.006Z,X1909261,6893,-15.56022,-47.63212,27977.9,4.9,5.3,257.4,-48.9,1.4,16.6,RS41-SGP,403.502,15.1,-875,11,2.8,,
2026-09-19T15:56:51.006Z,X1909261,6894,-15.56023,-47.63217,27982.5,4.4,4.4,259.9,-49.2,1.4,16.6,RS41-SGP,403.502,16.1,-875,11,2.8,,
2026-09-19T15:56:52.006Z,X1909261,6895,-15.56023,-47.63221,27987.1,4.7,4.5,261.4,-49.5,1.5,16.6,RS41-SGP,403.502,16.2,-875,11,2.7,,
2026-09-19T15:56:53.006Z,X1909261,6896,-15.56024,-47.63226,27991.9,4.9,5.5,261.1,-49.7,1.5,16.6,RS41-SGP,403.502,16.2,-875,11,2.7,,
2026-09-19T15:56:54.006Z,X1909261,6897,-15.56025,-47.63231,27996.9,5.1,6.5,261.7,-49.8,1.5,16.5,RS41-SGP,403.502,15.3,-875,11,2.8,,
2026-09-19T15:56:55.006Z,X1909261,6898,-15.56026,-47.63237,28002.0,5.2,6.9,263.1,-49.8,1.5,16.5,RS41-SGP,403.502,16.8,-875,11,2.8,,
2026-09-19T15:56:56.006Z,X1909261,6899,-15.56026,-47.63244,28007.0,4.8,7.3,263.8,-49.5,1.5,16.5,RS41-SGP,403.502,17.4,-875,11,2.8,,
2026-09-19T15:56:57.006Z,X1909261,6900,-15.56027,-47.63251,28011.6,4.4,8.5,262.6,-49.5,1.5,16.5,RS41-SGP,403.502,17.4,-875,11,2.8,,
2026-09-19T15:56:58.006Z,X1909261,6901,-15.56028,-47.63259,28015.8,4.1,9.9,260.2,-48.8,1.4,16.5,RS41-SGP,403.502,16.3,-875,11,2.8,,
2026-09-19T15:56:59.006Z,X1909261,6902,-15.56030,-47.63269,28020.1,4.4,10.7,258.2,-47.7,1.2,16.5,RS41-SGP,403.502,15.2,-875,11,2.7,,
2026-09-19T15:57:00.006Z,X1909261,6903,-15.56032,-47.63278,28024.7,4.8,10.2,257.9,-46.9,1.1,16.5,RS41-SGP,403.502,15.3,-875,11,2.7,,
2026-09-19T15:57:01.006Z,X1909261,6904,-15.56034,-47.63287,28029.7,5.2,9.3,258.3,-46.9,1.1,16.5,RS41-SGP,403.502,15.9,-875,11,2.8,,
2026-09-19T15:57:02.006Z,X1909261,6905,-15.56036,-47.63295,28035.0,5.4,8.7,258.2,-47.4,1.1,16.4,RS41-SGP,403.502,15.9,-875,11,2.8,,
2026-09-19T15:57:03.006Z,X1909261,6906,-15.56037,-47.63303,28040.3,5.3,8.8,257.5,-47.9,1.3,16.4,RS41-SGP,403.502,15.8,-875,11,2.8,,
2026-09-19T15:57:04.006Z,X1909261,6907,-15.56039,-47.63311,28045.6,5.1,8.9,254.5,-48.1,1.3,16.4,RS41-SGP,403.502,14.6,-875,11,2.8,,
2026-09-19T15:57:05.006Z,X1909261,6908,-15.56041,-47.63319,28050.4,4.5,8.0,250.9,-48.0,1.3,16.4,RS41-SGP,403.502,15.1,-875,11,2.8,,
2026-09-19T15:57:06.006Z,X1909261,6909,-15.56044,-47.63325,28054.4,3.6,6.7,246.6,-47.8,1.3,16.4,RS41-SGP,403.502,17.0,-875,11,2.7,,
2026-09-19T15:57:07.006Z,X1909261,6910,-15.56046,-47.63331,28058.2,3.9,5.9,243.8,-47.4,1.2,16.4,RS41-SGP,403.502,17.4,-875,11,2.7,,
2026-09-19T15:57:08.006Z,X1909261,6911,-15.56049,-47.63336,28062.4,4.4,6.9,245.9,-46.9,1.1,16.4,RS41-SGP,403.502,17.4,-875,11,2.8,,
2026-09-19T15:57:09.006Z,X1909261,6912,-15.56051,-47.63343,28066.9,4.7,8.5,248.3,-46.5,1.1,16.4,RS41-SGP,403.502,16.5,-875,11,2.8,,
2026-09-19T15:57:10.006Z,X1909261,6913,-15.56054,-47.63350,28071.9,5.4,9.3,249.2,-47.4,1.2,16.3,RS41-SGP,403.502,15.6,-875,11,2.8,,
2026-09-19T15:57:11.006Z,X1909261,6914,-15.56057,-47.63358,28077.5,5.7,8.9,246.6,-48.2,1.3,16.4,RS41-SGP,403.502,17.2,-875,11,2.8,,
2026-09-19T15:57:12.006Z,X1909261,6915,-15.56060,-47.63365,28083.0,5.3,8.4,246.0,-48.8,1.4,16.3,RS41-SGP,403.502,18.1,-875,11,2.8,,
2026-09-19T15:57:13.006Z,X1909261,6916,-15.56063,-47.63373,28088.2,5.1,9.3,248.6,-49.3,1.5,16.3,RS41-SGP,403.502,18.1,-875,11,2.7,,
2026-09-19T15:57:14.006Z,X1909261,6917,-15.56067,-47.63382,28093.1,4.9,11.0,251.9,-49.5,1.5,16.3,RS41-SGP,403.502,17.4,-875,11,2.7,,
2026-09-19T15:57:15.006Z,X1909261,6918,-15.56070,-47.63392,28098.1,5.0,12.3,252.8,-49.7,1.6,16.2,RS41-SGP,403.502,15.5,-875,11,2.8,,
2026-09-19T15:57:16.006Z,X1909261,6919,-15.56073,-47.63403,28103.3,5.4,12.2,251.0,-50.1,1.6,16.2,RS41-SGP,403.502,13.8,-875,11,2.8,,
2026-09-19T15:57:17.006Z,X1909261,6920,-15.56077,-47.63413,28108.8,5.6,11.0,247.6,-50.2,1.7,16.3,RS41-SGP,403.502,14.3,-875,11,2.8,,
2026-09-19T15:57:18.006Z,X1909261,6921,-15.56081,-47.63422,28114.4,5.4,9.6,244.2,-50.1,1.7,16.2,RS41-SGP,403.502,14.3,-875,11,2.8,,
2026-09-19T15:57:19.006Z,X1909261,6922,-15.56084,-47.63429,28119.4,4.7,8.5,241.4,-50.1,1.6,16.2,RS41-SGP,403.502,15.7,-875,11,2.7,,
2026-09-19T15:57:20.006Z,X1909261,6923,-15.56088,-47.63436,28123.9,4.2,7.9,240.2,-50.1,1.7,16.2,RS41-SGP,403.502,16.1,-875,11,2.7,,
2026-09-19T15:57:21.006Z,X1909261,6924,-15.56092,-47.63442,28128.1,4.3,8.0,239.9,-50.1,1.7,16.2,RS41-SGP,403.502,16.1,-875,11,2.8,,
2026-09-19T15:57:24.006Z,X1909261,6927,-15.56102,-47.63464,28142.4,5.2,9.1,249.3,-50.3,1.7,16.2,RS41-SGP,403.502,14.8,-875,11,2.8,,
2026-09-19T15:57:25.006Z,X1909261,6928,-15.56104,-47.63472,28147.7,5.3,9.1,251.4,-50.1,1.7,16.2,RS41-SGP,403.502,16.3,-875,11,2.8,,
2026-09-19T15:57:26.006Z,X1909261,6929,-15.56107,-47.63480,28152.8,4.9,9.6,253.3,-49.3,1.6,16.1,RS41-SGP,403.502,16.4,-875,11,2.7,,
2026-09-19T15:57:27.006Z,X1909261,6930,-15.56109,-47.63490,28157.4,4.2,10.8,255.6,-49.2,1.5,16.1,RS41-SGP,403.502,16.4,-875,11,2.7,,
2026-09-19T15:57:28.006Z,X1909261,6931,-15.56112,-47.63500,28161.6,4.1,11.9,256.4,-49.6,1.6,16.1,RS41-SGP,403.502,13.8,-875,11,2.8,,
2026-09-19T15:57:29.006Z,X1909261,6932,-15.56114,-47.63511,28166.0,4.6,11.8,256.7,-49.8,1.6,16.1,RS41-SGP,403.502,13.1,-875,11,2.8,,
2026-09-19T15:57:30.006Z,X1909261,6933,-15.56117,-47.63520,28170.9,5.2,10.4,255.0,-50.0,1.7,16.1,RS41-SGP,403.502,13.9,-875,11,2.8,,
2026-09-19T15:57:31.006Z,X1909261,6934,-15.56119,-47.63529,28176.2,5.4,8.8,254.4,-50.0,1.7,16.1,RS41-SGP,403.502,14.0,-875,11,2.8,,
2026-09-19T15:57:32.006Z,X1909261,6935,-15.56121,-47.63536,28181.4,5.1,7.7,254.1,-49.0,1.5,16.1,RS41-SGP,403.502,14.3,-875,11,2.8,,
2026-09-19T15:57:33.006Z,X1909261,6936,-15.56123,-47.63543,28186.1,4.3,6.9,252.5,-48.8,1.5,16.1,RS41-SGP,403.502,15.0,-875,11,2.7,,
2026-09-19T15:57:34.006Z,X1909261,6937,-15.56125,-47.63549,28190.3,4.2,6.2,247.2,-49.2,1.5,16.1,RS41-SGP,403.502,16.0,-875,11,2.7,,
2026-09-19T15:57:35.006Z,X1909261,6938,-15.56127,-47.63554,28194.6,4.4,6.3,240.8,-49.8,1.6,16.0,RS41-SGP,403.502,16.0,-875,11,2.8,,
2026-09-19T15:57:36.006Z,X1909261,6939,-15.56130,-47.63559,28199.3,4.9,6.7,238.6,-50.2,1.7,16.0,RS41-SGP,403.502,15.9,-875,11,2.8,,
2026-09-19T15:57:37.006Z,X1909261,6940,-15.56133,-47.63565,28204.4,5.4,7.2,241.5,-50.5,1.8,16.0,RS41-SGP,403.502,16.0,-875,11,2.8,,
2026-09-19T15:57:38.006Z,X1909261,6941,-15.56136,-47.63571,28209.8,5.4,7.5,247.9,-50.7,1.8,16.0,RS41-SGP,403.502,16.1,-875,11,2.8,,
2026-09-19T15:57:39.006Z,X1909261,6942,-15.56138,-47.63577,28214.9,4.9,8.0,254.3,-50.7,1.8,16.0,RS41-SGP,403.502,16.5,-875,11,2.7,,
2026-09-19T15:57:40.006Z,X1909261,6943,-15.56140,-47.63585,28219.4,4.1,9.0,258.3,-49.7,1.6,15.9,RS41-SGP,403.502,16.5,-875,11,2.7,,
2026-09-19T15:57:41.006Z,X1909261,6944,-15.56142,-47.63594,28223.5,4.0,9.9,257.9,-50.1,1.7,16.0,RS41-SGP,403.502,15.9,-875,11,2.8,,
2026-09-19T15:57:42.006Z,X1909261,6945,-15.56144,-47.63603,28227.6,4.3,9.7,255.0,-50.5,1.7,16.0,RS41-SGP,403.502,14.6,-875,11,2.8,,
2026-09-19T15:57:43.006Z,X1909261,6946,-15.56146,-47.63611,28232.2,4.8,8.9,252.0,-50.7,1.8,15.9,RS41-SGP,403.502,15.5,-875,11,2.8,,
2026-09-19T15:57:44.006Z,X1909261,6947,-15.56149,-47.63618,28237.2,5.3,8.0,251.0,-50.6,1.8,15.9,RS41-SGP,403.502,15.5,-875,10,2.8,,
2026-09-19T15:57:45.006Z,X1909261,6948,-15.56151,-47.63625,28242.6,5.5,7.2,250.4,-50.3,1.7,15.9,RS41-SGP,403.502,14.9,-875,11,2.8,,
2026-09-19T15:57:46.006Z,X1909261,6949,-15.56153,-47.63631,28247.6,4.5,6.3,245.3,-50.0,1.7,15.9,RS41-SGP,403.502,15.0,-875,10,2.7,,
2026-09-19T15:57:47.006Z,X1909261,6950,-15.56156,-47.63635,28252.0,4.2,5.3,234.5,-50.2,1.7,15.9,RS41-SGP,403.502,15.7,-875,10,2.7,,
2026-09-19T15:57:48.006Z,X1909261,6951,-15.56159,-47.63639,28256.4,4.4,4.8,226.0,-50.5,1.7,15.9,RS41-SGP,403.502,16.8,-875,10,2.8,,
2026-09-19T15:57:49.006Z,X1909261,6952,-15.56162,-47.63642,28261.1,4.9,4.7,228.5,-50.7,1.7,15.9,RS41-SGP,403.502,16.8,-875,11,2.8,,
2026-09-19T15:57:50.006Z,X1909261,6953,-15.56164,-47.63646,28266.1,5.1,5.2,239.6,-50.9,1.7,15.9,RS41-SGP,403.502,16.6,-875,11,2.8,,
2026-09-19T15:57:51.006Z,X1909261,6954,-15.56166,-47.63650,28271.3,5.3,5.9,247.8,-51.0,1.8,15.8,RS41-SGP,403.502,16.5,-875,11,2.8,,
2026-09-19T15:57:52.006Z,X1909261,6955,-15.56168,-47.63656,28276.4,4.9,6.8,252.3,-50.8,1.7,15.8,RS41-SGP,403.502,16.5,-875,11,2.8,,
2026-09-19T15:57:53.006Z,X1909261,6956,-15.56170,-47.63662,28280.9,4.2,7.6,255.7,-50.6,1.7,15.8,RS41-SGP,403.502,15.9,-875,11,2.7,,
2026-09-19T15:57:54.006Z,X1909261,6957,-15.56172,-47.63669,28285.1,4.1,8.1,257.5,-50.7,1.7,15.8,RS41-SGP,403.502,15.6,-875,11,2.7,,
2026-09-19T15:57:55.006Z,X1909261,6958,-15.56173,-47.63677,28289.3,4.3,7.7,257.2,-50.8,1.7,15.8,RS41-SGP,403.502,14.7,-875,11,2.8,,
2026-09-19T15:57:56.006Z,X1909261,6959,-15.56175,-47.63683,28293.7,4.5,6.8,254.9,-50.9,1.7,15.8,RS41-SGP,403.502,15.7,-875,11,2.8,,
2026-09-19T15:57:57.006Z,X1909261,6960,-15.56176,-47.63689,28298.4,4.9,6.0,252.1,-50.2,1.6,15.8,RS41-SGP,403.502,15.7,-875,11,2.8,,
2026-09-19T15:57:58.006Z,X1909261,6961,-15.56178,-47.63694,28303.3,5.0,5.6,247.8,-49.6,1.5,15.8,RS41-SGP,403.502,15.5,-875,11,2.8,,
2026-09-19T15:57:59.006Z,X1909261,6962,-15.56180,-47.63698,28308.1,4.6,5.0,243.1,-49.4,1.5,15.7,RS41-SGP,403.502,15.1,-875,11,2.8,,
2026-09-19T15:58:00.006Z,X1909261,6963,-15.56182,-47.63702,28312.4,3.8,4.1,234.1,-49.7,1.5,15.8,RS41-SGP,403.502,15.5,-875,11,2.7,,
2026-09-19T15:58:01.006Z,X1909261,6964,-15.56184,-47.63704,28316.2,3.8,3.3,222.4,-49.6,1.5,15.7,RS41-SGP,403.502,16.5,-875,11,2.7,,
2026-09-19T15:58:02.006Z,X1909261,6965,-15.56187,-47.63707,28320.3,4.5,3.3,225.5,-49.0,1.4,15.7,RS41-SGP,403.502,17.0,-875,11,2.8,,
2026-09-19T15:58:03.006Z,X1909261,6966,-15.56189,-47.63709,28325.0,4.9,4.5,240.1,-48.5,1.3,15.7,RS41-SGP,403.502,17.0,-875,11,2.8,,
2026-09-19T15:58:04.006Z,X1909261,6967,-15.56191,-47.63714,28330.0,5.1,6.0,247.6,-48.9,1.4,15.7,RS41-SGP,403.502,16.4,-875,11,2.8,,
2026-09-19T15:58:05.006Z,X1909261,6968,-15.56193,-47.63720,28335.1,5.2,7.2,249.4,-49.0,1.4,15.7,RS41-SGP,403.502,16.4,-875,11,2.8,,
2026-09-19T15:58:06.006Z,X1909261,6969,-15.56195,-47.63726,28340.2,4.9,7.8,251.0,-49.3,1.4,15.7,RS41-SGP,403.502,16.7,-875,11,2.7,,
2026-09-19T15:58:07.006Z,X1909261,6970,-15.56197,-47.63734,28344.8,4.2,8.8,255.9,-49.7,1.4,15.7,RS41-SGP,403.502,16.7,-875,11,2.7,,
2026-09-19T15:58:08.006Z,X1909261,6971,-15.56199,-47.63742,28348.9,4.1,9.8,261.1,-49.3,1.4,15.7,RS41-SGP,403.502,16.1,-875,11,2.8,,
2026-09-19T15:58:09.006Z,X1909261,6972,-15.56200,-47.63751,28353.2,4.4,10.4,263.7,-48.7,1.3,15.6,RS41-SGP,403.502,15.3,-875,11,2.8,,
2026-09-19T15:58:10.006Z,X1909261,6973,-15.56201,-47.63761,28357.8,4.9,10.1,262.1,-48.0,1.2,15.6,RS41-SGP,403.502,14.9,-875,11,2.8,,
2026-09-19T15:58:11.006Z,X1909261,6974,-15.56203,-47.63770,28362.8,5.1,9.4,258.3,-47.3,1.1,15.6,RS41-SGP,403.502,15.4,-875,11,2.8,,
2026-09-19T15:58:12.006Z,X1909261,6975,-15.56205,-47.63778,28368.1,5.4,8.9,254.7,-47.2,1.0,15.6,RS41-SGP,403.502,15.4,-875,11,2.8,,
2026-09-19T15:58:13.006Z,X1909261,6976,-15.56207,-47.63786,28373.3,5.0,8.5,253.3,-47.7,1.1,15.6,RS41-SGP,403.502,14.6,-875,11,2.7,,
2026-09-19T15:58:14.006Z,X1909261,6977,-15.56209,-47.63793,28378.0,4.4,7.9,253.5,-48.6,1.2,15.6,RS41-SGP,403.502,15.5,-875,11,2.7,,
2026-09-19T15:58:15.006Z,X1909261,6978,-15.56211,-47.63800,28382.2,4.1,7.4,254.5,-49.1,1.3,15.6,RS41-SGP,403.502,16.3,-875,11,2.8,,
2026-09-19T15:58:16.006Z,X1909261,6979,-15.56213,-47.63806,28386.4,4.3,7.4,255.8,-49.3,1.3,15.6,RS41-SGP,403.502,17.3,-875,11,2.8,,
2026-09-19T15:58:17.006Z,X1909261,6980,-15.56214,-47.63813,28390.9,4.8,8.1,257.6,-49.4,1.3,15.6,RS41-SGP,403.502,17.3,-875,11,2.8,,
2026-09-19T15:58:18.006Z,X1909261,6981,-15.56216,-47.63821,28395.9,5.3,9.4,259.5,-49.6,1.3,15.5,RS41-SGP,403.502,17.0,-875,11,2.8,,
2026-09-19T15:58:19.006Z,X1909261,6982,-15.56217,-47.63831,28401.2,5.2,10.8,262.8,-49.5,1.3,15.5,RS41-SGP,403.502,16.6,-875,11,2.8,,
2026-09-19T15:58:20.006Z,X1909261,6983,-15.56218,-47.63841,28405.9,4.3,12.0,266.5,-49.3,1.3,15.5,RS41-SGP,403.502,16.4,-875,11,2.7,,
2026-09-19T15:58:21.006Z,X1909261,6984,-15.56218,-47.63853,28409.9,3.9,12.9,269.6,-49.2,1.3,15.5,RS41-SGP,403.502,15.4,-875,11,2.7,,
2026-09-19T15:58:22.006Z,X1909261,6985,-15.56218,-47.63865,28413.9,4.2,12.9,270.5,-49.2,1.3,15.5,RS41-SGP,403.502,15.2,-875,11,2.8,,
2026-09-19T15:58:23.006Z,X1909261,6986,-15.56218,-47.63876,28418.2,4.3,11.9,268.2,-49.1,1.3,15.5,RS41-SGP,403.502,15.8,-875,11,2.8,,
2026-09-19T15:58:24.006Z,X1909261,6987,-15.56219,-47.63887,28422.4,4.2,11.0,265.4,-48.4,1.2,15.5,RS41-SGP,403.502,15.8,-875,11,2.8,,
2026-09-19T15:58:25.006Z,X1909261,6988,-15.56220,-47.63897,28426.7,4.4,10.4,265.2,-47.8,1.1,15.5,RS41-SGP,403.502,14.8,-875,11,2.8,,
2026-09-19T15:58:26.006Z,X1909261,6989,-15.56220,-47.63906,28431.2,4.5,9.9,267.5,-47.6,1.1,15.5,RS41-SGP,403.502,14.2,-875,11,2.8,,
2026-09-19T15:58:27.006Z,X1909261,6990,-15.56221,-47.63915,28435.6,4.2,9.0,271.3,-47.9,1.1,15.5,RS41-SGP,403.502,12.8,-875,11,2.7,,
2026-09-19T15:58:28.006Z,X1909261,6991,-15.56220,-47.63923,28439.4,3.5,7.6,272.9,-48.2,1.2,15.4,RS41-SGP,403.502,15.0,-875,11,2.7,,
2026-09-19T15:58:29.006Z,X1909261,6992,-15.56220,-47.63929,28442.9,3.4,6.2,271.1,-48.6,1.2,15.4,RS41-SGP,403.502,16.5,-875,11,2.8,,
2026-09-19T15:58:30.006Z,X1909261,6993,-15.56220,-47.63935,28446.5,3.9,6.0,263.9,-48.1,1.2,15.5,RS41-SGP,403.502,16.5,-875,11,2.8,,
2026-09-19T15:58:31.006Z,X1909261,6994,-15.56221,-47.63941,28450.5,4.2,7.1,260.8,-47.3,1.1,15.4,RS41-SGP,403.502,15.3,-875,11,2.8,,
2026-09-19T15:58:32.006Z,X1909261,6995,-15.56222,-47.63948,28454.9,4.5,8.1,263.4,-47.4,1.1,15.4,RS41-SGP,403.502,13.6,-875,11,2.8,,
2026-09-19T15:58:33.006Z,X1909261,6996,-15.56222,-47.63955,28459.5,4.7,8.2,269.0,-47.9,1.2,15.4,RS41-SGP,403.502,13.1,-875,11,2.7,,
2026-09-19T15:58:34.006Z,X1909261,6997,-15.56222,-47.63962,28464.1,4.6,7.5,274.5,-48.2,1.2,15.4,RS41-SGP,403.502,14.7,-875,11,2.7,,
2026-09-19T15:58:35.006Z,X1909261,6998,-15.56222,-47.63969,28468.6,4.3,7.3,276.7,-48.4,1.2,15.4,RS41-SGP,403.502,14.8,-875,11,2.8,,
2026-09-19T15:58:36.006Z,X1909261,6999,-15.56221,-47.63976,28472.6,3.9,8.0,275.4,-48.6,1.2,15.4,RS41-SGP,403.502,14.8,-875,11,2.8,,
2026-09-19T15:58:37.006Z,X1909261,7000,-15.56220,-47.63984,28476.3,3.5,9.1,272.8,-48.5,1.2,15.4,RS41-SGP,403.502,13.8,-875,11,2.8,,
2026-09-19T15:58:38.006Z,X1909261,7001,-15.56220,-47.63993,28479.9,3.8,9.4,270.2,-47.5,1.1,15.3,RS41-SGP,403.502,12.1,-875,11,2.8,,
2026-09-19T15:58:39.006Z,X1909261,7002,-15.56220,-47.64001,28483.8,4.1,8.4,268.6,-46.5,1.0,15.3,RS41-SGP,403.502,12.8,-875,11,2.8,,
2026-09-19T15:58:40.006Z,X1909261,7003,-15.56220,-47.64008,28488.1,4.5,6.8,267.6,-45.8,0.9,15.3,RS41-SGP,403.502,14.1,-875,11,2.7,,
2026-09-19T15:58:41.006Z,X1909261,7004,-15.56221,-47.64014,28492.8,4.9,5.9,266.4,-46.2,1.0,15.3,RS41-SGP,403.502,14.8,-875,11,2.7,,
2026-09-19T15:58:42.006Z,X1909261,7005,-15.56221,-47.64020,28497.6,4.8,6.1,259.9,-46.7,1.0,15.3,RS41-SGP,403.502,14.8,-875,11,2.8,,
2026-09-19T15:58:43.006Z,X1909261,7006,-15.56223,-47.64025,28502.0,3.9,6.7,248.9,-47.1,1.0,15.3,RS41-SGP,403.502,14.5,-875,11,2.8,,
2026-09-19T15:58:44.006Z,X1909261,7007,-15.56226,-47.64031,28505.7,3.5,7.3,237.7,-47.1,1.1,15.3,RS41-SGP,403.502,12.7,-875,11,2.8,,
2026-09-19T15:58:45.006Z,X1909261,7008,-15.56230,-47.64037,28509.3,3.6,7.4,232.0,-47.3,1.1,15.3,RS41-SGP,403.502,14.1,-875,11,2.8,,
2026-09-19T15:58:46.006Z,X1909261,7009,-15.56233,-47.64042,28512.9,3.7,7.3,234.7,-47.5,1.1,15.3,RS41-SGP,403.502,14.4,-875,11,2.8,,
2026-09-19T15:58:47.006Z,X1909261,7010,-15.56237,-47.64048,28516.8,4.1,7.4,242.4,-47.4,1.1,15.3,RS41-SGP,403.502,14.9,-875,11,2.7,,
2026-09-19T15:58:48.006Z,X1909261,7011,-15.56240,-47.64055,28521.1,4.5,8.5,246.8,-47.1,1.1,15.2,RS41-SGP,403.502,14.9,-875,11,2.7,,
2026-09-19T15:58:49.006Z,X1909261,7012,-15.56243,-47.64062,28525.5,4.5,9.7,247.2,-46.9,1.1,15.2,RS41-SGP,403.502,14.7,-875,11,2.8,,
2026-09-19T15:58:50.006Z,X1909261,7013,-15.56247,-47.64071,28529.9,4.2,10.6,248.9,-46.8,1.1,15.2,RS41-SGP,403.502,13.9,-875,11,2.8,,
2026-09-19T15:58:51.006Z,X1909261,7014,-15.56250,-47.64081,28533.9,3.7,11.1,254.0,-46.9,1.1,15.2,RS41-SGP,403.502,13.7,-875,11,2.8,,
2026-09-19T15:58:52.006Z,X1909261,7015,-15.56252,-47.64091,28537.5,3.5,11.3,259.7,-46.2,1.0,15.2,RS41-SGP,403.502,14.0,-875,11,2.8,,
2026-09-19T15:58:53.006Z,X1909261,7016,-15.56254,-47.64101,28541.2,3.9,11.3,260.5,-45.4,0.9,15.2,RS41-SGP,403.502,14.2,-875,11,2.8,,
2026-09-19T15:58:54.006Z,X1909261,7017,-15.56256,-47.64111,28545.3,4.2,11.5,255.7,-44.8,0.8,15.2,RS41-SGP,403.502,14.2,-875,11,2.7,,
2026-09-19T15:58:55.006Z,X1909261,7018,-15.56259,-47.64122,28549.6,4.3,12.0,248.8,-44.8,0.8,15.2,RS41-SGP,403.502,14.1,-875,11,2.7,,
2026-09-19T15:58:56.006Z,X1909261,7019,-15.56263,-47.64132,28553.9,4.4,12.3,245.0,-45.5,0.9,15.1,RS41-SGP,403.502,13.6,-875,11,2.8,,
2026-09-19T15:58:57.006Z,X1909261,7020,-15.56268,-47.64142,28558.3,4.5,12.2,245.0,-45.9,1.0,15.2,RS41-SGP,403.502,13.0,-875,11,2.8,,
2026-09-19T15:58:58.006Z,X1909261,7021,-15.56272,-47.64153,28562.7,4.3,11.7,245.8,-46.2,0.9,15.2,RS41-SGP,403.502,13.4,-875,11,2.8,,
2026-09-19T15:58:59.006Z,X1909261,7022,-15.56277,-47.64162,28566.9,4.1,11.3,245.3,-46.3,1.0,15.2,RS41-SGP,403.502,13.8,-875,11,2.8,,
2026-09-19T15:59:00.006Z,X1909261,7023,-15.56281,-47.64172,28570.9,3.9,11.2,241.0,-46.0,1.0,15.1,RS41-SGP,403.502,14.1,-875,11,2.8,,
2026-09-19T15:59:01.006Z,X1909261,7024,-15.56287,-47.64181,28574.8,3.8,11.4,237.0,-45.6,0.9,15.1,RS41-SGP,403.502,14.1,-875,11,2.7,,
2026-09-19T15:59:02.006Z,X1909261,7025,-15.56292,-47.64189,28578.8,4.2,11.7,236.6,-45.7,0.9,15.1,RS41-SGP,403.502,14.2,-875,11,2.7,,
2026-09-19T15:59:03.006Z,X1909261,7026,-15.56298,-47.64199,28583.0,4.4,11.7,240.5,-46.1,1.0,15.1,RS41-SGP,403.502,14.9,-875,11,2.8,,
2026-09-19T15:59:04.006Z,X1909261,7027,-15.56302,-47.64208,28587.5,4.6,11.6,245.7,-46.2,1.0,15.1,RS41-SGP,403.502,15.2,-875,11,2.8,,
2026-09-19T15:59:05.006Z,X1909261,7028,-15.56306,-47.64218,28592.1,4.7,11.6,249.3,-46.4,1.0,15.1,RS41-SGP,403.502,15.9,-875,11,2.8,,
2026-09-19T15:59:06.006Z,X1909261,7029,-15.56310,-47.64228,28596.8,4.7,11.9,250.1,-46.5,1.0,15.1,RS41-SGP,403.502,15.9,-875,11,2.8,,
2026-09-19T15:59:07.006Z,X1909261,7030,-15.56314,-47.64239,28601.4,4.4,12.8,250.6,-46.6,1.1,15.1,RS41-SGP,403.502,15.8,-875,11,2.7,,
2026-09-19T15:59:08.006Z,X1909261,7031,-15.56318,-47.64251,28605.7,4.0,14.1,252.5,-46.5,1.0,15.1,RS41-SGP,403.502,15.6,-875,11,2.7,,
2026-09-19T15:59:09.006Z,X1909261,7032,-15.56321,-47.64264,28609.5,3.6,15.3,254.8,-45.7,1.0,15.0,RS41-SGP,403.502,14.8,-875,11,2.8,,
2026-09-19T15:59:10.006Z,X1909261,7033,-15.56325,-47.64278,28613.2,3.8,15.9,255.8,-45.0,0.9,15.0,RS41-SGP,403.502,13.7,-875,11,2.8,,
2026-09-19T15:59:11.006Z,X1909261,7034,-15.56329,-47.64292,28617.1,4.1,15.6,253.6,-44.8,0.9,15.0,RS41-SGP,403.502,14.1,-875,11,2.8,,
2026-09-19T15:59:12.006Z,X1909261,7035,-15.56333,-47.64306,28621.2,4.1,15.2,249.4,-44.5,0.8,15.0,RS41-SGP,403.502,14.9,-875,11,2.8,,
2026-09-19T15:59:13.006Z,X1909261,7036,-15.56338,-47.64319,28625.3,4.0,15.2,245.6,-44.4,0.8,15.0,RS41-SGP,403.502,14.9,-875,11,2.8,,
2026-09-19T15:59:14.006Z,X1909261,7037,-15.56344,-47.64332,28629.1,3.7,15.8,243.5,-45.2,0.9,15.0,RS41-SGP,403.502,14.8,-875,11,2.7,,
2026-09-19T15:59:15.006Z,X1909261,7038,-15.56351,-47.64345,28632.7,3.5,16.3,242.6,-45.8,1.0,15.0,RS41-SGP,403.502,13.8,-875,11,2.7,,
2026-09-19T15:59:16.006Z,X1909261,7039,-15.56358,-47.64358,28636.2,3.5,16.1,241.6,-46.1,1.0,15.0,RS41-SGP,403.502,12.4,-875,11,2.8,,
2026-09-19T15:59:17.006Z,X1909261,7040,-15.56365,-47.64371,28639.7,3.5,15.2,239.2,-46.3,1.0,15.0,RS41-SGP,403.502,14.2,-875,11,2.8,,
2026-09-19T15:59:18.006Z,X1909261,7041,-15.56372,-47.64383,28643.2,3.6,14.3,236.8,-46.5,1.0,15.0,RS41-SGP,403.502,15.4,-875,11,2.8,,
2026-09-19T15:59:19.006Z,X1909261,7042,-15.56379,-47.64393,28647.1,4.2,14.1,236.1,-46.4,1.0,15.0,RS41-SGP,403.502,15.4,-875,11,2.8,,
2026-09-19T15:59:20.006Z,X1909261,7043,-15.56386,-47.64405,28651.5,4.5,14.5,238.8,-46.1,1.0,15.0,RS41-SGP,403.502,14.9,-875,11,2.8,,
2026-09-19T15:59:21.006Z,X1909261,7044,-15.56392,-47.64417,28656.0,4.5,14.9,242.9,-46.2,1.0,14.9,RS41-SGP,403.502,14.2,-875,11,2.7,,
2026-09-19T15:59:22.006Z,X1909261,7045,-15.56398,-47.64429,28660.4,4.2,14.9,247.9,-46.5,1.1,14.9,RS41-SGP,403.502,13.4,-875,11,2.7,,
2026-09-19T15:59:23.006Z,X1909261,7046,-15.56402,-47.64442,28664.4,3.8,14.5,251.2,-46.4,1.1,14.9,RS41-SGP,403.502,14.3,-875,11,2.8,,
2026-09-19T15:59:24.006Z,X1909261,7047,-15.56406,-47.64455,28668.3,3.9,14.4,251.6,-46.4,1.0,14.9,RS41-SGP,403.502,15.0,-875,11,2.8,,
2026-09-19T15:59:25.006Z,X1909261,7048,-15.56411,-47.64467,28672.3,4.2,14.9,248.6,-46.4,1.0,14.9,RS41-SGP,403.502,15.0,-875,11,2.8,,
2026-09-19T15:59:26.006Z,X1909261,7049,-15.56416,-47.64481,28676.6,4.4,16.1,245.4,-45.9,1.0,14.9,RS41-SGP,403.502,14.6,-875,11,2.8,,
2026-09-19T15:59:27.006Z,X1909261,7050,-15.56423,-47.64495,28681.1,4.5,17.1,243.2,-45.1,0.9,14.9,RS41-SGP,403.502,13.7,-875,11,2.8,,
2026-09-19T15:59:28.006Z,X1909261,7051,-15.56430,-47.64509,28685.5,4.2,17.6,240.9,-44.7,0.9,14.9,RS41-SGP,403.502,13.2,-875,11,2.7,,
2026-09-19T15:59:29.006Z,X1909261,7052,-15.56438,-47.64523,28689.4,3.7,18.1,237.3,-45.4,1.0,14.9,RS41-SGP,403.502,13.5,-875,11,2.7,,
2026-09-19T15:59:30.006Z,X1909261,7053,-15.56448,-47.64537,28693.0,3.5,18.7,233.9,-45.9,1.0,14.9,RS41-SGP,403.502,13.5,-875,11,2.8,,
2026-09-19T15:59:31.006Z,X1909261,7054,-15.56458,-47.64551,28696.5,3.7,19.3,233.9,-46.3,1.1,14.8,RS41-SGP,403.502,13.2,-875,11,2.8,,
2026-09-19T15:59:32.006Z,X1909261,7055,-15.56468,-47.64566,28700.3,3.8,19.3,236.4,-46.6,1.1,14.8,RS41-SGP,403.502,12.0,-875,11,2.8,,
2026-09-19T15:59:33.006Z,X1909261,7056,-15.56477,-47.64581,28704.3,4.2,18.8,239.8,-46.8,1.1,14.9,RS41-SGP,403.502,11.4,-875,11,2.8,,
2026-09-19T15:59:34.006Z,X1909261,7057,-15.56485,-47.64596,28708.6,4.6,17.7,240.8,-46.6,1.1,14.8,RS41-SGP,403.502,11.2,-875,11,2.8,,
2026-09-19T15:59:35.006Z,X1909261,7058,-15.56492,-47.64609,28713.2,4.5,16.3,240.4,-45.9,1.0,14.8,RS41-SGP,403.502,11.9,-875,11,2.7,,
2026-09-19T15:59:36.006Z,X1909261,7059,-15.56499,-47.64622,28717.3,3.8,14.8,241.0,-45.1,0.9,14.8,RS41-SGP,403.502,12.8,-875,11,2.7,,
2026-09-19T15:59:37.006Z,X1909261,7060,-15.56505,-47.64634,28721.0,3.6,13.8,242.7,-45.3,1.0,14.8,RS41-SGP,403.502,13.6,-875,11,2.8,,
2026-09-19T15:59:38.006Z,X1909261,7061,-15.56511,-47.64645,28724.6,3.7,13.6,244.2,-45.5,1.0,14.8,RS41-SGP,403.502,13.6,-875,11,2.8,,
2026-09-19T15:59:39.006Z,X1909261,7062,-15.56516,-47.64656,28728.3,3.8,14.2,242.5,-45.1,1.0,14.8,RS41-SGP,403.502,13.1,-875,11,2.8,,
2026-09-19T15:59:40.006Z,X1909261,7063,-15.56523,-47.64668,28732.1,4.0,14.7,239.2,-44.2,0.9,14.8,RS41-SGP,403.502,12.3,-875,11,2.8,,
2026-09-19T15:59:41.006Z,X1909261,7064,-15.56530,-47.64680,28736.1,4.1,14.6,236.3,-44.1,0.9,14.8,RS41-SGP,403.502,13.0,-875,11,2.7,,
2026-09-19T15:59:42.006Z,X1909261,7065,-15.56537,-47.64691,28740.3,4.2,14.4,235.1,-44.3,0.9,14.7,RS41-SGP,403.502,13.7,-875,11,2.7,,
2026-09-19T15:59:43.006Z,X1909261,7066,-15.56544,-47.64702,28744.4,4.2,14.5,235.1,-44.5,1.0,14.8,RS41-SGP,403.502,15.1,-875,11,2.8,,
2026-09-19T15:59:44.006Z,X1909261,7067,-15.56552,-47.64713,28748.4,3.9,15.3,235.3,-44.7,1.0,14.7,RS41-SGP,403.502,15.1,-875,11,2.8,,
2026-09-19T15:59:45.006Z,X1909261,7068,-15.56560,-47.64725,28752.2,3.6,16.4,235.5,-44.9,1.0,14.8,RS41-SGP,403.502,14.0,-875,11,2.8,,
2026-09-19T15:59:46.006Z,X1909261,7069,-15.56569,-47.64738,28755.8,3.6,17.0,235.7,-45.1,1.1,14.7,RS41-SGP,403.502,12.9,-875,11,2.8,,
2026-09-19T15:59:47.006Z,X1909261,7070,-15.56577,-47.64751,28759.6,4.1,16.5,236.6,-45.2,1.0,14.7,RS41-SGP,403.502,12.7,-875,11,2.8,,
2026-09-19T15:59:48.006Z,X1909261,7071,-15.56585,-47.64763,28764.0,4.7,15.4,238.0,-45.2,1.1,14.7,RS41-SGP,403.502,13.1,-875,11,2.7,,
2026-09-19T15:59:49.006Z,X1909261,7072,-15.56592,-47.64775,28768.8,5.0,14.4,240.4,-45.3,1.1,14.7,RS41-SGP,403.502,13.1,-875,11,2.7,,
2026-09-19T15:59:50.006Z,X1909261,7073,-15.56598,-47.64787,28773.5,4.4,13.7,244.1,-45.0,1.1,14.7,RS41-SGP,403.502,12.9,-875,11,2.8,,
2026-09-19T15:59:51.006Z,X1909261,7074,-15.56602,-47.64798,28777.6,3.8,13.0,248.4,-44.9,1.0,14.7,RS41-SGP,403.502,13.2,-875,11,2.8,,
2026-09-19T15:59:52.006Z,X1909261,7075,-15.56606,-47.64809,28781.3,3.8,12.4,252.5,-45.0,1.1,14.7,RS41-SGP,403.502,13.5,-875,11,2.8,,
2026-09-19T15:59:53.006Z,X1909261,7076,-15.56610,-47.64820,28785.2,4.0,12.3,253.1,-45.2,1.1,14.7,RS41-SGP,403.502,13.5,-875,11,2.8,,
2026-09-19T15:59:54.006Z,X1909261,7077,-15.56613,-47.64831,28789.4,4.4,12.7,250.5,-45.3,1.1,14.6,RS41-SGP,403.502,13.1,-875,11,2.8,,
2026-09-19T15:59:55.006Z,X1909261,7078,-15.56617,-47.64842,28794.0,4.8,13.3,246.9,-45.1,1.1,14.6,RS41-SGP,403.502,13.0,-875,11,2.7,,
2026-09-19T15:59:56.006Z,X1909261,7079,-15.56622,-47.64854,28798.8,4.9,13.7,243.7,-44.5,1.0,14.6,RS41-SGP,403.502,12.4,-875,11,2.7,,
2026-09-19T15:59:57.006Z,X1909261,7080,-15.56628,-47.64865,28803.3,4.1,14.0,240.5,-44.5,1.0,14.6,RS41-SGP,403.502,11.5,-875,11,2.8,,
2026-09-19T15:59:58.006Z,X1909261,7081,-15.56635,-47.64876,28807.1,3.7,14.2,236.7,-44.3,1.0,14.6,RS41-SGP,403.502,11.1,-875,11,2.8,,
2026-09-19T15:59:59.006Z,X1909261,7082,-15.56642,-47.64887,28810.9,3.8,14.1,234.6,-44.5,1.0,14.6,RS41-SGP,403.502,11.9,-875,11,2.8,,
2026-09-19T16:00:00.006Z,X1909261,7083,-15.56649,-47.64898,28814.9,4.3,13.6,234.9,-44.6,1.0,14.6,RS41-SGP,403.502,12.1,-875,11,2.8,,
2026-09-19T16:00:01.006Z,X1909261,7084,-15.56656,-47.64908,28819.4,4.7,12.9,237.7,-44.2,1.0,14.6,RS41-SGP,403.502,12.1,-875,11,2.8,,
2026-09-19T16:00:02.006Z,X1909261,7085,-15.56662,-47.64918,28824.3,5.0,12.3,241.4,-43.5,0.9,14.6,RS41-SGP,403.502,12.7,-875,11,2.7,,
2026-09-19T16:00:03.006Z,X1909261,7086,-15.56666,-47.64928,28829.0,4.4,11.9,245.6,-43.1,0.9,14.6,RS41-SGP,403.502,12.7,-875,11,2.7,,
2026-09-19T16:00:04.006Z,X1909261,7087,-15.56670,-47.64938,28833.2,4.0,11.4,249.5,-43.6,0.9,14.6,RS41-SGP,403.502,12.5,-875,11,2.8,,
2026-09-19T16:00:05.006Z,X1909261,7088,-15.56674,-47.64948,28837.2,4.0,11.1,251.6,-44.1,1.0,14.6,RS41-SGP,403.502,12.5,-875,11,2.8,,
2026-09-19T16:00:06.006Z,X1909261,7089,-15.56677,-47.64957,28841.3,4.2,11.2,250.1,-44.5,1.0,14.5,RS41-SGP,403.502,13.2,-875,11,2.8,,
2026-09-19T16:00:07.006Z,X1909261,7090,-15.56681,-47.64967,28845.5,4.3,11.4,248.2,-44.6,1.0,14.5,RS41-SGP,403.502,13.2,-875,11,2.8,,
2026-09-19T16:00:08.006Z,X1909261,7091,-15.56685,-47.64977,28850.0,4.7,11.7,246.3,-44.6,1.0,14.5,RS41-SGP,403.502,12.8,-875,11,2.8,,
2026-09-19T16:00:09.006Z,X1909261,7092,-15.56689,-47.64987,28854.8,5.0,11.7,246.3,-44.4,1.0,14.5,RS41-SGP,403.502,13.3,-875,11,2.7,,
2026-09-19T16:00:10.006Z,X1909261,7093,-15.56693,-47.64997,28859.7,4.8,11.8,244.2,-44.3,1.0,14.5,RS41-SGP,403.502,14.1,-875,11,2.7,,
2026-09-19T16:00:11.006Z,X1909261,7094,-15.56698,-47.65007,28864.2,4.2,12.1,239.3,-43.8,0.9,14.5,RS41-SGP,403.502,14.1,-875,11,2.8,,
2026-09-19T16:00:12.006Z,X1909261,7095,-15.56705,-47.65016,28868.2,3.8,12.8,233.9,-43.4,0.9,14.5,RS41-SGP,403.502,14.0,-875,11,2.8,,
2026-09-19T16:00:13.006Z,X1909261,7096,-15.56712,-47.65026,28872.1,4.0,13.2,231.7,-43.4,0.9,14.5,RS41-SGP,403.502,13.2,-875,11,2.8,,
2026-09-19T16:00:14.006Z,X1909261,7097,-15.56719,-47.65035,28876.2,4.3,12.6,233.6,-43.8,0.9,14.5,RS41-SGP,403.502,12.2,-875,11,2.8,,
2026-09-19T16:00:15.006Z,X1909261,7098,-15.56725,-47.65045,28880.6,4.5,11.5,237.7,-43.9,0.9,14.5,RS41-SGP,403.502,12.4,-875,11,2.8,,
2026-09-19T16:00:16.006Z,X1909261,7099,-15.56730,-47.65054,28885.3,4.9,10.8,241.0,-43.8,0.9,14.4,RS41-SGP,403.502,12.4,-875,11,2.7,,
2026-09-19T16:00:17.006Z,X1909261,7100,-15.56734,-47.65062,28890.3,5.1,10.5,242.5,-43.4,0.9,14.4,RS41-SGP,403.502,12.2,-875,11,2.7,,
2026-09-19T16:00:18.006Z,X1909261,7101,-15.56739,-47.65071,28895.1,4.6,10.3,244.7,-43.5,0.9,14.4,RS41-SGP,403.502,12.0,-875,11,2.8,,
2026-09-19T16:00:19.006Z,X1909261,7102,-15.56742,-47.65080,28899.4,3.9,10.1,250.9,-43.7,0.9,14.4,RS41-SGP,403.502,11.1,-875,11,2.8,,
2026-09-19T16:00:20.006Z,X1909261,7103,-15.56744,-47.65089,28903.2,3.8,9.9,257.9,-44.2,0.9,14.4,RS41-SGP,403.502,11.6,-875,10,2.8,,
2026-09-19T16:00:21.006Z,X1909261,7104,-15.56746,-47.65098,28907.1,4.0,9.8,258.7,-44.6,1.0,14.4,RS41-SGP,403.502,11.6,-875,10,2.8,,
2026-09-19T16:00:22.006Z,X1909261,7105,-15.56748,-47.65106,28911.2,4.1,9.7,253.5,-44.8,1.0,14.4,RS41-SGP,403.502,11.7,-875,10,2.7,,
2026-09-19T16:00:23.006Z,X1909261,7106,-15.56751,-47.65115,28915.4,4.4,9.7,247.2,-44.9,1.0,14.3,RS41-SGP,403.502,11.7,-875,10,2.7,,
2026-09-19T16:00:24.006Z,X1909261,7107,-15.56755,-47.65123,28920.0,4.9,10.0,244.6,-45.0,1.0,14.4,RS41-SGP,403.502,11.5,-875,10,2.8,,
2026-09-19T16:00:25.006Z,X1909261,7108,-15.56759,-47.65132,28924.8,4.9,10.3,244.4,-45.1,1.0,14.3,RS41-SGP,403.502,12.0,-875,10,2.8,,
2026-09-19T16:00:26.006Z,X1909261,7109,-15.56763,-47.65140,28929.5,4.6,10.8,242.7,-44.9,1.0,14.3,RS41-SGP,403.502,12.0,-875,10,2.8,,
2026-09-19T16:00:28.006Z,X1909261,7111,-15.56773,-47.65159,28933.4,-5.5,11.6,239.6,-43.9,0.9,14.4,RS41-SGP,403.502,14.6,-875,10,2.8,,
2026-09-19T16:00:31.006Z,X1909261,7114,-15.56788,-47.65187,28873.5,-32.1,12.5,247.8,-42.5,0.8,14.5,RS41-SGP,403.502,13.2,-875,10,2.8,,
2026-09-19T16:00:32.006Z,X1909261,7115,-15.56793,-47.65197,28838.7,-37.3,11.0,242.6,-40.7,0.6,14.5,RS41-SGP,403.502,13.2,-875,10,2.8,,
2026-09-19T16:00:33.006Z,X1909261,7116,-15.56797,-47.65206,28797.5,-44.6,11.8,243.7,-40.2,0.6,14.6,RS41-SGP,403.502,12.2,-875,10,2.8,,
2026-09-19T16:00:34.006Z,X1909261,7117,-15.56802,-47.65216,28750.2,-50.1,11.9,245.1,-39.9,0.6,14.7,RS41-SGP,403.502,12.4,-875,10,2.8,,
2026-09-19T16:00:35.006Z,X1909261,7118,-15.56806,-47.65226,28697.8,-54.8,11.8,242.9,-39.9,0.6,15.1,RS41-SGP,403.502,13.4,-875,10,2.8,,
2026-09-19T16:00:36.006Z,X1909261,7119,-15.56811,-47.65236,28640.8,-59.4,12.5,246.8,-40.2,0.7,15.3,RS41-SGP,403.502,13.4,-875,10,2.7,,
2026-09-19T16:00:37.006Z,X1909261,7120,-15.56816,-47.65247,28580.6,-61.1,13.1,242.1,-40.5,0.6,15.2,RS41-SGP,403.502,10.4,-875,10,2.7,,
2026-09-19T16:00:38.006Z,X1909261,7121,-15.56821,-47.65258,28517.7,-64.8,12.7,246.9,-40.5,0.6,15.2,RS41-SGP,403.502,12.6,-875,10,2.8,,
2026-09-19T16:00:39.006Z,X1909261,7122,-15.56826,-47.65268,28452.7,-65.6,12.2,243.1,-41.0,0.7,15.7,RS41-SGP,403.502,12.6,-875,10,2.8,,
2026-09-19T16:00:40.006Z,X1909261,7123,-15.56830,-47.65278,28386.4,-67.1,11.2,244.6,-41.9,0.8,15.9,RS41-SGP,403.502,11.9,-875,10,2.8,,
2026-09-19T16:00:41.006Z,X1909261,7124,-15.56834,-47.65287,28319.0,-67.4,11.1,249.9,-42.6,0.8,15.8,RS41-SGP,403.502,11.9,-875,10,2.8,,
2026-09-19T16:00:42.006Z,X1909261,7125,-15.56837,-47.65297,28251.7,-67.4,10.0,250.1,-43.8,0.9,16.2,RS41-SGP,403.502,14.1,-875,10,2.8,,
2026-09-19T16:00:43.006Z,X1909261,7126,-15.56841,-47.65305,28186.6,-62.8,9.1,245.8,-44.5,1.0,16.2,RS41-SGP,403.502,14.1,-875,10,2.7,,
2026-09-19T16:00:44.006Z,X1909261,7127,-15.56844,-47.65313,28124.5,-61.4,9.5,252.9,-45.0,1.0,16.5,RS41-SGP,403.502,13.3,-875,10,2.7,,
2026-09-19T16:00:45.006Z,X1909261,7128,-15.56847,-47.65322,28063.0,-61.3,10.6,246.8,-45.3,1.1,16.7,RS41-SGP,403.502,15.0,-875,10,2.8,,
2026-09-19T16:00:46.006Z,X1909261,7129,-15.56850,-47.65330,28001.0,-63.1,9.1,246.2,-45.5,1.0,16.8,RS41-SGP,403.502,15.0,-875,10,2.8,,
2026-09-19T16:00:47.006Z,X1909261,7130,-15.56853,-47.65338,27938.8,-61.5,9.5,256.3,-45.4,1.0,16.9,RS41-SGP,403.502,13.8,-875,10,2.8,,
2026-09-19T16:00:48.006Z,X1909261,7131,-15.56855,-47.65347,27878.4,-59.6,9.9,255.2,-45.3,1.0,17.1,RS41-SGP,403.502,14.6,-875,10,2.8,,
2026-09-19T16:00:49.006Z,X1909261,7132,-15.56858,-47.65355,27818.2,-60.3,8.8,249.2,-45.2,1.0,17.2,RS41-SGP,403.502,14.6,-875,10,2.8,,
2026-09-19T16:00:50.006Z,X1909261,7133,-15.56861,-47.65362,27759.4,-57.6,7.4,243.7,-45.1,1.0,17.4,RS41-SGP,403.502,15.1,-875,10,2.7,,
2026-09-19T16:00:51.006Z,X1909261,7134,-15.56863,-47.65367,27701.6,-57.9,5.8,252.1,-45.1,1.0,17.5,RS41-SGP,403.502,15.1,-875,10,2.7,,
2026-09-19T16:00:52.006Z,X1909261,7135,-15.56864,-47.65373,27643.0,-59.2,6.1,258.1,-44.8,0.9,17.7,RS41-SGP,403.502,13.9,-875,10,2.8,,
2026-09-19T16:00:53.006Z,X1909261,7136,-15.56866,-47.65378,27583.8,-59.6,7.0,246.0,-44.8,0.9,17.9,RS41-SGP,403.502,14.2,-875,10,2.8,,
2026-09-19T16:00:54.006Z,X1909261,7137,-15.56869,-47.65384,27524.3,-59.3,5.5,240.3,-44.7,0.9,18.0,RS41-SGP,403.502,14.8,-875,10,2.8,,
2026-09-19T16:00:57.006Z,X1909261,7140,-15.56875,-47.65398,27345.4,-60.2,5.9,242.8,-45.6,1.0,18.5,RS41-SGP,403.502,13.8,-875,10,2.7,,
2026-09-19T16:00:58.006Z,X1909261,7141,-15.56877,-47.65402,27284.9,-60.7,5.7,236.4,-45.7,1.0,18.6,RS41-SGP,403.502,15.5,-875,10,2.7,,
2026-09-19T16:00:59.006Z,X1909261,7142,-15.56879,-47.65407,27224.2,-60.6,5.2,249.9,-45.3,1.0,18.8,RS41-SGP,403.502,15.5,-875,10,2.8,,
2026-09-19T16:01:00.006Z,X1909261,7143,-15.56881,-47.65412,27164.2,-59.6,7.4,254.3,-45.5,1.0,19.0,RS41-SGP,403.502,13.9,-875,10,2.8,,
2026-09-19T16:01:01.006Z,X1909261,7144,-15.56883,-47.65419,27105.1,-58.8,8.0,250.3,-45.7,1.0,19.2,RS41-SGP,403.502,15.8,-875,10,2.8,,
2026-09-19T16:01:02.006Z,X1909261,7145,-15.56885,-47.65426,27045.7,-59.5,7.6,252.5,-45.6,1.0,19.4,RS41-SGP,403.502,15.8,-875,10,2.8,,
2026-09-19T16:01:03.006Z,X1909261,7146,-15.56886,-47.65433,26986.5,-58.8,8.4,272.9,-45.7,1.0,19.6,RS41-SGP,403.502,13.7,-875,10,2.7,,
2026-09-19T16:01:04.006Z,X1909261,7147,-15.56886,-47.65442,26927.8,-58.4,9.3,270.2,-45.6,1.0,19.7,RS41-SGP,403.502,15.3,-875,10,2.7,,
2026-09-19T16:01:05.006Z,X1909261,7148,-15.56886,-47.65450,26869.4,-58.6,9.6,265.6,-45.5,1.0,19.9,RS41-SGP,403.502,16.7,-875,10,2.8,,
2026-09-19T16:01:06.006Z,X1909261,7149,-15.56886,-47.65459,26810.5,-59.4,8.3,273.1,-45.3,1.0,20.1,RS41-SGP,403.502,16.7,-875,10,2.8,,
2026-09-19T16:01:07.006Z,X1909261,7150,-15.56886,-47.65467,26751.1,-59.4,9.9,271.9,-45.2,0.9,20.3,RS41-SGP,403.502,12.8,-875,10,2.8,,
2026-09-19T16:01:08.006Z,X1909261,7151,-15.56887,-47.65477,26691.8,-59.1,10.6,262.3,-45.0,0.9,20.5,RS41-SGP,403.502,12.9,-875,10,2.8,,
2026-09-19T16:01:09.006Z,X1909261,7152,-15.56888,-47.65486,26633.4,-57.6,10.2,256.4,-44.9,0.9,20.7,RS41-SGP,403.502,17.3,-875,10,2.8,,
2026-09-19T16:01:10.006Z,X1909261,7153,-15.56890,-47.65495,26576.8,-55.5,9.3,259.1,-45.0,0.9,20.9,RS41-SGP,403.502,17.3,-875,10,2.7,,
2026-09-19T16:01:11.006Z,X1909261,7154,-15.56891,-47.65504,26522.3,-54.1,9.6,270.6,-45.0,0.9,21.0,RS41-SGP,403.502,15.3,-875,10,2.7,,
2026-09-19T16:01:12.006Z,X1909261,7155,-15.56891,-47.65513,26467.7,-55.0,10.5,270.0,-45.3,1.0,21.1,RS41-SGP,403.502,17.0,-875,10,2.8,,
2026-09-19T16:01:13.006Z,X1909261,7156,-15.56892,-47.65523,26412.4,-55.6,10.4,260.3,-45.5,1.0,21.3,RS41-SGP,403.502,17.0,-875,10,2.8,,
2026-09-19T16:01:14.006Z,X1909261,7157,-15.56893,-47.65532,26357.0,-55.3,9.6,262.9,-45.8,1.0,21.5,RS41-SGP,403.502,14.9,-875,10,2.8,,
2026-09-19T16:01:15.006Z,X1909261,7158,-15.56893,-47.65541,26302.3,-54.1,9.7,274.4,-45.9,1.0,21.7,RS41-SGP,403.502,12.5,-875,10,2.8,,
2026-09-19T16:01:16.006Z,X1909261,7159,-15.56893,-47.65550,26248.4,-53.9,9.1,267.7,-45.8,1.0,21.8,RS41-SGP,403.502,13.6,-875,10,2.8,,
2026-09-19T16:01:17.006Z,X1909261,7160,-15.56893,-47.65558,26195.0,-53.1,8.8,265.7,-45.8,1.0,22.0,RS41-SGP,403.502,15.8,-875,10,2.7,,
2026-09-19T16:01:18.006Z,X1909261,7161,-15.56894,-47.65565,26141.9,-53.0,7.2,267.0,-45.9,1.0,22.2,RS41-SGP,403.502,17.1,-875,10,2.7,,
2026-09-19T16:01:19.006Z,X1909261,7162,-15.56894,-47.65572,26088.7,-53.4,7.0,272.5,-46.0,1.0,22.4,RS41-SGP,403.502,17.1,-875,10,2.8,,
2026-09-19T16:01:20.006Z,X1909261,7163,-15.56893,-47.65579,26035.5,-53.0,7.4,279.6,-46.2,1.1,22.5,RS41-SGP,403.502,13.0,-875,10,2.8,,
2026-09-19T16:01:21.006Z,X1909261,7164,-15.56892,-47.65585,25983.6,-50.9,7.4,272.9,-46.4,1.1,22.8,RS41-SGP,403.502,15.2,-875,10,2.8,,
2026-09-19T16:01:22.006Z,X1909261,7165,-15.56892,-47.65592,25932.5,-51.2,7.2,263.9,-46.4,1.1,22.9,RS41-SGP,403.502,18.1,-875,10,2.8,,
2026-09-19T16:01:23.006Z,X1909261,7166,-15.56893,-47.65598,25881.9,-50.1,6.2,258.6,-46.5,1.1,23.0,RS41-SGP,403.502,18.8,-875,10,2.8,,
2026-09-19T16:01:24.006Z,X1909261,7167,-15.56894,-47.65604,25831.8,-50.2,7.2,275.1,-46.8,1.1,23.2,RS41-SGP,403.502,18.8,-875,10,2.7,,
2026-09-19T16:01:25.006Z,X1909261,7168,-15.56893,-47.65612,25782.9,-47.7,8.1,278.1,-47.1,1.1,23.4,RS41-SGP,403.502,16.3,-875,10,2.7,,
2026-09-19T16:01:26.006Z,X1909261,7169,-15.56892,-47.65620,25735.8,-46.9,9.8,273.3,-47.1,1.1,23.5,RS41-SGP,403.502,12.9,-875,10,2.8,,
2026-09-19T16:01:27.006Z,X1909261,7170,-15.56892,-47.65629,25689.1,-46.3,10.0,271.4,-47.2,1.1,23.7,RS41-SGP,403.502,16.6,-875,10,2.8,,
2026-09-19T16:01:28.006Z,X1909261,7171,-15.56892,-47.65638,25642.7,-46.3,10.4,266.4,-47.2,1.1,23.8,RS41-SGP,403.502,17.9,-875,10,2.8,,
2026-09-19T16:01:29.006Z,X1909261,7172,-15.56893,-47.65647,25596.5,-46.5,9.1,265.9,-47.3,1.1,24.1,RS41-SGP,403.502,18.2,-875,10,2.8,,
2026-09-19T16:01:30.006Z,X1909261,7173,-15.56893,-47.65656,25549.9,-46.6,8.8,267.3,-47.4,1.1,24.2,RS41-SGP,403.502,19.4,-875,10,2.8,,
2026-09-19T16:01:31.006Z,X1909261,7174,-15.56893,-47.65664,25504.0,-45.4,9.0,274.4,-47.3,1.1,24.4,RS41-SGP,403.502,19.4,-875,10,2.7,,
2026-09-19T16:01:32.006Z,X1909261,7175,-15.56892,-47.65672,25457.9,-46.4,7.8,273.9,-47.3,1.1,24.5,RS41-SGP,403.502,18.7,-875,10,2.7,,
2026-09-19T16:01:33.006Z,X1909261,7176,-15.56892,-47.65679,25412.3,-44.7,7.9,274.3,-47.5,1.2,24.7,RS41-SGP,403.502,17.4,-875,10,2.8,,
2026-09-19T16:01:34.006Z,X1909261,7177,-15.56892,-47.65686,25367.8,-44.2,7.9,270.6,-47.5,1.1,24.9,RS41-SGP,403.502,15.9,-875,10,2.8,,
2026-09-19T16:01:35.006Z,X1909261,7178,-15.56892,-47.65694,25323.9,-43.6,9.1,270.4,-47.5,1.1,25.0,RS41-SGP,403.502,13.2,-875,10,2.8,,
2026-09-19T16:01:36.006Z,X1909261,7179,-15.56892,-47.65703,25280.6,-43.6,9.0,265.1,-47.5,1.1,25.2,RS41-SGP,403.502,11.9,-875,10,2.8,,
2026-09-19T16:01:37.006Z,X1909261,7180,-15.56893,-47.65711,25237.0,-43.3,9.2,264.0,-47.3,1.1,25.4,RS41-SGP,403.502,9.7,-875,10,2.8,,
2026-09-19T16:01:39.006Z,X1909261,7182,-15.56896,-47.65729,25149.5,-44.2,10.1,260.5,-47.0,1.1,25.7,RS41-SGP,403.502,12.8,-875,10,2.7,,
2026-09-19T16:01:40.006Z,X1909261,7183,-15.56898,-47.65738,25104.8,-45.2,10.1,259.2,-46.9,1.1,25.9,RS41-SGP,403.502,13.3,-875,10,2.8,,
2026-09-19T16:01:41.006Z,X1909261,7184,-15.56900,-47.65746,25060.1,-44.3,9.2,257.7,-46.7,1.0,26.0,RS41-SGP,403.502,13.3,-875,10,2.8,,
2026-09-19T16:01:42.006Z,X1909261,7185,-15.56901,-47.65755,25016.3,-43.0,9.8,258.7,-46.7,1.0,26.2,RS41-SGP,403.502,12.1,-875,10,2.8,,
2026-09-19T16:01:43.006Z,X1909261,7186,-15.56904,-47.65763,24973.5,-42.8,9.7,249.5,-47.0,1.1,26.4,RS41-SGP,403.502,13.7,-875,10,2.8,,
2026-09-19T16:01:44.006Z,X1909261,7187,-15.56907,-47.65771,24930.7,-42.6,8.1,250.4,-47.2,1.1,26.5,RS41-SGP,403.502,13.7,-875,10,2.8,,
2026-09-19T16:01:46.006Z,X1909261,7189,-15.56913,-47.65786,24845.3,-42.7,9.0,240.9,-47.9,1.2,26.9,RS41-SGP,403.502,12.0,-875,9,2.7,,
2026-09-19T16:01:47.006Z,X1909261,7190,-15.56917,-47.65793,24802.9,-42.0,8.8,242.1,-48.2,1.2,27.1,RS41-SGP,403.502,12.0,-875,10,2.8,,
2026-09-19T16:01:51.006Z,X1909261,7194,-15.56933,-47.65823,24636.3,-39.9,7.3,237.5,-49.3,1.3,27.8,RS41-SGP,403.502,11.4,-875,9,2.8,,
2026-09-19T16:01:55.006Z,X1909261,7198,-15.56948,-47.65842,24474.0,-40.9,6.0,228.4,-49.3,1.3,28.4,RS41-SGP,403.502,17.4,-875,10,2.8,,
2026-09-19T16:01:56.006Z,X1909261,7199,-15.56951,-47.65845,24433.1,-41.5,4.9,238.9,-49.7,1.4,28.6,RS41-SGP,403.502,17.4,-875,10,2.8,,
2026-09-19T16:01:57.006Z,X1909261,7200,-15.56954,-47.65849,24392.1,-40.6,5.3,231.3,-49.9,1.4,28.8,RS41-SGP,403.502,17.2,-875,11,2.8,,
2026-09-19T16:01:58.006Z,X1909261,7201,-15.56957,-47.65852,24351.0,-41.4,5.1,225.8,-50.0,1.4,29.0,RS41-SGP,403.502,16.2,-875,11,2.8,,
2026-09-19T16:01:59.006Z,X1909261,7202,-15.56960,-47.65855,24310.2,-40.5,5.0,225.5,-49.9,1.4,29.2,RS41-SGP,403.502,16.4,-875,10,2.7,,
2026-09-19T16:02:05.006Z,X1909261,7208,-15.56970,-47.65880,24068.8,-40.1,4.5,290.5,-50.9,1.5,30.3,RS41-SGP,403.502,16.0,-875,9,2.8,,
2026-09-19T16:02:06.006Z,X1909261,7209,-15.56968,-47.65883,24028.8,-39.9,3.2,318.2,-50.9,1.4,30.5,RS41-SGP,403.502,16.0,-875,10,2.7,,
2026-09-19T16:02:11.006Z,X1909261,7214,-15.56965,-47.65891,23836.0,-37.9,2.8,343.7,-51.0,1.4,31.4,RS41-SGP,403.502,15.0,-875,11,2.8,,
2026-09-19T16:02:15.006Z,X1909261,7218,-15.56962,-47.65897,23684.2,-38.5,4.3,334.9,-50.3,1.3,32.2,RS41-SGP,403.502,14.4,-875,11,2.8,,
2026-09-19T16:02:19.006Z,X1909261,7222,-15.56955,-47.65902,23531.3,-37.3,4.7,342.1,-51.1,1.4,32.9,RS41-SGP,403.502,14.8,-875,10,2.8,,
2026-09-19T16:02:23.006Z,X1909261,7226,-15.56948,-47.65901,23383.2,-36.9,2.6,0.6,-50.4,1.3,33.7,RS41,403.502,14.0,-875,11,2.8,,
2026-09-19T16:02:28.006Z,X1909261,7231,-15.56949,-47.65904,23197.6,-36.2,2.1,273.4,-52.2,1.6,34.7,RS41,403.502,14.2,-875,10,2.7,,
2026-09-19T16:02:29.006Z,X1909261,7232,-15.56950,-47.65905,23161.3,-36.1,1.7,180.6,-52.4,1.7,34.9,RS41,403.502,14.5,-875,10,2.8,,
2026-09-19T16:02:31.006Z,X1909261,7234,-15.56955,-47.65907,23089.7,-35.9,5.3,213.2,-52.7,1.7,35.3,RS41,403.502,10.6,-875,11,2.8,,
2026-09-19T16:02:32.006Z,X1909261,7235,-15.56958,-47.65910,23053.7,-35.8,4.2,236.1,-53.0,1.7,35.5,RS41,403.502,11.1,-875,10,2.8,,
2026-09-19T16:02:35.006Z,X1909261,7238,-15.56960,-47.65921,22944.7,-36.3,3.9,261.6,-52.8,1.7,36.1,RS41,403.502,16.4,-875,11,2.7,,
2026-09-19T16:02:36.006Z,X1909261,7239,-15.56961,-47.65925,22909.2,-34.7,4.8,254.1,-53.7,1.9,36.3,RS41,403.502,16.4,-875,11,2.8,,
2026-09-19T16:02:37.006Z,X1909261,7240,-15.56962,-47.65929,22874.1,-35.3,3.8,251.5,-54.0,1.9,36.4,RS41,403.502,16.2,-875,10,2.8,,
2026-09-19T16:02:38.006Z,X1909261,7241,-15.56963,-47.65932,22838.9,-35.2,3.2,249.5,-54.0,1.8,36.7,RS41,403.502,14.1,-875,11,2.8,,
2026-09-19T16:02:43.006Z,X1909261,7246,-15.56971,-47.65951,22657.2,-35.5,3.9,262.6,-54.3,1.8,37.8,RS41,403.502,15.3,-875,11,2.8,,
2026-09-19T16:02:48.006Z,X1909261,7251,-15.56982,-47.65964,22481.2,-34.6,2.7,214.4,-53.4,1.7,38.9,RS41,403.502,15.7,-875,10,2.7,,
2026-09-19T16:02:53.006Z,X1909261,7256,-15.57001,-47.65978,22310.0,-33.7,5.0,221.3,-54.2,1.8,39.9,RS41,403.502,15.5,-875,11,2.8,,
2026-09-19T16:02:54.006Z,X1909261,7257,-15.57005,-47.65980,22276.6,-33.3,5.8,202.8,-54.1,1.8,40.1,RS41,403.502,15.4,-875,10,2.8,,
2026-09-19T16:02:59.006Z,X1909261,7262,-15.57026,-47.65997,22110.0,-34.1,3.8,232.0,-55.0,1.9,41.2,RS41,403.502,15.0,-875,11,2.8,,
2026-09-19T16:03:00.006Z,X1909261,7263,-15.57029,-47.66000,22076.7,-33.0,4.9,214.1,-55.2,2.0,41.4,RS41,403.502,14.5,-875,11,2.8,,
2026-09-19T16:03:05.006Z,X1909261,7268,-15.57047,-47.66018,21912.7,-32.9,4.6,244.2,-55.0,1.9,42.5,RS41,403.502,14.4,-875,11,2.8,,
2026-09-19T16:03:06.006Z,X1909261,7269,-15.57049,-47.66021,21880.0,-32.2,3.7,213.1,-54.9,1.8,42.7,RS41,403.502,14.4,-875,10,2.8,,
2026-09-19T16:03:12.006Z,X1909261,7275,-15.57062,-47.66044,21680.6,-34.0,6.0,283.2,-57.1,2.3,44.0,RS41,403.502,9.6,-875,11,2.8,,
2026-09-19T16:03:13.006Z,X1909261,7276,-15.57061,-47.66050,21646.9,-33.8,7.4,286.6,-57.2,2.3,44.3,RS41,403.502,9.6,-875,10,2.8,,
2026-09-19T16:03:15.006Z,X1909261,7278,-15.57057,-47.66062,21581.3,-32.9,8.1,281.3,-56.8,2.2,44.8,RS41,403.502,12.1,-875,11,2.8,,
2026-09-19T16:03:16.006Z,X1909261,7279,-15.57056,-47.66069,21547.3,-34.9,8.1,278.6,-57.0,2.2,45.1,RS41,403.502,14.2,-875,11,2.7,,
2026-09-19T16:03:17.006Z,X1909261,7280,-15.57055,-47.66075,21512.8,-34.6,6.3,282.5,-57.3,2.2,45.3,RS41,403.502,15.6,-875,10,2.7,,
2026-09-19T16:03:18.006Z,X1909261,7281,-15.57054,-47.66080,21478.5,-33.7,6.2,270.1,-57.4,2.3,45.6,RS41,403.502,15.6,-875,11,2.8,,
2026-09-19T16:03:19.006Z,X1909261,7282,-15.57053,-47.66087,21445.1,-33.1,8.3,284.2,-57.3,2.2,45.8,RS41,403.502,14.6,-875,11,2.8,,
2026-09-19T16:03:20.006Z,X1909261,7283,-15.57051,-47.66094,21412.3,-32.5,9.4,284.1,-57.3,2.2,46.1,RS41,403.502,16.0,-875,10,2.8,,
2026-09-19T16:03:21.006Z,X1909261,7284,-15.57050,-47.66102,21379.5,-33.2,8.1,272.1,-57.3,2.2,46.4,RS41,403.502,17.1,-875,11,2.8,,
2026-09-19T16:03:22.006Z,X1909261,7285,-15.57049,-47.66109,21345.9,-34.6,8.0,284.9,-57.3,2.2,46.6,RS41,403.502,17.1,-875,11,2.8,,
2026-09-19T16:03:23.006Z,X1909261,7286,-15.57047,-47.66116,21311.5,-34.0,9.1,287.0,-57.6,2.3,46.8,RS41,403.502,10.2,-875,11,2.7,,
2026-09-19T16:03:24.006Z,X1909261,7287,-15.57044,-47.66124,21277.7,-33.3,8.4,289.9,-57.7,2.3,47.2,RS41,403.502,15.4,-875,9,2.7,,
2026-09-19T16:03:25.006Z,X1909261,7288,-15.57042,-47.66129,21244.6,-33.0,4.2,288.4,-57.8,2.3,47.3,RS41,403.502,16.4,-875,11,2.8,,
2026-09-19T16:03:26.006Z,X1909261,7289,-15.57041,-47.66133,21212.4,-31.5,4.4,303.3,-57.8,2.3,47.6,RS41,403.502,16.4,-875,10,2.8,,
2026-09-19T16:03:27.006Z,X1909261,7290,-15.57038,-47.66137,21181.3,-31.1,7.6,302.6,-58.0,2.3,47.8,RS41,403.502,15.3,-875,11,2.8,,
2026-09-19T16:03:28.006Z,X1909261,7291,-15.57035,-47.66143,21151.7,-28.9,7.5,289.5,-58.0,2.3,48.0,RS41,403.502,14.9,-875,11,2.8,,
2026-09-19T16:03:29.006Z,X1909261,7292,-15.57033,-47.66149,21122.7,-28.9,6.1,290.7,-57.8,2.2,48.2,RS41,403.502,16.0,-875,11,2.8,,
2026-09-19T16:03:30.006Z,X1909261,7293,-15.57030,-47.66153,21093.7,-28.9,6.1,308.5,-57.9,2.3,48.4,RS41,403.502,16.0,-875,11,2.7,08:27:27,
2026-09-19T16:03:31.006Z,X1909261,7294,-15.57027,-47.66158,21064.8,-29.3,7.0,302.3,-57.7,2.2,48.7,RS41,403.502,14.1,-875,11,2.7,08:27:27,
2026-09-19T16:03:32.006Z,X1909261,7295,-15.57024,-47.66164,21035.3,-29.1,6.7,288.5,-57.5,2.2,48.9,RS41,403.502,15.3,-875,11,2.8,08:27:27,
2026-09-19T16:03:33.006Z,X1909261,7296,-15.57023,-47.66169,21006.5,-28.8,6.5,283.0,-57.6,2.1,49.1,RS41,403.502,16.4,-875,11,2.8,08:27:27,
2026-09-19T16:03:34.006Z,X1909261,7297,-15.57021,-47.66175,20978.7,-27.5,6.5,292.1,-57.6,2.2,49.3,RS41,403.502,16.4,-875,11,2.8,08:27:27,
2026-09-19T16:03:35.006Z,X1909261,7298,-15.57019,-47.66181,20951.3,-27.6,8.0,287.8,-57.6,2.2,49.5,RS41,403.502,15.6,-875,11,2.8,08:27:27,
2026-09-19T16:03:36.006Z,X1909261,7299,-15.57018,-47.66188,20923.0,-29.1,7.9,276.0,-57.7,2.2,49.8,RS41,403.502,15.6,-875,11,2.8,08:27:27,
2026-09-19T16:03:37.006Z,X1909261,7300,-15.57017,-47.66194,20893.2,-30.7,7.0,276.8,-57.7,2.1,50.0,RS41,403.502,15.5,-875,11,2.7,08:27:27,
2026-09-19T16:03:38.006Z,X1909261,7301,-15.57016,-47.66201,20861.5,-32.7,7.6,279.4,-57.9,2.2,50.3,RS41,403.502,11.6,-875,11,2.7,08:27:27,
2026-09-19T16:03:39.006Z,X1909261,7302,-15.57015,-47.66208,20828.9,-32.8,8.0,271.9,-57.8,2.1,50.6,RS41,403.502,11.6,-875,11,2.8,08:27:27,
2026-09-19T16:03:40.006Z,X1909261,7303,-15.57016,-47.66214,20796.2,-32.8,4.3,264.7,-57.7,2.1,50.8,RS41,403.502,14.5,-875,11,2.8,08:27:27,
2026-09-19T16:03:41.006Z,X1909261,7304,-15.57015,-47.66217,20764.1,-31.5,3.6,291.8,-57.9,2.2,51.0,RS41,403.502,15.9,-875,11,2.8,08:27:27,
2026-09-19T16:03:42.006Z,X1909261,7305,-15.57014,-47.66220,20732.9,-30.9,4.6,300.1,-58.1,2.2,51.3,RS41,403.502,15.9,-875,11,2.8,08:27:27,
2026-09-19T16:03:43.006Z,X1909261,7306,-15.57012,-47.66225,20703.0,-29.3,6.4,284.3,-58.2,2.3,51.6,RS41,403.502,14.7,-875,11,2.8,08:27:27,
2026-09-19T16:03:44.006Z,X1909261,7307,-15.57011,-47.66230,20674.2,-28.7,5.6,279.0,-58.4,2.3,51.8,RS41,403.502,15.9,-875,11,2.7,08:27:27,
2026-09-19T16:03:45.006Z,X1909261,7308,-15.57010,-47.66235,20646.2,-27.7,5.2,285.9,-58.7,2.4,52.0,RS41,403.502,15.9,-875,11,2.7,08:27:27,
2026-09-19T16:03:46.006Z,X1909261,7309,-15.57009,-47.66241,20618.8,-27.7,6.6,281.8,-58.8,2.4,52.2,RS41,403.502,13.6,-875,11,2.8,08:27:27,
2026-09-19T16:03:47.006Z,X1909261,7310,-15.57008,-47.66246,20591.2,-28.0,5.7,269.6,-58.8,2.4,52.5,RS41,403.502,15.2,-875,11,2.8,08:27:27,
2026-09-19T16:03:48.006Z,X1909261,7311,-15.57008,-47.66251,20563.5,-27.5,4.5,270.4,-58.8,2.4,52.7,RS41,403.502,15.2,-875,11,2.8,08:27:27,
2026-09-19T16:03:49.006Z,X1909261,7312,-15.57008,-47.66255,20536.0,-27.5,4.7,279.3,-58.8,2.4,53.0,RS41,403.502,13.7,-875,10,2.8,08:27:27,
2026-09-19T16:03:50.006Z,X1909261,7313,-15.57007,-47.66259,20509.1,-27.2,4.7,265.4,-59.0,2.5,53.2,RS41,403.502,14.8,-875,11,2.8,08:27:27,
2026-09-19T16:03:51.006Z,X1909261,7314,-15.57008,-47.66263,20481.9,-27.1,3.5,252.4,-59.0,2.5,53.4,RS41,403.502,14.8,-875,11,2.7,08:27:27,
2026-09-19T16:03:52.006Z,X1909261,7315,-15.57008,-47.66266,20454.5,-27.5,2.3,276.1,-59.2,2.5,53.6,RS41,403.502,14.2,-875,11,2.7,08:27:27,
2026-09-19T16:03:54.006Z,X1909261,7317,-15.57008,-47.66270,20400.6,-27.1,3.2,264.1,-59.6,2.6,54.2,RS41,403.502,13.7,-875,11,2.8,08:27:27,
2026-09-19T16:03:55.006Z,X1909261,7318,-15.57008,-47.66273,20373.6,-26.9,3.1,261.2,-60.1,2.7,54.4,RS41,403.502,14.7,-875,11,2.8,08:27:27,
2026-09-19T16:03:56.006Z,X1909261,7319,-15.57009,-47.66275,20346.6,-26.9,1.9,235.0,-60.5,2.7,54.6,RS41,403.502,15.2,-875,11,2.8,08:27:27,
2026-09-19T16:03:57.006Z,X1909261,7320,-15.57009,-47.66277,20319.6,-26.7,2.6,262.6,-60.8,2.8,54.9,RS41,403.502,15.2,-875,10,2.8,08:27:27,
2026-09-19T16:03:58.006Z,X1909261,7321,-15.57010,-47.66280,20293.0,-26.9,3.7,263.7,-61.0,2.9,55.1,RS41,403.502,11.3,-875,11,2.7,08:27:27,
2026-09-19T16:03:59.006Z,X1909261,7322,-15.57010,-47.66284,20265.6,-27.2,5.2,264.3,-61.4,3.0,55.4,RS41,403.502,15.4,-875,11,2.7,08:27:27,
2026-09-19T16:04:00.006Z,X1909261,7323,-15.57011,-47.66289,20238.5,-27.4,5.0,250.8,-61.9,3.1,55.6,RS41,403.502,15.4,-875,11,2.8,08:27:27,
2026-09-19T16:04:01.006Z,X1909261,7324,-15.57012,-47.66293,20211.1,-27.4,4.4,258.0,-62.3,3.2,55.9,RS41,403.502,15.3,-875,11,2.8,08:27:27,
2026-09-19T16:04:02.006Z,X1909261,7325,-15.57012,-47.66297,20183.7,-27.7,4.2,277.7,-62.5,3.2,56.0,RS41,403.502,15.3,-875,11,2.8,08:27:27,
2026-09-19T16:04:03.006Z,X1909261,7326,-15.57011,-47.66301,20155.9,-28.1,5.5,283.8,-62.5,3.3,56.3,RS41,403.502,14.4,-875,11,2.8,08:27:27,
2026-09-19T16:04:04.006Z,X1909261,7327,-15.57010,-47.66306,20127.7,-28.3,6.0,279.7,-62.8,3.3,56.5,RS41,403.502,16.0,-875,11,2.8,08:27:27,
2026-09-19T16:04:05.006Z,X1909261,7328,-15.57009,-47.66311,20100.1,-27.7,5.0,284.6,-63.1,3.4,56.8,RS41-SGP,403.502,17.4,-875,11,2.7,08:27:27,
2026-09-19T16:04:06.006Z,X1909261,7329,-15.57007,-47.66316,20073.2,-26.6,4.9,298.8,-63.3,3.5,57.0,RS41-SGP,403.502,17.4,-875,11,2.7,08:27:27,
2026-09-19T16:04:07.006Z,X1909261,7330,-15.57005,-47.66320,20046.8,-26.7,5.8,304.7,-63.3,3.4,57.3,RS41-SGP,403.502,15.0,-875,11,2.8,08:27:27,
2026-09-19T16:04:08.006Z,X1909261,7331,-15.57002,-47.66324,20020.4,-26.4,6.3,299.8,-63.3,3.3,57.5,RS41-SGP,403.502,12.8,-875,11,2.8,08:27:27,
2026-09-19T16:04:09.006Z,X1909261,7332,-15.56999,-47.66329,19994.4,-26.0,5.7,293.6,-63.4,3.4,57.8,RS41-SGP,403.502,15.9,-875,11,2.8,08:27:27,
2026-09-19T16:04:10.006Z,X1909261,7333,-15.56998,-47.66334,19968.9,-25.4,4.4,292.1,-63.3,3.4,58.0,RS41-SGP,403.502,17.7,-875,11,2.8,08:27:27,
2026-09-19T16:04:11.006Z,X1909261,7334,-15.56996,-47.66337,19943.3,-26.1,3.9,302.0,-63.3,3.3,58.2,RS41-SGP,403.502,17.8,-875,11,2.8,08:27:27,
2026-09-19T16:04:12.006Z,X1909261,7335,-15.56994,-47.66340,19917.5,-26.1,4.4,312.5,-63.2,3.2,58.5,RS41-SGP,403.502,17.8,-875,11,2.7,08:27:27,
2026-09-19T16:04:13.006Z,X1909261,7336,-15.56991,-47.66343,19891.3,-26.6,4.4,305.9,-63.2,3.2,58.8,RS41-SGP,403.502,16.7,-875,10,2.7,08:27:27,
2026-09-19T16:04:14.006Z,X1909261,7337,-15.56989,-47.66347,19865.9,-25.0,4.6,294.1,-63.1,3.2,59.0,RS41-SGP,403.502,13.3,-875,11,2.8,08:27:27,
2026-09-19T16:04:15.006Z,X1909261,7338,-15.56988,-47.66351,19840.4,-26.0,3.9,286.3,-63.2,3.1,59.2,RS41-SGP,403.502,13.3,-875,11,2.8,08:27:27,
2026-09-19T16:04:16.006Z,X1909261,7339,-15.56988,-47.66354,19814.6,-25.7,3.1,270.8,-63.4,3.2,59.5,RS41-SGP,403.502,15.7,-875,11,2.8,08:27:27,
2026-09-19T16:04:17.006Z,X1909261,7340,-15.56988,-47.66356,19789.4,-25.2,2.4,240.4,-63.5,3.2,59.7,RS41-SGP,403.502,17.9,-875,11,2.8,08:27:27,
2026-09-19T16:04:18.006Z,X1909261,7341,-15.56990,-47.66357,19764.9,-24.6,2.4,211.3,-63.8,3.3,60.0,RS41-SGP,403.502,18.6,-875,11,2.8,08:27:27,
2026-09-19T16:04:19.006Z,X1909261,7342,-15.56991,-47.66358,19740.0,-25.3,2.4,207.9,-64.0,3.3,60.2,RS41-SGP,403.502,18.6,-875,10,2.7,08:27:27,
2026-09-19T16:04:20.006Z,X1909261,7343,-15.56993,-47.66359,19715.4,-24.4,2.2,213.9,-63.9,3.3,60.4,RS41-SGP,403.502,18.4,-875,11,2.7,08:27:27,
2026-09-19T16:04:21.006Z,X1909261,7344,-15.56994,-47.66361,19690.6,-25.2,2.1,226.5,-63.7,3.1,60.7,RS41-SGP,403.502,18.7,-875,11,2.8,08:26:36,
2026-09-19T16:04:22.006Z,X1909261,7345,-15.56995,-47.66362,19665.6,-24.8,1.4,248.9,-63.6,3.1,61.0,RS41-SGP,403.502,18.7,-875,11,2.8,08:26:36,
2026-09-19T16:04:23.006Z,X1909261,7346,-15.56996,-47.66363,19640.8,-25.1,1.4,235.3,-63.2,3.0,61.2,RS41-SGP,403.502,17.0,-875,11,2.8,08:26:36,
2026-09-19T16:04:24.006Z,X1909261,7347,-15.56996,-47.66366,19615.6,-26.0,3.2,279.5,-63.6,3.0,61.5,RS41-SGP,403.502,16.2,-875,11,2.8,08:26:36,
2026-09-19T16:04:25.006Z,X1909261,7348,-15.56995,-47.66369,19589.5,-25.9,3.5,284.2,-63.8,3.1,61.7,RS41-SGP,403.502,13.9,-875,11,2.8,08:26:36,
2026-09-19T16:04:26.006Z,X1909261,7349,-15.56995,-47.66372,19564.0,-25.8,4.3,276.0,-64.1,3.3,62.0,RS41-SGP,403.502,11.1,-875,10,2.7,08:26:36,
2026-09-19T16:04:27.006Z,X1909261,7350,-15.56995,-47.66376,19538.5,-25.2,4.2,267.5,-64.2,3.3,62.2,RS41-SGP,403.502,11.1,-875,11,2.7,08:26:36,
2026-09-19T16:04:28.006Z,X1909261,7351,-15.56995,-47.66380,19514.0,-24.1,3.7,279.5,-64.1,3.3,62.5,RS41-SGP,403.502,10.3,-875,11,2.8,08:26:36,
2026-09-19T16:04:29.006Z,X1909261,7352,-15.56995,-47.66383,19490.1,-23.8,3.4,273.3,-64.2,3.3,62.7,RS41-SGP,403.502,12.4,-875,11,2.8,08:26:36,
2026-09-19T16:04:30.006Z,X1909261,7353,-15.56994,-47.66386,19466.3,-23.8,2.5,301.5,-64.0,3.2,63.0,RS41-SGP,403.502,16.8,-875,11,2.8,08:26:36,
2026-09-19T16:04:31.006Z,X1909261,7354,-15.56993,-47.66388,19442.4,-24.6,2.8,277.3,-63.9,3.2,63.3,RS41-SGP,403.502,17.5,-875,11,2.8,08:26:36,
2026-09-19T16:04:32.006Z,X1909261,7355,-15.56993,-47.66389,19418.1,-24.5,1.1,338.4,-63.8,3.1,63.5,RS41-SGP,403.502,17.5,-875,11,2.8,08:26:36,
2026-09-19T16:04:33.006Z,X1909261,7356,-15.56992,-47.66390,19393.4,-24.9,1.1,317.0,-63.5,3.1,63.8,RS41-SGP,403.502,18.2,-875,11,2.7,08:26:36,
2026-09-19T16:04:34.006Z,X1909261,7357,-15.56990,-47.66390,19369.2,-24.2,2.9,7.6,-63.6,3.1,64.1,RS41-SGP,403.502,18.2,-875,11,2.7,08:26:36,
2026-09-19T16:04:35.006Z,X1909261,7358,-15.56988,-47.66390,19344.5,-24.4,2.5,332.0,-63.5,3.1,64.3,RS41-SGP,403.502,17.8,-875,11,2.8,08:26:36,
2026-09-19T16:04:36.006Z,X1909261,7359,-15.56985,-47.66391,19319.8,-24.7,3.7,350.8,-63.4,3.0,64.5,RS41-SGP,403.502,16.0,-875,11,2.8,08:26:36,
2026-09-19T16:04:37.006Z,X1909261,7360,-15.56983,-47.66392,19295.0,-25.0,1.8,304.8,-63.4,3.0,64.8,RS41-SGP,403.502,12.1,-875,11,2.8,08:26:36,
2026-09-19T16:04:38.006Z,X1909261,7361,-15.56982,-47.66394,19270.3,-24.5,2.4,319.1,-63.6,3.1,65.0,RS41-SGP,403.502,12.1,-875,10,2.8,08:26:36,
2026-09-19T16:04:41.006Z,X1909261,7364,-15.56980,-47.66393,19198.4,-24.1,1.7,71.1,-64.7,3.4,65.8,RS41-SGP,403.502,15.1,-875,10,2.7,08:26:36,
2026-09-19T16:04:42.006Z,X1909261,7365,-15.56978,-47.66391,19174.8,-23.3,3.6,49.6,-64.8,3.4,66.1,RS41-SGP,403.502,16.8,-875,11,2.8,08:26:36,
2026-09-19T16:04:43.006Z,X1909261,7366,-15.56976,-47.66389,19151.7,-23.4,2.6,45.5,-64.4,3.3,66.4,RS41-SGP,403.502,18.1,-875,10,2.8,08:26:36,
2026-09-19T16:04:44.006Z,X1909261,7367,-15.56974,-47.66387,19128.2,-23.5,3.1,37.9,-64.9,3.4,66.6,RS41-SGP,403.502,18.6,-875,10,2.8,08:26:36,
2026-09-19T16:04:45.006Z,X1909261,7368,-15.56972,-47.66386,19104.6,-23.7,2.7,34.7,-65.1,3.5,66.9,RS41-SGP,403.502,18.6,-875,10,2.8,08:26:36,
2026-09-19T16:04:46.006Z,X1909261,7369,-15.56970,-47.66384,19080.7,-23.8,3.8,46.6,-65.3,3.6,67.2,RS41-SGP,403.502,18.0,-875,11,2.8,08:26:36,
2026-09-19T16:04:47.006Z,X1909261,7370,-15.56967,-47.66382,19056.8,-23.9,4.3,37.7,-65.4,3.6,67.4,RS41-SGP,403.502,17.5,-875,11,2.7,08:26:36,
2026-09-19T16:04:48.006Z,X1909261,7371,-15.56964,-47.66379,19032.9,-24.0,5.0,46.2,-65.2,3.5,67.7,RS41-SGP,403.502,18.2,-875,11,2.7,08:26:36,
2026-09-19T16:04:49.006Z,X1909261,7372,-15.56961,-47.66375,19009.5,-22.8,5.4,49.6,-65.6,3.7,67.9,RS41-SGP,403.502,18.4,-875,10,2.8,08:26:36,
2026-09-19T16:04:50.006Z,X1909261,7373,-15.56958,-47.66371,18987.1,-22.3,5.5,65.7,-65.9,3.8,68.2,RS41-SGP,403.502,19.1,-875,11,2.8,08:26:36,
2026-09-19T16:04:51.006Z,X1909261,7374,-15.56957,-47.66366,18964.4,-23.3,7.6,72.4,-65.9,3.8,68.4,RS41-SGP,403.502,19.2,-875,11,2.8,08:26:36,
2026-09-19T16:04:52.006Z,X1909261,7375,-15.56954,-47.66360,18941.1,-23.6,7.4,65.3,-66.3,4.0,68.7,RS41-SGP,403.502,19.2,-875,11,2.8,08:26:36,
2026-09-19T16:04:53.006Z,X1909261,7376,-15.56952,-47.66354,18917.9,-23.5,7.4,73.6,-66.2,3.9,68.9,RS41-SGP,403.502,18.2,-875,11,2.8,08:26:36,
2026-09-19T16:04:54.006Z,X1909261,7377,-15.56949,-47.66347,18895.2,-22.6,8.4,64.2,-66.1,3.9,69.2,RS41-SGP,403.502,17.2,-875,10,2.7,08:26:36,
2026-09-19T16:04:55.006Z,X1909261,7378,-15.56946,-47.66341,18873.2,-21.8,7.0,62.1,-66.4,4.0,69.5,RS41-SGP,403.502,17.6,-875,11,2.7,08:26:36,
2026-09-19T16:04:56.006Z,X1909261,7379,-15.56944,-47.66336,18850.9,-22.7,6.4,76.5,-66.0,3.7,69.8,RS41-SGP,403.502,19.3,-875,10,2.8,08:26:36,
2026-09-19T16:04:57.006Z,X1909261,7380,-15.56943,-47.66330,18827.6,-23.4,7.7,73.5,-66.6,4.0,70.0,RS41-SGP,403.502,19.3,-875,9,2.8,08:26:36,
2026-09-19T16:04:58.006Z,X1909261,7381,-15.56941,-47.66324,18804.1,-23.7,7.1,76.3,-66.7,4.0,70.3,RS41-SGP,403.502,19.0,-875,10,2.8,08:26:36,
2026-09-19T16:04:59.006Z,X1909261,7382,-15.56940,-47.66318,18780.3,-23.6,8.0,79.7,-66.8,4.0,70.5,RS41-SGP,403.502,18.1,-875,10,2.8,08:26:36,
2026-09-19T16:05:00.006Z,X1909261,7383,-15.56939,-47.66311,18756.8,-23.8,7.7,73.7,-67.1,4.2,70.8,RS41-SGP,403.502,17.3,-875,10,2.8,08:26:36,
2026-09-19T16:05:01.006Z,X1909261,7384,-15.56938,-47.66305,18733.0,-23.1,6.5,86.6,-67.0,4.2,71.1,RS41-SGP,403.502,16.5,-875,11,2.7,08:26:36,
2026-09-19T16:05:02.006Z,X1909261,7385,-15.56938,-47.66298,18709.5,-22.9,7.9,91.4,-66.8,4.0,71.4,RS41-SGP,403.502,13.9,-875,11,2.7,08:26:36,
2026-09-19T16:05:03.006Z,X1909261,7386,-15.56939,-47.66292,18686.9,-22.7,6.9,104.6,-67.0,4.2,71.7,RS41-SGP,403.502,11.9,-875,10,2.8,08:26:36,
2026-09-19T16:05:04.006Z,X1909261,7387,-15.56942,-47.66286,18664.1,-22.9,8.2,106.5,-67.2,4.3,71.9,RS41-SGP,403.502,12.2,-875,11,2.8,08:26:36,
2026-09-19T16:05:05.006Z,X1909261,7388,-15.56944,-47.66279,18641.3,-23.0,7.2,111.7,-67.3,4.2,72.2,RS41-SGP,403.502,14.8,-875,9,2.8,08:26:36,
2026-09-19T16:05:06.006Z,X1909261,7389,-15.56948,-47.66273,18618.1,-23.3,7.6,120.9,-67.5,4.3,72.5,RS41-SGP,403.502,14.8,-875,11,2.8,08:26:36,
2026-09-19T16:05:07.006Z,X1909261,7390,-15.56952,-47.66267,18595.6,-22.3,8.1,128.1,-67.7,4.4,72.8,RS41-SGP,403.502,15.2,-875,10,2.8,08:26:36,
2026-09-19T16:05:08.006Z,X1909261,7391,-15.56957,-47.66262,18573.4,-22.0,8.4,132.6,-68.0,4.5,73.0,RS41-SGP,403.502,15.2,-875,10,2.7,08:26:36,
2026-09-19T16:05:09.006Z,X1909261,7392,-15.56962,-47.66256,18551.0,-23.1,9.2,135.3,-68.0,4.4,73.3,RS41-SGP,403.502,15.2,-875,11,2.7,08:26:36,
2026-09-19T16:05:10.006Z,X1909261,7393,-15.56969,-47.66251,18528.5,-22.3,9.3,140.3,-68.3,4.5,73.5,RS41-SGP,403.502,14.6,-875,11,2.8,08:26:36,
2026-09-19T16:05:11.006Z,X1909261,7394,-15.56975,-47.66246,18506.2,-22.3,9.0,144.7,-68.4,4.5,73.8,RS41-SGP,403.502,13.9,-875,11,2.8,08:26:36,
2026-09-19T16:05:12.006Z,X1909261,7395,-15.56982,-47.66241,18484.5,-21.7,9.6,147.4,-68.3,4.3,74.1,RS41-SGP,403.502,14.2,-875,10,2.8,08:25:45,
2026-09-19T16:05:13.006Z,X1909261,7396,-15.56989,-47.66237,18463.1,-21.8,8.3,151.0,-68.1,4.2,74.4,RS41-SGP,403.502,14.7,-875,10,2.8,08:25:45,
2026-09-19T16:05:14.006Z,X1909261,7397,-15.56996,-47.66234,18440.7,-22.5,8.5,157.8,-67.5,3.9,74.7,RS41-SGP,403.502,14.7,-875,11,2.8,08:25:45,
2026-09-19T16:05:15.006Z,X1909261,7398,-15.57003,-47.66231,18418.5,-21.8,8.3,160.5,-67.7,4.0,75.0,RS41-SGP,403.502,12.8,-875,8,2.7,08:25:45,
2026-09-19T16:05:16.006Z,X1909261,7399,-15.57009,-47.66229,18395.8,-22.7,7.7,155.9,-67.2,3.8,75.2,RS41-SGP,403.502,10.7,-875,11,2.7,08:25:45,
2026-09-19T16:05:17.006Z,X1909261,7400,-15.57015,-47.66226,18373.4,-21.8,6.7,160.6,-67.1,3.8,75.5,RS41-SGP,403.502,10.5,-875,11,2.8,08:25:45,
2026-09-19T16:05:18.006Z,X1909261,7401,-15.57020,-47.66224,18352.1,-21.3,5.9,154.0,-67.1,3.8,75.8,RS41-SGP,403.502,13.9,-875,11,2.8,08:25:45,
2026-09-19T16:05:19.006Z,X1909261,7402,-15.57024,-47.66222,18330.4,-21.8,5.4,143.1,-66.9,3.7,76.1,RS41-SGP,403.502,16.6,-875,10,2.8,08:25:45,
2026-09-19T16:05:20.006Z,X1909261,7403,-15.57028,-47.66219,18308.2,-22.5,4.4,133.0,-66.5,3.6,76.4,RS41-SGP,403.502,18.7,-875,10,2.8,08:25:45,
2026-09-19T16:05:21.006Z,X1909261,7404,-15.57030,-47.66216,18285.8,-21.9,4.2,130.5,-66.5,3.6,76.6,RS41-SGP,403.502,18.7,-875,10,2.8,08:25:45,
2026-09-19T16:05:22.006Z,X1909261,7405,-15.57033,-47.66212,18263.9,-21.4,6.2,131.6,-65.9,3.4,76.9,RS41-SGP,403.502,17.1,-875,10,2.7,08:25:45,
2026-09-19T16:05:23.006Z,X1909261,7406,-15.57037,-47.66208,18242.9,-21.7,7.3,136.1,-66.0,3.5,77.2,RS41-SGP,403.502,17.1,-875,10,2.7,08:25:45,
2026-09-19T16:05:24.006Z,X1909261,7407,-15.57042,-47.66203,18220.9,-21.7,7.7,140.6,-66.3,3.7,77.4,RS41-SGP,403.502,13.5,-875,11,2.8,08:25:45,
2026-09-19T16:05:25.006Z,X1909261,7408,-15.57047,-47.66200,18198.7,-21.5,5.1,146.8,-66.7,3.8,77.8,RS41-SGP,403.502,11.1,-875,11,2.8,08:25:45,
2026-09-19T16:05:26.006Z,X1909261,7409,-15.57049,-47.66198,18176.7,-21.3,2.5,150.2,-67.5,4.2,78.0,RS41-SGP,403.502,14.6,-875,11,2.8,08:25:45,
2026-09-19T16:05:27.006Z,X1909261,7410,-15.57051,-47.66196,18155.1,-21.8,2.9,109.6,-67.5,4.1,78.3,RS41-SGP,403.502,16.9,-875,11,2.8,08:25:45,
2026-09-19T16:05:28.006Z,X1909261,7411,-15.57051,-47.66193,18133.2,-22.2,3.5,86.8,-67.8,4.3,78.6,RS41-SGP,403.502,17.6,-875,10,2.8,08:25:45,
2026-09-19T16:05:29.006Z,X1909261,7412,-15.57051,-47.66190,18111.8,-20.4,4.5,97.7,-68.4,4.6,78.9,RS41-SGP,403.502,17.6,-875,10,2.7,08:25:45,
2026-09-19T16:05:30.006Z,X1909261,7413,-15.57052,-47.66186,18091.2,-20.9,4.2,113.4,-68.8,4.7,79.2,RS41-SGP,403.502,17.1,-875,11,2.7,08:25:45,
2026-09-19T16:05:31.006Z,X1909261,7414,-15.57054,-47.66183,18070.1,-20.6,4.2,130.3,-69.4,5.2,79.4,RS41-SGP,403.502,17.6,-875,11,2.8,08:25:45,
2026-09-19T16:05:32.006Z,X1909261,7415,-15.57056,-47.66181,18048.9,-21.8,2.1,155.8,-69.5,5.2,79.8,RS41-SGP,403.502,17.6,-875,11,2.8,08:25:45,
2026-09-19T16:05:33.006Z,X1909261,7416,-15.57058,-47.66181,18027.4,-21.8,3.0,170.1,-69.9,5.3,80.0,RS41-SGP,403.502,16.2,-875,10,2.8,08:25:45,
2026-09-19T16:05:34.006Z,X1909261,7417,-15.57060,-47.66180,18005.7,-21.2,1.8,155.6,-70.5,5.8,80.3,RS41-SGP,403.502,14.4,-875,11,2.8,08:25:45,
2026-09-19T16:05:35.006Z,X1909261,7418,-15.57061,-47.66181,17984.4,-21.0,1.4,225.1,-70.2,5.6,80.6,RS41-SGP,403.502,14.4,-875,11,2.8,08:25:45,
2026-09-19T16:05:36.006Z,X1909261,7419,-15.57061,-47.66182,17963.0,-20.7,1.6,232.1,-70.6,5.8,80.9,RS41-SGP,403.502,13.2,-875,11,2.7,08:25:45,
2026-09-19T16:05:37.006Z,X1909261,7420,-15.57061,-47.66183,17942.6,-20.5,1.4,269.5,-70.4,5.6,81.2,RS41-SGP,403.502,12.4,-875,10,2.7,08:25:45,
2026-09-19T16:05:38.006Z,X1909261,7421,-15.57060,-47.66185,17921.7,-20.4,3.4,289.8,-70.3,5.5,81.5,RS41-SGP,403.502,11.9,-875,11,2.8,08:25:45,
2026-09-19T16:05:39.006Z,X1909261,7422,-15.57058,-47.66188,17900.9,-20.9,4.2,296.6,-70.9,5.8,81.8,RS41-SGP,403.502,11.9,-875,11,2.8,08:25:45,
2026-09-19T16:05:40.006Z,X1909261,7423,-15.57056,-47.66192,17879.8,-21.3,4.9,314.5,-70.9,5.8,82.1,RS41-SGP,403.502,11.9,-875,10,2.8,08:25:45,
2026-09-19T16:05:41.006Z,X1909261,7424,-15.57052,-47.66195,17858.2,-21.7,6.5,309.4,-71.0,5.9,82.3,RS41-SGP,403.502,11.0,-875,11,2.8,08:25:45,
2026-09-19T16:05:42.006Z,X1909261,7425,-15.57048,-47.66199,17837.1,-20.3,5.8,316.5,-71.5,6.2,82.6,RS41-SGP,403.502,11.1,-875,10,2.8,08:25:45,
2026-09-19T16:05:43.006Z,X1909261,7426,-15.57043,-47.66202,17816.9,-20.6,7.0,334.5,-71.2,5.8,82.9,RS41-SGP,403.502,15.5,-875,9,2.7,08:25:45,
2026-09-19T16:05:44.006Z,X1909261,7427,-15.57038,-47.66205,17796.2,-20.7,7.2,332.9,-71.3,5.8,83.3,RS41-SGP,403.502,16.6,-875,11,2.7,08:25:45,
2026-09-19T16:05:45.006Z,X1909261,7428,-15.57032,-47.66207,17776.0,-20.1,7.5,339.7,-71.3,5.7,83.5,RS41-SGP,403.502,17.6,-875,10,2.8,08:25:45,
2026-09-19T16:05:46.006Z,X1909261,7429,-15.57025,-47.66209,17755.2,-21.2,8.1,343.5,-71.7,6.0,83.9,RS41-SGP,403.502,18.2,-875,11,2.8,08:25:45,
2026-09-19T16:05:47.006Z,X1909261,7430,-15.57018,-47.66211,17733.8,-21.1,8.2,343.9,-71.7,6.0,84.1,RS41-SGP,403.502,18.5,-875,9,2.8,08:25:45,
2026-09-19T16:05:48.006Z,X1909261,7431,-15.57011,-47.66213,17712.9,-20.6,8.1,348.6,-71.4,5.6,84.4,RS41-SGP,403.502,18.5,-875,10,2.8,08:25:45,
2026-09-19T16:05:49.006Z,X1909261,7432,-15.57003,-47.66214,17692.0,-21.0,8.0,349.5,-71.5,5.7,84.7,RS41-SGP,403.502,17.0,-875,11,2.8,08:25:45,
2026-09-19T16:05:50.006Z,X1909261,7433,-15.56996,-47.66216,17671.3,-20.5,7.7,350.8,-71.3,5.5,85.0,RS41-SGP,403.502,16.8,-875,11,2.7,08:25:45,
2026-09-19T16:05:51.006Z,X1909261,7434,-15.56989,-47.66217,17651.8,-20.3,8.1,353.6,-71.1,5.3,85.3,RS41-SGP,403.502,17.4,-875,11,2.7,08:25:45,
2026-09-19T16:05:52.006Z,X1909261,7435,-15.56983,-47.66218,17631.4,-19.6,6.8,347.7,-70.9,5.1,85.7,RS41-SGP,403.502,17.4,-875,11,2.8,08:25:45,
2026-09-19T16:05:53.006Z,X1909261,7436,-15.56977,-47.66219,17611.5,-20.0,6.4,346.7,-71.0,5.2,85.9,RS41-SGP,403.502,17.1,-875,11,2.8,08:25:45,
2026-09-19T16:05:54.006Z,X1909261,7437,-15.56972,-47.66220,17591.5,-19.8,6.4,344.1,-70.9,5.1,86.2,RS41-SGP,403.502,14.0,-875,10,2.8,08:25:45,
2026-09-19T16:05:55.006Z,X1909261,7438,-15.56966,-47.66222,17570.7,-20.3,7.5,345.0,-70.7,5.0,86.5,RS41-SGP,403.502,12.4,-875,10,2.8,08:25:45,
2026-09-19T16:05:56.006Z,X1909261,7439,-15.56959,-47.66224,17550.1,-20.3,8.0,344.2,-70.5,4.9,86.8,RS41-SGP,403.502,13.8,-875,11,2.7,08:25:45,
2026-09-19T16:05:57.006Z,X1909261,7440,-15.56952,-47.66226,17530.3,-20.1,7.5,341.8,-70.4,4.9,87.1,RS41-SGP,403.502,17.1,-875,10,2.7,08:25:45,
2026-09-19T16:05:58.006Z,X1909261,7441,-15.56946,-47.66227,17510.1,-20.0,7.5,355.5,-70.3,4.9,87.4,RS41-SGP,403.502,19.0,-875,10,2.8,08:25:45,
2026-09-19T16:05:59.006Z,X1909261,7442,-15.56939,-47.66226,17489.8,-19.9,6.9,13.6,-70.0,4.7,87.7,RS41-SGP,403.502,19.0,-875,9,2.8,08:25:45,
2026-09-19T16:06:00.006Z,X1909261,7443,-15.56933,-47.66225,17469.9,-20.1,6.6,22.7,-70.1,4.8,88.0,RS41-SGP,403.502,17.3,-875,11,2.8,08:25:45,
2026-09-19T16:06:01.006Z,X1909261,7444,-15.56929,-47.66222,17448.9,-20.9,4.7,29.0,-70.1,4.9,88.3,RS41-SGP,403.502,17.3,-875,10,2.8,08:25:45,
2026-09-19T16:06:02.006Z,X1909261,7445,-15.56925,-47.66221,17428.3,-20.1,3.9,13.6,-69.9,4.7,88.6,RS41-SGP,403.502,14.8,-875,11,2.8,08:25:45,
2026-09-19T16:06:03.006Z,X1909261,7446,-15.56921,-47.66221,17408.2,-19.7,4.2,349.6,-69.6,4.6,88.9,RS41-SGP,403.502,12.4,-875,10,2.7,08:24:54,
2026-09-19T16:06:04.006Z,X1909261,7447,-15.56917,-47.66221,17387.7,-20.3,5.4,355.2,-69.5,4.6,89.2,RS41-SGP,403.502,15.5,-875,11,2.7,08:24:54,
2026-09-19T16:06:05.006Z,X1909261,7448,-15.56912,-47.66221,17366.7,-21.1,6.6,3.2,-69.3,4.6,89.6,RS41-SGP,403.502,18.1,-875,11,2.8,08:24:54,
2026-09-19T16:06:06.006Z,X1909261,7449,-15.56906,-47.66220,17346.2,-19.8,6.7,16.5,-69.5,4.7,89.8,RS41-SGP,403.502,18.1,-875,11,2.8,08:24:54,
2026-09-19T16:06:07.006Z,X1909261,7450,-15.56901,-47.66218,17326.7,-19.4,5.2,30.4,-69.7,4.9,90.1,RS41-SGP,403.502,17.7,-875,11,2.8,08:24:54,
2026-09-19T16:06:08.006Z,X1909261,7451,-15.56898,-47.66215,17306.7,-20.2,3.9,60.5,-70.2,5.2,90.5,RS41-SGP,403.502,17.7,-875,11,2.8,08:24:54,
2026-09-19T16:06:09.006Z,X1909261,7452,-15.56898,-47.66212,17286.5,-20.0,3.4,87.4,-69.8,5.0,90.7,RS41-SGP,403.502,16.2,-875,10,2.8,08:24:54,
2026-09-19T16:06:10.006Z,X1909261,7453,-15.56897,-47.66210,17266.7,-19.8,1.9,56.7,-69.9,5.0,91.1,RS41-SGP,403.502,13.9,-875,11,2.7,08:24:54,
2026-09-19T16:06:11.006Z,X1909261,7454,-15.56896,-47.66209,17247.1,-19.7,1.6,42.9,-70.1,5.1,91.3,RS41-SGP,403.502,14.4,-875,11,2.7,08:24:54,
2026-09-19T16:06:12.006Z,X1909261,7455,-15.56895,-47.66207,17226.9,-20.0,3.7,47.9,-70.5,5.4,91.7,RS41-SGP,403.502,16.3,-875,11,2.8,08:24:54,
2026-09-19T16:06:13.006Z,X1909261,7456,-15.56892,-47.66204,17206.8,-19.9,5.0,43.0,-71.0,5.7,91.9,RS41-SGP,403.502,19.1,-875,11,2.8,08:24:54,
2026-09-19T16:06:14.006Z,X1909261,7457,-15.56889,-47.66200,17186.9,-19.7,5.8,54.3,-71.5,6.2,92.3,RS41-SGP,403.502,19.1,-875,10,2.8,08:24:54,
2026-09-19T16:06:15.006Z,X1909261,7458,-15.56886,-47.66195,17167.8,-19.4,6.8,67.5,-71.3,6.0,92.6,RS41-SGP,403.502,17.9,-875,11,2.8,08:24:54,
2026-09-19T16:06:16.006Z,X1909261,7459,-15.56885,-47.66188,17148.7,-18.8,7.6,81.4,-71.3,6.0,92.9,RS41-SGP,403.502,18.2,-875,11,2.8,08:24:54,
2026-09-19T16:06:17.006Z,X1909261,7460,-15.56884,-47.66182,17129.8,-19.1,6.6,85.5,-71.3,6.0,93.2,RS41-SGP,403.502,18.2,-875,11,2.7,08:24:54,
2026-09-19T16:06:18.006Z,X1909261,7461,-15.56884,-47.66176,17110.6,-19.3,5.9,87.6,-71.6,6.3,93.5,RS41-SGP,403.502,16.8,-875,11,2.7,08:24:54,
2026-09-19T16:06:19.006Z,X1909261,7462,-15.56884,-47.66171,17091.1,-19.1,4.9,89.1,-71.1,5.8,93.7,RS41-SGP,403.502,12.2,-875,10,2.8,08:24:54,
2026-09-19T16:06:20.006Z,X1909261,7463,-15.56883,-47.66166,17071.5,-19.4,5.4,69.8,-71.5,6.1,94.1,RS41-SGP,403.502,13.8,-875,11,2.8,08:24:54,
2026-09-19T16:06:21.006Z,X1909261,7464,-15.56881,-47.66161,17051.5,-20.3,6.0,59.4,-71.4,6.1,94.5,RS41-SGP,403.502,16.2,-875,11,2.8,08:24:54,
2026-09-19T16:06:22.006Z,X1909261,7465,-15.56878,-47.66156,17031.3,-20.1,7.3,53.2,-71.5,6.2,94.7,RS41-SGP,403.502,17.9,-875,11,2.8,08:24:54,
2026-09-19T16:06:23.006Z,X1909261,7466,-15.56874,-47.66150,17011.9,-19.4,8.4,63.5,-71.3,6.0,95.0,RS41-SGP,403.502,17.9,-875,10,2.8,08:24:54,
2026-09-19T16:06:24.006Z,X1909261,7467,-15.56871,-47.66142,16992.6,-18.9,10.3,72.6,-71.2,5.9,95.3,RS41-SGP,403.502,17.9,-875,11,2.7,08:24:54,
2026-09-19T16:06:25.006Z,X1909261,7468,-15.56869,-47.66132,16973.8,-19.1,11.1,78.0,-71.4,6.1,95.6,RS41-SGP,403.502,18.3,-875,11,2.7,08:24:54,
2026-09-19T16:06:26.006Z,X1909261,7469,-15.56867,-47.66122,16954.8,-19.6,10.7,82.6,-71.5,6.1,96.0,RS41-SGP,403.502,18.3,-875,11,2.8,08:24:54,
2026-09-19T16:06:27.006Z,X1909261,7470,-15.56866,-47.66113,16935.4,-19.4,9.9,84.4,-71.8,6.4,96.3,RS41-SGP,403.502,16.6,-875,11,2.8,08:24:54,
2026-09-19T16:06:28.006Z,X1909261,7471,-15.56865,-47.66104,16916.2,-19.3,9.1,81.4,-71.9,6.5,96.6,RS41-SGP,403.502,13.1,-875,11,2.8,08:24:54,
2026-09-19T16:06:29.006Z,X1909261,7472,-15.56864,-47.66097,16896.9,-18.8,7.6,78.2,-71.3,6.0,96.9,RS41-SGP,403.502,12.8,-875,11,2.8,08:24:54,
2026-09-19T16:06:30.006Z,X1909261,7473,-15.56863,-47.66090,16878.3,-18.5,7.1,76.8,-71.7,6.3,97.2,RS41-SGP,403.502,15.7,-875,11,2.8,08:24:54,
2026-09-19T16:06:31.006Z,X1909261,7474,-15.56861,-47.66083,16859.8,-18.3,8.5,72.1,-71.7,6.3,97.5,RS41-SGP,403.502,18.0,-875,11,2.7,08:24:54,
2026-09-19T16:06:32.006Z,X1909261,7475,-15.56858,-47.66076,16841.2,-18.9,8.0,66.9,-71.5,6.2,97.9,RS41-SGP,403.502,19.4,-875,11,2.7,08:24:54,
2026-09-19T16:06:33.006Z,X1909261,7476,-15.56856,-47.66069,16822.0,-19.2,7.9,72.1,-71.7,6.3,98.2,RS41-SGP,403.502,20.1,-875,11,2.8,08:24:54,
2026-09-19T16:06:34.006Z,X1909261,7477,-15.56854,-47.66061,16802.0,-19.5,8.7,78.9,-71.7,6.3,98.5,RS41-SGP,403.502,20.1,-875,10,2.8,08:24:54,
2026-09-19T16:06:35.006Z,X1909261,7478,-15.56853,-47.66053,16782.6,-19.4,9.2,82.9,-72.1,6.7,98.8,RS41-SGP,403.502,19.6,-875,11,2.8,08:24:54,
2026-09-19T16:06:36.006Z,X1909261,7479,-15.56852,-47.66045,16763.9,-18.6,8.7,79.1,-72.2,6.6,99.1,RS41-SGP,403.502,18.4,-875,11,2.8,08:24:54,
2026-09-19T16:06:37.006Z,X1909261,7480,-15.56851,-47.66037,16744.9,-19.4,9.0,83.1,-72.1,6.6,99.5,RS41-SGP,403.502,17.9,-875,11,2.7,08:24:54,
2026-09-19T16:06:38.006Z,X1909261,7481,-15.56850,-47.66028,16725.4,-19.0,9.1,83.3,-72.5,6.8,99.8,RS41-SGP,403.502,17.9,-875,11,2.7,08:24:54,
2026-09-19T16:06:39.006Z,X1909261,7482,-15.56848,-47.66020,16706.7,-18.2,8.4,74.1,-73.0,7.2,100.1,RS41-SGP,403.502,16.6,-875,11,2.8,08:24:54,
2026-09-19T16:06:40.006Z,X1909261,7483,-15.56846,-47.66013,16688.7,-18.2,8.4,73.9,-73.4,7.6,100.5,RS41-SGP,403.502,13.9,-875,11,2.8,08:24:54,
2026-09-19T16:06:41.006Z,X1909261,7484,-15.56844,-47.66005,16670.8,-17.6,9.3,69.6,-73.9,8.0,100.8,RS41-SGP,403.502,12.8,-875,11,2.8,08:24:54,
2026-09-19T16:06:42.006Z,X1909261,7485,-15.56840,-47.65997,16652.6,-18.1,9.5,62.6,-74.0,8.0,101.1,RS41-SGP,403.502,12.8,-875,10,2.8,08:24:54,
2026-09-19T16:06:43.006Z,X1909261,7486,-15.56836,-47.65990,16634.0,-18.5,9.2,61.3,-74.3,8.1,101.4,RS41-SGP,403.502,10.7,-875,10,2.8,08:24:54,
2026-09-19T16:06:44.006Z,X1909261,7487,-15.56832,-47.65982,16615.1,-18.9,10.0,61.0,-74.7,8.6,101.8,RS41-SGP,403.502,14.3,-875,11,2.7,08:24:54,
2026-09-19T16:06:45.006Z,X1909261,7488,-15.56827,-47.65974,16595.9,-19.4,10.4,57.9,-74.6,8.4,102.1,RS41-SGP,403.502,15.6,-875,11,2.7,08:24:54,
2026-09-19T16:06:46.006Z,X1909261,7489,-15.56822,-47.65966,16576.3,-19.5,10.6,53.2,-74.8,8.6,102.5,RS41-SGP,403.502,16.5,-875,11,2.8,08:24:54,
2026-09-19T16:06:47.006Z,X1909261,7490,-15.56816,-47.65958,16556.5,-19.7,11.1,54.6,-74.8,8.6,102.8,RS41-SGP,403.502,18.7,-875,11,2.8,08:24:54,
2026-09-19T16:06:48.006Z,X1909261,7491,-15.56810,-47.65949,16537.3,-19.3,12.7,57.1,-74.6,8.1,103.1,RS41-SGP,403.502,18.7,-875,11,2.8,08:24:54,
2026-09-19T16:06:49.006Z,X1909261,7492,-15.56804,-47.65938,16518.9,-18.3,13.9,53.9,-74.7,8.2,103.5,RS41-SGP,403.502,18.7,-875,11,2.8,08:24:54,
2026-09-19T16:06:50.006Z,X1909261,7493,-15.56797,-47.65928,16500.9,-17.6,13.3,59.0,-74.8,8.3,103.8,RS41-SGP,403.502,18.7,-875,11,2.8,08:24:54,
2026-09-19T16:06:51.006Z,X1909261,7494,-15.56791,-47.65917,16482.9,-18.3,13.4,64.6,-74.4,7.8,104.1,RS41-SGP,403.502,18.7,-875,11,2.7,08:24:54,
2026-09-19T16:06:52.006Z,X1909261,7495,-15.56786,-47.65906,16464.9,-17.9,12.4,62.4,-74.7,8.1,104.5,RS41-SGP,403.502,17.9,-875,10,2.7,08:24:54,
2026-09-19T16:06:53.006Z,X1909261,7496,-15.56781,-47.65897,16446.8,-18.3,11.5,58.8,-74.4,7.9,104.7,RS41-SGP,403.502,17.1,-875,11,2.8,08:24:54,
2026-09-19T16:06:54.006Z,X1909261,7497,-15.56776,-47.65888,16429.0,-18.1,11.5,59.2,-74.3,7.8,105.1,RS41-SGP,403.502,13.5,-875,10,2.8,08:24:03,
2026-09-19T16:06:55.006Z,X1909261,7498,-15.56770,-47.65879,16410.2,-18.4,11.0,51.8,-74.5,8.0,105.5,RS41-SGP,403.502,14.6,-875,11,2.8,08:24:03,
2026-09-19T16:06:56.006Z,X1909261,7499,-15.56763,-47.65871,16391.7,-18.1,12.3,46.0,-74.3,7.8,105.8,RS41-SGP,403.502,17.3,-875,11,2.8,08:24:03,
2026-09-19T16:06:57.006Z,X1909261,7500,-15.56755,-47.65862,16373.2,-18.2,14.4,41.4,-74.4,7.9,106.1,RS41-SGP,403.502,20.0,-875,11,2.8,08:24:03,
2026-09-19T16:06:58.006Z,X1909261,7501,-15.56745,-47.65853,16355.4,-17.9,14.7,41.8,-74.4,7.8,106.5,RS41-SGP,403.502,20.0,-875,11,2.7,08:24:03,
2026-09-19T16:06:59.006Z,X1909261,7502,-15.56735,-47.65843,16337.5,-17.7,15.7,47.3,-74.4,7.8,106.8,RS41-SGP,403.502,18.7,-875,11,2.7,08:24:03,
2026-09-19T16:07:00.006Z,X1909261,7503,-15.56726,-47.65832,16319.5,-17.6,15.3,53.3,-74.1,7.6,107.1,RS41-SGP,403.502,18.9,-875,11,2.8,08:24:03,
2026-09-19T16:07:01.006Z,X1909261,7504,-15.56718,-47.65821,16301.8,-17.9,14.7,51.5,-73.6,7.0,107.4,RS41-SGP,403.502,18.9,-875,11,2.8,08:24:03,
2026-09-19T16:07:02.006Z,X1909261,7505,-15.56710,-47.65811,16284.2,-17.2,14.0,48.4,-73.7,7.1,107.7,RS41-SGP,403.502,17.6,-875,11,2.8,08:24:03,
2026-09-19T16:07:03.006Z,X1909261,7506,-15.56701,-47.65801,16266.1,-18.2,14.2,44.5,-73.3,6.8,108.1,RS41-SGP,403.502,14.5,-875,11,2.8,08:24:03,
2026-09-19T16:07:04.006Z,X1909261,7507,-15.56692,-47.65792,16247.8,-17.9,14.5,40.8,-73.6,7.1,108.5,RS41-SGP,403.502,16.0,-875,11,2.7,08:24:03,
2026-09-19T16:07:05.006Z,X1909261,7508,-15.56681,-47.65783,16230.1,-18.0,15.9,40.2,-73.5,7.1,108.7,RS41-SGP,403.502,18.5,-875,12,2.7,08:24:03,
2026-09-19T16:07:06.006Z,X1909261,7509,-15.56670,-47.65773,16212.2,-17.8,17.4,40.1,-73.5,7.1,109.1,RS41-SGP,403.502,20.1,-875,12,2.8,08:24:03,
2026-09-19T16:07:07.006Z,X1909261,7510,-15.56658,-47.65762,16194.5,-17.8,18.0,41.5,-73.2,6.9,109.4,RS41-SGP,403.502,20.1,-875,11,2.8,08:24:03,
2026-09-19T16:07:08.006Z,X1909261,7511,-15.56646,-47.65751,16177.0,-17.3,18.0,44.8,-72.9,6.7,109.8,RS41-SGP,403.502,19.0,-875,12,2.8,08:24:03,
2026-09-19T16:07:09.006Z,X1909261,7512,-15.56636,-47.65739,16159.4,-17.7,17.2,48.6,-72.7,6.5,110.1,RS41-SGP,403.502,18.4,-875,12,2.8,08:24:03,
2026-09-19T16:07:10.006Z,X1909261,7513,-15.56626,-47.65727,16142.2,-16.9,16.5,50.5,-72.8,6.8,110.4,RS41-SGP,403.502,18.4,-875,11,2.8,08:24:03,
2026-09-19T16:07:11.006Z,X1909261,7514,-15.56617,-47.65715,16124.6,-17.5,15.4,49.6,-72.6,6.6,110.8,RS41-SGP,403.502,14.6,-875,12,2.7,08:24:03,
2026-09-19T16:07:12.006Z,X1909261,7515,-15.56608,-47.65705,16107.2,-16.6,14.9,48.3,-72.7,6.8,111.1,RS41-SGP,403.502,10.8,-875,12,2.7,08:24:03,
2026-09-19T16:07:13.006Z,X1909261,7516,-15.56598,-47.65694,16089.6,-17.4,16.3,47.5,-72.8,7.0,111.4,RS41-SGP,403.502,12.8,-875,12,2.8,08:24:03,
2026-09-19T16:07:14.006Z,X1909261,7517,-15.56588,-47.65683,16071.9,-17.7,17.2,46.5,-73.1,7.4,111.8,RS41-SGP,403.502,15.8,-875,12,2.8,08:24:03,
2026-09-19T16:07:15.006Z,X1909261,7518,-15.56578,-47.65670,16054.3,-17.3,18.2,52.0,-73.5,7.9,112.2,RS41-SGP,403.502,18.1,-875,12,2.8,08:24:03,
2026-09-19T16:07:16.006Z,X1909261,7519,-15.56567,-47.65656,16036.3,-17.9,20.5,51.9,-73.7,8.0,112.5,RS41-SGP,403.502,19.2,-875,12,2.8,08:24:03,
2026-09-19T16:07:17.006Z,X1909261,7520,-15.56556,-47.65640,16017.5,-18.7,21.6,54.2,-74.2,8.6,112.9,RS41-SGP,403.502,19.3,-875,11,2.8,08:24:03,
2026-09-19T16:07:18.006Z,X1909261,7521,-15.56545,-47.65624,15998.7,-18.5,21.0,57.6,-74.3,8.6,113.2,RS41-SGP,403.502,19.3,-875,12,2.7,08:24:03,
2026-09-19T16:07:19.006Z,X1909261,7522,-15.56536,-47.65607,15979.8,-18.7,22.0,62.7,-74.0,8.3,113.6,RS41-SGP,403.502,18.0,-875,12,2.7,08:24:03,
2026-09-19T16:07:20.006Z,X1909261,7523,-15.56527,-47.65589,15960.9,-18.9,21.9,62.0,-74.0,8.2,113.9,RS41-SGP,403.502,18.0,-875,12,2.8,08:24:03,
2026-09-19T16:07:21.006Z,X1909261,7524,-15.56518,-47.65572,15942.6,-18.0,20.5,61.7,-73.8,8.2,114.3,RS41-SGP,403.502,17.3,-875,10,2.8,08:24:03,
2026-09-19T16:07:22.006Z,X1909261,7525,-15.56509,-47.65556,15925.3,-17.2,19.6,62.2,-73.9,8.4,114.6,RS41-SGP,403.502,14.7,-875,12,2.8,08:24:03,
2026-09-19T16:07:23.006Z,X1909261,7526,-15.56501,-47.65540,15908.1,-16.9,19.4,61.2,-74.2,8.8,114.9,RS41-SGP,403.502,12.5,-875,10,2.8,08:24:03,
2026-09-19T16:07:25.006Z,X1909261,7528,-15.56484,-47.65509,15873.7,-17.3,18.7,58.9,-74.3,9.0,115.7,RS41-SGP,403.502,10.5,-875,12,2.7,08:24:03,
2026-09-19T16:07:26.006Z,X1909261,7529,-15.56475,-47.65494,15856.6,-17.0,19.1,62.0,-74.4,9.1,116.0,RS41-SGP,403.502,14.3,-875,12,2.7,08:24:03,
2026-09-19T16:07:27.006Z,X1909261,7530,-15.56467,-47.65477,15839.6,-16.4,20.7,63.4,-74.7,9.5,116.3,RS41-SGP,403.502,17.2,-875,11,2.8,08:24:03,
2026-09-19T16:07:28.006Z,X1909261,7531,-15.56459,-47.65460,15822.8,-16.9,21.2,64.9,-74.8,9.7,116.7,RS41-SGP,403.502,18.7,-875,12,2.8,08:24:03,
2026-09-19T16:07:29.006Z,X1909261,7532,-15.56451,-47.65441,15805.4,-16.9,21.6,68.2,-74.5,9.3,117.1,RS41-SGP,403.502,18.7,-875,12,2.8,08:24:03,
2026-09-19T16:07:30.006Z,X1909261,7533,-15.56444,-47.65423,15788.4,-17.0,21.6,70.0,-74.1,8.9,117.4,RS41-SGP,403.502,18.0,-875,12,2.8,08:24:03,
2026-09-19T16:07:31.006Z,X1909261,7534,-15.56438,-47.65404,15771.1,-16.9,21.0,71.3,-74.2,9.0,117.8,RS41-SGP,403.502,18.0,-875,12,2.7,08:24:03,
2026-09-19T16:07:32.006Z,X1909261,7535,-15.56432,-47.65386,15754.1,-16.8,19.7,73.9,-74.2,9.0,118.1,RS41-SGP,403.502,17.5,-875,11,2.7,08:24:03,
2026-09-19T16:07:33.006Z,X1909261,7536,-15.56427,-47.65369,15736.8,-16.9,18.4,72.3,-74.1,8.9,118.5,RS41-SGP,403.502,13.2,-875,12,2.8,08:24:03,
2026-09-19T16:07:34.006Z,X1909261,7537,-15.56422,-47.65353,15719.3,-16.7,18.6,70.0,-73.9,8.7,118.8,RS41-SGP,403.502,12.3,-875,12,2.8,08:24:03,
2026-09-19T16:07:35.006Z,X1909261,7538,-15.56416,-47.65337,15702.1,-17.1,18.4,68.5,-73.9,8.8,119.2,RS41-SGP,403.502,10.4,-875,12,2.8,08:24:03,
2026-09-19T16:07:36.006Z,X1909261,7539,-15.56410,-47.65320,15684.8,-16.9,19.4,69.6,-73.7,8.5,119.5,RS41-SGP,403.502,15.7,-875,12,2.8,08:24:03,
2026-09-19T16:07:37.006Z,X1909261,7540,-15.56404,-47.65303,15667.8,-16.9,20.2,71.6,-73.7,8.7,119.9,RS41-SGP,403.502,18.5,-875,12,2.8,08:24:03,
2026-09-19T16:07:40.006Z,X1909261,7543,-15.56391,-47.65246,15614.7,-17.9,20.7,80.7,-73.0,8.3,121.0,RS41-SGP,403.502,17.4,-875,11,2.8,08:24:03,
2026-09-19T16:07:41.006Z,X1909261,7544,-15.56388,-47.65228,15596.2,-18.1,19.7,81.4,-72.7,8.1,121.4,RS41-SGP,403.502,17.4,-875,12,2.8,08:24:03,
2026-09-19T16:07:42.006Z,X1909261,7545,-15.56386,-47.65210,15578.0,-17.7,18.7,82.5,-73.0,8.7,121.8,RS41-SGP,403.502,13.6,-875,12,2.8,08:24:03,
2026-09-19T16:07:43.006Z,X1909261,7546,-15.56383,-47.65193,15559.8,-18.2,18.1,79.3,-72.8,8.5,122.1,RS41-SGP,403.502,13.2,-875,12,2.8,08:24:03,
2026-09-19T16:07:44.006Z,X1909261,7547,-15.56380,-47.65176,15541.4,-18.2,18.8,76.7,-72.6,8.4,122.5,RS41-SGP,403.502,15.1,-875,12,2.8,08:24:03,
2026-09-19T16:07:45.006Z,X1909261,7548,-15.56375,-47.65159,15523.6,-18.0,19.5,74.2,-72.6,8.5,122.8,RS41-SGP,403.502,16.8,-875,12,2.7,08:23:12,
2026-09-19T16:07:46.006Z,X1909261,7549,-15.56371,-47.65141,15505.6,-17.5,20.1,75.7,-72.4,8.4,123.2,RS41-SGP,403.502,18.3,-875,12,2.7,08:23:12,
2026-09-19T16:07:47.006Z,X1909261,7550,-15.56367,-47.65123,15487.9,-18.0,20.4,80.4,-72.1,8.1,123.5,RS41-SGP,403.502,18.3,-875,12,2.8,08:23:12,
2026-09-19T16:07:48.006Z,X1909261,7551,-15.56364,-47.65104,15469.8,-17.6,20.9,83.3,-72.0,8.2,123.9,RS41-SGP,403.502,18.1,-875,12,2.8,08:23:12,
2026-09-19T16:07:49.006Z,X1909261,7552,-15.56363,-47.65084,15451.9,-17.9,20.7,85.6,-72.0,8.3,124.3,RS41-SGP,403.502,18.1,-875,12,2.8,08:23:12,
2026-09-19T16:07:50.006Z,X1909261,7553,-15.56361,-47.65065,15434.2,-17.7,20.0,86.7,-71.9,8.4,124.7,RS41-SGP,403.502,16.8,-875,12,2.8,08:23:12,
2026-09-19T16:07:51.006Z,X1909261,7554,-15.56360,-47.65048,15416.6,-17.3,17.9,84.4,-72.1,8.6,125.0,RS41-SGP,403.502,14.0,-875,9,2.7,08:23:12,
2026-09-19T16:07:52.006Z,X1909261,7555,-15.56358,-47.65031,15399.4,-17.0,17.6,83.5,-72.1,8.8,125.4,RS41-SGP,403.502,12.8,-875,12,2.7,08:23:12,
2026-09-19T16:07:53.006Z,X1909261,7556,-15.56356,-47.65015,15381.3,-18.2,17.7,79.1,-72.0,8.9,125.7,RS41-SGP,403.502,15.7,-875,12,2.8,08:23:12,
2026-09-19T16:07:54.006Z,X1909261,7557,-15.56352,-47.64998,15363.5,-17.8,19.2,75.5,-71.5,8.6,126.2,RS41-SGP,403.502,18.8,-875,11,2.8,08:23:12,
2026-09-19T16:07:55.006Z,X1909261,7558,-15.56348,-47.64981,15346.2,-17.1,19.8,73.9,-71.6,8.8,126.5,RS41-SGP,403.502,20.9,-875,12,2.8,08:23:12,
2026-09-19T16:07:56.006Z,X1909261,7559,-15.56343,-47.64962,15328.2,-18.1,21.2,74.9,-71.6,9.0,126.8,RS41-SGP,403.502,20.9,-875,11,2.8,08:23:12,
2026-09-19T16:07:57.006Z,X1909261,7560,-15.56338,-47.64943,15310.3,-17.5,22.0,79.3,-71.4,9.0,127.2,RS41-SGP,403.502,19.7,-875,11,2.8,08:23:12,
2026-09-19T16:07:58.006Z,X1909261,7561,-15.56335,-47.64923,15293.0,-17.8,21.9,81.2,-71.3,9.0,127.6,RS41-SGP,403.502,18.9,-875,11,2.7,08:23:12,
2026-09-19T16:07:59.006Z,X1909261,7562,-15.56332,-47.64903,15275.2,-17.6,21.3,82.8,-70.9,8.7,128.0,RS41-SGP,403.502,18.9,-875,11,2.7,08:23:12,
2026-09-19T16:08:00.006Z,X1909261,7563,-15.56330,-47.64884,15258.1,-17.3,20.3,83.4,-70.6,8.6,128.4,RS41-SGP,403.502,17.0,-875,12,2.8,08:23:12,
2026-09-19T16:08:01.006Z,X1909261,7564,-15.56327,-47.64866,15240.3,-17.7,19.1,81.8,-70.5,8.7,128.7,RS41-SGP,403.502,14.6,-875,12,2.8,08:23:12,
2026-09-19T16:08:02.006Z,X1909261,7565,-15.56324,-47.64849,15222.9,-17.6,18.5,78.8,-70.5,8.8,129.1,RS41-SGP,403.502,16.7,-875,12,2.8,08:23:12,
2026-09-19T16:08:03.006Z,X1909261,7566,-15.56321,-47.64832,15205.9,-17.1,18.7,77.1,-70.3,8.8,129.5,RS41-SGP,403.502,16.7,-875,12,2.8,08:23:12,
2026-09-19T16:08:04.006Z,X1909261,7567,-15.56317,-47.64814,15189.5,-16.8,19.8,75.3,-70.2,8.9,129.8,RS41-SGP,403.502,20.6,-875,11,2.8,08:23:12,
2026-09-19T16:08:05.006Z,X1909261,7568,-15.56312,-47.64796,15172.5,-17.2,20.6,76.3,-70.1,9.0,130.2,RS41-SGP,403.502,21.1,-875,12,2.7,08:23:12,
2026-09-19T16:08:06.006Z,X1909261,7569,-15.56308,-47.64777,15156.1,-16.4,21.8,76.8,-70.1,9.2,130.6,RS41-SGP,403.502,21.1,-875,10,2.7,08:23:12,
2026-09-19T16:08:07.006Z,X1909261,7570,-15.56303,-47.64757,15139.5,-16.9,22.1,76.7,-70.1,9.4,130.9,RS41-SGP,403.502,21.0,-875,12,2.8,08:23:12,
2026-09-19T16:08:08.006Z,X1909261,7571,-15.56299,-47.64737,15122.9,-16.8,21.9,78.1,-70.0,9.5,131.3,RS41-SGP,403.502,20.2,-875,12,2.8,08:23:12,
2026-09-19T16:08:09.006Z,X1909261,7572,-15.56295,-47.64717,15105.9,-17.0,22.2,80.5,-69.8,9.5,131.6,RS41-SGP,403.502,19.2,-875,11,2.8,08:23:12,
2026-09-19T16:08:10.006Z,X1909261,7573,-15.56292,-47.64696,15089.4,-16.7,22.4,81.7,-69.7,9.6,132.1,RS41-SGP,403.502,19.5,-875,10,2.8,08:23:12,
2026-09-19T16:08:11.006Z,X1909261,7574,-15.56289,-47.64676,15072.6,-17.1,21.9,81.6,-69.6,9.7,132.4,RS41-SGP,403.502,20.1,-875,12,2.7,08:23:12,
2026-09-19T16:08:12.006Z,X1909261,7575,-15.56287,-47.64656,15055.9,-17.0,21.0,81.8,-69.5,9.7,132.8,RS41-SGP,403.502,20.1,-875,12,2.7,08:23:12,
2026-09-19T16:08:13.006Z,X1909261,7576,-15.56284,-47.64637,15039.6,-16.3,20.1,82.6,-69.4,9.8,133.1,RS41-SGP,403.502,18.3,-875,12,2.8,08:23:12,
2026-09-19T16:08:14.006Z,X1909261,7577,-15.56282,-47.64619,15023.4,-16.4,19.7,82.9,-69.2,9.8,133.5,RS41-SGP,403.502,16.0,-875,12,2.8,08:23:12,
2026-09-19T16:08:15.006Z,X1909261,7578,-15.56279,-47.64601,15006.8,-16.2,19.6,78.4,-69.0,9.6,133.9,RS41-SGP,403.502,15.5,-875,12,2.8,08:23:12,
2026-09-19T16:08:16.006Z,X1909261,7579,-15.56275,-47.64584,14990.9,-16.0,19.0,76.7,-68.9,9.6,134.2,RS41-SGP,403.502,15.5,-875,12,2.8,08:23:12,
2026-09-19T16:08:17.006Z,X1909261,7580,-15.56271,-47.64567,14975.0,-15.9,19.3,75.8,-68.8,9.7,134.6,RS41-SGP,403.502,15.1,-875,12,2.8,08:23:12,
2026-09-19T16:08:18.006Z,X1909261,7581,-15.56266,-47.64549,14959.4,-16.1,20.1,75.7,-68.9,9.9,134.9,RS41-SGP,403.502,16.7,-875,12,2.7,08:23:12,
2026-09-19T16:08:19.006Z,X1909261,7582,-15.56262,-47.64530,14943.8,-15.5,20.9,75.5,-68.7,9.8,135.3,RS41-SGP,403.502,16.7,-875,12,2.7,08:23:12,
2026-09-19T16:08:20.006Z,X1909261,7583,-15.56257,-47.64512,14928.6,-15.6,20.5,75.3,-68.7,10.0,135.7,RS41-SGP,403.502,18.0,-875,11,2.8,08:23:12,
2026-09-19T16:08:21.006Z,X1909261,7584,-15.56252,-47.64493,14913.1,-15.7,20.6,74.5,-68.6,10.1,136.1,RS41-SGP,403.502,19.3,-875,10,2.8,08:23:12,
2026-09-19T16:08:22.006Z,X1909261,7585,-15.56247,-47.64475,14897.4,-15.7,20.8,74.2,-68.5,10.1,136.5,RS41-SGP,403.502,20.4,-875,12,2.8,08:23:12,
2026-09-19T16:08:23.006Z,X1909261,7586,-15.56242,-47.64456,14881.4,-16.1,21.8,74.5,-68.5,10.2,136.8,RS41-SGP,403.502,20.4,-875,11,2.8,08:23:12,
2026-09-19T16:08:24.006Z,X1909261,7587,-15.56237,-47.64436,14865.3,-16.4,21.8,74.2,-68.2,9.9,137.2,RS41-SGP,403.502,20.1,-875,11,2.7,08:23:12,
2026-09-19T16:08:25.006Z,X1909261,7588,-15.56232,-47.64417,14848.7,-16.8,21.9,75.5,-68.1,10.1,137.5,RS41-SGP,403.502,19.3,-875,12,2.7,08:23:12,
2026-09-19T16:08:26.006Z,X1909261,7589,-15.56227,-47.64397,14832.4,-16.2,21.9,77.6,-68.0,10.1,137.9,RS41-SGP,403.502,19.7,-875,11,2.8,08:23:12,
2026-09-19T16:08:27.006Z,X1909261,7590,-15.56223,-47.64378,14815.7,-16.9,20.7,77.0,-67.8,10.0,138.3,RS41-SGP,403.502,19.7,-875,12,2.8,08:23:12,
2026-09-19T16:08:28.006Z,X1909261,7591,-15.56220,-47.64359,14799.2,-16.1,20.1,79.3,-67.6,10.1,138.7,RS41-SGP,403.502,19.2,-875,11,2.8,08:23:12,
2026-09-19T16:08:29.006Z,X1909261,7592,-15.56216,-47.64341,14783.1,-16.3,20.3,76.3,-67.6,10.3,139.1,RS41-SGP,403.502,18.0,-875,11,2.8,08:23:12,
2026-09-19T16:08:30.006Z,X1909261,7593,-15.56211,-47.64323,14767.8,-15.0,20.2,74.8,-67.4,10.3,139.4,RS41-SGP,403.502,17.6,-875,12,2.8,08:23:12,
2026-09-19T16:08:31.006Z,X1909261,7594,-15.56206,-47.64305,14752.3,-15.5,19.7,72.6,-67.4,10.5,139.8,RS41-SGP,403.502,15.9,-875,12,2.7,08:23:12,
2026-09-19T16:08:32.006Z,X1909261,7595,-15.56201,-47.64288,14736.4,-15.8,19.5,72.3,-67.4,10.7,140.2,RS41-SGP,403.502,13.0,-875,12,2.7,08:23:12,
2026-09-19T16:08:33.006Z,X1909261,7596,-15.56195,-47.64270,14720.2,-16.2,20.0,71.1,-67.2,10.7,140.5,RS41-SGP,403.502,13.1,-875,12,2.8,08:23:12,
2026-09-19T16:08:34.006Z,X1909261,7597,-15.56188,-47.64253,14703.9,-16.3,20.1,67.3,-67.0,10.6,140.9,RS41-SGP,403.502,13.1,-875,12,2.8,08:23:12,
2026-09-19T16:08:35.006Z,X1909261,7598,-15.56181,-47.64235,14687.4,-16.5,20.5,66.6,-66.9,10.7,141.3,RS41-SGP,403.502,12.7,-875,12,2.8,08:23:12,
2026-09-19T16:08:36.006Z,X1909261,7599,-15.56173,-47.64218,14670.9,-16.4,21.4,64.9,-66.9,10.8,141.7,RS41-SGP,403.502,13.3,-875,12,2.8,08:22:21,
2026-09-19T16:08:37.006Z,X1909261,7600,-15.56165,-47.64199,14654.5,-16.5,22.1,63.5,-66.7,10.8,142.1,RS41-SGP,403.502,14.9,-875,12,2.7,08:22:21,
2026-09-19T16:08:38.006Z,X1909261,7601,-15.56156,-47.64181,14638.4,-15.9,22.7,63.0,-66.7,10.9,142.5,RS41-SGP,403.502,16.2,-875,12,2.7,08:22:21,
2026-09-19T16:08:39.006Z,X1909261,7602,-15.56146,-47.64161,14622.4,-16.1,23.8,63.4,-66.5,10.8,142.9,RS41-SGP,403.502,17.9,-875,11,2.8,08:22:21,
2026-09-19T16:08:40.006Z,X1909261,7603,-15.56136,-47.64141,14606.5,-16.0,24.6,61.8,-66.3,10.7,143.2,RS41-SGP,403.502,18.5,-875,10,2.8,08:22:21,
2026-09-19T16:08:41.006Z,X1909261,7604,-15.56126,-47.64121,14590.6,-15.8,24.7,61.7,-66.3,10.8,143.6,RS41-SGP,403.502,18.5,-875,10,2.8,08:22:21,
2026-09-19T16:08:42.006Z,X1909261,7605,-15.56116,-47.64101,14575.2,-15.1,24.0,62.5,-66.3,10.9,143.9,RS41-SGP,403.502,17.8,-875,12,2.8,08:22:21,
2026-09-19T16:08:43.006Z,X1909261,7606,-15.56106,-47.64081,14560.4,-15.1,24.6,63.1,-66.1,10.8,144.3,RS41-SGP,403.502,17.8,-875,12,2.8,08:22:21,
2026-09-19T16:08:44.006Z,X1909261,7607,-15.56095,-47.64061,14545.2,-15.3,25.0,61.6,-66.1,11.1,144.7,RS41-SGP,403.502,17.2,-875,12,2.7,08:22:21,
2026-09-19T16:08:45.006Z,X1909261,7608,-15.56085,-47.64040,14529.4,-15.7,24.2,64.9,-65.9,11.0,145.1,RS41-SGP,403.502,17.5,-875,12,2.7,08:22:21,
2026-09-19T16:08:46.006Z,X1909261,7609,-15.56076,-47.64020,14513.5,-15.8,24.5,66.7,-66.0,11.2,145.4,RS41-SGP,403.502,17.5,-875,12,2.8,08:22:21,
2026-09-19T16:08:47.006Z,X1909261,7610,-15.56067,-47.63999,14497.3,-16.5,23.7,64.4,-65.9,11.3,145.8,RS41-SGP,403.502,16.6,-875,11,2.8,08:22:21,
2026-09-19T16:08:48.006Z,X1909261,7611,-15.56058,-47.63980,14481.4,-15.2,22.4,64.3,-65.6,11.1,146.3,RS41-SGP,403.502,16.0,-875,12,2.8,08:22:21,
2026-09-19T16:08:49.006Z,X1909261,7612,-15.56050,-47.63961,14466.3,-14.8,22.1,63.9,-65.6,11.2,146.6,RS41-SGP,403.502,13.7,-875,11,2.8,08:22:21,
2026-09-19T16:08:50.006Z,X1909261,7613,-15.56041,-47.63943,14451.3,-14.6,22.0,62.9,-65.3,11.1,147.0,RS41-SGP,403.502,13.8,-875,12,2.7,08:22:21,
2026-09-19T16:08:51.006Z,X1909261,7614,-15.56032,-47.63925,14436.2,-14.6,21.8,62.4,-65.2,11.1,147.3,RS41-SGP,403.502,14.6,-875,12,2.7,08:22:21,
2026-09-19T16:08:52.006Z,X1909261,7615,-15.56022,-47.63907,14421.0,-14.8,22.2,62.0,-65.1,11.3,147.7,RS41-SGP,403.502,15.9,-875,12,2.8,08:22:21,
2026-09-19T16:08:53.006Z,X1909261,7616,-15.56013,-47.63889,14406.3,-14.7,22.2,62.0,-65.1,11.5,148.1,RS41-SGP,403.502,18.6,-875,11,2.8,08:22:21,
2026-09-19T16:08:54.006Z,X1909261,7617,-15.56003,-47.63871,14391.4,-14.8,22.3,61.1,-64.9,11.5,148.4,RS41-SGP,403.502,19.3,-875,12,2.8,08:22:21,
2026-09-19T16:08:55.006Z,X1909261,7618,-15.55994,-47.63852,14376.2,-15.0,23.0,60.9,-64.8,11.5,148.8,RS41-SGP,403.502,20.2,-875,12,2.8,08:22:21,
2026-09-19T16:08:56.006Z,X1909261,7619,-15.55984,-47.63833,14360.7,-15.6,23.1,60.9,-64.6,11.4,149.2,RS41-SGP,403.502,20.6,-875,12,2.8,08:22:21,
2026-09-19T16:08:57.006Z,X1909261,7620,-15.55974,-47.63814,14344.9,-15.6,23.6,62.2,-64.5,11.4,149.6,RS41-SGP,403.502,20.6,-875,12,2.7,08:22:21,
2026-09-19T16:08:58.006Z,X1909261,7621,-15.55964,-47.63794,14329.2,-15.3,23.7,64.4,-64.3,11.4,149.9,RS41-SGP,403.502,20.0,-875,12,2.7,08:22:21,
2026-09-19T16:08:59.006Z,X1909261,7622,-15.55956,-47.63774,14313.8,-15.0,23.6,66.8,-64.2,11.5,150.3,RS41-SGP,403.502,19.6,-875,12,2.8,08:22:21,
2026-09-19T16:09:00.006Z,X1909261,7623,-15.55948,-47.63754,14299.1,-14.6,23.0,67.2,-64.1,11.5,150.6,RS41-SGP,403.502,19.4,-875,12,2.8,08:22:21,
2026-09-19T16:09:01.006Z,X1909261,7624,-15.55939,-47.63735,14285.4,-14.2,23.0,66.9,-63.9,11.4,151.0,RS41-SGP,403.502,19.4,-875,12,2.8,08:22:21,
2026-09-19T16:09:02.006Z,X1909261,7625,-15.55931,-47.63715,14271.7,-14.1,23.6,66.3,-63.7,11.4,151.4,RS41-SGP,403.502,19.4,-875,12,2.8,08:22:21,
2026-09-19T16:09:03.006Z,X1909261,7626,-15.55924,-47.63695,14256.4,-14.7,23.2,70.6,-63.7,11.6,151.8,RS41-SGP,403.502,19.0,-875,12,2.7,08:22:21,
2026-09-19T16:09:04.006Z,X1909261,7627,-15.55917,-47.63674,14240.8,-15.5,22.6,71.7,-63.6,11.6,152.2,RS41-SGP,403.502,18.6,-875,12,2.7,08:22:21,
2026-09-19T16:09:05.006Z,X1909261,7628,-15.55911,-47.63655,14225.0,-15.6,21.7,71.1,-63.4,11.7,152.6,RS41-SGP,403.502,18.0,-875,11,2.8,08:22:21,
2026-09-19T16:09:06.006Z,X1909261,7629,-15.55904,-47.63637,14209.6,-15.2,20.7,70.3,-63.2,11.5,152.9,RS41-SGP,403.502,16.6,-875,11,2.8,08:22:21,
2026-09-19T16:09:07.006Z,X1909261,7630,-15.55898,-47.63619,14194.3,-14.9,20.6,70.4,-63.1,11.4,153.3,RS41-SGP,403.502,15.7,-875,12,2.8,08:22:21,
2026-09-19T16:09:08.006Z,X1909261,7631,-15.55892,-47.63601,14179.1,-14.9,20.5,67.9,-63.0,11.5,153.7,RS41-SGP,403.502,15.8,-875,10,2.8,08:22:21,
2026-09-19T16:09:09.006Z,X1909261,7632,-15.55885,-47.63583,14164.4,-14.5,20.5,68.9,-62.9,11.5,154.0,RS41-SGP,403.502,16.1,-875,11,2.8,08:22:21,
2026-09-19T16:09:10.006Z,X1909261,7633,-15.55878,-47.63566,14149.2,-14.9,20.0,67.4,-62.8,11.6,154.4,RS41-SGP,403.502,16.5,-875,12,2.7,08:22:21,
2026-09-19T16:09:11.006Z,X1909261,7634,-15.55871,-47.63549,14134.1,-14.9,19.4,67.0,-62.8,11.6,154.8,RS41-SGP,403.502,18.1,-875,12,2.7,08:22:21,
2026-09-19T16:09:12.006Z,X1909261,7635,-15.55865,-47.63532,14119.0,-14.9,19.8,66.7,-62.6,11.4,155.1,RS41-SGP,403.502,19.7,-875,10,2.8,08:22:21,
2026-09-19T16:09:13.006Z,X1909261,7636,-15.55857,-47.63515,14104.1,-14.9,20.0,64.7,-62.5,11.5,155.6,RS41-SGP,403.502,20.4,-875,10,2.8,08:22:21,
2026-09-19T16:09:14.006Z,X1909261,7637,-15.55850,-47.63498,14088.7,-15.3,20.4,66.7,-62.4,11.5,155.9,RS41-SGP,403.502,21.0,-875,10,2.8,08:22:21,
2026-09-19T16:09:15.006Z,X1909261,7638,-15.55843,-47.63480,14073.1,-15.4,21.3,67.9,-62.4,11.6,156.3,RS41-SGP,403.502,21.0,-875,11,2.8,08:22:21,
2026-09-19T16:09:16.006Z,X1909261,7639,-15.55836,-47.63461,14057.9,-15.1,21.4,70.9,-62.3,11.8,156.7,RS41-SGP,403.502,20.7,-875,12,2.7,08:22:21,
2026-09-19T16:09:17.006Z,X1909261,7640,-15.55831,-47.63442,14042.7,-15.0,21.3,74.5,-62.2,11.8,157.1,RS41-SGP,403.502,20.4,-875,12,2.7,08:22:21,
2026-09-19T16:09:18.006Z,X1909261,7641,-15.55826,-47.63423,14028.1,-14.6,20.9,76.2,-62.2,12.1,157.4,RS41-SGP,403.502,19.5,-875,11,2.8,08:22:21,
2026-09-19T16:09:19.006Z,X1909261,7642,-15.55822,-47.63404,14014.0,-14.1,20.6,77.4,-62.1,12.2,157.9,RS41-SGP,403.502,19.6,-875,12,2.8,08:22:21,
2026-09-19T16:09:20.006Z,X1909261,7643,-15.55817,-47.63386,13999.9,-14.3,21.0,76.3,-62.0,12.2,158.2,RS41-SGP,403.502,19.8,-875,12,2.8,08:22:21,
2026-09-19T16:09:21.006Z,X1909261,7644,-15.55814,-47.63366,13984.7,-15.1,21.7,80.3,-61.8,12.2,158.6,RS41-SGP,403.502,19.8,-875,12,2.8,08:22:21,
2026-09-19T16:09:22.006Z,X1909261,7645,-15.55811,-47.63346,13969.2,-15.3,21.2,81.7,-61.8,12.5,158.9,RS41-SGP,403.502,19.6,-875,12,2.7,08:22:21,
2026-09-19T16:09:23.006Z,X1909261,7646,-15.55808,-47.63327,13953.7,-15.3,20.5,82.4,-61.8,12.7,159.3,RS41-SGP,403.502,19.4,-875,12,2.7,08:22:21,
2026-09-19T16:09:24.006Z,X1909261,7647,-15.55806,-47.63308,13938.6,-14.5,20.2,81.1,-61.8,12.8,159.7,RS41-SGP,403.502,18.2,-875,12,2.8,08:22:21,
2026-09-19T16:09:25.006Z,X1909261,7648,-15.55803,-47.63290,13924.7,-13.8,20.5,81.4,-61.7,12.9,160.1,RS41-SGP,403.502,17.5,-875,12,2.8,08:22:21,
2026-09-19T16:09:26.006Z,X1909261,7649,-15.55801,-47.63271,13910.2,-14.6,20.0,83.2,-61.7,13.1,160.5,RS41-SGP,403.502,16.0,-875,12,2.8,08:22:21,
2026-09-19T16:09:27.006Z,X1909261,7650,-15.55798,-47.63253,13894.9,-15.5,20.4,83.2,-61.7,13.4,160.9,RS41-SGP,403.502,16.0,-875,11,2.8,08:21:30,
2026-09-19T16:09:28.006Z,X1909261,7651,-15.55795,-47.63234,13879.0,-15.6,19.8,80.4,-61.5,13.4,161.3,RS41-SGP,403.502,17.2,-875,12,2.8,08:21:30,
2026-09-19T16:09:29.006Z,X1909261,7652,-15.55792,-47.63216,13863.6,-14.9,20.3,79.7,-61.5,13.7,161.6,RS41-SGP,403.502,17.2,-875,12,2.7,08:21:30,
2026-09-19T16:09:30.006Z,X1909261,7653,-15.55789,-47.63197,13849.1,-14.3,20.7,78.7,-61.4,13.7,162.0,RS41-SGP,403.502,16.0,-875,12,2.7,08:21:30,
2026-09-19T16:09:31.006Z,X1909261,7654,-15.55785,-47.63178,13834.7,-14.8,20.1,78.0,-61.2,13.6,162.4,RS41-SGP,403.502,16.6,-875,12,2.8,08:21:30,
2026-09-19T16:09:32.006Z,X1909261,7655,-15.55781,-47.63160,13819.7,-15.3,20.2,78.1,-61.1,13.8,162.8,RS41-SGP,403.502,17.5,-875,11,2.8,08:21:30,
2026-09-19T16:09:33.006Z,X1909261,7656,-15.55777,-47.63141,13804.5,-15.2,21.2,76.8,-61.0,13.7,163.2,RS41-SGP,403.502,18.1,-875,12,2.8,08:21:30,
2026-09-19T16:09:34.006Z,X1909261,7657,-15.55773,-47.63121,13789.7,-14.4,21.6,77.0,-60.8,13.7,163.6,RS41-SGP,403.502,18.3,-875,11,2.8,08:21:30,
2026-09-19T16:09:35.006Z,X1909261,7658,-15.55769,-47.63101,13775.5,-14.2,21.5,78.2,-60.7,13.9,164.0,RS41-SGP,403.502,19.7,-875,12,2.7,08:21:30,
2026-09-19T16:09:36.006Z,X1909261,7659,-15.55764,-47.63082,13760.8,-14.9,21.7,75.1,-60.5,13.7,164.4,RS41-SGP,403.502,19.7,-875,11,2.7,08:21:30,
2026-09-19T16:09:37.006Z,X1909261,7660,-15.55760,-47.63062,13745.8,-15.2,21.6,75.6,-60.4,13.8,164.8,RS41-SGP,403.502,20.1,-875,12,2.8,08:21:30,
2026-09-19T16:09:38.006Z,X1909261,7661,-15.55755,-47.63042,13730.7,-14.7,22.1,78.9,-60.3,13.9,165.2,RS41-SGP,403.502,20.3,-875,11,2.8,08:21:30,
2026-09-19T16:09:39.006Z,X1909261,7662,-15.55752,-47.63021,13716.0,-14.0,22.2,79.7,-60.1,13.9,165.5,RS41-SGP,403.502,20.9,-875,12,2.8,08:21:30,
2026-09-19T16:09:40.006Z,X1909261,7663,-15.55748,-47.63001,13701.5,-14.8,22.4,76.8,-60.0,13.8,165.9,RS41-SGP,403.502,21.1,-875,12,2.8,08:21:30,
2026-09-19T16:09:41.006Z,X1909261,7664,-15.55744,-47.62981,13686.5,-15.2,22.5,77.8,-59.8,13.7,166.4,RS41-SGP,403.502,21.1,-875,12,2.7,08:21:30,
2026-09-19T16:09:42.006Z,X1909261,7665,-15.55740,-47.62960,13671.3,-14.8,22.5,80.7,-59.7,13.6,166.8,RS41-SGP,403.502,20.3,-875,12,2.7,08:21:30,
2026-09-19T16:09:43.006Z,X1909261,7666,-15.55738,-47.62940,13656.9,-14.3,21.6,82.0,-59.6,13.5,167.2,RS41-SGP,403.502,19.7,-875,11,2.8,08:21:30,
2026-09-19T16:09:44.006Z,X1909261,7667,-15.55734,-47.62921,13644.1,-14.0,21.3,78.2,-59.4,13.6,167.5,RS41-SGP,403.502,19.8,-875,11,2.8,08:21:30,
2026-09-19T16:09:45.006Z,X1909261,7668,-15.55732,-47.62900,13629.2,-14.7,22.8,83.6,-59.3,13.6,168.0,RS41-SGP,403.502,19.8,-875,12,2.8,08:21:30,
2026-09-19T16:09:46.006Z,X1909261,7669,-15.55730,-47.62880,13614.6,-14.6,22.0,84.1,-59.2,13.6,168.3,RS41-SGP,403.502,19.3,-875,12,2.8,08:21:30,
2026-09-19T16:09:47.006Z,X1909261,7670,-15.55728,-47.62860,13599.8,-14.1,21.0,84.0,-59.0,13.5,168.7,RS41-SGP,403.502,19.3,-875,11,2.8,08:21:30,
2026-09-19T16:09:48.006Z,X1909261,7671,-15.55726,-47.62841,13585.7,-13.7,20.4,83.3,-59.0,13.6,169.1,RS41-SGP,403.502,18.9,-875,12,2.7,08:21:30,
2026-09-19T16:09:49.006Z,X1909261,7672,-15.55724,-47.62822,13571.5,-14.5,21.0,85.4,-58.8,13.6,169.5,RS41-SGP,403.502,18.3,-875,11,2.7,08:21:30,
2026-09-19T16:09:50.006Z,X1909261,7673,-15.55723,-47.62803,13556.7,-15.0,20.6,86.7,-58.7,13.6,169.9,RS41-SGP,403.502,17.0,-875,11,2.8,08:21:30,
2026-09-19T16:09:51.006Z,X1909261,7674,-15.55722,-47.62784,13541.9,-14.3,19.8,83.8,-58.6,13.6,170.3,RS41-SGP,403.502,16.9,-875,11,2.8,08:21:30,
2026-09-19T16:09:52.006Z,X1909261,7675,-15.55719,-47.62766,13527.8,-13.5,19.7,81.6,-58.4,13.6,170.7,RS41-SGP,403.502,15.1,-875,11,2.8,08:21:30,
2026-09-19T16:09:53.006Z,X1909261,7676,-15.55717,-47.62748,13513.6,-14.3,19.7,83.6,-58.3,13.6,171.1,RS41-SGP,403.502,14.4,-875,11,2.8,08:21:30,
2026-09-19T16:09:54.006Z,X1909261,7677,-15.55714,-47.62731,13497.9,-15.4,18.5,83.1,-58.1,13.5,171.5,RS41-SGP,403.502,14.5,-875,12,2.7,08:21:30,
2026-09-19T16:09:55.006Z,X1909261,7678,-15.55712,-47.62714,13482.2,-15.2,18.9,80.5,-58.0,13.4,171.9,RS41-SGP,403.502,14.8,-875,12,2.7,08:21:30,
2026-09-19T16:09:56.006Z,X1909261,7679,-15.55709,-47.62696,13467.4,-14.2,19.5,79.3,-57.9,13.5,172.3,RS41-SGP,403.502,14.8,-875,11,2.8,08:21:30,
2026-09-19T16:09:57.006Z,X1909261,7680,-15.55705,-47.62678,13453.0,-14.4,19.2,79.3,-57.8,13.4,172.7,RS41-SGP,403.502,13.5,-875,12,2.8,08:21:30,
2026-09-19T16:09:58.006Z,X1909261,7681,-15.55702,-47.62661,13437.8,-15.5,18.3,79.3,-57.6,13.3,173.1,RS41-SGP,403.502,15.4,-875,12,2.8,08:21:30,
2026-09-19T16:09:59.006Z,X1909261,7682,-15.55699,-47.62644,13422.7,-15.0,19.3,77.4,-57.5,13.4,173.5,RS41-SGP,403.502,16.0,-875,11,2.8,08:21:30,
2026-09-19T16:10:00.006Z,X1909261,7683,-15.55694,-47.62626,13408.0,-14.2,19.7,75.7,-57.4,13.5,173.9,RS41-SGP,403.502,16.0,-875,12,2.7,08:21:30,
2026-09-19T16:10:01.006Z,X1909261,7684,-15.55690,-47.62608,13393.7,-14.5,18.4,76.1,-57.3,13.5,174.3,RS41-SGP,403.502,16.3,-875,12,2.7,08:21:30,
2026-09-19T16:10:02.006Z,X1909261,7685,-15.55685,-47.62591,13378.5,-15.3,18.7,73.5,-57.1,13.5,174.8,RS41-SGP,403.502,16.4,-875,12,2.8,08:21:30,
2026-09-19T16:10:03.006Z,X1909261,7686,-15.55680,-47.62574,13363.2,-14.7,19.5,73.0,-57.1,13.6,175.2,RS41-SGP,403.502,16.4,-875,12,2.8,08:21:30,
2026-09-19T16:10:04.006Z,X1909261,7687,-15.55675,-47.62556,13348.9,-13.9,20.3,72.5,-57.0,13.5,175.5,RS41-SGP,403.502,17.2,-875,12,2.8,08:21:30,
2026-09-19T16:10:05.006Z,X1909261,7688,-15.55670,-47.62538,13334.9,-14.6,19.2,71.7,-56.8,13.5,176.0,RS41-SGP,403.502,18.3,-875,12,2.8,08:21:30,
2026-09-19T16:10:06.006Z,X1909261,7689,-15.55664,-47.62520,13319.7,-15.2,20.0,70.2,-56.6,13.4,176.4,RS41-SGP,403.502,18.3,-875,11,2.8,08:21:30,
2026-09-19T16:10:07.006Z,X1909261,7690,-15.55658,-47.62502,13305.3,-14.3,20.5,70.6,-56.6,13.4,176.8,RS41-SGP,403.502,18.7,-875,12,2.7,08:21:30,
2026-09-19T16:10:08.006Z,X1909261,7691,-15.55652,-47.62484,13291.4,-13.5,20.5,71.0,-56.5,13.5,177.2,RS41-SGP,403.502,19.2,-875,12,2.7,08:21:30,
2026-09-19T16:10:09.006Z,X1909261,7692,-15.55646,-47.62466,13277.5,-14.2,20.4,68.7,-56.3,13.4,177.5,RS41-SGP,403.502,19.6,-875,12,2.8,08:21:30,
2026-09-19T16:10:10.006Z,X1909261,7693,-15.55640,-47.62447,13263.0,-14.7,20.5,68.8,-56.2,13.2,178.0,RS41-SGP,403.502,19.6,-875,12,2.8,08:21:30,
2026-09-19T16:10:11.006Z,X1909261,7694,-15.55633,-47.62429,13248.6,-14.1,20.8,68.4,-56.1,13.2,178.4,RS41-SGP,403.502,19.4,-875,11,2.8,08:21:30,
2026-09-19T16:10:12.006Z,X1909261,7695,-15.55626,-47.62411,13234.8,-13.7,20.5,67.4,-56.0,13.2,178.8,RS41-SGP,403.502,19.4,-875,12,2.8,08:21:30,
2026-09-19T16:10:13.006Z,X1909261,7696,-15.55619,-47.62393,13220.5,-14.5,20.2,65.3,-55.9,13.3,179.2,RS41-SGP,403.502,19.9,-875,12,2.7,08:21:30,
2026-09-19T16:10:14.006Z,X1909261,7697,-15.55612,-47.62375,13205.4,-14.9,20.9,65.9,-55.8,13.2,179.6,RS41-SGP,403.502,19.9,-875,12,2.7,08:21:30,
2026-09-19T16:10:15.006Z,X1909261,7698,-15.55604,-47.62357,13191.0,-13.7,21.2,65.1,-55.7,13.3,180.1,RS41-SGP,403.502,19.2,-875,12,2.8,08:21:30,
2026-09-19T16:10:16.006Z,X1909261,7699,-15.55597,-47.62339,13177.1,-13.6,20.9,65.4,-55.6,13.3,180.4,RS41-SGP,403.502,19.2,-875,11,2.8,08:21:30,
2026-09-19T16:10:17.006Z,X1909261,7700,-15.55589,-47.62321,13162.9,-14.5,21.0,62.8,-55.5,13.3,180.8,RS41-SGP,403.502,19.6,-875,11,2.8,08:21:30,
2026-09-19T16:10:18.006Z,X1909261,7701,-15.55580,-47.62303,13148.3,-14.6,21.3,61.6,-55.4,13.1,181.3,RS41-SGP,403.502,19.8,-875,11,2.8,08:20:39,
2026-09-19T16:10:19.006Z,X1909261,7702,-15.55571,-47.62285,13133.7,-13.9,21.5,62.3,-55.4,13.2,181.7,RS41-SGP,403.502,19.8,-875,12,2.7,08:20:39,
2026-09-19T16:10:20.006Z,X1909261,7703,-15.55563,-47.62267,13120.0,-13.8,21.2,61.7,-55.3,13.3,182.1,RS41-SGP,403.502,20.2,-875,12,2.7,08:20:39,
2026-09-19T16:10:21.006Z,X1909261,7704,-15.55553,-47.62249,13105.5,-14.6,21.3,58.2,-55.2,13.3,182.5,RS41-SGP,403.502,20.2,-875,11,2.8,08:20:39,
2026-09-19T16:10:22.006Z,X1909261,7705,-15.55544,-47.62231,13090.4,-14.5,22.2,59.6,-55.1,13.2,182.9,RS41-SGP,403.502,20.3,-875,12,2.8,08:20:39,
2026-09-19T16:10:23.006Z,X1909261,7706,-15.55534,-47.62213,13076.3,-13.6,22.3,60.6,-55.0,13.2,183.4,RS41-SGP,403.502,20.3,-875,11,2.8,08:20:39,
2026-09-19T16:10:24.006Z,X1909261,7707,-15.55524,-47.62195,13061.9,-14.4,22.3,59.5,-54.9,13.2,183.7,RS41-SGP,403.502,20.8,-875,11,2.8,08:20:39,
2026-09-19T16:10:25.006Z,X1909261,7708,-15.55515,-47.62176,13047.1,-15.0,22.5,59.4,-54.7,13.1,184.2,RS41-SGP,403.502,20.8,-875,12,2.7,08:20:39,
2026-09-19T16:10:26.006Z,X1909261,7709,-15.55504,-47.62158,13032.4,-14.3,23.4,58.6,-54.6,13.0,184.6,RS41-SGP,403.502,20.3,-875,12,2.7,08:20:39,
2026-09-19T16:10:27.006Z,X1909261,7710,-15.55494,-47.62139,13018.2,-13.8,23.2,59.8,-54.5,13.1,185.0,RS41-SGP,403.502,20.2,-875,12,2.8,08:20:39,
2026-09-19T16:10:28.006Z,X1909261,7711,-15.55484,-47.62120,13003.7,-14.7,23.5,57.3,-54.4,13.0,185.4,RS41-SGP,403.502,20.7,-875,10,2.8,08:20:39,
2026-09-19T16:10:29.006Z,X1909261,7712,-15.55473,-47.62101,12988.6,-14.6,23.5,57.5,-54.3,13.0,185.9,RS41-SGP,403.502,20.9,-875,12,2.8,08:20:39,
2026-09-19T16:10:30.006Z,X1909261,7713,-15.55462,-47.62082,12974.3,-13.6,23.8,59.0,-54.1,13.0,186.3,RS41-SGP,403.502,20.9,-875,11,2.8,08:20:39,
2026-09-19T16:10:31.006Z,X1909261,7714,-15.55451,-47.62063,12959.9,-14.3,24.1,55.7,-54.0,12.9,186.7,RS41-SGP,403.502,20.9,-875,10,2.8,08:20:39,
2026-09-19T16:10:32.006Z,X1909261,7715,-15.55439,-47.62044,12944.4,-14.9,24.0,55.3,-53.9,12.8,187.1,RS41-SGP,403.502,20.8,-875,12,2.7,08:20:39,
2026-09-19T16:10:33.006Z,X1909261,7716,-15.55428,-47.62025,12929.8,-14.1,23.9,57.7,-53.7,12.7,187.5,RS41-SGP,403.502,20.7,-875,11,2.7,08:20:39,
2026-09-19T16:10:34.006Z,X1909261,7717,-15.55417,-47.62006,12915.6,-13.8,24.0,57.4,-53.6,12.6,187.9,RS41-SGP,403.502,20.9,-875,10,2.8,08:20:39,
2026-09-19T16:10:35.006Z,X1909261,7718,-15.55406,-47.61987,12901.1,-15.0,23.6,56.2,-53.4,12.4,188.3,RS41-SGP,403.502,20.9,-875,11,2.8,08:20:39,
2026-09-19T16:10:36.006Z,X1909261,7719,-15.55394,-47.61968,12886.3,-14.2,24.3,56.2,-53.3,12.3,188.8,RS41-SGP,403.502,20.8,-875,11,2.8,08:20:39,
2026-09-19T16:10:37.006Z,X1909261,7720,-15.55383,-47.61949,12872.0,-13.7,24.0,57.6,-53.2,12.3,189.2,RS41-SGP,403.502,19.9,-875,10,2.8,08:20:39,
2026-09-19T16:10:38.006Z,X1909261,7721,-15.55372,-47.61930,12858.0,-14.6,23.4,56.9,-53.1,12.3,189.6,RS41-SGP,403.502,20.9,-875,10,2.7,08:20:39,
2026-09-19T16:10:39.006Z,X1909261,7722,-15.55361,-47.61911,12843.0,-14.6,24.1,56.7,-52.9,12.2,190.1,RS41-SGP,403.502,20.9,-875,10,2.7,08:20:39,
2026-09-19T16:10:40.006Z,X1909261,7723,-15.55350,-47.61892,12828.6,-13.9,24.0,57.9,-52.8,12.1,190.5,RS41-SGP,403.502,19.8,-875,11,2.8,08:20:39,
2026-09-19T16:10:41.006Z,X1909261,7724,-15.55339,-47.61873,12814.0,-14.8,23.8,56.4,-52.7,12.0,190.9,RS41-SGP,403.502,20.9,-875,10,2.8,08:20:39,
2026-09-19T16:10:42.006Z,X1909261,7725,-15.55328,-47.61854,12798.2,-15.4,24.1,56.1,-52.6,12.0,191.4,RS41-SGP,403.502,21.1,-875,11,2.8,08:20:39,
2026-09-19T16:10:43.006Z,X1909261,7726,-15.55316,-47.61834,12782.8,-15.0,24.4,54.9,-52.4,11.7,191.8,RS41-SGP,403.502,21.1,-875,10,2.8,08:20:39,
2026-09-19T16:10:44.006Z,X1909261,7727,-15.55304,-47.61815,12768.1,-14.1,25.1,55.9,-52.4,11.7,192.2,RS41-SGP,403.502,20.9,-875,11,2.7,08:20:39,
2026-09-19T16:10:45.006Z,X1909261,7728,-15.55292,-47.61795,12754.0,-13.8,24.7,56.0,-52.2,11.5,192.6,RS41-SGP,403.502,21.3,-875,10,2.7,08:20:39,
2026-09-19T16:10:46.006Z,X1909261,7729,-15.55280,-47.61776,12739.6,-14.4,25.8,54.5,-52.0,11.4,193.1,RS41-SGP,403.502,21.5,-875,9,2.8,08:20:39,
2026-09-19T16:10:47.006Z,X1909261,7730,-15.55267,-47.61756,12724.7,-14.7,25.8,53.7,-52.0,11.3,193.5,RS41-SGP,403.502,21.6,-875,11,2.8,08:20:39,
2026-09-19T16:10:48.006Z,X1909261,7731,-15.55254,-47.61736,12710.2,-13.7,26.4,55.7,-51.9,11.2,193.9,RS41-SGP,403.502,21.8,-875,11,2.8,08:20:39,
2026-09-19T16:10:49.006Z,X1909261,7732,-15.55241,-47.61715,12696.4,-13.5,26.6,55.1,-51.8,11.2,194.4,RS41-SGP,403.502,22.3,-875,12,2.8,08:20:39,
2026-09-19T16:10:50.006Z,X1909261,7733,-15.55228,-47.61695,12682.5,-14.1,26.6,53.9,-51.7,11.0,194.7,RS41-SGP,403.502,22.3,-875,11,2.7,08:20:39,
2026-09-19T16:10:51.006Z,X1909261,7734,-15.55215,-47.61674,12667.9,-14.6,27.1,55.3,-51.6,11.0,195.2,RS41-SGP,403.502,22.1,-875,11,2.7,08:20:39,
2026-09-19T16:10:52.006Z,X1909261,7735,-15.55202,-47.61653,12653.2,-14.0,26.6,56.0,-51.5,10.9,195.7,RS41-SGP,403.502,22.5,-875,12,2.8,08:20:39,
2026-09-19T16:10:53.006Z,X1909261,7736,-15.55190,-47.61632,12639.3,-13.5,26.2,57.1,-51.4,10.8,196.1,RS41-SGP,403.502,22.5,-875,11,2.8,08:20:39,
2026-09-19T16:10:54.006Z,X1909261,7737,-15.55177,-47.61612,12625.4,-14.3,26.8,54.6,-51.3,10.7,196.5,RS41-SGP,403.502,22.3,-875,11,2.8,08:20:39,
2026-09-19T16:10:55.006Z,X1909261,7738,-15.55164,-47.61591,12611.1,-14.2,26.8,55.7,-51.2,10.7,197.0,RS41-SGP,403.502,22.3,-875,11,2.8,08:20:39,
2026-09-19T16:10:56.006Z,X1909261,7739,-15.55152,-47.61570,12596.7,-13.7,26.4,57.5,-51.1,10.7,197.3,RS41-SGP,403.502,21.8,-875,10,2.7,08:20:39,
2026-09-19T16:10:57.006Z,X1909261,7740,-15.55140,-47.61550,12583.4,-13.3,26.0,56.8,-51.0,10.7,197.8,RS41-SGP,403.502,22.9,-875,12,2.7,08:20:39,
2026-09-19T16:10:58.006Z,X1909261,7741,-15.55127,-47.61529,12569.6,-14.2,26.6,54.9,-50.9,10.6,198.2,RS41-SGP,403.502,22.9,-875,11,2.8,08:20:39,
2026-09-19T16:10:59.006Z,X1909261,7742,-15.55115,-47.61509,12555.1,-14.3,26.4,57.7,-50.8,10.6,198.6,RS41-SGP,403.502,22.3,-875,9,2.8,08:20:39,
2026-09-19T16:11:00.006Z,X1909261,7743,-15.55103,-47.61488,12540.9,-13.5,26.2,58.7,-50.7,10.6,199.1,RS41-SGP,403.502,22.2,-875,10,2.8,08:20:39,
2026-09-19T16:11:01.006Z,X1909261,7744,-15.55091,-47.61468,12526.9,-13.8,26.5,56.9,-50.6,10.5,199.5,RS41-SGP,403.502,22.1,-875,10,2.8,08:20:39,
2026-09-19T16:11:02.006Z,X1909261,7745,-15.55078,-47.61447,12512.5,-14.6,27.4,57.1,-50.5,10.5,199.9,RS41-SGP,403.502,22.1,-875,9,2.8,08:20:39,
2026-09-19T16:11:03.006Z,X1909261,7746,-15.55066,-47.61425,12497.8,-14.1,27.1,57.5,-50.4,10.5,200.3,RS41-SGP,403.502,22.1,-875,11,2.7,08:20:39,
2026-09-19T16:11:04.006Z,X1909261,7747,-15.55054,-47.61404,12484.1,-13.2,26.9,57.1,-50.3,10.4,200.8,RS41-SGP,403.502,22.4,-875,11,2.7,08:20:39,
2026-09-19T16:11:05.006Z,X1909261,7748,-15.55041,-47.61383,12470.7,-14.2,27.9,55.5,-50.2,10.4,201.2,RS41-SGP,403.502,22.4,-875,11,2.8,08:20:39,
2026-09-19T16:11:06.006Z,X1909261,7749,-15.55028,-47.61362,12455.7,-14.4,27.7,56.1,-50.1,10.4,201.7,RS41-SGP,403.502,22.3,-875,11,2.8,08:20:39,
2026-09-19T16:11:07.006Z,X1909261,7750,-15.55015,-47.61340,12441.3,-13.2,27.3,56.5,-50.0,10.4,202.1,RS41-SGP,403.502,21.3,-875,9,2.8,08:20:39,
2026-09-19T16:11:08.006Z,X1909261,7751,-15.55002,-47.61320,12427.8,-13.5,27.4,54.4,-49.9,10.3,202.5,RS41-SGP,403.502,21.4,-875,8,2.8,08:20:39,
2026-09-19T16:11:09.006Z,X1909261,7752,-15.54988,-47.61299,12413.3,-14.2,27.7,55.2,-49.8,10.3,203.0,RS41-SGP,403.502,21.4,-875,9,2.7,08:19:48,
2026-09-19T16:11:10.006Z,X1909261,7753,-15.54975,-47.61278,12399.2,-13.7,27.5,56.7,-49.6,10.3,203.4,RS41-SGP,403.502,21.2,-875,12,2.7,08:19:48,
2026-09-19T16:11:11.006Z,X1909261,7754,-15.54962,-47.61256,12385.6,-13.2,27.3,55.8,-49.5,10.2,203.8,RS41-SGP,403.502,20.8,-875,10,2.8,08:19:48,
2026-09-19T16:11:12.006Z,X1909261,7755,-15.54949,-47.61235,12371.9,-14.3,27.6,54.4,-49.4,10.2,204.2,RS41-SGP,403.502,20.8,-875,11,2.8,08:19:48,
2026-09-19T16:11:13.006Z,X1909261,7756,-15.54936,-47.61215,12357.3,-14.0,27.5,54.5,-49.3,10.1,204.7,RS41-SGP,403.502,20.5,-875,11,2.8,08:19:48,
2026-09-19T16:11:14.006Z,X1909261,7757,-15.54922,-47.61194,12344.0,-12.8,27.2,55.9,-49.2,10.1,205.0,RS41-SGP,403.502,19.4,-875,12,2.8,08:19:48,
2026-09-19T16:11:15.006Z,X1909261,7758,-15.54909,-47.61173,12330.4,-13.8,27.4,53.0,-49.1,10.1,205.5,RS41-SGP,403.502,18.8,-875,10,2.7,08:19:48,
2026-09-19T16:11:16.006Z,X1909261,7759,-15.54895,-47.61153,12316.1,-14.1,27.2,53.8,-48.9,9.9,205.9,RS41-SGP,403.502,18.8,-875,11,2.7,08:19:48,
2026-09-19T16:11:17.006Z,X1909261,7760,-15.54882,-47.61133,12302.4,-12.9,27.2,54.6,-48.8,9.9,206.4,RS41-SGP,403.502,18.5,-875,11,2.8,08:19:48,
2026-09-19T16:11:18.006Z,X1909261,7761,-15.54868,-47.61113,12289.3,-13.5,26.1,53.2,-48.7,9.8,206.8,RS41-SGP,403.502,18.8,-875,10,2.8,08:19:48,
2026-09-19T16:11:19.006Z,X1909261,7762,-15.54855,-47.61093,12274.8,-14.1,26.7,53.8,-48.6,9.7,207.2,RS41-SGP,403.502,18.8,-875,10,2.8,08:19:48,
2026-09-19T16:11:20.006Z,X1909261,7763,-15.54842,-47.61073,12261.0,-13.2,27.1,54.5,-48.5,9.6,207.7,RS41-SGP,403.502,17.0,-875,10,2.8,08:19:48,
2026-09-19T16:11:21.006Z,X1909261,7764,-15.54828,-47.61053,12247.2,-14.1,25.7,53.3,-48.4,9.6,208.2,RS41-SGP,403.502,17.0,-875,10,2.7,08:19:48,
2026-09-19T16:11:22.006Z,X1909261,7765,-15.54815,-47.61033,12233.0,-13.9,26.4,54.0,-48.2,9.5,208.6,RS41-SGP,403.502,17.0,-875,11,2.7,08:19:48,
2026-09-19T16:11:23.006Z,X1909261,7766,-15.54803,-47.61013,12219.3,-13.3,26.5,55.3,-48.1,9.4,209.0,RS41-SGP,403.502,16.4,-875,11,2.8,08:19:48,
2026-09-19T16:11:24.006Z,X1909261,7767,-15.54790,-47.60993,12205.2,-14.7,25.5,54.9,-48.0,9.4,209.5,RS41-SGP,403.502,17.2,-875,12,2.8,08:19:48,
2026-09-19T16:11:25.006Z,X1909261,7768,-15.54777,-47.60974,12190.9,-13.7,26.0,55.1,-47.9,9.3,209.9,RS41-SGP,403.502,17.2,-875,11,2.8,08:19:48,
2026-09-19T16:11:26.006Z,X1909261,7769,-15.54765,-47.60954,12176.7,-14.3,25.0,56.4,-47.7,9.2,210.3,RS41-SGP,403.502,16.5,-875,11,2.8,08:19:48,
2026-09-19T16:11:27.006Z,X1909261,7770,-15.54753,-47.60934,12161.9,-14.5,25.0,56.1,-47.6,9.1,210.8,RS41-SGP,403.502,16.5,-875,12,2.7,08:19:48,
2026-09-19T16:11:28.006Z,X1909261,7771,-15.54742,-47.60915,12147.2,-14.7,25.1,57.5,-47.5,9.0,211.3,RS41-SGP,403.502,15.3,-875,11,2.7,08:19:48,
2026-09-19T16:11:29.006Z,X1909261,7772,-15.54730,-47.60894,12133.0,-13.8,25.5,57.1,-47.4,9.0,211.7,RS41-SGP,403.502,15.7,-875,11,2.8,08:19:48,
2026-09-19T16:11:30.006Z,X1909261,7773,-15.54718,-47.60874,12118.7,-14.5,24.9,58.0,-47.3,8.9,212.2,RS41-SGP,403.502,16.2,-875,11,2.8,08:19:48,
2026-09-19T16:11:31.006Z,X1909261,7774,-15.54707,-47.60854,12104.1,-14.3,25.5,56.9,-47.1,8.9,212.7,RS41-SGP,403.502,16.2,-875,11,2.8,08:19:48,
2026-09-19T16:11:32.006Z,X1909261,7775,-15.54695,-47.60834,12090.2,-13.8,25.3,57.1,-47.0,8.8,213.1,RS41-SGP,403.502,16.1,-875,12,2.8,08:19:48,
2026-09-19T16:11:33.006Z,X1909261,7776,-15.54683,-47.60813,12076.3,-14.0,25.3,58.0,-46.9,8.8,213.5,RS41-SGP,403.502,16.2,-875,10,2.7,08:19:48,
2026-09-19T16:11:34.006Z,X1909261,7777,-15.54671,-47.60793,12061.9,-14.6,25.0,58.3,-46.7,8.8,214.0,RS41-SGP,403.502,17.2,-875,12,2.7,08:19:48,
2026-09-19T16:11:35.006Z,X1909261,7778,-15.54660,-47.60773,12047.5,-14.2,24.9,58.5,-46.6,8.7,214.5,RS41-SGP,403.502,17.3,-875,11,2.8,08:19:48,
2026-09-19T16:11:36.006Z,X1909261,7779,-15.54648,-47.60753,12033.8,-13.9,25.5,58.3,-46.5,8.5,214.9,RS41-SGP,403.502,17.6,-875,12,2.8,08:19:48,
2026-09-19T16:11:38.006Z,X1909261,7781,-15.54624,-47.60712,12005.3,-13.9,24.9,56.8,-46.3,8.3,215.9,RS41-SGP,403.502,15.0,-875,12,2.8,08:19:48,
2026-09-19T16:11:39.006Z,X1909261,7782,-15.54612,-47.60692,11991.5,-13.7,24.6,57.6,-46.2,8.3,216.3,RS41-SGP,403.502,16.9,-875,12,2.7,08:19:48,
2026-09-19T16:11:40.006Z,X1909261,7783,-15.54601,-47.60672,11977.6,-13.7,24.9,59.2,-46.0,8.1,216.8,RS41-SGP,403.502,17.4,-875,12,2.7,08:19:48,
2026-09-19T16:11:41.006Z,X1909261,7784,-15.54589,-47.60652,11963.9,-13.4,24.4,59.3,-45.9,8.0,217.2,RS41-SGP,403.502,18.1,-875,12,2.8,08:19:48,
2026-09-19T16:11:42.006Z,X1909261,7785,-15.54578,-47.60633,11949.8,-14.1,24.6,58.7,-45.8,7.8,217.8,RS41-SGP,403.502,18.1,-875,11,2.8,08:19:48,
2026-09-19T16:11:43.006Z,X1909261,7786,-15.54566,-47.60613,11936.1,-13.1,24.1,58.7,-45.7,7.7,218.1,RS41-SGP,403.502,18.1,-875,12,2.8,08:19:48,
2026-09-19T16:11:44.006Z,X1909261,7787,-15.54555,-47.60593,11922.3,-13.6,23.8,61.1,-45.6,7.6,218.6,RS41-SGP,403.502,18.2,-875,11,2.8,08:19:48,
2026-09-19T16:11:45.006Z,X1909261,7788,-15.54545,-47.60573,11908.4,-13.7,23.8,61.5,-45.5,7.5,219.1,RS41-SGP,403.502,18.7,-875,12,2.7,08:19:48,
2026-09-19T16:11:46.006Z,X1909261,7789,-15.54534,-47.60554,11894.7,-13.5,23.7,60.0,-45.3,7.3,219.5,RS41-SGP,403.502,18.7,-875,12,2.7,08:19:48,
2026-09-19T16:11:47.006Z,X1909261,7790,-15.54523,-47.60534,11881.2,-13.5,24.1,61.7,-45.3,7.2,220.0,RS41-SGP,403.502,18.2,-875,12,2.8,08:19:48,
2026-09-19T16:11:48.006Z,X1909261,7791,-15.54512,-47.60514,11867.1,-13.8,24.1,58.8,-45.2,7.1,220.5,RS41-SGP,403.502,18.6,-875,12,2.8,08:19:48,
2026-09-19T16:11:49.006Z,X1909261,7792,-15.54501,-47.60495,11853.4,-13.4,24.1,59.5,-45.0,7.0,220.8,RS41-SGP,403.502,18.6,-875,12,2.8,08:19:48,
2026-09-19T16:11:50.006Z,X1909261,7793,-15.54489,-47.60474,11839.6,-13.5,24.9,61.6,-44.9,6.9,221.3,RS41-SGP,403.502,18.4,-875,11,2.8,08:19:48,
2026-09-19T16:11:51.006Z,X1909261,7794,-15.54478,-47.60454,11825.7,-13.8,24.5,60.5,-44.8,6.7,221.8,RS41-SGP,403.502,18.4,-875,11,2.7,08:19:48,
2026-09-19T16:11:52.006Z,X1909261,7795,-15.54467,-47.60434,11812.0,-13.3,24.4,60.3,-44.7,6.6,222.2,RS41-SGP,403.502,18.4,-875,10,2.7,08:19:48,
2026-09-19T16:11:53.006Z,X1909261,7796,-15.54456,-47.60414,11798.4,-13.4,24.8,60.9,-44.6,6.5,222.7,RS41-SGP,403.502,18.3,-875,12,2.8,08:19:48,
2026-09-19T16:11:54.006Z,X1909261,7797,-15.54444,-47.60393,11784.3,-14.4,25.1,60.8,-44.5,6.4,223.2,RS41-SGP,403.502,18.0,-875,12,2.8,08:19:48,
2026-09-19T16:11:55.006Z,X1909261,7798,-15.54433,-47.60373,11770.2,-13.5,24.7,60.5,-44.4,6.3,223.6,RS41-SGP,403.502,18.4,-875,10,2.8,08:19:48,
2026-09-19T16:11:56.006Z,X1909261,7799,-15.54421,-47.60353,11756.4,-13.5,25.0,58.9,-44.3,6.2,224.1,RS41-SGP,403.502,18.4,-875,11,2.8,08:19:48,
2026-09-19T16:11:57.006Z,X1909261,7800,-15.54409,-47.60332,11742.6,-14.0,25.1,61.2,-44.1,6.1,224.6,RS41-SGP,403.502,18.4,-875,11,2.7,08:19:48,
2026-09-19T16:11:58.006Z,X1909261,7801,-15.54398,-47.60312,11728.6,-13.9,25.2,60.9,-44.1,6.0,225.0,RS41-SGP,403.502,18.2,-875,11,2.7,08:19:48,
2026-09-19T16:11:59.006Z,X1909261,7802,-15.54386,-47.60292,11715.1,-13.2,24.6,60.2,-43.9,5.9,225.4,RS41-SGP,403.502,18.2,-875,11,2.8,08:19:48,
2026-09-19T16:12:00.006Z,X1909261,7803,-15.54374,-47.60272,11701.4,-14.0,25.2,60.4,-43.8,5.7,226.0,RS41-SGP,403.502,18.2,-875,12,2.8,08:18:57,
2026-09-19T16:12:01.006Z,X1909261,7804,-15.54363,-47.60252,11686.8,-14.2,24.7,60.3,-43.7,5.6,226.5,RS41-SGP,403.502,18.2,-875,11,2.8,08:18:57,
2026-09-19T16:12:02.006Z,X1909261,7805,-15.54351,-47.60232,11673.4,-13.0,24.9,58.5,-43.6,5.6,226.9,RS41-SGP,403.502,18.6,-875,9,2.8,08:18:57,
2026-09-19T16:12:03.006Z,X1909261,7806,-15.54339,-47.60212,11659.7,-13.8,24.9,60.5,-43.5,5.4,227.4,RS41-SGP,403.502,18.6,-875,12,2.7,08:18:57,
2026-09-19T16:12:04.006Z,X1909261,7807,-15.54327,-47.60192,11645.8,-13.3,25.0,58.7,-43.5,5.4,227.9,RS41-SGP,403.502,18.2,-875,11,2.7,08:18:57,
2026-09-19T16:12:05.006Z,X1909261,7808,-15.54315,-47.60172,11632.4,-13.2,24.6,59.5,-43.4,5.3,228.3,RS41-SGP,403.502,18.1,-875,12,2.8,08:18:57,
2026-09-19T16:12:06.006Z,X1909261,7809,-15.54303,-47.60153,11618.6,-13.9,25.8,56.9,-43.4,5.2,228.8,RS41-SGP,403.502,18.6,-875,11,2.8,08:18:57,
2026-09-19T16:12:07.006Z,X1909261,7810,-15.54290,-47.60134,11604.8,-12.8,24.0,56.7,-43.3,5.1,229.3,RS41-SGP,403.502,19.5,-875,11,2.8,08:18:57,
2026-09-19T16:12:08.006Z,X1909261,7811,-15.54277,-47.60115,11590.9,-14.4,25.5,57.0,-43.3,5.1,229.8,RS41-SGP,403.502,19.5,-875,12,2.8,08:18:57,
2026-09-19T16:12:09.006Z,X1909261,7812,-15.54264,-47.60095,11576.5,-13.5,25.1,56.2,-43.2,5.0,230.2,RS41-SGP,403.502,19.2,-875,10,2.7,08:18:57,
2026-09-19T16:12:10.006Z,X1909261,7813,-15.54251,-47.60076,11563.0,-13.1,25.2,56.5,-43.1,5.0,230.7,RS41-SGP,403.502,19.2,-875,12,2.7,08:18:57,
2026-09-19T16:12:11.006Z,X1909261,7814,-15.54238,-47.60057,11549.1,-13.8,26.1,55.1,-43.0,4.9,231.2,RS41-SGP,403.502,19.5,-875,12,2.8,08:18:57,
2026-09-19T16:12:12.006Z,X1909261,7815,-15.54224,-47.60037,11534.9,-13.9,26.3,55.0,-42.9,4.9,231.7,RS41-SGP,403.502,19.5,-875,11,2.8,08:18:57,
2026-09-19T16:12:13.006Z,X1909261,7816,-15.54210,-47.60018,11521.0,-13.3,26.7,53.2,-42.8,4.8,232.1,RS41-SGP,403.502,19.1,-875,10,2.8,08:18:57,
2026-09-19T16:12:14.006Z,X1909261,7817,-15.54195,-47.59999,11507.8,-13.1,26.0,50.9,-42.7,4.8,232.6,RS41-SGP,403.502,19.3,-875,12,2.8,08:18:57,
2026-09-19T16:12:15.006Z,X1909261,7818,-15.54180,-47.59980,11494.2,-13.8,26.0,52.8,-42.6,4.7,233.1,RS41-SGP,403.502,19.3,-875,12,2.7,08:18:57,
2026-09-19T16:12:16.006Z,X1909261,7819,-15.54166,-47.59962,11480.8,-12.9,26.1,51.1,-42.5,4.7,233.4,RS41-SGP,403.502,18.5,-875,10,2.7,08:18:57,
2026-09-19T16:12:17.006Z,X1909261,7820,-15.54151,-47.59943,11466.6,-14.3,26.0,51.6,-42.4,4.6,234.0,RS41-SGP,403.502,18.5,-875,11,2.8,08:18:57,
2026-09-19T16:12:18.006Z,X1909261,7821,-15.54136,-47.59924,11452.1,-14.3,26.2,50.7,-42.3,4.5,234.4,RS41-SGP,403.502,17.4,-875,12,2.8,08:18:57,
2026-09-19T16:12:19.006Z,X1909261,7822,-15.54122,-47.59906,11438.2,-13.3,25.1,50.7,-42.2,4.5,234.9,RS41-SGP,403.502,16.6,-875,11,2.8,08:18:57,
2026-09-19T16:12:20.006Z,X1909261,7823,-15.54107,-47.59888,11424.1,-14.3,25.5,51.0,-42.1,4.4,235.4,RS41-SGP,403.502,15.7,-875,12,2.8,08:18:57,
2026-09-19T16:12:21.006Z,X1909261,7824,-15.54093,-47.59870,11410.2,-13.1,25.4,50.8,-42.0,4.4,235.9,RS41-SGP,403.502,15.3,-875,12,2.7,08:18:57,
2026-09-19T16:12:22.006Z,X1909261,7825,-15.54079,-47.59852,11396.7,-13.6,24.8,51.7,-41.9,4.4,236.4,RS41-SGP,403.502,15.1,-875,12,2.7,08:18:57,
2026-09-19T16:12:23.006Z,X1909261,7826,-15.54065,-47.59834,11382.8,-13.7,25.1,50.7,-41.7,4.3,236.8,RS41-SGP,403.502,15.1,-875,12,2.8,08:18:57,
2026-09-19T16:12:24.006Z,X1909261,7827,-15.54051,-47.59815,11369.5,-13.0,25.1,52.4,-41.7,4.3,237.3,RS41-SGP,403.502,14.7,-875,12,2.8,08:18:57,
2026-09-19T16:12:25.006Z,X1909261,7828,-15.54037,-47.59797,11356.0,-13.6,25.0,52.7,-41.6,4.3,237.8,RS41-SGP,403.502,14.7,-875,12,2.8,08:18:57,
2026-09-19T16:12:26.006Z,X1909261,7829,-15.54023,-47.59778,11342.4,-13.4,25.0,53.5,-41.5,4.3,238.2,RS41-SGP,403.502,15.7,-875,12,2.8,08:18:57,
2026-09-19T16:12:27.006Z,X1909261,7830,-15.54010,-47.59759,11328.9,-13.2,25.2,53.8,-41.4,4.3,238.7,RS41-SGP,403.502,16.1,-875,12,2.7,08:18:57,
2026-09-19T16:12:28.006Z,X1909261,7831,-15.53996,-47.59740,11315.4,-13.6,25.1,53.9,-41.3,4.3,239.1,RS41-SGP,403.502,16.5,-875,12,2.7,08:18:57,
2026-09-19T16:12:29.006Z,X1909261,7832,-15.53983,-47.59721,11302.6,-12.4,25.3,53.5,-41.3,4.4,239.6,RS41-SGP,403.502,17.3,-875,12,2.8,08:18:57,
2026-09-19T16:12:30.006Z,X1909261,7833,-15.53969,-47.59702,11289.9,-13.2,25.8,55.4,-41.3,4.6,239.9,RS41-SGP,403.502,17.3,-875,12,2.8,08:18:57,
2026-09-19T16:12:31.006Z,X1909261,7834,-15.53955,-47.59682,11276.9,-12.6,25.7,54.3,-41.2,4.7,240.4,RS41-SGP,403.502,16.6,-875,12,2.8,08:18:57,
2026-09-19T16:12:32.006Z,X1909261,7835,-15.53941,-47.59662,11263.9,-12.9,26.7,55.1,-41.1,4.8,241.0,RS41-SGP,403.502,16.1,-875,12,2.8,08:18:57,
2026-09-19T16:12:33.006Z,X1909261,7836,-15.53927,-47.59642,11250.9,-12.9,26.5,56.1,-41.1,5.0,241.4,RS41-SGP,403.502,16.2,-875,12,2.7,08:18:57,
2026-09-19T16:12:34.006Z,X1909261,7837,-15.53913,-47.59621,11238.2,-12.3,27.0,53.8,-40.9,5.1,241.9,RS41-SGP,403.502,16.2,-875,11,2.7,08:18:57,
2026-09-19T16:12:35.006Z,X1909261,7838,-15.53898,-47.59601,11225.7,-13.0,27.4,54.5,-40.9,5.3,242.3,RS41-SGP,403.502,16.8,-875,12,2.8,08:18:57,
2026-09-19T16:12:36.006Z,X1909261,7839,-15.53884,-47.59581,11212.3,-12.8,26.7,54.0,-40.9,5.4,242.8,RS41-SGP,403.502,16.8,-875,11,2.8,08:18:57,
2026-09-19T16:12:37.006Z,X1909261,7840,-15.53869,-47.59560,11199.3,-13.1,27.5,53.7,-40.8,5.4,243.2,RS41-SGP,403.502,16.6,-875,12,2.8,08:18:57,
2026-09-19T16:12:38.006Z,X1909261,7841,-15.53855,-47.59540,11185.7,-13.5,27.2,54.0,-40.7,5.5,243.8,RS41-SGP,403.502,16.6,-875,12,2.8,08:18:57,
2026-09-19T16:12:39.006Z,X1909261,7842,-15.53840,-47.59520,11172.2,-13.0,27.2,54.0,-40.6,5.5,244.2,RS41-SGP,403.502,16.2,-875,11,2.7,08:18:57,
2026-09-19T16:12:40.006Z,X1909261,7843,-15.53825,-47.59500,11158.5,-14.0,27.6,51.8,-40.5,5.6,244.6,RS41-SGP,403.502,16.2,-875,12,2.7,08:18:57,
2026-09-19T16:12:41.006Z,X1909261,7844,-15.53810,-47.59480,11145.2,-12.6,26.7,52.8,-40.4,5.7,245.2,RS41-SGP,403.502,15.2,-875,12,2.8,08:18:57,
2026-09-19T16:12:42.006Z,X1909261,7845,-15.53795,-47.59461,11132.5,-13.1,26.8,51.1,-40.3,5.7,245.7,RS41-SGP,403.502,14.3,-875,11,2.8,08:18:57,
2026-09-19T16:12:43.006Z,X1909261,7846,-15.53780,-47.59442,11119.5,-12.6,26.5,51.9,-40.1,5.8,246.0,RS41-SGP,403.502,13.5,-875,12,2.8,08:18:57,
2026-09-19T16:12:44.006Z,X1909261,7847,-15.53765,-47.59423,11106.8,-12.7,26.1,51.2,-40.0,5.9,246.5,RS41-SGP,403.502,13.4,-875,12,2.8,08:18:57,
2026-09-19T16:12:45.006Z,X1909261,7848,-15.53751,-47.59404,11093.4,-13.4,26.2,52.2,-39.9,5.9,247.0,RS41-SGP,403.502,13.4,-875,12,2.7,08:18:57,
2026-09-19T16:12:46.006Z,X1909261,7849,-15.53737,-47.59385,11080.7,-12.6,25.6,52.2,-39.8,6.0,247.4,RS41-SGP,403.502,11.5,-875,12,2.7,08:18:57,
2026-09-19T16:12:47.006Z,X1909261,7850,-15.53722,-47.59366,11067.6,-13.2,25.3,51.6,-39.7,6.0,247.9,RS41-SGP,403.502,12.0,-875,12,2.8,08:18:57,
2026-09-19T16:12:48.006Z,X1909261,7851,-15.53708,-47.59347,11054.5,-12.6,25.9,52.6,-39.6,6.0,248.4,RS41-SGP,403.502,12.5,-875,12,2.8,08:18:57,
2026-09-19T16:12:49.006Z,X1909261,7852,-15.53695,-47.59328,11041.5,-13.7,24.6,52.8,-39.4,6.0,248.9,RS41-SGP,403.502,12.9,-875,12,2.8,08:18:57,
2026-09-19T16:12:50.006Z,X1909261,7853,-15.53681,-47.59310,11028.1,-13.0,25.2,52.9,-39.3,6.0,249.4,RS41-SGP,403.502,12.9,-875,12,2.8,08:18:57,
2026-09-19T16:12:51.006Z,X1909261,7854,-15.53668,-47.59291,11014.8,-13.4,24.3,53.6,-39.2,6.0,249.8,RS41-SGP,403.502,13.0,-875,12,2.7,08:18:06,
2026-09-19T16:12:52.006Z,X1909261,7855,-15.53654,-47.59272,11001.7,-12.8,25.4,53.7,-39.1,6.0,250.2,RS41-SGP,403.502,13.5,-875,12,2.7,08:18:06,
2026-09-19T16:12:53.006Z,X1909261,7856,-15.53641,-47.59253,10988.6,-13.7,25.1,55.9,-38.9,5.9,250.8,RS41-SGP,403.502,14.4,-875,12,2.8,08:18:06,
2026-09-19T16:12:54.006Z,X1909261,7857,-15.53628,-47.59233,10975.4,-12.5,25.7,55.5,-38.8,5.8,251.3,RS41-SGP,403.502,15.6,-875,12,2.8,08:18:06,
2026-09-19T16:12:55.006Z,X1909261,7858,-15.53615,-47.59213,10963.0,-13.2,25.4,57.7,-38.7,5.7,251.7,RS41-SGP,403.502,16.0,-875,12,2.8,08:18:06,
2026-09-19T16:12:56.006Z,X1909261,7859,-15.53603,-47.59193,10950.5,-12.1,25.5,56.5,-38.6,5.6,252.1,RS41-SGP,403.502,16.4,-875,12,2.8,08:18:06,
2026-09-19T16:12:57.006Z,X1909261,7860,-15.53590,-47.59173,10938.2,-12.6,25.9,58.1,-38.5,5.5,252.7,RS41-SGP,403.502,16.5,-875,12,2.7,08:18:06,
2026-09-19T16:12:58.006Z,X1909261,7861,-15.53577,-47.59152,10925.6,-12.3,26.0,58.3,-38.4,5.5,253.1,RS41-SGP,403.502,16.5,-875,12,2.7,08:18:06,
2026-09-19T16:12:59.006Z,X1909261,7862,-15.53565,-47.59131,10912.6,-13.2,26.2,58.8,-38.3,5.4,253.7,RS41-SGP,403.502,16.9,-875,12,2.8,08:18:06,
2026-09-19T16:13:00.006Z,X1909261,7863,-15.53553,-47.59110,10899.1,-13.7,26.5,60.0,-38.3,5.4,254.1,RS41-SGP,403.502,17.3,-875,12,2.8,08:18:06,
2026-09-19T16:13:01.006Z,X1909261,7864,-15.53540,-47.59089,10886.0,-12.6,26.6,57.3,-38.2,5.4,254.5,RS41-SGP,403.502,17.7,-875,12,2.8,08:18:06,
2026-09-19T16:13:02.006Z,X1909261,7865,-15.53527,-47.59068,10873.1,-13.3,27.2,57.7,-38.2,5.4,255.1,RS41-SGP,403.502,17.7,-875,11,2.8,08:18:06,
2026-09-19T16:13:03.006Z,X1909261,7866,-15.53513,-47.59046,10860.2,-12.5,27.1,56.8,-38.1,5.4,255.6,RS41-SGP,403.502,17.1,-875,11,2.7,08:18:06,
2026-09-19T16:13:04.006Z,X1909261,7867,-15.53499,-47.59025,10847.0,-13.6,27.7,55.7,-38.0,5.4,256.1,RS41-SGP,403.502,16.8,-875,12,2.7,08:18:06,
2026-09-19T16:13:05.006Z,X1909261,7868,-15.53485,-47.59004,10834.0,-12.6,27.0,55.7,-37.9,5.5,256.6,RS41-SGP,403.502,15.2,-875,12,2.8,08:18:06,
2026-09-19T16:13:06.006Z,X1909261,7869,-15.53471,-47.58984,10821.2,-13.2,26.9,54.3,-37.8,5.5,257.0,RS41-SGP,403.502,14.8,-875,12,2.8,08:18:06,
2026-09-19T16:13:07.006Z,X1909261,7870,-15.53457,-47.58963,10808.3,-12.4,26.6,55.4,-37.7,5.5,257.5,RS41-SGP,403.502,14.6,-875,12,2.8,08:18:06,
2026-09-19T16:13:08.006Z,X1909261,7871,-15.53444,-47.58943,10795.5,-13.3,26.2,53.9,-37.6,5.5,257.9,RS41-SGP,403.502,13.2,-875,12,2.8,08:18:06,
2026-09-19T16:13:09.006Z,X1909261,7872,-15.53430,-47.58924,10782.2,-12.7,26.3,54.7,-37.5,5.5,258.5,RS41-SGP,403.502,13.6,-875,12,2.7,08:18:06,
2026-09-19T16:13:10.006Z,X1909261,7873,-15.53416,-47.58904,10769.4,-13.3,25.3,54.1,-37.4,5.5,259.0,RS41-SGP,403.502,13.6,-875,12,2.7,08:18:06,
2026-09-19T16:13:11.006Z,X1909261,7874,-15.53403,-47.58885,10756.4,-12.4,25.7,54.8,-37.3,5.5,259.4,RS41-SGP,403.502,14.3,-875,12,2.8,08:18:06,
2026-09-19T16:13:12.006Z,X1909261,7875,-15.53390,-47.58865,10743.5,-13.2,24.9,55.5,-37.2,5.6,259.9,RS41-SGP,403.502,15.1,-875,12,2.8,08:18:06,
2026-09-19T16:13:14.006Z,X1909261,7877,-15.53365,-47.58826,10717.0,-13.3,25.3,58.5,-37.0,5.7,260.9,RS41-SGP,403.502,15.2,-875,12,2.8,08:18:06,
2026-09-19T16:13:15.006Z,X1909261,7878,-15.53353,-47.58805,10704.2,-12.6,25.6,58.4,-36.9,5.7,261.5,RS41-SGP,403.502,17.1,-875,12,2.7,08:18:06,
2026-09-19T16:13:16.006Z,X1909261,7879,-15.53341,-47.58785,10691.8,-12.5,25.7,58.7,-36.8,5.8,261.9,RS41-SGP,403.502,17.1,-875,12,2.7,08:18:06,
2026-09-19T16:13:17.006Z,X1909261,7880,-15.53329,-47.58764,10679.0,-12.8,25.9,59.8,-36.7,5.7,262.4,RS41-SGP,403.502,16.3,-875,12,2.8,08:18:06,
2026-09-19T16:13:18.006Z,X1909261,7881,-15.53316,-47.58743,10666.2,-12.3,26.4,58.8,-36.6,5.8,262.8,RS41-SGP,403.502,16.4,-875,12,2.8,08:18:06,
2026-09-19T16:13:19.006Z,X1909261,7882,-15.53304,-47.58721,10653.6,-13.0,26.9,60.5,-36.5,5.8,263.3,RS41-SGP,403.502,17.2,-875,11,2.8,08:18:06,
2026-09-19T16:13:20.006Z,X1909261,7883,-15.53291,-47.58699,10640.8,-12.5,27.2,58.8,-36.4,5.8,263.8,RS41-SGP,403.502,17.3,-875,12,2.8,08:18:06,
2026-09-19T16:13:21.006Z,X1909261,7884,-15.53278,-47.58678,10628.1,-13.0,27.8,56.7,-36.3,5.9,264.3,RS41-SGP,403.502,17.7,-875,12,2.7,08:18:06,
2026-09-19T16:13:22.006Z,X1909261,7885,-15.53264,-47.58656,10615.4,-12.1,27.3,56.4,-36.3,6.0,264.8,RS41-SGP,403.502,17.7,-875,12,2.7,08:18:06,
2026-09-19T16:13:23.006Z,X1909261,7886,-15.53250,-47.58635,10602.5,-13.3,28.5,55.1,-36.2,6.1,265.3,RS41-SGP,403.502,17.1,-875,12,2.8,08:18:06,
2026-09-19T16:13:24.006Z,X1909261,7887,-15.53235,-47.58614,10589.4,-12.6,27.5,54.8,-36.1,6.2,265.8,RS41-SGP,403.502,16.7,-875,12,2.8,08:18:06,
2026-09-19T16:13:25.006Z,X1909261,7888,-15.53221,-47.58593,10576.8,-12.4,27.2,53.5,-36.1,6.3,266.2,RS41-SGP,403.502,15.9,-875,12,2.8,08:18:06,
2026-09-19T16:13:26.006Z,X1909261,7889,-15.53206,-47.58573,10564.1,-13.0,27.7,50.9,-35.9,6.3,266.8,RS41-SGP,403.502,15.6,-875,12,2.8,08:18:06,
2026-09-19T16:13:27.006Z,X1909261,7890,-15.53190,-47.58553,10550.9,-13.1,27.1,51.0,-35.8,6.3,267.3,RS41-SGP,403.502,14.7,-875,12,2.7,08:18:06,
2026-09-19T16:13:28.006Z,X1909261,7891,-15.53175,-47.58534,10538.0,-12.7,26.9,51.0,-35.8,6.3,267.7,RS41-SGP,403.502,14.6,-875,12,2.7,08:18:06,
2026-09-19T16:13:29.006Z,X1909261,7892,-15.53160,-47.58515,10525.0,-13.3,26.2,50.5,-35.7,6.0,268.2,RS41-SGP,403.502,13.8,-875,12,2.8,08:18:06,
2026-09-19T16:13:30.006Z,X1909261,7893,-15.53145,-47.58496,10512.1,-12.4,26.1,51.8,-35.6,5.9,268.8,RS41-SGP,403.502,14.7,-875,12,2.8,08:18:06,
2026-09-19T16:13:31.006Z,X1909261,7894,-15.53131,-47.58476,10499.2,-13.2,25.9,53.0,-35.5,5.8,269.2,RS41-SGP,403.502,16.3,-875,12,2.8,08:18:06,
2026-09-19T16:13:32.006Z,X1909261,7895,-15.53117,-47.58457,10486.6,-12.5,25.8,54.7,-35.4,5.8,269.8,RS41-SGP,403.502,16.7,-875,12,2.8,08:18:06,
2026-09-19T16:13:33.006Z,X1909261,7896,-15.53103,-47.58436,10474.3,-12.3,26.7,55.2,-35.3,5.6,270.2,RS41-SGP,403.502,16.9,-875,11,2.7,08:18:06,
2026-09-19T16:13:34.006Z,X1909261,7897,-15.53090,-47.58416,10461.7,-12.7,26.8,55.9,-35.2,5.6,270.7,RS41-SGP,403.502,17.0,-875,11,2.7,08:18:06,
2026-09-19T16:13:35.006Z,X1909261,7898,-15.53076,-47.58395,10449.8,-11.6,27.8,54.9,-35.1,5.5,271.1,RS41-SGP,403.502,17.5,-875,11,2.8,08:18:06,
2026-09-19T16:13:36.006Z,X1909261,7899,-15.53061,-47.58373,10437.6,-12.2,27.9,55.8,-35.1,5.4,271.6,RS41-SGP,403.502,17.5,-875,11,2.8,08:18:06,
2026-09-19T16:13:37.006Z,X1909261,7900,-15.53047,-47.58352,10425.4,-12.0,28.0,54.1,-35.0,5.3,272.1,RS41-SGP,403.502,18.1,-875,11,2.8,08:18:06,
2026-09-19T16:13:38.006Z,X1909261,7901,-15.53032,-47.58331,10413.1,-12.1,27.9,53.1,-34.9,5.3,272.6,RS41-SGP,403.502,18.1,-875,11,2.8,08:18:06,
2026-09-19T16:13:39.006Z,X1909261,7902,-15.53016,-47.58310,10400.5,-12.9,28.6,52.9,-34.8,5.3,273.2,RS41-SGP,403.502,18.1,-875,12,2.7,08:18:06,
2026-09-19T16:13:40.006Z,X1909261,7903,-15.53001,-47.58289,10387.7,-12.4,28.6,53.0,-34.7,5.4,273.6,RS41-SGP,403.502,18.1,-875,10,2.7,08:18:06,
2026-09-19T16:13:41.006Z,X1909261,7904,-15.52985,-47.58268,10374.7,-13.0,28.5,51.3,-34.6,5.5,274.1,RS41-SGP,403.502,17.6,-875,12,2.8,08:18:06,
2026-09-19T16:13:42.006Z,X1909261,7905,-15.52968,-47.58248,10361.5,-13.3,29.1,50.4,-34.6,5.6,274.6,RS41-SGP,403.502,17.4,-875,11,2.8,08:17:15,
2026-09-19T16:13:43.006Z,X1909261,7906,-15.52952,-47.58227,10348.8,-11.9,29.7,51.9,-34.4,5.7,275.0,RS41-SGP,403.502,17.3,-875,12,2.8,08:17:15,
2026-09-19T16:13:44.006Z,X1909261,7907,-15.52935,-47.58205,10336.3,-12.8,28.7,51.4,-34.4,5.7,275.7,RS41-SGP,403.502,17.2,-875,12,2.8,08:17:15,
2026-09-19T16:13:45.006Z,X1909261,7908,-15.52920,-47.58185,10323.1,-13.5,27.3,50.7,-34.2,5.6,276.2,RS41-SGP,403.502,17.2,-875,11,2.7,08:17:15,
2026-09-19T16:13:46.006Z,X1909261,7909,-15.52904,-47.58166,10310.1,-12.4,26.4,51.0,-34.1,5.6,276.6,RS41-SGP,403.502,17.4,-875,11,2.7,08:17:15,
2026-09-19T16:13:47.006Z,X1909261,7910,-15.52890,-47.58146,10297.4,-12.8,26.4,53.0,-34.0,5.6,277.2,RS41-SGP,403.502,18.3,-875,12,2.8,08:17:15,
2026-09-19T16:13:48.006Z,X1909261,7911,-15.52875,-47.58126,10284.1,-13.3,27.3,54.1,-33.9,5.6,277.7,RS41-SGP,403.502,19.6,-875,12,2.8,08:17:15,
2026-09-19T16:13:49.006Z,X1909261,7912,-15.52860,-47.58105,10271.0,-12.7,28.4,52.2,-33.9,5.9,278.2,RS41-SGP,403.502,19.6,-875,11,2.8,08:17:15,
2026-09-19T16:13:50.006Z,X1909261,7913,-15.52844,-47.58085,10258.7,-11.9,28.5,50.6,-33.9,6.3,278.6,RS41-SGP,403.502,19.0,-875,12,2.8,08:17:15,
2026-09-19T16:13:51.006Z,X1909261,7914,-15.52827,-47.58065,10246.3,-12.6,28.0,48.2,-33.8,6.7,279.2,RS41-SGP,403.502,17.8,-875,12,2.7,08:17:15,
2026-09-19T16:13:52.006Z,X1909261,7915,-15.52811,-47.58045,10233.4,-13.0,27.0,51.0,-33.7,7.0,279.7,RS41-SGP,403.502,19.7,-875,12,2.7,08:17:15,
2026-09-19T16:13:53.006Z,X1909261,7916,-15.52796,-47.58025,10220.7,-12.4,28.3,51.4,-33.7,7.3,280.2,RS41-SGP,403.502,19.9,-875,12,2.8,08:17:15,
2026-09-19T16:13:54.006Z,X1909261,7917,-15.52779,-47.58005,10208.3,-12.3,27.8,48.9,-33.6,7.7,280.7,RS41-SGP,403.502,19.9,-875,12,2.8,08:17:15,
2026-09-19T16:13:55.006Z,X1909261,7918,-15.52763,-47.57986,10195.8,-12.5,27.4,49.0,-33.5,8.1,281.2,RS41-SGP,403.502,19.4,-875,12,2.8,08:17:15,
2026-09-19T16:13:56.006Z,X1909261,7919,-15.52747,-47.57967,10183.1,-12.7,26.5,48.9,-33.5,8.4,281.7,RS41-SGP,403.502,19.3,-875,12,2.8,08:17:15,
2026-09-19T16:13:57.006Z,X1909261,7920,-15.52732,-47.57948,10170.4,-12.6,26.4,50.7,-33.4,8.7,282.2,RS41-SGP,403.502,20.3,-875,12,2.7,08:17:15,
2026-09-19T16:13:58.006Z,X1909261,7921,-15.52716,-47.57929,10157.9,-12.3,27.6,48.0,-33.3,9.1,282.8,RS41-SGP,403.502,20.3,-875,12,2.7,08:17:15,
2026-09-19T16:13:59.006Z,X1909261,7922,-15.52699,-47.57910,10145.7,-12.0,26.2,46.9,-33.3,9.5,283.2,RS41-SGP,403.502,19.7,-875,12,2.8,08:17:15,
2026-09-19T16:14:00.006Z,X1909261,7923,-15.52684,-47.57893,10133.3,-12.5,25.3,48.8,-33.2,9.9,283.7,RS41-SGP,403.502,20.0,-875,12,2.8,08:17:15,
2026-09-19T16:14:01.006Z,X1909261,7924,-15.52669,-47.57875,10120.7,-12.6,25.2,51.2,-33.2,10.3,284.2,RS41-SGP,403.502,20.3,-875,12,2.8,08:17:15,
2026-09-19T16:14:02.006Z,X1909261,7925,-15.52654,-47.57856,10108.2,-12.3,26.0,49.3,-33.2,10.8,284.8,RS41-SGP,403.502,20.3,-875,12,2.8,08:17:15,
2026-09-19T16:14:03.006Z,X1909261,7926,-15.52639,-47.57839,10095.6,-12.7,24.7,47.3,-33.0,11.1,285.2,RS41-SGP,403.502,19.0,-875,12,2.7,08:17:15,
2026-09-19T16:14:04.006Z,X1909261,7927,-15.52625,-47.57821,10083.0,-12.6,23.9,50.8,-32.9,11.4,285.7,RS41-SGP,403.502,20.1,-875,12,2.7,08:17:15,
2026-09-19T16:14:05.006Z,X1909261,7928,-15.52611,-47.57804,10070.3,-12.6,24.7,51.1,-32.9,11.7,286.2,RS41-SGP,403.502,20.1,-875,12,2.8,08:17:15,
2026-09-19T16:14:06.006Z,X1909261,7929,-15.52597,-47.57787,10057.9,-12.3,23.8,47.7,-32.8,12.0,286.7,RS41-SGP,403.502,19.7,-875,12,2.8,08:17:15,
2026-09-19T16:14:07.006Z,X1909261,7930,-15.52583,-47.57771,10045.7,-12.0,22.6,48.5,-32.7,12.2,287.2,RS41-SGP,403.502,19.1,-875,12,2.8,08:17:15,
2026-09-19T16:14:08.006Z,X1909261,7931,-15.52569,-47.57755,10033.6,-12.2,23.2,48.2,-32.5,12.3,287.7,RS41-SGP,403.502,20.3,-875,12,2.8,08:17:15,
2026-09-19T16:14:09.006Z,X1909261,7932,-15.52555,-47.57739,10021.4,-12.3,23.5,48.2,-32.5,12.6,288.2,RS41-SGP,403.502,20.3,-875,12,2.7,08:17:15,
2026-09-19T16:14:10.006Z,X1909261,7933,-15.52541,-47.57723,10009.2,-12.2,23.2,46.4,-32.4,12.8,288.7,RS41-SGP,403.502,18.6,-875,12,2.7,08:17:15,
2026-09-19T16:14:11.006Z,X1909261,7934,-15.52527,-47.57707,9997.0,-12.1,22.4,48.4,-32.3,13.1,289.2,RS41-SGP,403.502,20.0,-875,12,2.8,08:17:15,
2026-09-19T16:14:12.006Z,X1909261,7935,-15.52513,-47.57691,9984.6,-12.7,23.3,49.1,-32.2,13.4,289.7,RS41-SGP,403.502,20.0,-875,12,2.8,08:17:15,
2026-09-19T16:14:13.006Z,X1909261,7936,-15.52499,-47.57675,9972.1,-12.3,22.6,46.4,-32.1,13.6,290.3,RS41-SGP,403.502,19.5,-875,12,2.8,08:17:15,
2026-09-19T16:14:14.006Z,X1909261,7937,-15.52486,-47.57660,9959.6,-12.7,21.2,48.4,-32.0,13.6,290.7,RS41-SGP,403.502,19.3,-875,12,2.8,08:17:15,
2026-09-19T16:14:15.006Z,X1909261,7938,-15.52473,-47.57645,9947.1,-12.3,22.4,49.0,-31.9,13.7,291.2,RS41-SGP,403.502,19.9,-875,12,2.7,08:17:15,
2026-09-19T16:14:16.006Z,X1909261,7939,-15.52460,-47.57629,9935.0,-12.1,22.2,48.3,-31.8,13.7,291.8,RS41-SGP,403.502,19.9,-875,12,2.7,08:17:15,
2026-09-19T16:14:17.006Z,X1909261,7940,-15.52446,-47.57614,9922.6,-12.6,21.5,47.6,-31.7,13.8,292.3,RS41-SGP,403.502,19.8,-875,12,2.8,08:17:15,
2026-09-19T16:14:18.006Z,X1909261,7941,-15.52433,-47.57599,9910.4,-12.1,22.0,49.9,-31.6,13.8,292.9,RS41-SGP,403.502,20.7,-875,12,2.8,08:17:15,
2026-09-19T16:14:19.006Z,X1909261,7942,-15.52420,-47.57583,9898.1,-12.5,22.7,48.0,-31.5,13.9,293.3,RS41-SGP,403.502,20.7,-875,12,2.8,08:17:15,
2026-09-19T16:14:20.006Z,X1909261,7943,-15.52407,-47.57568,9885.6,-12.5,21.4,46.1,-31.4,14.1,293.9,RS41-SGP,403.502,19.5,-875,12,2.8,08:17:15,
2026-09-19T16:14:21.006Z,X1909261,7944,-15.52394,-47.57554,9873.0,-12.7,20.8,49.4,-31.2,14.2,294.3,RS41-SGP,403.502,20.1,-875,12,2.7,08:17:15,
2026-09-19T16:14:22.006Z,X1909261,7945,-15.52381,-47.57539,9860.4,-12.4,21.6,49.0,-31.2,14.3,294.9,RS41-SGP,403.502,20.2,-875,12,2.7,08:17:15,
2026-09-19T16:14:23.006Z,X1909261,7946,-15.52368,-47.57524,9848.1,-12.3,21.1,47.9,-31.1,14.4,295.3,RS41-SGP,403.502,20.2,-875,12,2.8,08:17:15,
2026-09-19T16:14:24.006Z,X1909261,7947,-15.52356,-47.57509,9835.8,-12.2,20.4,48.9,-31.0,14.5,295.9,RS41-SGP,403.502,19.3,-875,12,2.8,08:17:15,
2026-09-19T16:14:25.006Z,X1909261,7948,-15.52344,-47.57495,9823.6,-12.2,21.2,50.1,-30.9,14.5,296.4,RS41-SGP,403.502,19.9,-875,12,2.8,08:17:15,
2026-09-19T16:14:26.006Z,X1909261,7949,-15.52331,-47.57480,9810.8,-13.3,21.3,46.0,-30.8,14.6,296.9,RS41-SGP,403.502,20.1,-875,12,2.8,08:17:15,
2026-09-19T16:14:27.006Z,X1909261,7950,-15.52318,-47.57466,9797.9,-12.5,19.5,46.3,-30.7,14.5,297.5,RS41-SGP,403.502,20.1,-875,12,2.7,08:17:15,
2026-09-19T16:14:28.006Z,X1909261,7951,-15.52307,-47.57453,9785.4,-12.6,18.3,49.1,-30.6,14.7,298.1,RS41-SGP,403.502,19.4,-875,12,2.7,08:17:15,
2026-09-19T16:14:29.006Z,X1909261,7952,-15.52295,-47.57440,9772.9,-12.3,19.2,47.4,-30.5,14.9,298.4,RS41-SGP,403.502,19.4,-875,12,2.8,08:17:15,
2026-09-19T16:14:30.006Z,X1909261,7953,-15.52283,-47.57427,9761.0,-11.6,19.7,46.4,-30.4,15.2,299.0,RS41-SGP,403.502,19.3,-875,12,2.8,08:17:15,
2026-09-19T16:14:31.006Z,X1909261,7954,-15.52271,-47.57414,9749.2,-12.0,19.9,47.8,-30.3,15.4,299.5,RS41-SGP,403.502,19.4,-875,12,2.8,08:17:15,
2026-09-19T16:14:32.006Z,X1909261,7955,-15.52259,-47.57400,9737.2,-12.3,20.4,48.1,-30.3,15.6,300.0,RS41-SGP,403.502,19.4,-875,12,2.7,08:17:15,
2026-09-19T16:14:33.006Z,X1909261,7956,-15.52246,-47.57386,9725.0,-12.1,20.3,42.9,-30.2,15.5,300.5,RS41-SGP,403.502,19.3,-875,12,2.7,08:16:24,
2026-09-19T16:14:34.006Z,X1909261,7957,-15.52233,-47.57374,9713.1,-11.9,18.7,43.8,-30.1,15.7,301.0,RS41-SGP,403.502,19.3,-875,12,2.8,08:16:24,
2026-09-19T16:14:35.006Z,X1909261,7958,-15.52221,-47.57361,9701.0,-12.2,19.7,46.7,-30.0,15.7,301.5,RS41-SGP,403.502,19.3,-875,12,2.8,08:16:24,
2026-09-19T16:14:36.006Z,X1909261,7959,-15.52209,-47.57348,9689.0,-11.7,19.3,45.2,-29.9,15.8,302.1,RS41-SGP,403.502,19.6,-875,12,2.8,08:16:24,
2026-09-19T16:14:37.006Z,X1909261,7960,-15.52197,-47.57336,9676.9,-12.7,18.3,46.4,-29.8,15.9,302.6,RS41-SGP,403.502,19.6,-875,12,2.8,08:16:24,
2026-09-19T16:14:38.006Z,X1909261,7961,-15.52186,-47.57323,9664.6,-11.9,17.6,49.2,-29.7,15.8,303.1,RS41-SGP,403.502,19.4,-875,12,2.7,08:16:24,
2026-09-19T16:14:39.006Z,X1909261,7962,-15.52176,-47.57311,9652.1,-12.9,16.7,51.6,-29.6,15.9,303.6,RS41-SGP,403.502,19.4,-875,12,2.7,08:16:24,
2026-09-19T16:14:40.006Z,X1909261,7963,-15.52167,-47.57299,9639.6,-12.0,17.5,51.1,-29.4,15.8,304.1,RS41-SGP,403.502,17.7,-875,12,2.8,08:16:24,
2026-09-19T16:14:41.006Z,X1909261,7964,-15.52157,-47.57284,9627.9,-12.2,19.6,58.9,-29.3,15.7,304.7,RS41-SGP,403.502,17.0,-875,12,2.8,08:16:24,
2026-09-19T16:14:42.006Z,X1909261,7965,-15.52146,-47.57269,9615.5,-12.4,21.0,46.9,-29.3,15.6,305.2,RS41-SGP,403.502,19.5,-875,12,2.8,08:16:24,
2026-09-19T16:14:43.006Z,X1909261,7966,-15.52132,-47.57256,9602.7,-13.0,20.5,40.1,-29.2,15.4,305.6,RS41-SGP,403.502,19.6,-875,12,2.8,08:16:24,
2026-09-19T16:14:44.006Z,X1909261,7967,-15.52119,-47.57245,9590.0,-12.6,18.4,39.4,-29.1,15.4,306.4,RS41-SGP,403.502,19.6,-875,12,2.7,08:16:24,
2026-09-19T16:14:45.006Z,X1909261,7968,-15.52107,-47.57233,9577.4,-12.5,17.6,43.5,-29.0,15.5,306.7,RS41-SGP,403.502,19.6,-875,12,2.7,08:16:24,
2026-09-19T16:14:46.006Z,X1909261,7969,-15.52096,-47.57222,9564.9,-12.4,16.1,49.4,-28.8,15.4,307.5,RS41-SGP,403.502,18.2,-875,12,2.8,08:16:24,
2026-09-19T16:14:47.006Z,X1909261,7970,-15.52087,-47.57209,9552.6,-12.1,18.4,58.7,-28.7,15.2,308.0,RS41-SGP,403.502,18.0,-875,12,2.8,08:16:24,
2026-09-19T16:14:48.006Z,X1909261,7971,-15.52077,-47.57195,9540.2,-12.7,19.7,49.8,-28.6,15.0,308.2,RS41-SGP,403.502,18.8,-875,12,2.8,08:16:24,
2026-09-19T16:14:49.006Z,X1909261,7972,-15.52065,-47.57182,9527.8,-12.2,19.4,43.8,-28.5,14.9,308.9,RS41-SGP,403.502,19.9,-875,12,2.8,08:16:24,
2026-09-19T16:14:50.006Z,X1909261,7973,-15.52052,-47.57170,9515.5,-12.4,19.9,38.8,-28.4,14.7,309.5,RS41-SGP,403.502,19.9,-875,12,2.7,08:16:24,
2026-09-19T16:14:51.006Z,X1909261,7974,-15.52038,-47.57159,9503.3,-12.0,18.1,36.4,-28.3,14.8,310.1,RS41-SGP,403.502,19.8,-875,12,2.7,08:16:24,
2026-09-19T16:14:52.006Z,X1909261,7975,-15.52026,-47.57149,9491.2,-12.3,16.0,45.0,-28.2,14.9,310.6,RS41-SGP,403.502,19.8,-875,12,2.8,08:16:24,
2026-09-19T16:14:53.006Z,X1909261,7976,-15.52017,-47.57139,9479.0,-12.0,14.7,43.4,-28.2,15.0,311.0,RS41-SGP,403.502,18.5,-875,12,2.8,08:16:24,
2026-09-19T16:14:54.006Z,X1909261,7977,-15.52007,-47.57128,9466.8,-12.3,16.4,46.4,-28.1,15.2,311.6,RS41-SGP,403.502,19.8,-875,12,2.8,08:16:24,
2026-09-19T16:14:55.006Z,X1909261,7978,-15.51996,-47.57117,9454.6,-12.0,17.6,45.5,-28.1,15.1,312.2,RS41-SGP,403.502,19.8,-875,12,2.8,08:16:24,
2026-09-19T16:14:56.006Z,X1909261,7979,-15.51984,-47.57107,9442.3,-12.4,17.2,34.4,-28.0,15.1,312.7,RS41-SGP,403.502,19.7,-875,12,2.7,08:16:24,
2026-09-19T16:14:57.006Z,X1909261,7980,-15.51972,-47.57098,9430.0,-12.5,15.3,35.5,-28.0,15.2,313.2,RS41-SGP,403.502,19.6,-875,12,2.7,08:16:24,
2026-09-19T16:14:58.006Z,X1909261,7981,-15.51961,-47.57090,9417.5,-12.4,13.3,34.0,-27.8,15.3,313.8,RS41-SGP,403.502,19.5,-875,12,2.8,08:16:24,
2026-09-19T16:14:59.006Z,X1909261,7982,-15.51953,-47.57083,9405.2,-12.3,11.4,45.6,-27.7,15.3,314.3,RS41-SGP,403.502,19.5,-875,12,2.8,08:16:24,
2026-09-19T16:15:00.006Z,X1909261,7983,-15.51946,-47.57075,9392.7,-12.6,13.0,52.8,-27.6,15.5,314.8,RS41-SGP,403.502,19.5,-875,12,2.8,08:16:24,
2026-09-19T16:15:01.006Z,X1909261,7984,-15.51938,-47.57064,9380.2,-12.5,15.1,58.3,-27.5,15.6,315.5,RS41-SGP,403.502,19.2,-875,12,2.8,08:16:24,
2026-09-19T16:15:02.006Z,X1909261,7985,-15.51931,-47.57052,9367.8,-12.2,16.2,53.2,-27.4,15.5,316.0,RS41-SGP,403.502,20.2,-875,12,2.7,08:16:24,
2026-09-19T16:15:03.006Z,X1909261,7986,-15.51921,-47.57040,9355.7,-12.3,15.8,48.0,-27.4,15.5,316.5,RS41-SGP,403.502,20.2,-875,12,2.7,08:16:24,
2026-09-19T16:15:04.006Z,X1909261,7987,-15.51912,-47.57030,9343.1,-12.9,14.4,41.0,-27.2,15.5,316.9,RS41-SGP,403.502,19.7,-875,12,2.8,08:16:24,
2026-09-19T16:15:05.006Z,X1909261,7988,-15.51902,-47.57022,9330.5,-12.3,13.1,36.8,-27.1,15.5,317.5,RS41-SGP,403.502,19.7,-875,12,2.8,08:16:24,
2026-09-19T16:15:06.006Z,X1909261,7989,-15.51892,-47.57015,9318.3,-12.1,13.7,32.0,-27.0,15.3,317.9,RS41-SGP,403.502,19.0,-875,12,2.8,08:16:24,
2026-09-19T16:15:07.006Z,X1909261,7990,-15.51882,-47.57008,9306.2,-12.0,14.6,37.9,-26.9,15.3,318.7,RS41-SGP,403.502,20.8,-875,12,2.8,08:16:24,
2026-09-19T16:15:08.006Z,X1909261,7991,-15.51871,-47.56999,9294.1,-12.3,15.7,40.4,-26.9,15.3,319.1,RS41-SGP,403.502,20.8,-875,12,2.7,08:16:24,
2026-09-19T16:15:09.006Z,X1909261,7992,-15.51861,-47.56990,9281.9,-12.0,14.2,39.6,-26.8,15.2,319.7,RS41-SGP,403.502,20.8,-875,12,2.7,08:16:24,
2026-09-19T16:15:10.006Z,X1909261,7993,-15.51851,-47.56982,9269.7,-12.5,12.9,32.9,-26.7,15.2,320.4,RS41-SGP,403.502,20.8,-875,12,2.8,08:16:24,
2026-09-19T16:15:11.006Z,X1909261,7994,-15.51842,-47.56976,9256.7,-13.5,10.8,34.9,-26.6,15.2,321.0,RS41-SGP,403.502,18.9,-875,12,2.8,08:16:24,
2026-09-19T16:15:12.006Z,X1909261,7995,-15.51834,-47.56970,9243.8,-12.2,11.4,43.4,-26.5,15.0,321.3,RS41-SGP,403.502,18.9,-875,12,2.8,08:16:24,
2026-09-19T16:15:13.006Z,X1909261,7996,-15.51827,-47.56961,9231.2,-12.9,13.0,54.6,-26.3,14.9,321.9,RS41-SGP,403.502,20.8,-875,12,2.8,08:16:24,
2026-09-19T16:15:14.006Z,X1909261,7997,-15.51820,-47.56951,9218.6,-12.3,14.3,52.3,-26.3,14.8,322.6,RS41-SGP,403.502,20.9,-875,12,2.7,08:16:24,
2026-09-19T16:15:15.006Z,X1909261,7998,-15.51811,-47.56941,9206.4,-12.2,15.0,37.7,-26.2,14.7,323.0,RS41-SGP,403.502,20.9,-875,12,2.7,08:16:24,
2026-09-19T16:15:16.006Z,X1909261,7999,-15.51800,-47.56933,9193.9,-12.8,13.5,37.5,-26.1,14.6,323.5,RS41-SGP,403.502,21.3,-875,12,2.8,08:16:24,
2026-09-19T16:15:17.006Z,X1909261,8000,-15.51792,-47.56926,9181.3,-12.5,12.0,42.8,-26.0,14.7,324.1,RS41-SGP,403.502,21.3,-875,12,2.8,08:16:24,
2026-09-19T16:15:18.006Z,X1909261,8001,-15.51785,-47.56918,9168.7,-12.8,11.0,53.0,-25.9,14.8,324.8,RS41-SGP,403.502,20.2,-875,12,2.8,08:16:24,
2026-09-19T16:15:19.006Z,X1909261,8002,-15.51778,-47.56909,9156.3,-12.0,12.9,49.1,-25.8,14.8,325.1,RS41-SGP,403.502,19.8,-875,12,2.7,08:16:24,
2026-09-19T16:15:20.006Z,X1909261,8003,-15.51770,-47.56900,9144.4,-12.0,13.9,50.0,-25.8,15.0,325.8,RS41-SGP,403.502,20.0,-875,12,2.7,08:16:24,
2026-09-19T16:15:21.006Z,X1909261,8004,-15.51762,-47.56890,9132.5,-11.8,14.2,45.5,-25.7,15.2,326.2,RS41-SGP,403.502,20.9,-875,12,2.8,08:16:24,
2026-09-19T16:15:22.006Z,X1909261,8005,-15.51752,-47.56881,9120.7,-12.0,14.1,42.2,-25.7,15.2,326.9,RS41-SGP,403.502,20.9,-875,12,2.8,08:16:24,
2026-09-19T16:15:23.006Z,X1909261,8006,-15.51743,-47.56873,9108.9,-11.7,12.4,35.8,-25.6,15.3,327.3,RS41-SGP,403.502,21.1,-875,12,2.8,08:16:24,
2026-09-19T16:15:24.006Z,X1909261,8007,-15.51734,-47.56868,9096.9,-12.4,11.8,26.2,-25.4,15.3,328.0,RS41-SGP,403.502,21.1,-875,12,2.8,08:15:33,
2026-09-19T16:15:25.006Z,X1909261,8008,-15.51725,-47.56864,9084.6,-12.3,9.1,21.8,-25.3,15.5,328.4,RS41-SGP,403.502,20.3,-875,12,2.7,08:15:33,
2026-09-19T16:15:26.006Z,X1909261,8009,-15.51718,-47.56860,9072.3,-12.4,8.8,36.4,-25.2,15.6,328.9,RS41-SGP,403.502,20.3,-875,12,2.7,08:15:33,
2026-09-19T16:15:27.006Z,X1909261,8010,-15.51713,-47.56854,9059.8,-12.6,9.3,51.7,-25.1,15.6,329.6,RS41-SGP,403.502,20.1,-875,12,2.8,08:15:33,
2026-09-19T16:15:28.006Z,X1909261,8011,-15.51707,-47.56847,9047.5,-12.2,10.3,50.6,-25.0,15.9,330.1,RS41-SGP,403.502,21.2,-875,12,2.8,08:15:33,
2026-09-19T16:15:29.006Z,X1909261,8012,-15.51700,-47.56839,9035.3,-12.1,11.8,43.3,-24.9,16.0,330.8,RS41-SGP,403.502,21.2,-875,12,2.8,08:15:33,
2026-09-19T16:15:30.006Z,X1909261,8013,-15.51693,-47.56833,9022.9,-12.9,10.1,33.8,-24.9,16.2,331.2,RS41-SGP,403.502,21.1,-875,12,2.8,08:15:33,
2026-09-19T16:15:31.006Z,X1909261,8014,-15.51685,-47.56828,9010.4,-12.0,8.9,29.7,-24.8,16.3,331.8,RS41-SGP,403.502,20.4,-875,12,2.7,08:15:33,
2026-09-19T16:15:32.006Z,X1909261,8015,-15.51679,-47.56824,8998.3,-12.4,7.2,42.6,-24.6,16.5,332.3,RS41-SGP,403.502,19.6,-875,12,2.7,08:15:33,
2026-09-19T16:15:33.006Z,X1909261,8016,-15.51675,-47.56818,8986.2,-11.9,9.1,52.4,-24.5,16.8,332.8,RS41-SGP,403.502,19.6,-875,12,2.8,08:15:33,
2026-09-19T16:15:34.006Z,X1909261,8017,-15.51669,-47.56810,8974.3,-12.1,11.6,57.1,-24.5,17.0,333.4,RS41-SGP,403.502,20.7,-875,12,2.8,08:15:33,
2026-09-19T16:15:35.006Z,X1909261,8018,-15.51663,-47.56801,8962.4,-11.8,13.3,50.4,-24.4,16.7,333.9,RS41-SGP,403.502,20.7,-875,12,2.8,08:15:33,
2026-09-19T16:15:36.006Z,X1909261,8019,-15.51655,-47.56792,8950.3,-12.6,11.8,42.9,-24.3,16.6,334.4,RS41-SGP,403.502,20.5,-875,12,2.8,08:15:33,
2026-09-19T16:15:37.006Z,X1909261,8020,-15.51647,-47.56785,8938.0,-12.0,11.8,41.8,-24.2,16.4,334.9,RS41-SGP,403.502,19.9,-875,12,2.7,08:15:33,
2026-09-19T16:15:38.006Z,X1909261,8021,-15.51640,-47.56776,8926.0,-12.1,12.3,56.3,-24.1,16.6,335.7,RS41-SGP,403.502,19.9,-875,12,2.7,08:15:33,
2026-09-19T16:15:39.006Z,X1909261,8022,-15.51634,-47.56766,8913.8,-12.4,13.7,62.5,-24.1,16.7,336.2,RS41-SGP,403.502,19.9,-875,12,2.8,08:15:33,
2026-09-19T16:15:40.006Z,X1909261,8023,-15.51628,-47.56755,8902.1,-11.2,13.8,56.6,-24.0,16.6,336.6,RS41-SGP,403.502,21.0,-875,12,2.8,08:15:33,
2026-09-19T16:15:41.006Z,X1909261,8024,-15.51620,-47.56745,8890.5,-12.0,13.1,44.3,-23.9,16.1,337.2,RS41-SGP,403.502,21.2,-875,12,2.8,08:15:33,
2026-09-19T16:15:42.006Z,X1909261,8025,-15.51612,-47.56737,8878.9,-11.5,12.6,38.4,-23.9,15.7,337.8,RS41-SGP,403.502,21.2,-875,12,2.8,08:15:33,
2026-09-19T16:15:43.006Z,X1909261,8026,-15.51604,-47.56731,8867.4,-11.5,9.2,40.2,-23.8,13.9,338.4,RS41-SGP,403.502,21.3,-875,12,2.7,08:15:33,
2026-09-19T16:15:44.006Z,X1909261,8027,-15.51599,-47.56725,8855.6,-12.3,8.9,57.1,-23.7,11.6,338.7,RS41-SGP,403.502,21.3,-875,12,2.7,08:15:33,
2026-09-19T16:15:45.006Z,X1909261,8028,-15.51595,-47.56717,8843.2,-12.4,9.4,63.9,-23.6,8.9,339.3,RS41-SGP,403.502,21.3,-875,12,2.8,08:15:33,
2026-09-19T16:15:46.006Z,X1909261,8029,-15.51590,-47.56709,8831.2,-11.6,11.0,56.3,-23.6,7.0,340.0,RS41-SGP,403.502,21.3,-875,12,2.8,08:15:33,
2026-09-19T16:15:47.006Z,X1909261,8030,-15.51585,-47.56701,8819.6,-11.8,9.7,45.3,-23.6,5.9,340.5,RS41-SGP,403.502,21.8,-875,12,2.8,08:15:33,
2026-09-19T16:15:48.006Z,X1909261,8031,-15.51578,-47.56695,8807.6,-12.3,10.1,41.7,-23.5,5.1,341.1,RS41-SGP,403.502,21.8,-875,12,2.8,08:15:33,
2026-09-19T16:15:49.006Z,X1909261,8032,-15.51572,-47.56689,8795.5,-11.9,9.7,46.7,-23.6,4.7,341.6,RS41-SGP,403.502,21.4,-875,11,2.7,08:15:33,
2026-09-19T16:15:50.006Z,X1909261,8033,-15.51567,-47.56682,8783.8,-11.6,8.3,56.9,-23.6,4.4,342.2,RS41-SGP,403.502,21.3,-875,12,2.7,08:15:33,
2026-09-19T16:15:51.006Z,X1909261,8034,-15.51563,-47.56675,8772.0,-12.2,9.4,69.7,-23.6,4.5,342.4,RS41-SGP,403.502,20.7,-875,12,2.8,08:15:33,
2026-09-19T16:15:52.006Z,X1909261,8035,-15.51560,-47.56666,8759.9,-12.2,9.7,73.0,-23.6,5.9,343.4,RS41-SGP,403.502,21.1,-875,12,2.8,08:15:33,
2026-09-19T16:15:53.006Z,X1909261,8036,-15.51558,-47.56656,8747.7,-12.3,12.4,75.6,-23.8,9.4,343.6,RS41-SGP,403.502,21.9,-875,12,2.8,08:15:33,
2026-09-19T16:15:54.006Z,X1909261,8037,-15.51555,-47.56644,8735.8,-11.6,13.8,74.7,-23.8,12.9,344.4,RS41-SGP,403.502,22.0,-875,12,2.8,08:15:33,
2026-09-19T16:15:55.006Z,X1909261,8038,-15.51551,-47.56633,8724.4,-11.5,12.5,64.2,-23.8,15.8,344.9,RS41-SGP,403.502,22.5,-875,12,2.7,08:15:33,
2026-09-19T16:15:56.006Z,X1909261,8039,-15.51546,-47.56623,8712.7,-11.9,11.7,60.5,-23.9,18.4,345.7,RS41-SGP,403.502,22.5,-875,12,2.7,08:15:33,
2026-09-19T16:15:57.006Z,X1909261,8040,-15.51541,-47.56615,8700.8,-12.0,9.1,60.4,-23.9,19.9,346.1,RS41-SGP,403.502,20.1,-875,12,2.8,08:15:33,
2026-09-19T16:15:58.006Z,X1909261,8041,-15.51537,-47.56607,8689.2,-11.3,9.2,64.9,-23.8,21.1,346.7,RS41-SGP,403.502,21.8,-875,12,2.8,08:15:33,
2026-09-19T16:15:59.006Z,X1909261,8042,-15.51534,-47.56598,8677.5,-12.2,10.9,77.7,-23.7,21.7,347.2,RS41-SGP,403.502,21.8,-875,12,2.8,08:15:33,
2026-09-19T16:16:00.006Z,X1909261,8043,-15.51532,-47.56588,8665.5,-11.8,11.2,68.2,-23.7,22.6,347.6,RS41-SGP,403.502,22.3,-875,12,2.8,08:15:33,
2026-09-19T16:16:01.006Z,X1909261,8044,-15.51527,-47.56579,8653.6,-12.2,12.0,56.8,-23.7,23.1,348.4,RS41-SGP,403.502,22.3,-875,12,2.7,08:15:33,
2026-09-19T16:16:02.006Z,X1909261,8045,-15.51521,-47.56570,8641.9,-11.4,10.8,61.2,-23.6,23.1,348.7,RS41-SGP,403.502,21.7,-875,12,2.7,08:15:33,
2026-09-19T16:16:03.006Z,X1909261,8046,-15.51518,-47.56561,8630.3,-11.8,10.1,71.4,-23.5,23.5,349.4,RS41-SGP,403.502,21.0,-875,12,2.8,08:15:33,
2026-09-19T16:16:04.006Z,X1909261,8047,-15.51515,-47.56551,8618.6,-11.7,12.4,72.3,-23.5,23.5,349.8,RS41-SGP,403.502,22.2,-875,12,2.8,08:15:33,
2026-09-19T16:16:05.006Z,X1909261,8048,-15.51510,-47.56539,8607.0,-11.5,14.5,62.1,-23.5,24.6,350.6,RS41-SGP,403.502,22.2,-875,12,2.8,08:15:33,
2026-09-19T16:16:06.006Z,X1909261,8049,-15.51503,-47.56529,8595.7,-11.4,13.0,53.7,-23.5,26.2,351.0,RS41-SGP,403.502,21.8,-875,12,2.8,08:15:33,
2026-09-19T16:16:07.006Z,X1909261,8050,-15.51497,-47.56520,8584.2,-11.7,10.8,50.4,-23.5,27.6,351.8,RS41-SGP,403.502,21.4,-875,12,2.7,08:15:33,
2026-09-19T16:16:08.006Z,X1909261,8051,-15.51491,-47.56512,8572.5,-11.8,10.1,60.9,-23.5,27.7,351.9,RS41-SGP,403.502,20.4,-875,12,2.7,08:15:33,
2026-09-19T16:16:09.006Z,X1909261,8052,-15.51487,-47.56502,8561.1,-11.0,11.9,69.1,-23.4,27.8,352.8,RS41-SGP,403.502,20.4,-875,12,2.8,08:15:33,
2026-09-19T16:16:10.006Z,X1909261,8053,-15.51483,-47.56491,8549.8,-11.8,15.0,64.8,-23.3,27.3,353.2,RS41-SGP,403.502,21.1,-875,12,2.8,08:15:33,
2026-09-19T16:16:11.006Z,X1909261,8054,-15.51476,-47.56478,8537.9,-12.1,16.2,57.4,-23.3,27.4,353.9,RS41-SGP,403.502,21.3,-875,12,2.8,08:15:33,
2026-09-19T16:16:12.006Z,X1909261,8055,-15.51467,-47.56467,8525.9,-12.0,14.7,47.1,-23.2,28.3,354.3,RS41-SGP,403.502,21.6,-875,12,2.7,08:15:33,
2026-09-19T16:16:13.006Z,X1909261,8056,-15.51458,-47.56458,8513.9,-12.1,13.2,39.4,-23.1,29.7,355.1,RS41-SGP,403.502,21.6,-875,12,2.7,08:15:33,
2026-09-19T16:16:14.006Z,X1909261,8057,-15.51450,-47.56450,8502.1,-11.8,12.1,41.8,-23.1,31.0,355.4,RS41-SGP,403.502,21.2,-875,12,2.8,08:15:33,
2026-09-19T16:16:15.006Z,X1909261,8058,-15.51442,-47.56442,8490.6,-11.4,11.3,48.3,-23.0,32.1,356.2,RS41-SGP,403.502,20.0,-875,12,2.8,08:14:42,
2026-09-19T16:16:16.006Z,X1909261,8059,-15.51436,-47.56433,8479.2,-11.4,13.2,58.8,-22.9,32.7,356.6,RS41-SGP,403.502,20.7,-875,12,2.8,08:14:42,
2026-09-19T16:16:17.006Z,X1909261,8060,-15.51429,-47.56422,8467.8,-11.7,15.4,61.2,-22.8,32.8,357.3,RS41-SGP,403.502,20.7,-875,12,2.8,08:14:42,
2026-09-19T16:16:18.006Z,X1909261,8061,-15.51422,-47.56409,8456.2,-11.6,16.3,58.7,-22.7,33.4,357.8,RS41-SGP,403.502,20.9,-875,12,2.7,08:14:42,
2026-09-19T16:16:19.006Z,X1909261,8062,-15.51414,-47.56397,8445.1,-10.9,15.7,50.6,-22.6,33.0,358.3,RS41-SGP,403.502,20.9,-875,12,2.7,08:14:42,
2026-09-19T16:16:20.006Z,X1909261,8063,-15.51406,-47.56386,8434.3,-11.1,13.5,50.0,-22.6,32.7,358.8,RS41-SGP,403.502,20.9,-875,12,2.8,08:14:42,
2026-09-19T16:16:21.006Z,X1909261,8064,-15.51399,-47.56377,8422.9,-11.5,12.5,56.7,-22.4,32.0,359.6,RS41-SGP,403.502,19.7,-875,12,2.8,08:14:42,
2026-09-19T16:16:22.006Z,X1909261,8065,-15.51392,-47.56366,8411.5,-11.6,14.3,60.5,-22.4,31.8,359.9,RS41-SGP,403.502,20.3,-875,12,2.8,08:14:42,
2026-09-19T16:16:23.006Z,X1909261,8066,-15.51386,-47.56353,8400.0,-11.4,16.7,63.5,-22.2,31.0,360.6,RS41-SGP,403.502,20.6,-875,12,2.8,08:14:42,
2026-09-19T16:16:24.006Z,X1909261,8067,-15.51378,-47.56340,8388.6,-11.5,16.8,55.6,-22.1,30.6,360.9,RS41-SGP,403.502,21.3,-875,12,2.7,08:14:42,
2026-09-19T16:16:25.006Z,X1909261,8068,-15.51369,-47.56328,8377.1,-11.6,16.2,48.7,-22.1,30.3,361.7,RS41-SGP,403.502,21.3,-875,12,2.7,08:14:42,
2026-09-19T16:16:26.006Z,X1909261,8069,-15.51360,-47.56318,8365.7,-11.5,13.9,42.2,-22.1,30.3,362.2,RS41-SGP,403.502,21.2,-875,12,2.8,08:14:42,
2026-09-19T16:16:27.006Z,X1909261,8070,-15.51351,-47.56309,8354.5,-11.1,13.8,45.2,-21.9,30.9,362.6,RS41-SGP,403.502,21.2,-875,12,2.8,08:14:42,
2026-09-19T16:16:28.006Z,X1909261,8071,-15.51343,-47.56299,8343.7,-10.7,13.9,53.3,-21.8,31.7,363.4,RS41-SGP,403.502,20.1,-875,12,2.8,08:14:42,
2026-09-19T16:16:29.006Z,X1909261,8072,-15.51335,-47.56288,8332.7,-11.6,16.3,59.5,-21.7,32.4,363.7,RS41-SGP,403.502,20.5,-875,12,2.8,08:14:42,
2026-09-19T16:16:30.006Z,X1909261,8073,-15.51327,-47.56274,8321.4,-11.2,17.9,60.1,-21.7,33.1,364.4,RS41-SGP,403.502,21.4,-875,12,2.7,08:14:42,
2026-09-19T16:16:31.006Z,X1909261,8074,-15.51318,-47.56260,8310.5,-10.8,17.8,48.9,-21.7,32.9,365.1,RS41-SGP,403.502,21.5,-875,12,2.7,08:14:42,
2026-09-19T16:16:32.006Z,X1909261,8075,-15.51308,-47.56249,8299.3,-11.5,16.2,44.7,-21.6,33.0,365.5,RS41-SGP,403.502,21.5,-875,12,2.8,08:14:42,
2026-09-19T16:16:33.006Z,X1909261,8076,-15.51298,-47.56239,8287.9,-11.3,14.0,42.3,-21.4,33.0,366.3,RS41-SGP,403.502,21.0,-875,12,2.8,08:14:42,
2026-09-19T16:16:34.006Z,X1909261,8077,-15.51289,-47.56230,8276.6,-11.5,13.5,52.0,-21.3,32.9,366.5,RS41-SGP,403.502,20.4,-875,12,2.8,08:14:42,
2026-09-19T16:16:35.006Z,X1909261,8078,-15.51283,-47.56220,8265.2,-11.4,13.6,60.5,-21.2,33.0,367.2,RS41-SGP,403.502,20.2,-875,12,2.8,08:14:42,
2026-09-19T16:16:36.006Z,X1909261,8079,-15.51276,-47.56207,8253.9,-11.3,16.7,60.4,-21.1,32.6,367.9,RS41-SGP,403.502,21.4,-875,12,2.7,08:14:42,
2026-09-19T16:16:37.006Z,X1909261,8080,-15.51267,-47.56194,8242.8,-11.1,18.2,54.8,-21.0,32.6,368.3,RS41-SGP,403.502,21.7,-875,12,2.7,08:14:42,
2026-09-19T16:16:38.006Z,X1909261,8081,-15.51257,-47.56181,8231.5,-11.5,18.3,44.8,-21.0,32.2,369.0,RS41-SGP,403.502,21.7,-875,12,2.8,08:14:42,
2026-09-19T16:16:39.006Z,X1909261,8082,-15.51246,-47.56170,8219.9,-11.8,15.0,44.0,-20.9,32.5,369.4,RS41-SGP,403.502,21.1,-875,12,2.8,08:14:42,
2026-09-19T16:16:40.006Z,X1909261,8083,-15.51237,-47.56161,8208.3,-11.6,13.7,42.6,-20.7,32.8,370.1,RS41-SGP,403.502,20.8,-875,12,2.8,08:14:42,
2026-09-19T16:16:41.006Z,X1909261,8084,-15.51228,-47.56152,8196.8,-11.5,13.7,50.7,-20.6,33.0,370.7,RS41-SGP,403.502,21.3,-875,12,2.8,08:14:42,
2026-09-19T16:16:42.006Z,X1909261,8085,-15.51220,-47.56141,8185.3,-11.7,15.5,55.2,-20.5,33.0,371.1,RS41-SGP,403.502,21.3,-875,12,2.7,08:14:42,
2026-09-19T16:16:43.006Z,X1909261,8086,-15.51213,-47.56128,8173.7,-11.6,15.9,61.3,-20.4,32.9,371.9,RS41-SGP,403.502,21.0,-875,12,2.7,08:14:42,
2026-09-19T16:16:44.006Z,X1909261,8087,-15.51206,-47.56115,8162.6,-10.8,16.2,63.5,-20.3,32.5,372.2,RS41-SGP,403.502,21.2,-875,12,2.8,08:14:42,
2026-09-19T16:16:45.006Z,X1909261,8088,-15.51199,-47.56102,8151.9,-10.9,16.0,55.2,-20.2,32.4,373.1,RS41-SGP,403.502,21.2,-875,12,2.8,08:14:42,
2026-09-19T16:16:46.006Z,X1909261,8089,-15.51190,-47.56092,8140.8,-11.2,14.0,46.7,-20.2,31.8,373.4,RS41-SGP,403.502,20.9,-875,12,2.8,08:14:42,
2026-09-19T16:16:47.006Z,X1909261,8090,-15.51181,-47.56082,8129.3,-11.8,15.1,43.0,-20.1,31.4,374.1,RS41-SGP,403.502,21.2,-875,12,2.8,08:14:42,
2026-09-19T16:16:48.006Z,X1909261,8091,-15.51171,-47.56073,8117.7,-11.5,15.0,41.1,-19.9,30.7,374.6,RS41-SGP,403.502,21.2,-875,13,2.7,08:14:42,
2026-09-19T16:16:49.006Z,X1909261,8092,-15.51161,-47.56064,8106.5,-11.3,13.5,41.2,-19.9,30.2,375.2,RS41-SGP,403.502,20.8,-875,13,2.7,08:14:42,
2026-09-19T16:16:50.006Z,X1909261,8093,-15.51152,-47.56056,8095.5,-11.0,13.5,40.3,-19.8,29.9,375.6,RS41-SGP,403.502,20.7,-875,13,2.8,08:14:42,
2026-09-19T16:16:51.006Z,X1909261,8094,-15.51143,-47.56048,8084.8,-10.7,12.9,43.1,-19.6,29.6,376.3,RS41-SGP,403.502,19.8,-875,13,2.8,08:14:42,
2026-09-19T16:16:52.006Z,X1909261,8095,-15.51135,-47.56039,8074.0,-11.1,14.0,48.0,-19.5,29.3,376.9,RS41-SGP,403.502,19.5,-875,13,2.8,08:14:42,
2026-09-19T16:16:53.006Z,X1909261,8096,-15.51127,-47.56028,8062.7,-11.5,15.0,54.5,-19.4,29.3,377.4,RS41-SGP,403.502,20.5,-875,13,2.8,08:14:42,
2026-09-19T16:16:54.006Z,X1909261,8097,-15.51118,-47.56016,8051.2,-11.7,17.5,55.0,-19.4,28.7,378.0,RS41-SGP,403.502,20.6,-875,13,2.7,08:14:42,
2026-09-19T16:16:55.006Z,X1909261,8098,-15.51109,-47.56003,8039.5,-12.1,17.5,55.5,-19.3,28.5,378.5,RS41-SGP,403.502,20.8,-875,13,2.7,08:14:42,
2026-09-19T16:16:56.006Z,X1909261,8099,-15.51100,-47.55990,8028.0,-10.9,16.8,52.4,-19.1,28.2,379.1,RS41-SGP,403.502,20.8,-875,13,2.8,08:14:42,
2026-09-19T16:16:57.006Z,X1909261,8100,-15.51091,-47.55978,8017.1,-11.1,16.6,54.3,-19.0,28.2,379.5,RS41-SGP,403.502,20.5,-875,13,2.8,08:14:42,
2026-09-19T16:16:58.006Z,X1909261,8101,-15.51082,-47.55965,8005.9,-11.3,16.7,52.2,-18.9,27.8,380.1,RS41-SGP,403.502,20.5,-875,13,2.8,08:14:42,
2026-09-19T16:16:59.006Z,X1909261,8102,-15.51073,-47.55953,7994.8,-11.1,16.0,54.0,-18.8,27.8,380.8,RS41-SGP,403.502,20.7,-875,13,2.8,08:14:42,
2026-09-19T16:17:00.006Z,X1909261,8103,-15.51064,-47.55941,7983.7,-11.2,17.5,52.8,-18.8,26.8,381.4,RS41-SGP,403.502,21.0,-875,13,2.7,08:14:42,
2026-09-19T16:17:01.006Z,X1909261,8104,-15.51054,-47.55929,7972.6,-11.1,16.8,47.2,-18.6,26.3,381.9,RS41-SGP,403.502,21.3,-875,13,2.7,08:14:42,
2026-09-19T16:17:02.006Z,X1909261,8105,-15.51045,-47.55918,7961.7,-10.8,14.7,48.0,-18.6,25.4,382.4,RS41-SGP,403.502,21.3,-875,13,2.8,08:14:42,
2026-09-19T16:17:03.006Z,X1909261,8106,-15.51036,-47.55909,7950.8,-11.3,11.5,42.2,-18.4,24.7,383.1,RS41-SGP,403.502,21.3,-875,13,2.8,08:14:42,
2026-09-19T16:17:04.006Z,X1909261,8107,-15.51029,-47.55902,7939.5,-11.5,11.7,43.5,-18.3,24.2,383.7,RS41-SGP,403.502,21.2,-875,13,2.8,08:14:42,
2026-09-19T16:17:05.006Z,X1909261,8108,-15.51021,-47.55895,7928.3,-11.1,11.3,40.0,-18.2,23.6,384.3,RS41-SGP,403.502,21.1,-875,13,2.8,08:14:42,
2026-09-19T16:17:06.006Z,X1909261,8109,-15.51014,-47.55887,7917.6,-10.9,11.7,51.7,-18.1,22.9,384.6,RS41-SGP,403.502,20.7,-875,13,2.7,08:13:51,
2026-09-19T16:17:07.006Z,X1909261,8110,-15.51008,-47.55878,7906.5,-11.0,12.6,59.5,-18.0,22.3,385.3,RS41-SGP,403.502,21.6,-875,13,2.7,08:13:51,
2026-09-19T16:17:08.006Z,X1909261,8111,-15.51002,-47.55867,7895.5,-11.1,14.2,63.2,-17.9,21.5,386.0,RS41-SGP,403.502,21.6,-875,13,2.8,08:13:51,
2026-09-19T16:17:09.006Z,X1909261,8112,-15.50996,-47.55856,7884.5,-11.1,13.9,59.9,-17.8,21.3,386.4,RS41-SGP,403.502,22.4,-875,13,2.8,08:13:51,
2026-09-19T16:17:10.006Z,X1909261,8113,-15.50988,-47.55844,7873.5,-10.9,15.9,51.6,-17.8,20.2,387.1,RS41-SGP,403.502,22.4,-875,13,2.8,08:13:51,
2026-09-19T16:17:11.006Z,X1909261,8114,-15.50979,-47.55834,7862.6,-11.1,14.5,41.4,-17.7,19.6,387.4,RS41-SGP,403.502,22.2,-875,13,2.8,08:13:51,
2026-09-19T16:17:12.006Z,X1909261,8115,-15.50969,-47.55827,7851.6,-11.0,12.2,36.7,-17.6,19.0,388.2,RS41-SGP,403.502,21.9,-875,13,2.7,08:13:51,
2026-09-19T16:17:13.006Z,X1909261,8116,-15.50962,-47.55820,7840.3,-11.6,10.0,47.1,-17.5,18.0,388.9,RS41-SGP,403.502,21.6,-875,13,2.7,08:13:51,
2026-09-19T16:17:14.006Z,X1909261,8117,-15.50956,-47.55813,7829.0,-11.1,10.6,48.8,-17.4,17.7,389.2,RS41-SGP,403.502,21.4,-875,13,2.8,08:13:51,
2026-09-19T16:17:15.006Z,X1909261,8118,-15.50949,-47.55805,7818.3,-10.7,12.1,48.8,-17.3,17.4,389.8,RS41-SGP,403.502,22.2,-875,13,2.8,08:13:51,
2026-09-19T16:17:16.006Z,X1909261,8119,-15.50941,-47.55796,7807.2,-11.5,14.7,44.3,-17.3,17.0,390.5,RS41-SGP,403.502,22.2,-875,13,2.8,08:13:51,
2026-09-19T16:17:17.006Z,X1909261,8120,-15.50931,-47.55786,7796.1,-11.0,15.0,42.9,-17.2,17.1,391.0,RS41-SGP,403.502,22.1,-875,13,2.8,08:13:51,
2026-09-19T16:17:18.006Z,X1909261,8121,-15.50921,-47.55777,7785.2,-10.9,15.0,39.1,-17.1,17.2,391.7,RS41-SGP,403.502,22.1,-875,13,2.7,08:13:51,
2026-09-19T16:17:19.006Z,X1909261,8122,-15.50910,-47.55769,7774.6,-10.4,14.4,36.4,-16.9,17.4,392.1,RS41-SGP,403.502,21.9,-875,13,2.7,08:13:51,
2026-09-19T16:17:20.006Z,X1909261,8123,-15.50900,-47.55761,7763.9,-11.0,14.7,38.8,-16.8,17.5,392.8,RS41-SGP,403.502,21.9,-875,13,2.8,08:13:51,
2026-09-19T16:17:21.006Z,X1909261,8124,-15.50890,-47.55752,7753.1,-10.8,14.5,43.0,-16.7,17.8,393.2,RS41-SGP,403.502,22.4,-875,13,2.8,08:13:51,
2026-09-19T16:17:22.006Z,X1909261,8125,-15.50880,-47.55742,7742.3,-11.0,15.5,46.6,-16.7,18.3,394.0,RS41-SGP,403.502,22.4,-875,13,2.8,08:13:51,
2026-09-19T16:17:23.006Z,X1909261,8126,-15.50870,-47.55733,7731.5,-11.0,14.0,38.7,-16.6,19.0,394.4,RS41-SGP,403.502,22.3,-875,13,2.8,08:13:51,
2026-09-19T16:17:24.006Z,X1909261,8127,-15.50860,-47.55725,7720.5,-11.1,14.5,35.1,-16.5,19.8,395.1,RS41-SGP,403.502,22.5,-875,13,2.7,08:13:51,
2026-09-19T16:17:25.006Z,X1909261,8128,-15.50849,-47.55718,7709.2,-11.7,14.1,30.2,-16.5,21.3,395.5,RS41-SGP,403.502,22.5,-875,13,2.7,08:13:51,
2026-09-19T16:17:26.006Z,X1909261,8129,-15.50838,-47.55711,7697.9,-11.3,13.8,30.6,-16.4,23.9,396.3,RS41-SGP,403.502,22.5,-875,13,2.8,08:13:51,
2026-09-19T16:17:27.006Z,X1909261,8130,-15.50829,-47.55705,7686.7,-11.1,12.2,33.8,-16.3,25.0,396.8,RS41-SGP,403.502,21.8,-875,13,2.8,08:13:51,
2026-09-19T16:17:28.006Z,X1909261,8131,-15.50820,-47.55698,7676.1,-10.4,11.2,45.4,-16.2,25.3,397.2,RS41-SGP,403.502,21.3,-875,13,2.8,08:13:51,
2026-09-19T16:17:29.006Z,X1909261,8132,-15.50813,-47.55690,7665.4,-11.0,12.7,51.2,-16.0,25.7,398.1,RS41-SGP,403.502,22.0,-875,13,2.8,08:13:51,
2026-09-19T16:17:30.006Z,X1909261,8133,-15.50805,-47.55680,7654.4,-11.2,15.2,50.4,-16.0,25.7,398.2,RS41-SGP,403.502,22.0,-875,13,2.7,08:13:51,
2026-09-19T16:17:31.006Z,X1909261,8134,-15.50796,-47.55668,7643.4,-11.0,16.1,49.3,-15.9,25.1,399.1,RS41-SGP,403.502,21.8,-875,13,2.7,08:13:51,
2026-09-19T16:17:32.006Z,X1909261,8135,-15.50786,-47.55658,7632.3,-11.3,16.1,38.9,-15.9,23.5,399.8,RS41-SGP,403.502,22.1,-875,13,2.8,08:13:51,
2026-09-19T16:17:33.006Z,X1909261,8136,-15.50775,-47.55649,7621.8,-10.0,15.8,41.9,-15.8,22.3,400.2,RS41-SGP,403.502,22.1,-875,13,2.8,08:13:51,
2026-09-19T16:17:34.006Z,X1909261,8137,-15.50765,-47.55639,7611.4,-11.0,15.3,43.5,-15.6,21.4,400.8,RS41-SGP,403.502,22.5,-875,13,2.8,08:13:51,
2026-09-19T16:17:35.006Z,X1909261,8138,-15.50755,-47.55629,7600.4,-11.1,15.8,44.2,-15.6,20.7,401.1,RS41-SGP,403.502,22.6,-875,13,2.8,08:13:51,
2026-09-19T16:17:36.006Z,X1909261,8139,-15.50744,-47.55619,7589.7,-10.4,15.6,42.3,-15.4,20.1,401.8,RS41-SGP,403.502,22.7,-875,13,2.7,08:13:51,
2026-09-19T16:17:37.006Z,X1909261,8140,-15.50734,-47.55610,7579.4,-10.4,15.0,36.2,-15.4,20.2,402.3,RS41-SGP,403.502,22.7,-875,13,2.7,08:13:51,
2026-09-19T16:17:38.006Z,X1909261,8141,-15.50723,-47.55603,7568.8,-10.8,13.8,25.9,-15.3,19.2,403.1,RS41-SGP,403.502,22.3,-875,13,2.8,08:13:51,
2026-09-19T16:17:39.006Z,X1909261,8142,-15.50712,-47.55598,7558.2,-10.7,11.4,24.4,-15.2,18.8,403.6,RS41-SGP,403.502,22.3,-875,13,2.8,08:13:51,
2026-09-19T16:17:40.006Z,X1909261,8143,-15.50704,-47.55593,7547.4,-11.0,9.3,36.6,-15.1,17.9,403.9,RS41-SGP,403.502,22.3,-875,13,2.8,08:13:51,
2026-09-19T16:17:41.006Z,X1909261,8144,-15.50698,-47.55588,7536.4,-11.2,8.7,46.1,-15.0,16.9,404.7,RS41-SGP,403.502,21.8,-875,13,2.8,08:13:51,
2026-09-19T16:17:42.006Z,X1909261,8145,-15.50693,-47.55582,7525.6,-10.5,9.3,50.3,-14.9,16.4,405.2,RS41-SGP,403.502,21.3,-875,13,2.7,08:13:51,
2026-09-19T16:17:43.006Z,X1909261,8146,-15.50687,-47.55574,7514.9,-11.0,12.4,51.0,-14.9,16.0,405.9,RS41-SGP,403.502,21.9,-875,13,2.7,08:13:51,
2026-09-19T16:17:44.006Z,X1909261,8147,-15.50679,-47.55565,7504.0,-11.0,14.4,45.1,-14.9,16.0,406.4,RS41-SGP,403.502,23.1,-875,13,2.8,08:13:51,
2026-09-19T16:17:45.006Z,X1909261,8148,-15.50669,-47.55556,7493.0,-11.4,14.4,33.3,-14.8,15.6,407.1,RS41-SGP,403.502,23.1,-875,13,2.8,08:13:51,
2026-09-19T16:17:46.006Z,X1909261,8149,-15.50658,-47.55550,7482.0,-10.7,12.3,27.4,-14.7,15.5,407.8,RS41-SGP,403.502,22.0,-875,13,2.8,08:13:51,
2026-09-19T16:17:47.006Z,X1909261,8150,-15.50650,-47.55545,7471.4,-10.8,9.2,34.8,-14.6,15.2,408.0,RS41-SGP,403.502,21.5,-875,13,2.8,08:13:51,
2026-09-19T16:17:48.006Z,X1909261,8151,-15.50644,-47.55539,7460.5,-11.2,9.4,53.8,-14.5,15.2,408.9,RS41-SGP,403.502,21.1,-875,13,2.7,08:13:51,
2026-09-19T16:17:49.006Z,X1909261,8152,-15.50639,-47.55531,7449.6,-10.9,12.1,53.9,-14.4,15.2,409.3,RS41-SGP,403.502,22.4,-875,13,2.7,08:13:51,
2026-09-19T16:17:50.006Z,X1909261,8153,-15.50631,-47.55522,7438.9,-10.9,13.1,43.9,-14.3,14.9,410.1,RS41-SGP,403.502,22.4,-875,13,2.8,08:13:51,
2026-09-19T16:17:51.006Z,X1909261,8154,-15.50622,-47.55515,7428.2,-10.8,12.6,33.2,-14.3,15.0,410.5,RS41-SGP,403.502,22.2,-875,13,2.8,08:13:51,
2026-09-19T16:17:52.006Z,X1909261,8155,-15.50613,-47.55510,7417.2,-11.3,9.8,23.5,-14.1,14.8,411.2,RS41-SGP,403.502,20.0,-875,13,2.8,08:13:51,
2026-09-19T16:17:53.006Z,X1909261,8156,-15.50606,-47.55505,7406.2,-10.9,9.1,42.7,-14.0,14.6,411.5,RS41-SGP,403.502,20.0,-875,13,2.8,08:13:51,
2026-09-19T16:17:54.006Z,X1909261,8157,-15.50601,-47.55499,7395.1,-11.3,9.9,59.7,-13.9,14.6,412.3,RS41-SGP,403.502,21.6,-875,13,2.7,08:13:51,
2026-09-19T16:17:55.006Z,X1909261,8158,-15.50596,-47.55490,7384.1,-11.1,12.8,58.5,-13.9,14.3,413.0,RS41-SGP,403.502,22.3,-875,13,2.7,08:13:51,
2026-09-19T16:17:56.006Z,X1909261,8159,-15.50589,-47.55481,7373.2,-10.7,12.2,44.5,-13.8,14.2,413.6,RS41-SGP,403.502,22.5,-875,13,2.8,08:13:51,
2026-09-19T16:17:57.006Z,X1909261,8160,-15.50581,-47.55473,7362.7,-10.4,12.0,38.4,-13.7,14.3,414.1,RS41-SGP,403.502,22.5,-875,13,2.8,08:13:00,
2026-09-19T16:17:58.006Z,X1909261,8161,-15.50572,-47.55467,7352.1,-10.8,10.7,26.5,-13.6,14.1,414.5,RS41-SGP,403.502,22.0,-875,13,2.8,08:13:00,
2026-09-19T16:17:59.006Z,X1909261,8162,-15.50564,-47.55463,7341.4,-10.8,10.0,28.8,-13.5,14.2,415.3,RS41-SGP,403.502,22.0,-875,13,2.8,08:13:00,
2026-09-19T16:18:00.006Z,X1909261,8163,-15.50557,-47.55458,7330.5,-11.1,9.4,36.2,-13.3,14.3,415.8,RS41-SGP,403.502,22.0,-875,13,2.7,08:13:00,
2026-09-19T16:18:01.006Z,X1909261,8164,-15.50550,-47.55452,7319.3,-11.2,10.3,46.0,-13.2,14.1,416.5,RS41-SGP,403.502,21.9,-875,13,2.7,08:13:00,
2026-09-19T16:18:02.006Z,X1909261,8165,-15.50544,-47.55446,7308.7,-10.2,10.0,43.1,-13.1,14.0,417.0,RS41-SGP,403.502,22.0,-875,13,2.8,08:13:00,
2026-09-19T16:18:03.006Z,X1909261,8166,-15.50536,-47.55439,7298.9,-9.7,11.6,39.9,-13.1,13.9,417.6,RS41-SGP,403.502,22.1,-875,13,2.8,08:13:00,
2026-09-19T16:18:04.006Z,X1909261,8167,-15.50528,-47.55433,7289.0,-10.3,11.5,30.8,-13.0,13.7,418.0,RS41-SGP,403.502,22.1,-875,13,2.8,08:13:00,
2026-09-19T16:18:05.006Z,X1909261,8168,-15.50519,-47.55427,7278.6,-10.5,11.1,32.1,-12.9,13.7,418.7,RS41-SGP,403.502,21.7,-875,13,2.8,08:13:00,
2026-09-19T16:18:06.006Z,X1909261,8169,-15.50512,-47.55422,7268.0,-10.8,9.9,35.9,-12.8,13.6,419.3,RS41-SGP,403.502,20.5,-875,13,2.7,08:13:00,
2026-09-19T16:18:07.006Z,X1909261,8170,-15.50506,-47.55416,7257.1,-11.1,9.2,55.4,-12.7,13.6,420.0,RS41-SGP,403.502,21.8,-875,13,2.7,08:13:00,
2026-09-19T16:18:08.006Z,X1909261,8171,-15.50501,-47.55408,7246.0,-11.2,10.7,64.2,-12.6,13.6,420.4,RS41-SGP,403.502,21.8,-875,13,2.8,08:13:00,
2026-09-19T16:18:09.006Z,X1909261,8172,-15.50497,-47.55399,7235.1,-10.8,10.0,67.9,-12.5,14.0,421.0,RS41-SGP,403.502,21.9,-875,13,2.8,08:13:00,
2026-09-19T16:18:10.006Z,X1909261,8173,-15.50493,-47.55390,7224.8,-10.0,10.6,58.5,-12.5,14.1,421.7,RS41-SGP,403.502,22.2,-875,13,2.8,08:13:00,
2026-09-19T16:18:11.006Z,X1909261,8174,-15.50488,-47.55383,7214.8,-10.3,9.7,40.7,-12.4,14.2,422.3,RS41-SGP,403.502,22.2,-875,13,2.8,08:13:00,
2026-09-19T16:18:12.006Z,X1909261,8175,-15.50482,-47.55379,7204.3,-10.8,6.7,29.6,-12.4,14.2,422.6,RS41-SGP,403.502,22.1,-875,13,2.7,08:13:00,
2026-09-19T16:18:13.006Z,X1909261,8176,-15.50477,-47.55376,7193.6,-10.4,6.7,31.1,-12.2,14.4,423.5,RS41-SGP,403.502,20.2,-875,13,2.7,08:13:00,
2026-09-19T16:18:14.006Z,X1909261,8177,-15.50472,-47.55371,7183.1,-10.7,7.6,56.6,-12.2,14.6,424.1,RS41-SGP,403.502,21.0,-875,13,2.8,08:13:00,
2026-09-19T16:18:15.006Z,X1909261,8178,-15.50469,-47.55364,7172.1,-11.3,9.7,69.7,-12.0,14.4,424.4,RS41-SGP,403.502,22.4,-875,13,2.8,08:13:00,
2026-09-19T16:18:16.006Z,X1909261,8179,-15.50467,-47.55355,7161.2,-10.4,9.3,80.0,-11.9,14.4,425.3,RS41-SGP,403.502,22.5,-875,13,2.8,08:13:00,
2026-09-19T16:18:17.006Z,X1909261,8180,-15.50465,-47.55348,7150.9,-10.3,7.0,80.9,-11.8,14.6,425.8,RS41-SGP,403.502,22.5,-875,13,2.8,08:13:00,
2026-09-19T16:18:18.006Z,X1909261,8181,-15.50464,-47.55343,7140.6,-10.4,4.3,63.9,-11.7,14.9,426.4,RS41-SGP,403.502,21.6,-875,13,2.7,08:13:00,
2026-09-19T16:18:19.006Z,X1909261,8182,-15.50461,-47.55340,7130.0,-10.9,5.0,29.3,-11.7,15.0,427.1,RS41-SGP,403.502,21.0,-875,13,2.7,08:13:00,
2026-09-19T16:18:20.006Z,X1909261,8183,-15.50457,-47.55338,7119.1,-10.8,6.2,22.6,-11.6,15.1,427.7,RS41-SGP,403.502,22.1,-875,13,2.8,08:13:00,
2026-09-19T16:18:21.006Z,X1909261,8184,-15.50452,-47.55335,7108.6,-10.4,6.5,30.5,-11.5,15.4,428.3,RS41-SGP,403.502,22.1,-875,13,2.8,08:13:00,
2026-09-19T16:18:22.006Z,X1909261,8185,-15.50447,-47.55332,7098.2,-10.4,5.5,36.3,-11.4,15.7,428.8,RS41-SGP,403.502,21.6,-875,13,2.8,08:13:00,
2026-09-19T16:18:23.006Z,X1909261,8186,-15.50444,-47.55329,7087.6,-10.9,4.5,44.3,-11.3,16.0,429.3,RS41-SGP,403.502,21.0,-875,13,2.8,08:13:00,
2026-09-19T16:18:24.006Z,X1909261,8187,-15.50441,-47.55325,7077.0,-10.3,5.9,58.6,-11.1,16.3,430.0,RS41-SGP,403.502,20.3,-875,13,2.7,08:13:00,
2026-09-19T16:18:25.006Z,X1909261,8188,-15.50438,-47.55319,7066.3,-11.0,9.0,66.5,-11.2,16.9,430.6,RS41-SGP,403.502,21.1,-875,13,2.7,08:13:00,
2026-09-19T16:18:26.006Z,X1909261,8189,-15.50434,-47.55311,7055.4,-10.9,10.3,58.7,-11.0,17.2,431.1,RS41-SGP,403.502,21.5,-875,13,2.8,08:13:00,
2026-09-19T16:18:27.006Z,X1909261,8190,-15.50429,-47.55304,7044.5,-10.9,10.0,48.8,-11.0,17.3,431.7,RS41-SGP,403.502,21.5,-875,13,2.8,08:13:00,
2026-09-19T16:18:28.006Z,X1909261,8191,-15.50423,-47.55298,7034.0,-10.3,8.0,39.4,-10.9,17.5,432.4,RS41-SGP,403.502,21.4,-875,13,2.8,08:13:00,
2026-09-19T16:18:29.006Z,X1909261,8192,-15.50419,-47.55294,7023.2,-11.3,4.0,38.6,-10.8,18.4,432.8,RS41-SGP,403.502,21.4,-875,13,2.8,08:13:00,
2026-09-19T16:18:30.006Z,X1909261,8193,-15.50417,-47.55292,7012.2,-10.9,3.1,69.5,-10.7,19.7,433.7,RS41-SGP,403.502,20.4,-875,13,2.7,08:13:00,
2026-09-19T16:18:31.006Z,X1909261,8194,-15.50415,-47.55288,7001.6,-10.4,6.4,65.6,-10.7,21.0,434.1,RS41-SGP,403.502,21.7,-875,13,2.7,08:13:00,
2026-09-19T16:18:32.006Z,X1909261,8195,-15.50412,-47.55282,6991.2,-10.6,8.7,51.3,-10.8,22.7,434.9,RS41-SGP,403.502,21.7,-875,13,2.8,08:13:00,
2026-09-19T16:18:33.006Z,X1909261,8196,-15.50407,-47.55277,6980.9,-10.1,6.2,40.1,-10.7,24.2,435.2,RS41-SGP,403.502,20.9,-875,13,2.8,08:13:00,
2026-09-19T16:18:34.006Z,X1909261,8197,-15.50404,-47.55274,6970.2,-11.2,2.8,47.2,-10.8,24.9,436.0,RS41-SGP,403.502,20.1,-875,13,2.8,08:13:00,
2026-09-19T16:18:35.006Z,X1909261,8198,-15.50404,-47.55272,6959.1,-11.0,2.8,112.7,-10.7,24.7,436.3,RS41-SGP,403.502,19.9,-875,13,2.8,08:13:00,
2026-09-19T16:18:36.006Z,X1909261,8199,-15.50406,-47.55268,6948.3,-10.7,6.8,111.8,-10.7,23.7,437.2,RS41-SGP,403.502,20.7,-875,13,2.7,08:13:00,
2026-09-19T16:18:37.006Z,X1909261,8200,-15.50408,-47.55261,6937.7,-10.6,8.9,100.2,-10.7,21.0,437.6,RS41-SGP,403.502,21.3,-875,13,2.7,08:13:00,
2026-09-19T16:18:38.006Z,X1909261,8201,-15.50409,-47.55253,6927.6,-9.8,8.7,99.0,-10.6,18.7,438.2,RS41-SGP,403.502,21.4,-875,13,2.8,08:13:00,
2026-09-19T16:18:39.006Z,X1909261,8202,-15.50410,-47.55246,6917.8,-9.9,7.3,99.1,-10.5,16.9,438.8,RS41-SGP,403.502,21.4,-875,13,2.8,08:13:00,
2026-09-19T16:18:40.006Z,X1909261,8203,-15.50412,-47.55239,6907.2,-11.1,6.7,115.6,-10.5,15.0,439.3,RS41-SGP,403.502,20.8,-875,13,2.8,08:13:00,
2026-09-19T16:18:41.006Z,X1909261,8204,-15.50415,-47.55234,6896.3,-10.8,7.1,121.7,-10.5,11.4,439.9,RS41-SGP,403.502,20.7,-875,13,2.8,08:13:00,
2026-09-19T16:18:42.006Z,X1909261,8205,-15.50418,-47.55228,6885.4,-11.0,7.5,114.9,-10.3,8.8,440.8,RS41-SGP,403.502,20.8,-875,13,2.7,08:13:00,
2026-09-19T16:18:43.006Z,X1909261,8206,-15.50421,-47.55221,6874.9,-10.0,8.9,107.6,-10.3,8.2,441.3,RS41-SGP,403.502,20.9,-875,13,2.7,08:13:00,
2026-09-19T16:18:44.006Z,X1909261,8207,-15.50423,-47.55213,6864.9,-10.2,8.8,101.8,-10.4,8.9,441.8,RS41-SGP,403.502,21.4,-875,13,2.8,08:13:00,
2026-09-19T16:18:45.006Z,X1909261,8208,-15.50423,-47.55206,6854.4,-10.8,7.3,84.4,-10.4,9.1,442.6,RS41-SGP,403.502,21.4,-875,13,2.8,08:13:00,
2026-09-19T16:18:46.006Z,X1909261,8209,-15.50422,-47.55200,6843.8,-10.6,4.8,80.5,-10.4,9.5,443.2,RS41-SGP,403.502,21.1,-875,13,2.8,08:13:00,
2026-09-19T16:18:47.006Z,X1909261,8210,-15.50423,-47.55196,6833.2,-10.8,4.0,118.2,-10.4,9.1,443.7,RS41-SGP,403.502,21.1,-875,13,2.8,08:13:00,
2026-09-19T16:18:48.006Z,X1909261,8211,-15.50425,-47.55192,6822.7,-10.3,6.4,128.1,-10.4,9.6,444.5,RS41-SGP,403.502,19.8,-875,13,2.7,08:12:09,
2026-09-19T16:18:49.006Z,X1909261,8212,-15.50428,-47.55186,6812.3,-10.7,8.3,109.9,-10.4,10.9,444.9,RS41-SGP,403.502,21.0,-875,13,2.7,08:12:09,
2026-09-19T16:18:50.006Z,X1909261,8213,-15.50430,-47.55178,6801.4,-11.2,9.8,94.8,-10.4,12.5,445.6,RS41-SGP,403.502,22.1,-875,13,2.8,08:12:09,
2026-09-19T16:18:51.006Z,X1909261,8214,-15.50430,-47.55170,6790.5,-10.8,8.9,81.8,-10.4,13.3,446.3,RS41-SGP,403.502,22.4,-875,13,2.8,08:12:09,
2026-09-19T16:18:52.006Z,X1909261,8215,-15.50429,-47.55162,6779.8,-10.8,7.0,82.2,-10.4,14.5,446.6,RS41-SGP,403.502,22.4,-875,13,2.8,08:12:09,
2026-09-19T16:18:53.006Z,X1909261,8216,-15.50429,-47.55157,6769.2,-10.6,5.1,96.0,-10.2,15.3,447.6,RS41-SGP,403.502,22.0,-875,13,2.8,08:12:09,
2026-09-19T16:18:54.006Z,X1909261,8217,-15.50430,-47.55152,6758.7,-10.4,5.2,124.3,-10.1,15.9,448.0,RS41-SGP,403.502,21.4,-875,13,2.7,08:12:09,
2026-09-19T16:18:55.006Z,X1909261,8218,-15.50434,-47.55148,6748.3,-10.6,8.4,129.6,-10.0,17.1,448.6,RS41-SGP,403.502,21.5,-875,13,2.7,08:12:09,
2026-09-19T16:18:56.006Z,X1909261,8219,-15.50439,-47.55140,6737.7,-10.7,10.5,120.0,-9.9,18.6,449.4,RS41-SGP,403.502,22.3,-875,13,2.8,08:12:09,
2026-09-19T16:18:57.006Z,X1909261,8220,-15.50442,-47.55132,6727.2,-10.5,10.2,105.2,-9.9,19.7,449.8,RS41-SGP,403.502,22.3,-875,13,2.8,08:12:09,
2026-09-19T16:18:58.006Z,X1909261,8221,-15.50444,-47.55123,6716.8,-10.4,8.3,94.6,-9.8,21.0,450.6,RS41-SGP,403.502,23.1,-875,13,2.8,08:12:09,
2026-09-19T16:18:59.006Z,X1909261,8222,-15.50444,-47.55116,6706.5,-10.3,7.4,86.5,-9.8,21.6,451.2,RS41-SGP,403.502,23.1,-875,13,2.8,08:12:09,
2026-09-19T16:19:00.006Z,X1909261,8223,-15.50443,-47.55110,6696.5,-9.9,6.1,88.0,-9.7,22.3,451.7,RS41-SGP,403.502,22.3,-875,13,2.7,08:12:09,
2026-09-19T16:19:01.006Z,X1909261,8224,-15.50444,-47.55104,6686.7,-9.9,5.7,94.3,-9.5,22.9,452.4,RS41-SGP,403.502,22.3,-875,13,2.7,08:12:09,
2026-09-19T16:19:02.006Z,X1909261,8225,-15.50445,-47.55099,6676.5,-10.5,6.5,116.4,-9.5,23.9,452.7,RS41-SGP,403.502,21.2,-875,13,2.8,08:12:09,
2026-09-19T16:19:03.006Z,X1909261,8226,-15.50448,-47.55093,6666.1,-10.3,8.1,126.0,-9.4,24.9,453.6,RS41-SGP,403.502,21.4,-875,13,2.8,08:12:09,
2026-09-19T16:19:04.006Z,X1909261,8227,-15.50453,-47.55086,6655.5,-11.0,10.8,125.6,-9.3,25.2,454.1,RS41-SGP,403.502,21.9,-875,13,2.8,08:12:09,
2026-09-19T16:19:05.006Z,X1909261,8228,-15.50459,-47.55078,6644.6,-11.2,10.7,128.1,-9.2,25.1,454.8,RS41-SGP,403.502,21.9,-875,13,2.8,08:12:09,
2026-09-19T16:19:06.006Z,X1909261,8229,-15.50465,-47.55071,6634.1,-9.9,8.9,132.1,-9.2,24.7,455.1,RS41-SGP,403.502,21.9,-875,13,2.7,08:12:09,
2026-09-19T16:19:07.006Z,X1909261,8230,-15.50470,-47.55066,6623.9,-10.7,6.1,137.7,-9.1,23.6,455.9,RS41-SGP,403.502,22.3,-875,13,2.7,08:12:09,
2026-09-19T16:19:08.006Z,X1909261,8231,-15.50474,-47.55062,6613.5,-10.2,5.7,137.8,-9.1,23.1,456.3,RS41-SGP,403.502,22.3,-875,13,2.8,08:12:09,
2026-09-19T16:19:09.006Z,X1909261,8232,-15.50477,-47.55059,6603.4,-10.1,5.5,144.5,-9.0,22.3,457.2,RS41-SGP,403.502,21.7,-875,13,2.8,08:12:09,
2026-09-19T16:19:10.006Z,X1909261,8233,-15.50482,-47.55055,6593.3,-10.2,7.5,135.2,-8.9,21.7,457.5,RS41-SGP,403.502,20.7,-875,13,2.8,08:12:09,
2026-09-19T16:19:11.006Z,X1909261,8234,-15.50487,-47.55049,6583.3,-10.0,9.2,128.6,-8.8,21.7,458.4,RS41-SGP,403.502,21.2,-875,13,2.8,08:12:09,
2026-09-19T16:19:12.006Z,X1909261,8235,-15.50491,-47.55042,6573.1,-10.4,10.2,112.5,-8.8,21.6,458.7,RS41-SGP,403.502,21.9,-875,13,2.7,08:12:09,
2026-09-19T16:19:13.006Z,X1909261,8236,-15.50494,-47.55033,6562.7,-10.4,9.2,97.6,-8.7,21.8,459.6,RS41-SGP,403.502,22.3,-875,13,2.7,08:12:09,
2026-09-19T16:19:14.006Z,X1909261,8237,-15.50494,-47.55026,6552.5,-10.2,7.2,84.2,-8.7,21.6,460.2,RS41-SGP,403.502,22.3,-875,13,2.8,08:12:09,
2026-09-19T16:19:15.006Z,X1909261,8238,-15.50493,-47.55019,6542.5,-9.9,6.3,83.1,-8.6,22.0,460.8,RS41-SGP,403.502,22.1,-875,13,2.8,08:12:09,
2026-09-19T16:19:16.006Z,X1909261,8239,-15.50492,-47.55014,6532.6,-10.1,4.8,83.3,-8.5,22.6,461.1,RS41-SGP,403.502,21.7,-875,13,2.8,08:12:09,
2026-09-19T16:19:17.006Z,X1909261,8240,-15.50492,-47.55010,6522.4,-10.4,5.0,101.9,-8.5,23.1,461.8,RS41-SGP,403.502,22.1,-875,13,2.8,08:12:09,
2026-09-19T16:19:18.006Z,X1909261,8241,-15.50495,-47.55006,6511.8,-11.0,6.2,132.2,-8.3,23.2,462.6,RS41-SGP,403.502,22.3,-875,13,2.7,08:12:09,
2026-09-19T16:19:19.006Z,X1909261,8242,-15.50499,-47.55002,6500.8,-11.2,6.9,144.2,-8.3,24.6,463.3,RS41-SGP,403.502,22.3,-875,13,2.7,08:12:09,
2026-09-19T16:19:20.006Z,X1909261,8243,-15.50504,-47.54998,6490.1,-10.3,7.3,140.8,-8.3,25.3,464.0,RS41-SGP,403.502,21.1,-875,13,2.8,08:12:09,
2026-09-19T16:19:21.006Z,X1909261,8244,-15.50509,-47.54993,6480.2,-9.7,7.3,125.8,-8.2,25.5,464.4,RS41-SGP,403.502,21.5,-875,13,2.8,08:12:09,
2026-09-19T16:19:22.006Z,X1909261,8245,-15.50511,-47.54987,6470.4,-10.1,7.9,103.6,-8.1,24.7,465.0,RS41-SGP,403.502,21.5,-875,13,2.8,08:12:09,
2026-09-19T16:19:23.006Z,X1909261,8246,-15.50512,-47.54979,6460.1,-10.6,8.1,84.2,-8.1,24.1,465.8,RS41-SGP,403.502,21.4,-875,13,2.8,08:12:09,
2026-09-19T16:19:24.006Z,X1909261,8247,-15.50511,-47.54973,6449.8,-10.1,6.7,73.4,-8.0,25.6,466.4,RS41-SGP,403.502,21.8,-875,13,2.7,08:12:09,
2026-09-19T16:19:25.006Z,X1909261,8248,-15.50509,-47.54967,6439.7,-10.2,4.9,71.6,-7.9,26.6,466.6,RS41-SGP,403.502,21.8,-875,13,2.7,08:12:09,
2026-09-19T16:19:26.006Z,X1909261,8249,-15.50508,-47.54964,6429.4,-10.5,2.8,73.3,-7.8,27.4,467.6,RS41-SGP,403.502,21.1,-875,13,2.8,08:12:09,
2026-09-19T16:19:27.006Z,X1909261,8250,-15.50508,-47.54962,6419.2,-10.0,3.0,130.0,-7.8,25.7,468.1,RS41-SGP,403.502,21.1,-875,13,2.8,08:12:09,
2026-09-19T16:19:28.006Z,X1909261,8251,-15.50511,-47.54959,6409.1,-10.6,5.7,129.6,-7.7,23.8,468.9,RS41-SGP,403.502,21.1,-875,13,2.8,08:12:09,
2026-09-19T16:19:29.006Z,X1909261,8252,-15.50514,-47.54954,6398.4,-10.8,7.2,115.6,-7.7,24.7,469.2,RS41-SGP,403.502,21.1,-875,13,2.8,08:12:09,
2026-09-19T16:19:30.006Z,X1909261,8253,-15.50516,-47.54948,6388.1,-9.9,6.9,95.3,-7.7,26.5,470.0,RS41-SGP,403.502,21.1,-875,13,2.7,08:12:09,
2026-09-19T16:19:31.006Z,X1909261,8254,-15.50515,-47.54941,6378.1,-10.4,6.9,74.6,-7.7,26.8,470.4,RS41-SGP,403.502,21.4,-875,13,2.7,08:12:09,
2026-09-19T16:19:32.006Z,X1909261,8255,-15.50513,-47.54935,6367.7,-10.2,6.7,68.0,-7.6,26.6,471.0,RS41-SGP,403.502,21.6,-875,13,2.8,08:12:09,
2026-09-19T16:19:33.006Z,X1909261,8256,-15.50511,-47.54930,6357.7,-9.9,6.7,72.3,-7.4,25.8,471.9,RS41-SGP,403.502,21.6,-875,13,2.8,08:12:09,
2026-09-19T16:19:34.006Z,X1909261,8257,-15.50510,-47.54923,6347.9,-9.8,7.3,86.6,-7.3,25.0,472.6,RS41-SGP,403.502,20.8,-875,13,2.8,08:12:09,
2026-09-19T16:19:35.006Z,X1909261,8258,-15.50510,-47.54916,6338.1,-9.9,8.2,93.4,-7.3,25.3,473.0,RS41-SGP,403.502,21.0,-875,13,2.8,08:12:09,
2026-09-19T16:19:36.006Z,X1909261,8259,-15.50510,-47.54908,6328.1,-10.1,8.7,91.6,-7.3,25.6,473.6,RS41-SGP,403.502,21.3,-875,13,2.7,08:12:09,
2026-09-19T16:19:37.006Z,X1909261,8260,-15.50510,-47.54900,6318.2,-9.9,9.5,89.0,-7.3,25.3,474.0,RS41-SGP,403.502,21.4,-875,13,2.7,08:12:09,
2026-09-19T16:19:38.006Z,X1909261,8261,-15.50510,-47.54891,6308.3,-9.9,9.8,89.1,-7.2,25.7,475.0,RS41-SGP,403.502,21.4,-875,13,2.8,08:12:09,
2026-09-19T16:19:39.006Z,X1909261,8262,-15.50510,-47.54882,6298.7,-9.6,9.0,88.9,-7.2,25.6,475.5,RS41-SGP,403.502,21.2,-875,13,2.8,08:11:18,
2026-09-19T16:19:40.006Z,X1909261,8263,-15.50509,-47.54874,6288.9,-10.0,8.0,82.1,-7.2,25.5,476.0,RS41-SGP,403.502,21.6,-875,13,2.8,08:11:18,
2026-09-19T16:19:41.006Z,X1909261,8264,-15.50508,-47.54868,6278.9,-9.9,6.4,78.1,-7.1,25.2,476.5,RS41-SGP,403.502,21.6,-875,13,2.8,08:11:18,
2026-09-19T16:19:42.006Z,X1909261,8265,-15.50507,-47.54863,6268.8,-10.4,4.3,77.7,-7.0,25.0,477.4,RS41-SGP,403.502,21.3,-875,13,2.7,08:11:18,
2026-09-19T16:19:43.006Z,X1909261,8266,-15.50507,-47.54860,6258.6,-10.1,3.2,95.2,-6.9,25.0,477.9,RS41-SGP,403.502,21.6,-875,13,2.7,08:11:18,
2026-09-19T16:19:44.006Z,X1909261,8267,-15.50508,-47.54857,6248.7,-9.7,3.6,119.3,-6.8,24.9,478.6,RS41-SGP,403.502,21.6,-875,13,2.8,08:11:18,
2026-09-19T16:19:45.006Z,X1909261,8268,-15.50510,-47.54854,6238.9,-9.7,5.0,123.2,-6.8,24.6,479.0,RS41-SGP,403.502,21.5,-875,13,2.8,08:11:18,
2026-09-19T16:19:46.006Z,X1909261,8269,-15.50512,-47.54849,6229.2,-9.9,5.9,118.5,-6.7,24.3,479.5,RS41-SGP,403.502,21.1,-875,13,2.8,08:11:18,
2026-09-19T16:19:47.006Z,X1909261,8270,-15.50515,-47.54844,6219.2,-10.3,6.7,113.6,-6.6,24.3,480.1,RS41-SGP,403.502,20.0,-875,13,2.8,08:11:18,
2026-09-19T16:19:48.006Z,X1909261,8271,-15.50517,-47.54837,6209.1,-9.9,8.1,98.1,-6.6,24.2,481.0,RS41-SGP,403.502,21.0,-875,13,2.8,08:11:18,
2026-09-19T16:19:49.006Z,X1909261,8272,-15.50516,-47.54830,6198.9,-10.6,8.4,78.4,-6.5,23.9,481.5,RS41-SGP,403.502,21.2,-875,13,2.7,08:11:18,
2026-09-19T16:19:50.006Z,X1909261,8273,-15.50514,-47.54823,6188.5,-10.4,7.3,63.0,-6.4,23.8,482.3,RS41-SGP,403.502,21.7,-875,13,2.7,08:11:18,
2026-09-19T16:19:51.006Z,X1909261,8274,-15.50511,-47.54818,6178.2,-10.2,5.5,52.1,-6.3,23.7,482.8,RS41-SGP,403.502,21.7,-875,13,2.8,08:11:18,
2026-09-19T16:19:52.006Z,X1909261,8275,-15.50508,-47.54815,6168.0,-10.3,4.0,50.5,-6.2,23.5,483.3,RS41-SGP,403.502,21.2,-875,13,2.8,08:11:18,
2026-09-19T16:19:53.006Z,X1909261,8276,-15.50506,-47.54812,6157.8,-10.2,3.6,57.1,-6.1,23.4,484.1,RS41-SGP,403.502,20.5,-875,13,2.8,08:11:18,
2026-09-19T16:19:54.006Z,X1909261,8277,-15.50505,-47.54809,6147.6,-10.2,3.9,80.1,-6.0,23.3,484.7,RS41-SGP,403.502,20.7,-875,13,2.8,08:11:18,
2026-09-19T16:19:55.006Z,X1909261,8278,-15.50505,-47.54805,6137.5,-10.2,4.7,104.1,-6.0,22.7,485.2,RS41-SGP,403.502,20.7,-875,13,2.7,08:11:18,
2026-09-19T16:19:56.006Z,X1909261,8279,-15.50507,-47.54800,6127.4,-10.2,5.3,109.3,-6.0,22.3,485.9,RS41-SGP,403.502,20.5,-875,13,2.7,08:11:18,
2026-09-19T16:19:57.006Z,X1909261,8280,-15.50507,-47.54795,6117.6,-9.5,6.8,88.2,-5.9,21.2,486.4,RS41-SGP,403.502,21.7,-875,13,2.8,08:11:18,
2026-09-19T16:19:58.006Z,X1909261,8281,-15.50506,-47.54788,6107.8,-10.1,8.0,68.5,-5.8,20.5,487.1,RS41-SGP,403.502,21.7,-875,13,2.8,08:11:18,
2026-09-19T16:19:59.006Z,X1909261,8282,-15.50503,-47.54783,6098.0,-9.6,6.3,51.8,-5.7,20.4,487.8,RS41-SGP,403.502,21.0,-875,13,2.8,08:11:18,
2026-09-19T16:20:00.006Z,X1909261,8283,-15.50500,-47.54779,6088.0,-10.5,3.4,51.5,-5.6,20.3,488.4,RS41-SGP,403.502,21.5,-875,13,2.8,08:11:18,
2026-09-19T16:20:01.006Z,X1909261,8284,-15.50499,-47.54777,6077.6,-10.5,2.0,80.2,-5.6,20.0,489.0,RS41-SGP,403.502,21.5,-875,13,2.7,08:11:18,
2026-09-19T16:20:02.006Z,X1909261,8285,-15.50499,-47.54775,6067.1,-10.4,1.8,87.0,-5.5,19.5,489.7,RS41-SGP,403.502,20.7,-875,13,2.7,08:11:18,
2026-09-19T16:20:03.006Z,X1909261,8286,-15.50498,-47.54773,6056.9,-10.1,3.8,51.7,-5.4,18.4,490.3,RS41-SGP,403.502,20.7,-875,13,2.8,08:11:18,
2026-09-19T16:20:04.006Z,X1909261,8287,-15.50495,-47.54771,6046.4,-11.0,4.9,32.6,-5.4,17.2,491.0,RS41-SGP,403.502,19.9,-875,13,2.8,08:11:18,
2026-09-19T16:20:05.006Z,X1909261,8288,-15.50491,-47.54767,6036.1,-9.8,6.6,39.9,-5.3,15.6,491.6,RS41-SGP,403.502,20.2,-875,13,2.8,08:11:18,
2026-09-19T16:20:06.006Z,X1909261,8289,-15.50487,-47.54763,6026.1,-10.2,6.3,52.2,-5.2,14.4,492.2,RS41-SGP,403.502,20.5,-875,13,2.8,08:11:18,
2026-09-19T16:20:07.006Z,X1909261,8290,-15.50484,-47.54758,6015.9,-10.3,5.9,71.6,-5.1,14.0,492.9,RS41-SGP,403.502,21.2,-875,13,2.7,08:11:18,
2026-09-19T16:20:08.006Z,X1909261,8291,-15.50483,-47.54754,6006.0,-9.7,4.6,89.8,-5.1,13.6,493.5,RS41-SGP,403.502,21.5,-875,13,2.7,08:11:18,
2026-09-19T16:20:09.006Z,X1909261,8292,-15.50483,-47.54750,5996.2,-10.2,2.7,94.4,-5.0,13.4,494.3,RS41-SGP,403.502,21.5,-875,13,2.8,08:11:18,
2026-09-19T16:20:10.006Z,X1909261,8293,-15.50483,-47.54748,5985.9,-10.6,1.7,74.0,-4.9,13.1,494.9,RS41-SGP,403.502,21.2,-875,13,2.8,08:11:18,
2026-09-19T16:20:11.006Z,X1909261,8294,-15.50483,-47.54747,5975.4,-10.4,1.7,49.0,-4.8,12.8,495.5,RS41-SGP,403.502,20.0,-875,13,2.8,08:11:18,
2026-09-19T16:20:12.006Z,X1909261,8295,-15.50482,-47.54745,5965.3,-9.9,3.0,64.8,-4.7,12.7,496.0,RS41-SGP,403.502,20.7,-875,13,2.8,08:11:18,
2026-09-19T16:20:13.006Z,X1909261,8296,-15.50480,-47.54741,5955.1,-10.6,6.0,63.2,-4.7,12.6,496.5,RS41-SGP,403.502,21.7,-875,13,2.7,08:11:18,
2026-09-19T16:20:14.006Z,X1909261,8297,-15.50477,-47.54736,5944.5,-10.8,6.8,60.2,-4.6,12.6,497.5,RS41-SGP,403.502,21.7,-875,13,2.7,08:11:18,
2026-09-19T16:20:15.006Z,X1909261,8298,-15.50474,-47.54731,5934.5,-9.4,5.4,62.4,-4.5,12.6,498.1,RS41-SGP,403.502,21.4,-875,13,2.8,08:11:18,
2026-09-19T16:20:16.006Z,X1909261,8299,-15.50473,-47.54728,5924.6,-10.4,2.3,67.8,-4.4,12.5,498.7,RS41-SGP,403.502,22.1,-875,13,2.8,08:11:18,
2026-09-19T16:20:17.006Z,X1909261,8300,-15.50472,-47.54727,5914.3,-10.3,0.6,339.3,-4.4,12.4,499.0,RS41-SGP,403.502,22.1,-875,13,2.8,08:11:18,
2026-09-19T16:20:18.006Z,X1909261,8301,-15.50471,-47.54728,5904.1,-10.1,2.4,326.3,-4.4,12.4,499.7,RS41-SGP,403.502,21.3,-875,13,2.8,08:11:18,
2026-09-19T16:20:19.006Z,X1909261,8302,-15.50469,-47.54729,5894.3,-9.5,3.9,346.3,-4.2,12.3,500.5,RS41-SGP,403.502,21.3,-875,13,2.8,08:11:18,
2026-09-19T16:20:20.006Z,X1909261,8303,-15.50465,-47.54730,5884.5,-10.0,4.8,0.7,-4.2,12.1,501.0,RS41-SGP,403.502,21.2,-875,13,2.7,08:11:18,
2026-09-19T16:20:21.006Z,X1909261,8304,-15.50460,-47.54729,5874.3,-10.5,5.3,7.5,-4.1,12.1,501.9,RS41-SGP,403.502,21.0,-875,13,2.7,08:11:18,
2026-09-19T16:20:22.006Z,X1909261,8305,-15.50455,-47.54729,5863.8,-10.5,5.4,9.4,-4.0,12.2,502.5,RS41-SGP,403.502,21.0,-875,13,2.8,08:11:18,
2026-09-19T16:20:23.006Z,X1909261,8306,-15.50451,-47.54727,5853.9,-9.2,4.3,27.8,-3.9,12.1,503.1,RS41-SGP,403.502,19.8,-875,13,2.8,08:11:18,
2026-09-19T16:20:24.006Z,X1909261,8307,-15.50448,-47.54725,5844.4,-9.9,4.1,54.0,-3.8,11.9,503.7,RS41-SGP,403.502,20.8,-875,13,2.8,08:11:18,
2026-09-19T16:20:25.006Z,X1909261,8308,-15.50447,-47.54722,5834.4,-10.3,3.4,78.9,-3.7,11.8,504.5,RS41-SGP,403.502,21.0,-875,13,2.8,08:11:18,
2026-09-19T16:20:26.006Z,X1909261,8309,-15.50447,-47.54719,5824.1,-10.5,2.5,103.2,-3.7,11.6,505.1,RS41-SGP,403.502,21.4,-875,13,2.7,08:11:18,
2026-09-19T16:20:27.006Z,X1909261,8310,-15.50448,-47.54718,5813.9,-9.9,1.0,157.5,-3.6,11.4,505.7,RS41-SGP,403.502,21.4,-875,13,2.7,08:11:18,
2026-09-19T16:20:28.006Z,X1909261,8311,-15.50448,-47.54718,5804.3,-9.5,0.1,72.6,-3.5,11.1,506.4,RS41-SGP,403.502,21.0,-875,13,2.8,08:11:18,
2026-09-19T16:20:29.006Z,X1909261,8312,-15.50447,-47.54717,5794.9,-9.3,1.7,30.0,-3.4,11.0,506.9,RS41-SGP,403.502,21.1,-875,13,2.8,08:11:18,
2026-09-19T16:20:30.006Z,X1909261,8313,-15.50445,-47.54715,5785.8,-9.3,4.4,53.1,-3.3,10.0,507.6,RS41-SGP,403.502,21.4,-875,13,2.8,08:10:27,
2026-09-19T16:20:31.006Z,X1909261,8314,-15.50443,-47.54712,5776.4,-9.5,4.9,51.5,-3.2,9.3,508.3,RS41-SGP,403.502,21.7,-875,13,2.8,08:10:27,
2026-09-19T16:20:32.006Z,X1909261,8315,-15.50440,-47.54708,5766.5,-10.0,5.0,55.5,-3.1,8.9,508.9,RS41-SGP,403.502,21.9,-875,13,2.7,08:10:27,
2026-09-19T16:20:33.006Z,X1909261,8316,-15.50438,-47.54705,5756.5,-9.9,2.7,56.1,-3.1,8.5,509.3,RS41-SGP,403.502,21.9,-875,13,2.7,08:10:27,
2026-09-19T16:20:34.006Z,X1909261,8317,-15.50436,-47.54704,5746.8,-9.7,2.9,19.1,-3.1,8.1,510.1,RS41-SGP,403.502,21.2,-875,13,2.8,08:10:27,
2026-09-19T16:20:35.006Z,X1909261,8318,-15.50434,-47.54703,5737.3,-9.5,2.6,19.6,-3.0,7.6,510.7,RS41-SGP,403.502,21.0,-875,13,2.8,08:10:27,
2026-09-19T16:20:36.006Z,X1909261,8319,-15.50431,-47.54703,5727.8,-9.6,2.9,13.2,-2.9,7.1,511.4,RS41-SGP,403.502,21.9,-875,13,2.8,08:10:27,
2026-09-19T16:20:37.006Z,X1909261,8320,-15.50429,-47.54701,5718.4,-9.3,3.2,41.3,-2.8,6.8,512.1,RS41-SGP,403.502,22.2,-875,13,2.8,08:10:27,
2026-09-19T16:20:38.006Z,X1909261,8321,-15.50428,-47.54700,5709.2,-9.2,1.8,70.5,-2.8,6.6,512.5,RS41-SGP,403.502,22.2,-875,13,2.7,08:10:27,
2026-09-19T16:20:39.006Z,X1909261,8322,-15.50427,-47.54698,5699.9,-9.3,1.2,43.8,-2.7,6.5,513.3,RS41-SGP,403.502,22.3,-875,13,2.7,08:10:27,
2026-09-19T16:20:40.006Z,X1909261,8323,-15.50427,-47.54697,5690.4,-9.6,1.5,90.2,-2.7,6.4,513.7,RS41-SGP,403.502,22.3,-875,13,2.8,08:10:27,
2026-09-19T16:20:41.006Z,X1909261,8324,-15.50426,-47.54697,5680.8,-9.5,1.3,16.3,-2.6,6.4,514.4,RS41-SGP,403.502,21.6,-875,13,2.8,08:10:27,
2026-09-19T16:20:42.006Z,X1909261,8325,-15.50424,-47.54696,5671.6,-9.1,2.7,36.7,-2.5,6.4,515.0,RS41-SGP,403.502,21.6,-875,13,2.8,08:10:27,
2026-09-19T16:20:43.006Z,X1909261,8326,-15.50422,-47.54695,5662.4,-9.2,3.0,19.5,-2.4,6.4,515.5,RS41-SGP,403.502,21.6,-875,12,2.8,08:10:27,
2026-09-19T16:20:44.006Z,X1909261,8327,-15.50419,-47.54694,5652.8,-9.9,3.7,7.5,-2.4,6.3,516.1,RS41-SGP,403.502,22.1,-875,13,2.8,08:10:27,
2026-09-19T16:20:45.006Z,X1909261,8328,-15.50417,-47.54694,5642.8,-10.1,2.0,3.9,-2.3,6.2,517.0,RS41-SGP,403.502,22.1,-875,13,2.7,08:10:27,
2026-09-19T16:20:46.006Z,X1909261,8329,-15.50415,-47.54694,5633.1,-9.5,1.9,315.1,-2.3,6.1,517.6,RS41-SGP,403.502,21.5,-875,13,2.7,08:10:27,
2026-09-19T16:20:47.006Z,X1909261,8330,-15.50414,-47.54695,5623.7,-9.2,1.1,303.0,-2.2,6.1,518.4,RS41-SGP,403.502,21.5,-875,13,2.8,08:10:27,
2026-09-19T16:20:48.006Z,X1909261,8331,-15.50414,-47.54696,5614.4,-9.4,1.4,311.4,-2.1,6.1,518.7,RS41-SGP,403.502,21.7,-875,13,2.8,08:10:27,
2026-09-19T16:20:49.006Z,X1909261,8332,-15.50412,-47.54697,5605.0,-9.4,1.6,9.7,-2.0,6.0,519.4,RS41-SGP,403.502,21.7,-875,13,2.8,08:10:27,
2026-09-19T16:20:50.006Z,X1909261,8333,-15.50411,-47.54696,5595.6,-9.4,1.9,30.1,-2.0,5.9,519.9,RS41-SGP,403.502,21.7,-875,13,2.8,08:10:27,
2026-09-19T16:20:51.006Z,X1909261,8334,-15.50409,-47.54695,5586.2,-9.2,2.3,38.3,-1.9,5.9,520.8,RS41-SGP,403.502,21.7,-875,13,2.7,08:10:27,
2026-09-19T16:20:52.006Z,X1909261,8335,-15.50408,-47.54694,5577.0,-9.3,1.3,19.0,-1.8,5.9,521.3,RS41-SGP,403.502,22.0,-875,13,2.7,08:10:27,
2026-09-19T16:20:53.006Z,X1909261,8336,-15.50406,-47.54694,5567.8,-9.1,2.5,358.3,-1.7,5.8,521.8,RS41-SGP,403.502,22.0,-875,13,2.8,08:10:27,
2026-09-19T16:20:54.006Z,X1909261,8337,-15.50404,-47.54695,5558.4,-9.5,2.8,319.8,-1.7,5.8,522.5,RS41-SGP,403.502,21.3,-875,13,2.8,08:10:27,
2026-09-19T16:20:55.006Z,X1909261,8338,-15.50401,-47.54697,5549.2,-8.9,4.4,337.5,-1.6,5.7,523.0,RS41-SGP,403.502,21.3,-875,13,2.8,08:10:27,
2026-09-19T16:20:56.006Z,X1909261,8339,-15.50398,-47.54699,5539.8,-9.7,3.3,330.8,-1.5,5.7,523.8,RS41-SGP,403.502,20.9,-875,13,2.8,08:10:27,
2026-09-19T16:20:57.006Z,X1909261,8340,-15.50396,-47.54700,5530.4,-9.1,2.5,329.2,-1.4,5.6,524.2,RS41-SGP,403.502,21.6,-875,13,2.7,08:10:27,
2026-09-19T16:20:58.006Z,X1909261,8341,-15.50394,-47.54701,5521.1,-9.5,1.5,339.5,-1.3,5.5,524.9,RS41-SGP,403.502,21.6,-875,13,2.7,08:10:27,
2026-09-19T16:20:59.006Z,X1909261,8342,-15.50393,-47.54702,5511.6,-9.4,2.1,304.7,-1.3,5.5,525.5,RS41-SGP,403.502,21.2,-875,13,2.8,08:10:27,
2026-09-19T16:21:00.006Z,X1909261,8343,-15.50392,-47.54703,5502.0,-9.7,2.4,332.3,-1.2,5.4,525.9,RS41-SGP,403.502,21.2,-875,13,2.8,08:10:27,
2026-09-19T16:21:01.006Z,X1909261,8344,-15.50390,-47.54704,5492.8,-8.6,2.3,331.0,-1.1,5.4,526.7,RS41-SGP,403.502,21.3,-875,13,2.8,08:10:27,
2026-09-19T16:21:02.006Z,X1909261,8345,-15.50388,-47.54705,5483.5,-9.8,2.2,353.3,-1.0,5.3,527.5,RS41-SGP,403.502,21.7,-875,13,2.8,08:10:27,
2026-09-19T16:21:03.006Z,X1909261,8346,-15.50386,-47.54706,5474.0,-9.3,1.1,324.1,-0.9,5.3,528.0,RS41-SGP,403.502,21.7,-875,13,2.8,08:10:27,
2026-09-19T16:21:04.006Z,X1909261,8347,-15.50386,-47.54706,5464.7,-9.0,1.1,300.2,-0.8,5.3,528.7,RS41-SGP,403.502,21.4,-875,13,2.7,08:10:27,
2026-09-19T16:21:05.006Z,X1909261,8348,-15.50385,-47.54708,5455.6,-9.2,1.6,271.1,-0.8,5.2,529.3,RS41-SGP,403.502,21.0,-875,13,2.7,08:10:27,
2026-09-19T16:21:06.006Z,X1909261,8349,-15.50385,-47.54709,5446.4,-9.1,1.4,341.0,-0.7,5.1,530.0,RS41-SGP,403.502,20.0,-875,13,2.8,08:10:27,
2026-09-19T16:21:07.006Z,X1909261,8350,-15.50383,-47.54709,5436.9,-9.8,1.5,358.1,-0.6,5.1,530.6,RS41-SGP,403.502,20.8,-875,13,2.8,08:10:27,
2026-09-19T16:21:08.006Z,X1909261,8351,-15.50382,-47.54708,5427.2,-9.5,2.4,29.3,-0.6,5.0,531.2,RS41-SGP,403.502,21.3,-875,13,2.8,08:10:27,
2026-09-19T16:21:09.006Z,X1909261,8352,-15.50380,-47.54708,5418.0,-9.0,2.1,357.3,-0.4,5.1,531.8,RS41-SGP,403.502,21.3,-875,13,2.8,08:10:27,
2026-09-19T16:21:10.006Z,X1909261,8353,-15.50379,-47.54709,5408.7,-9.6,2.7,291.5,-0.4,5.1,532.4,RS41-SGP,403.502,21.7,-875,13,2.7,08:10:27,
2026-09-19T16:21:11.006Z,X1909261,8354,-15.50378,-47.54712,5398.7,-10.3,3.8,265.7,-0.4,5.0,533.0,RS41-SGP,403.502,21.7,-875,13,2.7,08:10:27,
2026-09-19T16:21:12.006Z,X1909261,8355,-15.50379,-47.54716,5388.6,-9.7,4.4,256.9,-0.2,5.0,533.8,RS41-SGP,403.502,20.8,-875,13,2.8,08:10:27,
2026-09-19T16:21:13.006Z,X1909261,8356,-15.50379,-47.54720,5378.9,-9.5,3.5,276.7,-0.1,5.0,534.3,RS41-SGP,403.502,20.8,-875,13,2.8,08:10:27,
2026-09-19T16:21:14.006Z,X1909261,8357,-15.50377,-47.54723,5369.2,-9.9,4.9,305.8,-0.0,4.9,534.8,RS41-SGP,403.502,21.6,-875,13,2.8,08:10:27,
2026-09-19T16:21:15.006Z,X1909261,8358,-15.50374,-47.54727,5359.0,-10.4,6.3,327.6,0.0,4.9,535.8,RS41-SGP,403.502,21.6,-875,13,2.8,08:10:27,
2026-09-19T16:21:16.006Z,X1909261,8359,-15.50369,-47.54730,5348.6,-10.3,6.6,326.3,0.1,4.9,536.5,RS41-SGP,403.502,20.8,-875,13,2.7,08:10:27,
2026-09-19T16:21:17.006Z,X1909261,8360,-15.50364,-47.54733,5338.9,-9.1,5.0,327.9,0.2,4.8,536.9,RS41-SGP,403.502,20.8,-875,13,2.7,08:10:27,
2026-09-19T16:21:18.006Z,X1909261,8361,-15.50361,-47.54735,5329.8,-9.2,3.4,331.5,0.3,4.8,537.6,RS41-SGP,403.502,21.2,-875,13,2.8,08:10:27,
2026-09-19T16:21:19.006Z,X1909261,8362,-15.50359,-47.54736,5319.8,-10.7,1.5,316.1,0.2,4.9,538.3,RS41-SGP,403.502,21.6,-875,13,2.8,08:10:27,
2026-09-19T16:21:20.006Z,X1909261,8363,-15.50358,-47.54738,5309.2,-10.4,1.4,276.6,0.3,5.4,538.9,RS41-SGP,403.502,21.6,-875,13,2.8,08:10:27,
2026-09-19T16:21:21.006Z,X1909261,8364,-15.50358,-47.54740,5299.2,-9.6,3.5,256.0,0.2,6.3,539.7,RS41-SGP,403.502,21.5,-875,13,2.8,08:09:36,
2026-09-19T16:21:22.006Z,X1909261,8365,-15.50359,-47.54744,5289.6,-9.4,5.1,262.4,0.2,6.8,540.0,RS41-SGP,403.502,21.4,-875,13,2.8,08:09:36,
2026-09-19T16:21:23.006Z,X1909261,8366,-15.50359,-47.54749,5280.3,-9.2,5.5,272.2,0.2,7.1,540.9,RS41-SGP,403.502,21.2,-875,13,2.7,08:09:36,
2026-09-19T16:21:24.006Z,X1909261,8367,-15.50358,-47.54754,5270.8,-9.7,6.5,289.7,0.2,7.0,541.4,RS41-SGP,403.502,21.5,-875,13,2.7,08:09:36,
2026-09-19T16:21:25.006Z,X1909261,8368,-15.50355,-47.54760,5260.9,-10.0,8.0,299.9,0.2,6.9,542.1,RS41-SGP,403.502,21.5,-875,13,2.8,08:09:36,
2026-09-19T16:21:26.006Z,X1909261,8369,-15.50351,-47.54767,5251.0,-9.6,7.9,304.5,0.1,5.4,542.9,RS41-SGP,403.502,21.1,-875,13,2.8,08:09:36,
2026-09-19T16:21:27.006Z,X1909261,8370,-15.50348,-47.54772,5241.6,-9.1,5.9,309.3,0.1,5.1,543.6,RS41-SGP,403.502,20.5,-875,13,2.8,08:09:36,
2026-09-19T16:21:28.006Z,X1909261,8371,-15.50344,-47.54775,5232.7,-8.9,4.9,324.4,0.0,4.6,544.1,RS41-SGP,403.502,20.6,-875,13,2.8,08:09:36,
2026-09-19T16:21:29.006Z,X1909261,8372,-15.50340,-47.54778,5223.6,-9.1,4.7,327.2,-0.0,4.4,544.7,RS41-SGP,403.502,20.6,-875,13,2.7,08:09:36,
2026-09-19T16:21:30.006Z,X1909261,8373,-15.50336,-47.54781,5214.3,-9.4,5.9,323.8,0.1,4.3,545.4,RS41-SGP,403.502,20.8,-875,13,2.7,08:09:36,
2026-09-19T16:21:31.006Z,X1909261,8374,-15.50332,-47.54784,5205.2,-8.8,6.4,325.3,0.1,4.0,546.0,RS41-SGP,403.502,21.4,-875,13,2.8,08:09:36,
2026-09-19T16:21:32.006Z,X1909261,8375,-15.50327,-47.54787,5196.2,-9.1,6.4,328.5,0.2,3.4,546.5,RS41-SGP,403.502,21.4,-875,13,2.8,08:09:36,
2026-09-19T16:21:33.006Z,X1909261,8376,-15.50322,-47.54791,5186.9,-9.3,5.4,318.7,0.2,3.2,547.4,RS41-SGP,403.502,20.7,-875,13,2.8,08:09:36,
2026-09-19T16:21:34.006Z,X1909261,8377,-15.50320,-47.54794,5177.6,-9.3,3.5,298.5,0.2,3.1,548.0,RS41-SGP,403.502,20.2,-875,13,2.8,08:09:36,
2026-09-19T16:21:35.006Z,X1909261,8378,-15.50318,-47.54797,5168.5,-9.0,3.0,299.6,0.1,2.9,548.5,RS41-SGP,403.502,21.9,-875,13,2.8,08:09:36,
2026-09-19T16:21:36.006Z,X1909261,8379,-15.50316,-47.54799,5159.3,-9.3,4.2,326.6,-0.0,2.9,549.3,RS41-SGP,403.502,21.9,-875,13,2.7,08:09:36,
2026-09-19T16:21:37.006Z,X1909261,8380,-15.50312,-47.54802,5150.0,-9.3,6.6,310.2,0.0,3.0,549.9,RS41-SGP,403.502,21.2,-875,13,2.7,08:09:36,
2026-09-19T16:21:38.006Z,X1909261,8381,-15.50309,-47.54808,5140.9,-8.8,7.4,292.4,0.0,3.2,550.4,RS41-SGP,403.502,20.9,-875,13,2.8,08:09:36,
2026-09-19T16:21:39.006Z,X1909261,8382,-15.50308,-47.54815,5131.5,-10.0,8.1,269.0,-0.0,3.4,550.9,RS41-SGP,403.502,19.9,-875,13,2.8,08:09:36,
2026-09-19T16:21:40.006Z,X1909261,8383,-15.50309,-47.54822,5121.9,-9.2,7.2,249.2,-0.0,3.5,551.9,RS41-SGP,403.502,20.1,-875,13,2.8,08:09:36,
2026-09-19T16:21:41.006Z,X1909261,8384,-15.50311,-47.54826,5112.5,-9.5,4.1,234.4,-0.1,3.6,552.4,RS41-SGP,403.502,20.1,-875,13,2.8,08:09:36,
2026-09-19T16:21:42.006Z,X1909261,8385,-15.50312,-47.54829,5102.7,-10.0,2.2,272.6,0.0,3.7,553.0,RS41-SGP,403.502,21.1,-875,13,2.7,08:09:36,
2026-09-19T16:21:43.006Z,X1909261,8386,-15.50311,-47.54832,5092.7,-10.0,4.1,309.4,-0.0,3.8,553.7,RS41-SGP,403.502,21.1,-875,13,2.7,08:09:36,
2026-09-19T16:21:44.006Z,X1909261,8387,-15.50308,-47.54835,5082.8,-9.8,6.0,310.6,0.0,3.8,554.6,RS41-SGP,403.502,20.4,-875,13,2.8,08:09:36,
2026-09-19T16:21:45.006Z,X1909261,8388,-15.50306,-47.54840,5073.4,-8.9,6.0,281.9,0.2,3.8,555.1,RS41-SGP,403.502,18.8,-875,13,2.8,08:09:36,
2026-09-19T16:21:46.006Z,X1909261,8389,-15.50306,-47.54845,5064.4,-9.2,5.6,251.5,0.2,3.9,555.8,RS41-SGP,403.502,20.1,-875,13,2.8,08:09:36,
2026-09-19T16:21:47.006Z,X1909261,8390,-15.50308,-47.54849,5054.7,-9.9,4.8,217.1,0.3,3.8,556.4,RS41-SGP,403.502,20.1,-875,13,2.8,08:09:36,
2026-09-19T16:21:48.006Z,X1909261,8391,-15.50311,-47.54851,5045.2,-9.2,3.3,216.8,0.4,3.9,557.2,RS41-SGP,403.502,20.8,-875,13,2.8,08:09:36,
2026-09-19T16:21:49.006Z,X1909261,8392,-15.50313,-47.54854,5035.9,-9.4,3.3,265.2,0.3,3.9,557.4,RS41-SGP,403.502,20.8,-875,13,2.7,08:09:36,
2026-09-19T16:21:50.006Z,X1909261,8393,-15.50312,-47.54858,5026.4,-9.6,5.2,285.2,0.4,4.1,558.5,RS41-SGP,403.502,20.8,-875,13,2.7,08:09:36,
2026-09-19T16:21:51.006Z,X1909261,8394,-15.50311,-47.54863,5016.8,-9.4,6.5,280.5,0.4,4.2,558.9,RS41-SGP,403.502,20.3,-875,13,2.8,08:09:36,
2026-09-19T16:21:52.006Z,X1909261,8395,-15.50310,-47.54869,5007.6,-9.1,6.8,270.6,0.4,5.6,559.5,RS41-SGP,403.502,18.9,-875,13,2.8,08:09:36,
2026-09-19T16:21:53.006Z,X1909261,8396,-15.50311,-47.54875,4998.5,-9.1,5.1,251.8,0.2,8.3,560.1,RS41-SGP,403.502,19.9,-875,13,2.8,08:09:36,
2026-09-19T16:21:54.006Z,X1909261,8397,-15.50313,-47.54878,4989.0,-9.9,3.7,231.5,-0.2,9.7,560.6,RS41-SGP,403.502,20.9,-875,13,2.8,08:09:36,
2026-09-19T16:21:55.006Z,X1909261,8398,-15.50315,-47.54881,4979.5,-9.2,3.7,218.9,-0.2,10.0,561.5,RS41-SGP,403.502,20.9,-875,13,2.7,08:09:36,
2026-09-19T16:21:56.006Z,X1909261,8399,-15.50318,-47.54883,4970.8,-8.1,4.4,228.5,-0.1,10.1,562.1,RS41-SGP,403.502,20.7,-875,13,2.7,08:09:36,
2026-09-19T16:21:57.006Z,X1909261,8400,-15.50320,-47.54887,4962.8,-8.2,6.1,237.7,0.0,10.1,562.7,RS41-SGP,403.502,20.7,-875,13,2.8,08:09:36,
2026-09-19T16:21:58.006Z,X1909261,8401,-15.50323,-47.54893,4954.2,-9.0,7.5,245.4,0.1,10.1,563.3,RS41-SGP,403.502,20.7,-875,13,2.8,08:09:36,
2026-09-19T16:21:59.006Z,X1909261,8402,-15.50326,-47.54900,4945.1,-9.1,8.5,250.8,0.1,10.1,563.8,RS41-SGP,403.502,20.3,-875,13,2.8,08:09:36,
2026-09-19T16:22:00.006Z,X1909261,8403,-15.50328,-47.54907,4936.2,-8.6,7.8,254.1,0.2,10.1,564.6,RS41-SGP,403.502,20.1,-875,13,2.8,08:09:36,
2026-09-19T16:22:01.006Z,X1909261,8404,-15.50330,-47.54913,4927.8,-8.5,6.6,245.7,0.3,10.1,565.1,RS41-SGP,403.502,20.0,-875,13,2.8,08:09:36,
2026-09-19T16:22:04.006Z,X1909261,8407,-15.50342,-47.54929,4901.7,-8.9,8.4,232.7,0.4,10.3,567.0,RS41-SGP,403.502,20.4,-875,13,2.8,08:09:36,
2026-09-19T16:22:05.006Z,X1909261,8408,-15.50346,-47.54936,4892.8,-8.9,9.2,244.7,0.4,10.2,567.6,RS41-SGP,403.502,20.7,-875,13,2.8,08:09:36,
2026-09-19T16:22:06.006Z,X1909261,8409,-15.50350,-47.54944,4884.2,-8.4,9.7,241.2,0.5,10.1,568.1,RS41-SGP,403.502,20.7,-875,13,2.8,08:09:36,
2026-09-19T16:22:07.006Z,X1909261,8410,-15.50354,-47.54952,4875.7,-8.6,10.5,244.2,0.6,10.1,568.9,RS41-SGP,403.502,20.0,-875,13,2.8,08:09:36,
2026-09-19T16:22:08.006Z,X1909261,8411,-15.50358,-47.54961,4867.3,-8.5,10.3,244.0,0.7,10.1,569.6,RS41-SGP,403.502,20.1,-875,13,2.7,08:09:36,
2026-09-19T16:22:09.006Z,X1909261,8412,-15.50362,-47.54969,4858.8,-8.5,9.3,243.2,0.8,10.1,570.1,RS41-SGP,403.502,20.1,-875,13,2.7,08:09:36,
2026-09-19T16:22:10.006Z,X1909261,8413,-15.50366,-47.54976,4850.5,-8.1,8.5,240.5,0.9,10.1,570.8,RS41-SGP,403.502,19.9,-875,13,2.8,08:09:36,
2026-09-19T16:22:11.006Z,X1909261,8414,-15.50369,-47.54983,4842.3,-8.4,7.9,242.7,1.0,10.1,571.3,RS41-SGP,403.502,20.6,-875,13,2.8,08:09:36,
2026-09-19T16:22:12.006Z,X1909261,8415,-15.50373,-47.54989,4833.6,-8.8,7.4,237.3,1.1,10.2,571.9,RS41-SGP,403.502,20.6,-875,13,2.8,08:08:45,
2026-09-19T16:22:13.006Z,X1909261,8416,-15.50376,-47.54995,4824.5,-9.6,7.1,240.5,1.1,10.2,572.5,RS41-SGP,403.502,20.6,-875,13,2.8,08:08:45,
2026-09-19T16:22:14.006Z,X1909261,8417,-15.50379,-47.55001,4815.1,-9.1,7.1,248.5,1.1,10.2,573.2,RS41-SGP,403.502,20.8,-875,13,2.8,08:08:45,
2026-09-19T16:22:15.006Z,X1909261,8418,-15.50381,-47.55008,4806.2,-8.9,7.5,255.2,1.1,10.1,573.8,RS41-SGP,403.502,20.8,-875,13,2.7,08:08:45,
2026-09-19T16:22:16.006Z,X1909261,8419,-15.50383,-47.55014,4797.3,-8.7,6.8,244.9,1.2,10.1,574.4,RS41-SGP,403.502,20.0,-875,13,2.7,08:08:45,
2026-09-19T16:22:17.006Z,X1909261,8420,-15.50386,-47.55019,4788.4,-9.3,6.1,235.6,1.3,10.0,574.8,RS41-SGP,403.502,19.3,-875,13,2.8,08:08:45,
2026-09-19T16:22:18.006Z,X1909261,8421,-15.50389,-47.55024,4779.3,-8.8,6.0,222.9,1.4,10.0,575.8,RS41-SGP,403.502,19.3,-875,13,2.8,08:08:45,
2026-09-19T16:22:19.006Z,X1909261,8422,-15.50393,-47.55028,4770.4,-9.1,7.0,222.8,1.5,10.0,576.5,RS41-SGP,403.502,20.2,-875,13,2.8,08:08:45,
2026-09-19T16:22:20.006Z,X1909261,8423,-15.50398,-47.55033,4761.1,-9.4,8.8,228.8,1.5,10.0,577.0,RS41-SGP,403.502,20.5,-875,13,2.8,08:08:45,
2026-09-19T16:22:21.006Z,X1909261,8424,-15.50403,-47.55040,4752.0,-9.0,9.5,237.7,1.6,9.9,577.6,RS41-SGP,403.502,20.5,-875,13,2.8,08:08:45,
2026-09-19T16:22:22.006Z,X1909261,8425,-15.50407,-47.55047,4743.3,-8.6,8.4,245.8,1.7,9.9,578.2,RS41-SGP,403.502,19.2,-875,13,2.7,08:08:45,
2026-09-19T16:22:23.006Z,X1909261,8426,-15.50409,-47.55054,4734.4,-9.1,7.6,262.0,1.8,9.8,578.6,RS41-SGP,403.502,19.5,-875,13,2.7,08:08:45,
2026-09-19T16:22:24.006Z,X1909261,8427,-15.50410,-47.55061,4725.0,-9.7,7.0,263.9,1.9,9.8,579.5,RS41-SGP,403.502,19.5,-875,13,2.8,08:08:45,
2026-09-19T16:22:25.006Z,X1909261,8428,-15.50411,-47.55067,4715.5,-9.3,6.7,262.2,2.0,9.7,580.3,RS41-SGP,403.502,19.5,-875,13,2.8,08:08:45,
2026-09-19T16:22:26.006Z,X1909261,8429,-15.50412,-47.55073,4706.8,-8.0,6.6,245.4,2.1,9.6,580.8,RS41-SGP,403.502,19.5,-875,13,2.8,08:08:45,
2026-09-19T16:22:27.006Z,X1909261,8430,-15.50415,-47.55079,4698.4,-8.9,8.1,237.8,2.2,9.6,581.6,RS41-SGP,403.502,20.4,-875,13,2.8,08:08:45,
2026-09-19T16:22:28.006Z,X1909261,8431,-15.50420,-47.55086,4689.3,-9.2,9.6,237.7,2.3,9.5,582.2,RS41-SGP,403.502,20.4,-875,13,2.7,08:08:45,
2026-09-19T16:22:29.006Z,X1909261,8432,-15.50424,-47.55094,4680.2,-8.9,9.6,242.8,2.4,9.5,582.5,RS41-SGP,403.502,19.7,-875,13,2.7,08:08:45,
2026-09-19T16:22:30.006Z,X1909261,8433,-15.50427,-47.55102,4671.3,-9.1,9.2,257.4,2.4,9.4,583.2,RS41-SGP,403.502,19.7,-875,13,2.8,08:08:45,
2026-09-19T16:22:31.006Z,X1909261,8434,-15.50428,-47.55111,4661.9,-9.8,8.8,267.8,2.4,9.5,583.9,RS41-SGP,403.502,18.8,-875,13,2.8,08:08:45,
2026-09-19T16:22:32.006Z,X1909261,8435,-15.50428,-47.55118,4652.7,-8.7,7.5,270.0,2.6,9.6,584.7,RS41-SGP,403.502,18.0,-875,13,2.8,08:08:45,
2026-09-19T16:22:33.006Z,X1909261,8436,-15.50429,-47.55124,4643.7,-9.4,5.7,251.0,2.7,9.6,585.3,RS41-SGP,403.502,19.7,-875,13,2.8,08:08:45,
2026-09-19T16:22:34.006Z,X1909261,8437,-15.50431,-47.55129,4634.1,-9.7,6.1,236.7,2.7,9.6,585.9,RS41-SGP,403.502,19.7,-875,13,2.8,08:08:45,
2026-09-19T16:22:35.006Z,X1909261,8438,-15.50435,-47.55134,4624.7,-9.2,7.0,227.4,2.7,9.6,586.5,RS41-SGP,403.502,19.8,-875,13,2.7,08:08:45,
2026-09-19T16:22:36.006Z,X1909261,8439,-15.50439,-47.55139,4615.6,-9.1,8.2,228.2,2.7,9.7,587.1,RS41-SGP,403.502,20.1,-875,13,2.7,08:08:45,
2026-09-19T16:22:37.006Z,X1909261,8440,-15.50444,-47.55146,4606.6,-9.1,9.8,234.8,2.7,9.7,587.9,RS41-SGP,403.502,20.1,-875,13,2.8,08:08:45,
2026-09-19T16:22:38.006Z,X1909261,8441,-15.50449,-47.55154,4597.3,-9.5,10.5,245.5,2.8,9.8,588.5,RS41-SGP,403.502,19.1,-875,13,2.8,08:08:45,
2026-09-19T16:22:39.006Z,X1909261,8442,-15.50452,-47.55163,4587.9,-9.4,10.2,255.5,2.9,9.7,589.2,RS41-SGP,403.502,18.5,-875,13,2.8,08:08:45,
2026-09-19T16:22:40.006Z,X1909261,8443,-15.50453,-47.55171,4578.8,-8.9,8.6,273.3,3.0,9.7,589.8,RS41-SGP,403.502,17.3,-875,13,2.8,08:08:45,
2026-09-19T16:22:41.006Z,X1909261,8444,-15.50452,-47.55178,4569.8,-9.3,6.7,280.1,3.1,9.7,590.4,RS41-SGP,403.502,17.7,-875,13,2.8,08:08:45,
2026-09-19T16:22:42.006Z,X1909261,8445,-15.50451,-47.55184,4560.7,-9.0,5.4,267.0,3.1,9.8,591.2,RS41-SGP,403.502,19.4,-875,13,2.7,08:08:45,
2026-09-19T16:22:43.006Z,X1909261,8446,-15.50452,-47.55189,4551.3,-9.9,5.4,245.8,3.2,10.2,591.8,RS41-SGP,403.502,19.4,-875,13,2.7,08:08:45,
2026-09-19T16:22:44.006Z,X1909261,8447,-15.50455,-47.55193,4541.8,-9.4,5.8,239.6,3.3,10.2,592.6,RS41-SGP,403.502,19.6,-875,13,2.8,08:08:45,
2026-09-19T16:22:45.006Z,X1909261,8448,-15.50457,-47.55198,4532.5,-9.3,6.3,242.7,3.3,10.5,593.3,RS41-SGP,403.502,19.6,-875,13,2.8,08:08:45,
2026-09-19T16:22:46.006Z,X1909261,8449,-15.50460,-47.55204,4523.5,-8.8,6.5,245.0,3.5,10.7,593.8,RS41-SGP,403.502,19.5,-875,13,2.8,08:08:45,
2026-09-19T16:22:47.006Z,X1909261,8450,-15.50461,-47.55209,4514.5,-9.4,6.6,262.4,3.5,11.1,594.4,RS41-SGP,403.502,19.5,-875,13,2.8,08:08:45,
2026-09-19T16:22:48.006Z,X1909261,8451,-15.50461,-47.55215,4505.0,-9.8,6.2,292.4,3.5,11.1,595.5,RS41-SGP,403.502,19.5,-875,13,2.7,08:08:45,
2026-09-19T16:22:49.006Z,X1909261,8452,-15.50459,-47.55221,4496.0,-8.3,6.6,289.5,3.6,11.0,596.0,RS41-SGP,403.502,19.2,-875,13,2.7,08:08:45,
2026-09-19T16:22:50.006Z,X1909261,8453,-15.50457,-47.55227,4487.7,-8.3,7.5,277.4,3.8,11.1,596.7,RS41-SGP,403.502,19.8,-875,13,2.8,08:08:45,
2026-09-19T16:22:51.006Z,X1909261,8454,-15.50458,-47.55234,4479.0,-9.3,7.8,252.8,3.8,11.3,597.1,RS41-SGP,403.502,19.8,-875,13,2.8,08:08:45,
2026-09-19T16:22:52.006Z,X1909261,8455,-15.50460,-47.55241,4469.6,-9.7,8.7,245.3,3.8,11.4,597.7,RS41-SGP,403.502,19.6,-875,13,2.8,08:08:45,
2026-09-19T16:22:53.006Z,X1909261,8456,-15.50464,-47.55248,4460.4,-8.7,8.8,247.1,4.0,11.6,598.7,RS41-SGP,403.502,19.6,-875,13,2.8,08:08:45,
2026-09-19T16:22:54.006Z,X1909261,8457,-15.50466,-47.55256,4451.7,-8.7,8.5,247.9,4.1,11.8,599.2,RS41-SGP,403.502,19.6,-875,13,2.8,08:08:45,
2026-09-19T16:22:55.006Z,X1909261,8458,-15.50469,-47.55263,4443.1,-8.6,7.7,251.9,4.1,12.0,599.8,RS41-SGP,403.502,19.7,-875,13,2.7,08:08:45,
2026-09-19T16:22:56.006Z,X1909261,8459,-15.50471,-47.55269,4434.8,-8.2,6.8,259.9,4.2,12.6,600.5,RS41-SGP,403.502,19.7,-875,13,2.7,08:08:45,
2026-09-19T16:22:57.006Z,X1909261,8460,-15.50471,-47.55275,4426.5,-8.4,6.0,278.3,4.2,12.5,601.0,RS41-SGP,403.502,19.9,-875,13,2.8,08:08:45,
2026-09-19T16:22:58.006Z,X1909261,8461,-15.50469,-47.55281,4417.5,-9.8,6.0,292.5,4.2,12.3,601.8,RS41-SGP,403.502,19.9,-875,13,2.8,08:08:45,
2026-09-19T16:22:59.006Z,X1909261,8462,-15.50467,-47.55286,4408.1,-9.0,6.5,299.9,4.2,12.0,602.5,RS41-SGP,403.502,20.1,-875,13,2.8,08:08:45,
2026-09-19T16:23:00.006Z,X1909261,8463,-15.50464,-47.55291,4399.2,-8.7,6.9,293.0,4.3,11.9,603.4,RS41-SGP,403.502,20.1,-875,13,2.8,08:08:45,
2026-09-19T16:23:01.006Z,X1909261,8464,-15.50463,-47.55298,4390.4,-9.0,6.9,271.5,4.4,11.7,603.6,RS41-SGP,403.502,19.7,-875,13,2.8,08:08:45,
2026-09-19T16:23:02.006Z,X1909261,8465,-15.50464,-47.55304,4381.4,-9.2,7.7,251.6,4.4,11.6,604.2,RS41-SGP,403.502,19.2,-875,13,2.7,08:08:45,
2026-09-19T16:23:03.006Z,X1909261,8466,-15.50466,-47.55311,4372.1,-9.5,7.8,243.5,4.5,11.5,605.2,RS41-SGP,403.502,20.0,-875,13,2.7,08:07:54,
2026-09-19T16:23:04.006Z,X1909261,8467,-15.50469,-47.55317,4362.8,-9.1,7.6,245.2,4.6,11.5,605.8,RS41-SGP,403.502,20.0,-875,13,2.8,08:07:54,
2026-09-19T16:23:05.006Z,X1909261,8468,-15.50472,-47.55324,4353.9,-8.9,7.8,257.3,4.6,11.6,606.5,RS41-SGP,403.502,19.9,-875,13,2.8,08:07:54,
2026-09-19T16:23:06.006Z,X1909261,8469,-15.50473,-47.55332,4345.2,-8.6,9.2,256.7,4.7,11.7,607.1,RS41-SGP,403.502,19.8,-875,13,2.8,08:07:54,
2026-09-19T16:23:07.006Z,X1909261,8470,-15.50475,-47.55340,4336.6,-8.8,9.0,254.9,4.7,12.0,607.9,RS41-SGP,403.502,18.9,-875,13,2.8,08:07:54,
2026-09-19T16:23:08.006Z,X1909261,8471,-15.50477,-47.55347,4327.9,-8.7,6.7,265.2,4.8,12.1,608.4,RS41-SGP,403.502,19.1,-875,13,2.8,08:07:54,
2026-09-19T16:23:09.006Z,X1909261,8472,-15.50476,-47.55353,4319.1,-9.1,6.2,282.3,4.7,12.6,609.0,RS41-SGP,403.502,19.5,-875,13,2.7,08:07:54,
2026-09-19T16:23:10.006Z,X1909261,8473,-15.50475,-47.55359,4310.3,-8.6,6.8,285.9,4.8,12.9,609.7,RS41-SGP,403.502,19.5,-875,13,2.7,08:07:54,
2026-09-19T16:23:11.006Z,X1909261,8474,-15.50474,-47.55365,4301.6,-9.0,7.1,280.1,4.9,13.1,610.4,RS41-SGP,403.502,19.0,-875,13,2.8,08:07:54,
2026-09-19T16:23:12.006Z,X1909261,8475,-15.50473,-47.55371,4292.7,-8.9,7.0,269.5,4.9,13.4,611.1,RS41-SGP,403.502,19.7,-875,13,2.8,08:07:54,
2026-09-19T16:23:13.006Z,X1909261,8476,-15.50474,-47.55377,4283.9,-8.9,5.8,251.0,4.9,13.4,611.8,RS41-SGP,403.502,20.1,-875,13,2.8,08:07:54,
2026-09-19T16:23:14.006Z,X1909261,8477,-15.50476,-47.55383,4275.1,-8.8,7.0,241.4,4.9,13.5,612.2,RS41-SGP,403.502,20.1,-875,13,2.8,08:07:54,
2026-09-19T16:23:15.006Z,X1909261,8478,-15.50479,-47.55389,4266.2,-9.0,9.1,249.0,4.9,13.4,613.0,RS41-SGP,403.502,19.9,-875,13,2.8,08:07:54,
2026-09-19T16:23:16.006Z,X1909261,8479,-15.50481,-47.55398,4257.5,-8.7,10.1,264.2,5.0,12.3,613.7,RS41-SGP,403.502,19.1,-875,13,2.7,08:07:54,
2026-09-19T16:23:17.006Z,X1909261,8480,-15.50481,-47.55407,4248.5,-9.5,9.7,280.4,5.1,11.5,614.5,RS41-SGP,403.502,18.9,-875,13,2.7,08:07:54,
2026-09-19T16:23:18.006Z,X1909261,8481,-15.50480,-47.55416,4239.2,-9.0,8.9,277.7,5.1,11.5,615.1,RS41-SGP,403.502,18.1,-875,13,2.8,08:07:54,
2026-09-19T16:23:19.006Z,X1909261,8482,-15.50479,-47.55423,4230.2,-9.1,8.0,265.4,5.3,11.2,615.8,RS41-SGP,403.502,18.6,-875,13,2.8,08:07:54,
2026-09-19T16:23:20.006Z,X1909261,8483,-15.50481,-47.55430,4221.1,-9.2,7.5,250.7,5.3,10.5,616.6,RS41-SGP,403.502,19.0,-875,13,2.8,08:07:54,
2026-09-19T16:23:21.006Z,X1909261,8484,-15.50483,-47.55436,4212.0,-9.2,5.9,243.2,5.4,9.5,616.9,RS41-SGP,403.502,19.6,-875,13,2.8,08:07:54,
2026-09-19T16:23:22.006Z,X1909261,8485,-15.50485,-47.55441,4203.3,-8.4,4.6,252.8,5.5,8.4,617.7,RS41-SGP,403.502,19.8,-875,13,2.8,08:07:54,
2026-09-19T16:23:23.006Z,X1909261,8486,-15.50486,-47.55445,4194.5,-9.2,5.2,263.9,5.6,7.0,618.4,RS41-SGP,403.502,19.9,-875,13,2.7,08:07:54,
2026-09-19T16:23:24.006Z,X1909261,8487,-15.50487,-47.55451,4185.2,-9.6,7.3,261.1,5.6,6.1,619.1,RS41-SGP,403.502,19.9,-875,13,2.7,08:07:54,
2026-09-19T16:23:25.006Z,X1909261,8488,-15.50488,-47.55458,4175.8,-9.5,8.8,261.8,5.6,5.2,619.6,RS41-SGP,403.502,19.3,-875,13,2.8,08:07:54,
2026-09-19T16:23:26.006Z,X1909261,8489,-15.50488,-47.55467,4166.9,-8.2,9.0,265.9,5.7,5.0,620.4,RS41-SGP,403.502,19.6,-875,13,2.8,08:07:54,
2026-09-19T16:23:27.006Z,X1909261,8490,-15.50489,-47.55475,4158.2,-9.2,8.9,262.1,5.8,4.6,621.1,RS41-SGP,403.502,19.6,-875,13,2.8,08:07:54,
2026-09-19T16:23:28.006Z,X1909261,8491,-15.50490,-47.55483,4149.3,-8.8,8.9,270.1,5.8,4.5,621.7,RS41-SGP,403.502,19.0,-875,13,2.8,08:07:54,
2026-09-19T16:23:29.006Z,X1909261,8492,-15.50489,-47.55491,4140.4,-9.1,7.7,285.6,5.7,4.0,622.3,RS41-SGP,403.502,19.0,-875,13,2.8,08:07:54,
2026-09-19T16:23:30.006Z,X1909261,8493,-15.50487,-47.55497,4131.2,-9.5,7.6,293.3,5.8,4.1,623.0,RS41-SGP,403.502,18.3,-875,12,2.7,08:07:54,
2026-09-19T16:23:31.006Z,X1909261,8494,-15.50485,-47.55505,4122.1,-8.9,8.4,282.5,5.7,4.2,623.7,RS41-SGP,403.502,18.3,-875,12,2.7,08:07:54,
2026-09-19T16:23:32.006Z,X1909261,8495,-15.50484,-47.55512,4113.2,-9.0,8.7,265.5,5.8,4.4,624.4,RS41-SGP,403.502,18.2,-875,13,2.8,08:07:54,
2026-09-19T16:23:33.006Z,X1909261,8496,-15.50486,-47.55520,4104.3,-8.9,8.5,248.8,5.7,4.5,625.0,RS41-SGP,403.502,18.1,-875,13,2.8,08:07:54,
2026-09-19T16:23:34.006Z,X1909261,8497,-15.50489,-47.55527,4095.8,-8.1,7.1,234.4,5.6,5.0,625.9,RS41-SGP,403.502,19.0,-875,13,2.8,08:07:54,
2026-09-19T16:23:35.006Z,X1909261,8498,-15.50492,-47.55531,4087.7,-8.4,5.1,245.3,5.5,5.3,626.6,RS41-SGP,403.502,19.4,-875,13,2.8,08:07:54,
2026-09-19T16:23:36.006Z,X1909261,8499,-15.50493,-47.55536,4079.3,-8.4,5.9,265.8,5.3,6.2,627.2,RS41-SGP,403.502,19.4,-875,13,2.8,08:07:54,
2026-09-19T16:23:37.006Z,X1909261,8500,-15.50493,-47.55542,4070.3,-9.7,6.7,270.4,5.1,6.6,627.5,RS41-SGP,403.502,18.7,-875,13,2.7,08:07:54,
2026-09-19T16:23:38.006Z,X1909261,8501,-15.50494,-47.55549,4060.3,-10.4,7.1,266.6,5.1,6.6,628.7,RS41-SGP,403.502,18.7,-875,13,2.7,08:07:54,
2026-09-19T16:23:39.006Z,X1909261,8502,-15.50495,-47.55555,4050.6,-9.0,7.5,257.5,5.1,6.6,629.1,RS41-SGP,403.502,18.5,-875,13,2.8,08:07:54,
2026-09-19T16:23:40.006Z,X1909261,8503,-15.50496,-47.55562,4041.7,-8.9,6.1,260.9,5.3,6.7,630.0,RS41-SGP,403.502,18.1,-875,13,2.8,08:07:54,
2026-09-19T16:23:41.006Z,X1909261,8504,-15.50495,-47.55567,4033.1,-8.4,5.1,288.2,5.3,7.0,630.7,RS41-SGP,403.502,18.6,-875,13,2.8,08:07:54,
2026-09-19T16:23:42.006Z,X1909261,8505,-15.50493,-47.55571,4024.5,-8.9,5.7,309.2,5.4,7.2,631.5,RS41-SGP,403.502,18.6,-875,13,2.8,08:07:54,
2026-09-19T16:23:43.006Z,X1909261,8506,-15.50490,-47.55575,4015.6,-9.0,5.2,322.1,5.4,7.7,632.2,RS41-SGP,403.502,18.0,-875,13,2.8,08:07:54,
2026-09-19T16:23:44.006Z,X1909261,8507,-15.50486,-47.55577,4006.9,-8.5,3.9,342.5,5.4,7.8,632.9,RS41-SGP,403.502,18.1,-875,13,2.7,08:07:54,
2026-09-19T16:23:45.006Z,X1909261,8508,-15.50483,-47.55578,3998.0,-9.2,3.9,343.5,5.4,7.9,633.4,RS41-SGP,403.502,18.2,-875,13,2.7,08:07:54,
2026-09-19T16:23:46.006Z,X1909261,8509,-15.50479,-47.55579,3988.8,-9.2,3.9,335.3,5.4,7.8,634.1,RS41-SGP,403.502,18.7,-875,13,2.8,08:07:54,
2026-09-19T16:23:47.006Z,X1909261,8510,-15.50476,-47.55581,3979.5,-9.6,4.5,338.0,5.5,7.8,635.0,RS41-SGP,403.502,18.7,-875,13,2.8,08:07:54,
2026-09-19T16:23:48.006Z,X1909261,8511,-15.50472,-47.55583,3970.7,-8.4,5.0,328.4,5.5,7.9,635.6,RS41-SGP,403.502,18.3,-875,13,2.8,08:07:54,
2026-09-19T16:23:49.006Z,X1909261,8512,-15.50469,-47.55586,3962.3,-8.5,5.7,304.1,5.6,7.9,636.2,RS41-SGP,403.502,18.7,-875,13,2.8,08:07:54,
2026-09-19T16:23:50.006Z,X1909261,8513,-15.50467,-47.55591,3953.2,-9.6,6.1,279.4,5.7,7.8,637.3,RS41-SGP,403.502,18.7,-875,13,2.8,08:07:54,
2026-09-19T16:23:51.006Z,X1909261,8514,-15.50467,-47.55597,3944.1,-8.6,6.1,271.9,5.8,7.8,637.7,RS41-SGP,403.502,18.0,-875,13,2.7,08:07:54,
2026-09-19T16:23:52.006Z,X1909261,8515,-15.50465,-47.55603,3936.1,-7.6,6.4,291.3,5.8,7.9,638.2,RS41-SGP,403.502,18.3,-875,13,2.7,08:07:54,
2026-09-19T16:23:53.006Z,X1909261,8516,-15.50462,-47.55608,3928.1,-8.4,6.7,313.0,5.9,8.0,638.9,RS41-SGP,403.502,18.4,-875,13,2.8,08:07:54,
2026-09-19T16:23:54.006Z,X1909261,8517,-15.50458,-47.55612,3919.5,-8.9,6.8,328.1,5.9,8.0,639.6,RS41-SGP,403.502,18.4,-875,13,2.8,08:07:03,
2026-09-19T16:23:55.006Z,X1909261,8518,-15.50453,-47.55615,3910.6,-8.8,5.8,330.9,6.0,8.0,640.1,RS41-SGP,403.502,17.7,-875,13,2.8,08:07:03,
2026-09-19T16:23:56.006Z,X1909261,8519,-15.50449,-47.55618,3901.8,-8.7,3.8,318.3,6.1,8.0,641.0,RS41-SGP,403.502,18.8,-875,13,2.8,08:07:03,
2026-09-19T16:23:57.006Z,X1909261,8520,-15.50448,-47.55620,3892.8,-9.2,1.9,287.7,6.1,8.0,641.5,RS41-SGP,403.502,19.4,-875,13,2.8,08:07:03,
2026-09-19T16:23:58.006Z,X1909261,8521,-15.50448,-47.55622,3883.8,-8.9,3.1,240.9,6.2,7.9,642.4,RS41-SGP,403.502,19.9,-875,13,2.7,08:07:03,
2026-09-19T16:23:59.006Z,X1909261,8522,-15.50450,-47.55625,3875.2,-8.3,4.7,260.1,6.2,8.0,643.0,RS41-SGP,403.502,19.9,-875,13,2.7,08:07:03,
2026-09-19T16:24:00.006Z,X1909261,8523,-15.50449,-47.55630,3866.6,-8.8,6.0,283.5,6.3,7.9,643.7,RS41-SGP,403.502,19.9,-875,13,2.8,08:07:03,
2026-09-19T16:24:01.006Z,X1909261,8524,-15.50447,-47.55636,3857.6,-9.3,7.5,302.9,6.4,7.9,644.5,RS41-SGP,403.502,18.8,-875,13,2.8,08:07:03,
2026-09-19T16:24:02.006Z,X1909261,8525,-15.50443,-47.55641,3848.9,-8.0,7.3,322.0,6.4,8.0,645.2,RS41-SGP,403.502,18.2,-875,13,2.8,08:07:03,
2026-09-19T16:24:03.006Z,X1909261,8526,-15.50438,-47.55644,3840.6,-8.7,5.8,338.9,6.5,8.0,645.9,RS41-SGP,403.502,18.8,-875,13,2.8,08:07:03,
2026-09-19T16:24:04.006Z,X1909261,8527,-15.50434,-47.55646,3831.9,-8.5,3.9,343.3,6.5,8.1,646.6,RS41-SGP,403.502,19.3,-875,13,2.8,08:07:03,
2026-09-19T16:24:05.006Z,X1909261,8528,-15.50431,-47.55647,3823.4,-8.4,3.0,325.0,6.5,8.1,647.3,RS41-SGP,403.502,19.3,-875,12,2.7,08:07:03,
2026-09-19T16:24:06.006Z,X1909261,8529,-15.50429,-47.55650,3815.0,-8.3,4.3,290.6,6.5,8.1,647.7,RS41-SGP,403.502,19.1,-875,13,2.7,08:07:03,
2026-09-19T16:24:07.006Z,X1909261,8530,-15.50428,-47.55655,3806.0,-9.6,5.8,281.3,6.6,8.1,648.7,RS41-SGP,403.502,19.1,-875,13,2.8,08:07:03,
2026-09-19T16:24:08.006Z,X1909261,8531,-15.50427,-47.55661,3796.7,-8.9,6.8,289.7,6.7,8.1,649.4,RS41-SGP,403.502,17.2,-875,13,2.8,08:07:03,
2026-09-19T16:24:09.006Z,X1909261,8532,-15.50424,-47.55666,3787.8,-8.9,6.0,315.9,6.7,8.1,650.0,RS41-SGP,403.502,17.3,-875,13,2.8,08:07:03,
2026-09-19T16:24:10.006Z,X1909261,8533,-15.50420,-47.55668,3778.5,-9.6,4.5,339.8,6.8,8.0,650.6,RS41-SGP,403.502,17.8,-875,13,2.8,08:07:03,
2026-09-19T16:24:11.006Z,X1909261,8534,-15.50417,-47.55670,3769.1,-9.1,2.8,351.0,6.9,8.0,651.5,RS41-SGP,403.502,17.9,-875,13,2.8,08:07:03,
2026-09-19T16:24:12.006Z,X1909261,8535,-15.50415,-47.55671,3760.6,-7.9,2.4,301.9,6.9,8.0,652.1,RS41-SGP,403.502,18.5,-875,12,2.7,08:07:03,
2026-09-19T16:24:13.006Z,X1909261,8536,-15.50414,-47.55674,3752.1,-9.1,5.2,277.9,6.9,7.9,652.6,RS41-SGP,403.502,18.5,-875,13,2.7,08:07:03,
2026-09-19T16:24:14.006Z,X1909261,8537,-15.50413,-47.55680,3742.6,-9.9,8.0,286.3,7.0,7.9,653.5,RS41-SGP,403.502,18.5,-875,13,2.8,08:07:03,
2026-09-19T16:24:15.006Z,X1909261,8538,-15.50410,-47.55688,3733.0,-9.2,9.2,301.8,7.1,8.0,654.4,RS41-SGP,403.502,18.3,-875,13,2.8,08:07:03,
2026-09-19T16:24:16.006Z,X1909261,8539,-15.50405,-47.55694,3724.4,-7.9,8.6,316.7,7.2,8.1,655.2,RS41-SGP,403.502,16.2,-875,13,2.8,08:07:03,
2026-09-19T16:24:17.006Z,X1909261,8540,-15.50399,-47.55699,3715.9,-8.9,6.9,328.0,7.2,8.1,655.7,RS41-SGP,403.502,16.8,-875,13,2.8,08:07:03,
2026-09-19T16:24:18.006Z,X1909261,8541,-15.50395,-47.55701,3707.0,-8.9,3.8,343.6,7.1,8.2,656.5,RS41-SGP,403.502,18.1,-875,13,2.8,08:07:03,
2026-09-19T16:24:19.006Z,X1909261,8542,-15.50394,-47.55702,3698.0,-8.9,1.3,277.4,7.1,8.4,657.1,RS41-SGP,403.502,18.4,-875,13,2.7,08:07:03,
2026-09-19T16:24:20.006Z,X1909261,8543,-15.50394,-47.55705,3689.2,-8.7,3.6,250.7,7.1,8.4,657.7,RS41-SGP,403.502,18.4,-875,13,2.7,08:07:03,
2026-09-19T16:24:21.006Z,X1909261,8544,-15.50395,-47.55709,3680.7,-8.5,6.4,267.6,7.1,8.5,658.6,RS41-SGP,403.502,18.3,-875,13,2.8,08:07:03,
2026-09-19T16:24:22.006Z,X1909261,8545,-15.50394,-47.55716,3671.7,-9.4,8.0,284.3,7.1,8.5,659.3,RS41-SGP,403.502,18.0,-875,13,2.8,08:07:03,
2026-09-19T16:24:23.006Z,X1909261,8546,-15.50392,-47.55723,3662.8,-8.5,8.7,294.1,7.2,8.4,660.0,RS41-SGP,403.502,18.4,-875,13,2.8,08:07:03,
2026-09-19T16:24:24.006Z,X1909261,8547,-15.50389,-47.55730,3654.4,-8.1,7.4,293.8,7.3,8.5,660.8,RS41-SGP,403.502,18.4,-875,13,2.8,08:07:03,
2026-09-19T16:24:25.006Z,X1909261,8548,-15.50386,-47.55736,3646.2,-8.3,6.4,296.8,7.4,8.4,661.6,RS41-SGP,403.502,18.0,-875,13,2.8,08:07:03,
2026-09-19T16:24:26.006Z,X1909261,8549,-15.50383,-47.55741,3637.8,-8.4,5.9,308.4,7.5,8.4,662.3,RS41-SGP,403.502,18.4,-875,13,2.7,08:07:03,
2026-09-19T16:24:27.006Z,X1909261,8550,-15.50380,-47.55746,3629.1,-9.2,6.1,306.9,7.5,8.3,662.6,RS41-SGP,403.502,18.5,-875,13,2.7,08:07:03,
2026-09-19T16:24:28.006Z,X1909261,8551,-15.50377,-47.55751,3620.3,-8.3,6.7,302.3,7.6,8.3,663.7,RS41-SGP,403.502,18.5,-875,13,2.8,08:07:03,
2026-09-19T16:24:29.006Z,X1909261,8552,-15.50374,-47.55757,3611.8,-8.5,7.8,288.6,7.6,8.2,664.2,RS41-SGP,403.502,16.3,-875,13,2.8,08:07:03,
2026-09-19T16:24:30.006Z,X1909261,8553,-15.50373,-47.55764,3603.2,-8.8,7.4,273.9,7.7,8.3,665.1,RS41-SGP,403.502,17.5,-875,13,2.8,08:07:03,
2026-09-19T16:24:31.006Z,X1909261,8554,-15.50374,-47.55770,3594.2,-9.1,5.4,250.4,7.8,8.1,665.5,RS41-SGP,403.502,19.1,-875,13,2.8,08:07:03,
2026-09-19T16:24:32.006Z,X1909261,8555,-15.50376,-47.55774,3585.5,-8.3,4.5,235.6,7.8,8.1,666.4,RS41-SGP,403.502,19.1,-875,13,2.8,08:07:03,
2026-09-19T16:24:33.006Z,X1909261,8556,-15.50378,-47.55777,3577.2,-8.2,3.8,244.3,7.9,8.1,666.9,RS41-SGP,403.502,19.0,-875,13,2.7,08:07:03,
2026-09-19T16:24:34.006Z,X1909261,8557,-15.50378,-47.55781,3568.9,-8.4,3.7,278.4,8.0,8.0,667.7,RS41-SGP,403.502,19.0,-875,13,2.7,08:07:03,
2026-09-19T16:24:35.006Z,X1909261,8558,-15.50377,-47.55785,3560.5,-8.4,5.9,296.6,8.0,8.0,668.5,RS41-SGP,403.502,17.9,-875,13,2.8,08:07:03,
2026-09-19T16:24:36.006Z,X1909261,8559,-15.50375,-47.55790,3552.4,-8.0,6.4,287.4,8.1,8.0,669.0,RS41-SGP,403.502,17.3,-875,13,2.8,08:07:03,
2026-09-19T16:24:37.006Z,X1909261,8560,-15.50373,-47.55796,3544.1,-8.5,5.7,280.5,8.2,8.0,669.8,RS41-SGP,403.502,17.3,-875,13,2.8,08:07:03,
2026-09-19T16:24:38.006Z,X1909261,8561,-15.50373,-47.55800,3535.8,-8.2,3.1,279.4,8.3,7.9,670.5,RS41-SGP,403.502,18.1,-875,13,2.8,08:07:03,
2026-09-19T16:24:39.006Z,X1909261,8562,-15.50372,-47.55802,3527.5,-8.5,2.1,303.8,8.4,7.9,671.1,RS41-SGP,403.502,18.2,-875,13,2.8,08:07:03,
2026-09-19T16:24:40.006Z,X1909261,8563,-15.50371,-47.55804,3519.2,-8.0,2.8,317.0,8.4,7.8,671.6,RS41-SGP,403.502,18.2,-875,13,2.7,08:07:03,
2026-09-19T16:24:41.006Z,X1909261,8564,-15.50369,-47.55806,3511.4,-7.5,3.0,308.7,8.5,7.7,672.3,RS41-SGP,403.502,17.6,-875,13,2.7,08:07:03,
2026-09-19T16:24:43.006Z,X1909261,8566,-15.50365,-47.55810,3495.9,-8.4,3.1,317.4,8.6,7.6,673.7,RS41-SGP,403.502,16.7,-875,13,2.8,08:07:03,
2026-09-19T16:24:44.006Z,X1909261,8567,-15.50363,-47.55812,3487.4,-8.5,3.4,310.8,8.7,7.6,674.3,RS41-SGP,403.502,17.3,-875,13,2.8,08:07:03,
2026-09-19T16:24:45.006Z,X1909261,8568,-15.50361,-47.55815,3478.8,-8.7,2.9,312.9,8.8,7.6,675.1,RS41-SGP,403.502,17.3,-875,13,2.8,08:06:12,
2026-09-19T16:24:46.006Z,X1909261,8569,-15.50359,-47.55817,3470.4,-8.0,2.7,307.7,8.9,7.5,675.6,RS41-SGP,403.502,17.3,-875,13,2.8,08:06:12,
2026-09-19T16:24:47.006Z,X1909261,8570,-15.50358,-47.55819,3462.1,-8.7,3.7,277.9,8.9,7.6,676.4,RS41-SGP,403.502,17.3,-875,13,2.8,08:06:12,
2026-09-19T16:24:48.006Z,X1909261,8571,-15.50358,-47.55823,3453.4,-8.6,4.6,263.0,9.0,7.5,677.0,RS41-SGP,403.502,17.3,-875,13,2.7,08:06:12,
2026-09-19T16:24:49.006Z,X1909261,8572,-15.50359,-47.55828,3444.5,-9.3,5.6,252.2,9.1,7.4,678.0,RS41-SGP,403.502,17.3,-875,13,2.7,08:06:12,
2026-09-19T16:24:50.006Z,X1909261,8573,-15.50361,-47.55833,3435.1,-9.3,5.7,251.2,9.2,7.3,678.4,RS41-SGP,403.502,16.8,-875,13,2.8,08:06:12,
2026-09-19T16:24:51.006Z,X1909261,8574,-15.50362,-47.55839,3426.2,-8.6,6.2,267.6,9.2,7.3,679.2,RS41-SGP,403.502,16.4,-875,13,2.8,08:06:12,
2026-09-19T16:24:52.006Z,X1909261,8575,-15.50361,-47.55844,3417.3,-9.2,6.6,295.2,9.2,7.3,680.1,RS41-SGP,403.502,16.3,-875,13,2.8,08:06:12,
2026-09-19T16:24:53.006Z,X1909261,8576,-15.50358,-47.55850,3408.6,-8.1,6.9,305.7,9.4,7.3,680.4,RS41-SGP,403.502,16.3,-875,13,2.8,08:06:12,
2026-09-19T16:24:54.006Z,X1909261,8577,-15.50354,-47.55854,3400.8,-7.6,5.3,304.0,9.5,7.2,681.4,RS41-SGP,403.502,16.6,-875,13,2.8,08:06:12,
2026-09-19T16:24:55.006Z,X1909261,8578,-15.50353,-47.55858,3393.0,-8.0,3.0,290.4,9.5,7.3,681.8,RS41-SGP,403.502,16.6,-875,13,2.7,08:06:12,
2026-09-19T16:24:56.006Z,X1909261,8579,-15.50352,-47.55860,3385.1,-7.8,2.3,260.4,9.6,7.2,682.6,RS41-SGP,403.502,17.5,-875,13,2.7,08:06:12,
2026-09-19T16:24:57.006Z,X1909261,8580,-15.50353,-47.55863,3377.5,-7.4,3.2,260.4,9.4,7.6,683.4,RS41-SGP,403.502,17.5,-875,13,2.8,08:06:12,
2026-09-19T16:24:58.006Z,X1909261,8581,-15.50353,-47.55867,3369.8,-8.0,5.4,275.4,9.4,7.9,684.1,RS41-SGP,403.502,17.2,-875,13,2.8,08:06:12,
2026-09-19T16:24:59.006Z,X1909261,8582,-15.50351,-47.55872,3361.7,-8.0,7.1,288.4,9.3,8.4,684.6,RS41-SGP,403.502,16.8,-875,13,2.8,08:06:12,
2026-09-19T16:25:00.006Z,X1909261,8583,-15.50349,-47.55879,3353.5,-8.3,8.5,298.6,9.2,8.6,685.4,RS41-SGP,403.502,17.1,-875,13,2.8,08:06:12,
2026-09-19T16:25:01.006Z,X1909261,8584,-15.50345,-47.55886,3345.6,-7.6,8.8,298.7,9.2,8.8,686.2,RS41-SGP,403.502,17.1,-875,13,2.8,08:06:12,
2026-09-19T16:25:02.006Z,X1909261,8585,-15.50341,-47.55894,3337.9,-7.8,9.1,291.5,9.2,9.0,686.6,RS41-SGP,403.502,16.3,-875,13,2.7,08:06:12,
2026-09-19T16:25:03.006Z,X1909261,8586,-15.50339,-47.55901,3329.8,-8.2,7.9,288.4,9.3,9.5,687.3,RS41-SGP,403.502,15.9,-875,13,2.7,08:06:12,
2026-09-19T16:25:04.006Z,X1909261,8587,-15.50337,-47.55907,3321.3,-8.8,4.9,292.8,9.3,9.7,688.0,RS41-SGP,403.502,17.0,-875,12,2.8,08:06:12,
2026-09-19T16:25:05.006Z,X1909261,8588,-15.50335,-47.55911,3312.5,-8.8,3.7,293.4,9.3,9.9,688.8,RS41-SGP,403.502,17.2,-875,12,2.8,08:06:12,
2026-09-19T16:25:06.006Z,X1909261,8589,-15.50333,-47.55915,3304.4,-7.4,6.1,298.6,9.3,10.2,689.1,RS41-SGP,403.502,17.2,-875,12,2.8,08:06:12,
2026-09-19T16:25:07.006Z,X1909261,8590,-15.50330,-47.55921,3296.3,-8.8,8.3,292.9,9.3,10.4,690.1,RS41-SGP,403.502,17.6,-875,13,2.8,08:06:12,
2026-09-19T16:25:08.006Z,X1909261,8591,-15.50328,-47.55929,3287.9,-8.2,10.3,284.9,9.3,10.7,690.6,RS41-SGP,403.502,17.6,-875,13,2.8,08:06:12,
2026-09-19T16:25:09.006Z,X1909261,8592,-15.50326,-47.55939,3279.8,-7.9,10.5,275.0,9.4,10.6,691.3,RS41-SGP,403.502,16.2,-875,13,2.8,08:06:12,
2026-09-19T16:25:10.006Z,X1909261,8593,-15.50326,-47.55948,3272.0,-7.9,9.3,269.6,9.5,10.5,692.1,RS41-SGP,403.502,16.1,-875,13,2.7,08:06:12,
2026-09-19T16:25:11.006Z,X1909261,8594,-15.50325,-47.55956,3264.3,-7.5,7.4,270.7,9.6,10.5,692.8,RS41-SGP,403.502,16.6,-875,13,2.7,08:06:12,
2026-09-19T16:25:12.006Z,X1909261,8595,-15.50326,-47.55962,3256.5,-8.1,6.8,266.2,9.7,10.5,693.2,RS41-SGP,403.502,16.6,-875,13,2.8,08:06:12,
2026-09-19T16:25:13.006Z,X1909261,8596,-15.50326,-47.55969,3248.5,-8.1,6.9,264.4,9.7,10.4,694.0,RS41-SGP,403.502,17.0,-875,13,2.8,08:06:12,
2026-09-19T16:25:14.006Z,X1909261,8597,-15.50326,-47.55976,3241.0,-6.9,8.2,266.5,9.7,10.4,694.5,RS41-SGP,403.502,17.0,-875,13,2.8,08:06:12,
2026-09-19T16:25:15.006Z,X1909261,8598,-15.50327,-47.55984,3233.8,-7.4,8.6,271.8,9.8,10.7,695.5,RS41-SGP,403.502,17.0,-875,13,2.8,08:06:12,
2026-09-19T16:25:16.006Z,X1909261,8599,-15.50325,-47.55992,3226.3,-7.8,9.4,283.8,9.8,10.5,695.8,RS41-SGP,403.502,16.7,-875,12,2.8,08:06:12,
2026-09-19T16:25:17.006Z,X1909261,8600,-15.50323,-47.56000,3218.4,-8.1,9.8,292.4,9.9,10.7,696.6,RS41-SGP,403.502,16.7,-875,13,2.7,08:06:12,
2026-09-19T16:25:18.006Z,X1909261,8601,-15.50320,-47.56009,3210.3,-7.9,9.8,288.5,10.0,10.7,697.2,RS41-SGP,403.502,14.8,-875,13,2.7,08:06:12,
2026-09-19T16:25:19.006Z,X1909261,8602,-15.50317,-47.56017,3202.4,-7.9,9.4,280.9,10.1,11.0,697.8,RS41-SGP,403.502,14.8,-875,13,2.8,08:06:12,
2026-09-19T16:25:20.006Z,X1909261,8603,-15.50316,-47.56025,3194.4,-8.1,7.6,272.1,10.1,10.9,698.6,RS41-SGP,403.502,15.2,-875,13,2.8,08:06:12,
2026-09-19T16:25:21.006Z,X1909261,8604,-15.50317,-47.56033,3186.5,-7.7,9.1,259.0,10.2,11.0,699.1,RS41-SGP,403.502,15.8,-875,13,2.8,08:06:12,
2026-09-19T16:25:22.006Z,X1909261,8605,-15.50318,-47.56042,3178.6,-8.0,10.4,268.0,10.2,11.0,699.8,RS41-SGP,403.502,15.8,-875,13,2.8,08:06:12,
2026-09-19T16:25:23.006Z,X1909261,8606,-15.50317,-47.56052,3170.1,-9.1,11.3,276.2,10.3,11.0,700.7,RS41-SGP,403.502,15.2,-875,13,2.8,08:06:12,
2026-09-19T16:25:24.006Z,X1909261,8607,-15.50316,-47.56062,3161.4,-8.2,11.1,284.7,10.4,11.1,701.3,RS41-SGP,403.502,14.9,-875,13,2.8,08:06:12,
2026-09-19T16:25:25.006Z,X1909261,8608,-15.50313,-47.56071,3152.8,-9.0,10.1,290.9,10.4,11.2,702.0,RS41-SGP,403.502,14.9,-875,13,2.7,08:06:12,
2026-09-19T16:25:26.006Z,X1909261,8609,-15.50309,-47.56080,3143.5,-9.5,9.2,292.6,10.5,11.0,702.8,RS41-SGP,403.502,14.1,-875,13,2.7,08:06:12,
2026-09-19T16:25:27.006Z,X1909261,8610,-15.50306,-47.56087,3134.6,-8.3,7.1,296.7,10.6,11.1,703.4,RS41-SGP,403.502,15.2,-875,13,2.8,08:06:12,
2026-09-19T16:25:28.006Z,X1909261,8611,-15.50304,-47.56092,3125.9,-8.9,5.5,283.2,10.7,10.9,704.3,RS41-SGP,403.502,15.9,-875,13,2.8,08:06:12,
2026-09-19T16:25:29.006Z,X1909261,8612,-15.50304,-47.56097,3117.3,-8.2,5.2,265.8,10.8,10.9,704.9,RS41-SGP,403.502,16.2,-875,13,2.8,08:06:12,
2026-09-19T16:25:30.006Z,X1909261,8613,-15.50304,-47.56102,3109.5,-7.5,6.3,276.6,10.8,10.8,705.7,RS41-SGP,403.502,16.2,-875,13,2.8,08:06:12,
2026-09-19T16:25:31.006Z,X1909261,8614,-15.50302,-47.56109,3101.8,-8.0,9.3,287.2,10.9,10.8,706.7,RS41-SGP,403.502,15.7,-875,13,2.8,08:06:12,
2026-09-19T16:25:32.006Z,X1909261,8615,-15.50299,-47.56119,3093.4,-8.7,11.4,287.4,10.9,10.9,707.1,RS41-SGP,403.502,15.7,-875,13,2.7,08:06:12,
2026-09-19T16:25:33.006Z,X1909261,8616,-15.50296,-47.56129,3084.8,-8.5,12.8,280.2,11.0,11.9,707.7,RS41-SGP,403.502,15.3,-875,13,2.7,08:06:12,
2026-09-19T16:25:34.006Z,X1909261,8617,-15.50295,-47.56141,3076.4,-8.2,11.5,269.5,11.0,11.7,708.7,RS41-SGP,403.502,15.0,-875,13,2.8,08:06:12,
2026-09-19T16:25:35.006Z,X1909261,8618,-15.50295,-47.56151,3068.1,-8.1,10.4,271.1,11.1,11.7,709.1,RS41-SGP,403.502,15.0,-875,13,2.8,08:06:12,
2026-09-19T16:25:36.006Z,X1909261,8619,-15.50295,-47.56160,3060.2,-7.9,9.0,276.2,11.2,11.6,709.9,RS41-SGP,403.502,14.1,-875,13,2.8,08:05:21,
2026-09-19T16:25:37.006Z,X1909261,8620,-15.50293,-47.56168,3051.9,-8.7,8.7,286.8,11.3,12.1,710.5,RS41-SGP,403.502,14.3,-875,13,2.8,08:05:21,
2026-09-19T16:25:38.006Z,X1909261,8621,-15.50290,-47.56176,3043.3,-8.6,8.8,294.0,11.3,12.3,711.3,RS41-SGP,403.502,15.1,-875,13,2.8,08:05:21,
2026-09-19T16:25:39.006Z,X1909261,8622,-15.50288,-47.56183,3034.9,-8.1,8.5,289.6,11.3,13.0,711.9,RS41-SGP,403.502,15.1,-875,13,2.8,08:05:21,
2026-09-19T16:25:40.006Z,X1909261,8623,-15.50285,-47.56191,3026.9,-8.1,9.1,282.8,11.3,16.4,712.6,RS41-SGP,403.502,14.5,-875,13,2.7,08:05:21,
2026-09-19T16:25:41.006Z,X1909261,8624,-15.50284,-47.56200,3019.3,-7.3,10.8,281.1,11.1,20.8,713.2,RS41-SGP,403.502,14.7,-875,13,2.7,08:05:21,
2026-09-19T16:25:42.006Z,X1909261,8625,-15.50281,-47.56210,3012.1,-7.2,11.8,285.5,11.0,21.6,713.9,RS41-SGP,403.502,14.7,-875,13,2.8,08:05:21,
2026-09-19T16:25:43.006Z,X1909261,8626,-15.50278,-47.56221,3004.8,-7.3,12.3,287.9,10.9,23.6,714.5,RS41-SGP,403.502,14.0,-875,13,2.8,08:05:21,
2026-09-19T16:25:44.006Z,X1909261,8627,-15.50274,-47.56231,2997.3,-7.6,11.4,292.6,11.0,23.9,715.3,RS41-SGP,403.502,13.3,-875,13,2.8,08:05:21,
2026-09-19T16:25:45.006Z,X1909261,8628,-15.50270,-47.56240,2989.7,-7.6,10.0,300.1,11.0,26.8,715.6,RS41-SGP,403.502,13.1,-875,13,2.8,08:05:21,
2026-09-19T16:25:46.006Z,X1909261,8629,-15.50266,-47.56248,2982.2,-7.3,9.4,294.7,10.7,37.5,716.5,RS41-SGP,403.502,12.9,-875,13,2.8,08:05:21,
2026-09-19T16:25:47.006Z,X1909261,8630,-15.50264,-47.56256,2974.7,-7.8,8.1,276.3,10.4,49.6,717.0,RS41-SGP,403.502,13.5,-875,13,2.7,08:05:21,
2026-09-19T16:25:48.006Z,X1909261,8631,-15.50265,-47.56264,2966.6,-8.3,9.2,256.6,10.4,50.2,717.8,RS41-SGP,403.502,13.9,-875,13,2.7,08:05:21,
2026-09-19T16:25:49.006Z,X1909261,8632,-15.50267,-47.56272,2958.4,-7.9,10.1,252.3,9.9,70.0,718.4,RS41-SGP,403.502,13.9,-875,13,2.8,08:05:21,
2026-09-19T16:25:50.006Z,X1909261,8633,-15.50269,-47.56282,2950.6,-7.6,10.7,259.0,9.7,72.1,719.2,RS41-SGP,403.502,12.6,-875,13,2.8,08:05:21,
2026-09-19T16:25:51.006Z,X1909261,8634,-15.50270,-47.56292,2942.9,-7.7,11.2,272.1,9.7,73.2,719.9,RS41-SGP,403.502,12.2,-875,13,2.8,08:05:21,
2026-09-19T16:25:52.006Z,X1909261,8635,-15.50269,-47.56302,2934.5,-9.0,10.7,279.1,9.8,69.3,720.5,RS41-SGP,403.502,11.1,-875,13,2.8,08:05:21,
2026-09-19T16:25:53.006Z,X1909261,8636,-15.50268,-47.56311,2926.3,-7.5,8.1,281.9,10.0,64.5,721.2,RS41-SGP,403.502,11.8,-875,13,2.8,08:05:21,
2026-09-19T16:25:54.006Z,X1909261,8637,-15.50267,-47.56317,2918.8,-7.5,4.8,266.7,10.2,64.1,721.6,RS41-SGP,403.502,12.2,-875,13,2.8,08:05:21,
2026-09-19T16:25:55.006Z,X1909261,8638,-15.50269,-47.56321,2911.3,-7.4,4.8,232.8,10.2,67.2,722.7,RS41-SGP,403.502,12.2,-875,13,2.7,08:05:21,
2026-09-19T16:25:56.006Z,X1909261,8639,-15.50271,-47.56325,2904.1,-7.1,6.0,241.2,10.2,69.8,723.2,RS41-SGP,403.502,12.5,-875,13,2.7,08:05:21,
2026-09-19T16:25:57.006Z,X1909261,8640,-15.50274,-47.56331,2896.6,-7.8,8.7,256.4,10.1,70.3,724.0,RS41-SGP,403.502,12.5,-875,13,2.8,08:05:21,
2026-09-19T16:25:58.006Z,X1909261,8641,-15.50275,-47.56340,2888.3,-8.8,10.5,263.8,10.0,71.5,724.8,RS41-SGP,403.502,11.3,-875,13,2.8,08:05:21,
2026-09-19T16:25:59.006Z,X1909261,8642,-15.50275,-47.56350,2880.0,-7.9,10.2,271.2,10.1,70.2,725.4,RS41-SGP,403.502,10.5,-875,13,2.8,08:05:21,
2026-09-19T16:26:00.006Z,X1909261,8643,-15.50275,-47.56358,2872.3,-7.7,8.8,281.1,10.4,68.1,725.9,RS41-SGP,403.502,9.8,-875,13,2.8,08:05:21,
2026-09-19T16:26:01.006Z,X1909261,8644,-15.50273,-47.56365,2864.6,-7.6,5.8,294.6,10.5,71.6,726.7,RS41-SGP,403.502,9.8,-875,13,2.8,08:05:21,
2026-09-19T16:26:02.006Z,X1909261,8645,-15.50271,-47.56369,2857.1,-7.5,4.2,297.3,10.6,70.0,727.4,RS41-SGP,403.502,8.9,-875,13,2.8,08:05:21,
2026-09-19T16:26:03.006Z,X1909261,8646,-15.50269,-47.56373,2849.4,-7.8,4.0,285.4,10.6,74.1,728.2,RS41-SGP,403.502,10.1,-875,13,2.7,08:05:21,
2026-09-19T16:26:04.006Z,X1909261,8647,-15.50269,-47.56377,2841.6,-7.8,5.2,259.5,10.6,78.5,728.6,RS41-SGP,403.502,10.3,-875,13,2.7,08:05:21,
2026-09-19T16:26:05.006Z,X1909261,8648,-15.50272,-47.56382,2834.0,-7.4,7.3,236.5,10.4,83.7,729.1,RS41-SGP,403.502,10.6,-875,13,2.8,08:05:21,
2026-09-19T16:26:06.006Z,X1909261,8649,-15.50276,-47.56388,2826.6,-7.3,7.8,233.1,10.4,84.2,729.9,RS41-SGP,403.502,11.7,-875,13,2.8,08:05:21,
2026-09-19T16:26:07.006Z,X1909261,8650,-15.50280,-47.56394,2819.4,-7.2,7.7,235.9,10.4,84.5,730.6,RS41-SGP,403.502,11.7,-875,13,2.8,08:05:21,
2026-09-19T16:26:08.006Z,X1909261,8651,-15.50283,-47.56399,2812.7,-6.4,6.6,246.1,10.5,80.2,731.2,RS41-SGP,403.502,11.3,-875,13,2.8,08:05:21,
2026-09-19T16:26:09.006Z,X1909261,8652,-15.50284,-47.56405,2805.8,-7.3,5.7,263.3,10.6,79.4,731.8,RS41-SGP,403.502,10.7,-875,13,2.8,08:05:21,
2026-09-19T16:26:10.006Z,X1909261,8653,-15.50284,-47.56410,2798.0,-8.2,5.4,285.3,10.6,82.5,732.6,RS41-SGP,403.502,10.5,-875,13,2.7,08:05:21,
2026-09-19T16:26:11.006Z,X1909261,8654,-15.50283,-47.56415,2790.2,-7.5,5.4,285.1,10.7,83.6,733.1,RS41-SGP,403.502,10.1,-875,13,2.7,08:05:21,
2026-09-19T16:26:12.006Z,X1909261,8655,-15.50282,-47.56419,2782.8,-7.1,4.1,266.2,10.8,82.9,733.9,RS41-SGP,403.502,10.2,-875,13,2.8,08:05:21,
2026-09-19T16:26:13.006Z,X1909261,8656,-15.50283,-47.56423,2774.4,-9.6,3.7,238.8,10.8,82.6,734.7,RS41-SGP,403.502,10.5,-875,13,2.8,08:05:21,
2026-09-19T16:26:14.006Z,X1909261,8657,-15.50286,-47.56425,2765.0,-9.2,4.5,214.8,10.8,81.9,735.3,RS41-SGP,403.502,10.5,-875,13,2.8,08:05:21,
2026-09-19T16:26:15.006Z,X1909261,8658,-15.50289,-47.56429,2756.7,-7.4,5.8,236.7,10.9,82.3,736.1,RS41-SGP,403.502,9.9,-875,13,2.8,08:05:21,
2026-09-19T16:26:16.006Z,X1909261,8659,-15.50291,-47.56434,2748.6,-8.7,6.7,259.4,10.9,81.9,736.9,RS41-SGP,403.502,9.3,-875,13,2.8,08:05:21,
2026-09-19T16:26:17.006Z,X1909261,8660,-15.50291,-47.56440,2739.1,-10.2,6.9,279.5,11.0,80.9,737.5,RS41-SGP,403.502,10.0,-875,13,2.8,08:05:21,
2026-09-19T16:26:18.006Z,X1909261,8661,-15.50290,-47.56445,2729.6,-9.0,4.6,297.3,11.1,80.8,738.4,RS41-SGP,403.502,11.4,-875,13,2.7,08:05:21,
2026-09-19T16:26:19.006Z,X1909261,8662,-15.50289,-47.56448,2720.4,-9.4,2.0,257.7,11.2,80.5,739.3,RS41-SGP,403.502,11.4,-875,13,2.7,08:05:21,
2026-09-19T16:26:20.006Z,X1909261,8663,-15.50290,-47.56450,2710.6,-10.1,3.0,230.3,11.3,80.5,740.1,RS41-SGP,403.502,11.9,-875,13,2.8,08:05:21,
2026-09-19T16:26:21.006Z,X1909261,8664,-15.50292,-47.56452,2701.0,-9.0,3.3,232.9,11.4,80.8,740.9,RS41-SGP,403.502,12.5,-875,13,2.8,08:05:21,
2026-09-19T16:26:22.006Z,X1909261,8665,-15.50292,-47.56456,2692.5,-8.0,5.7,272.3,11.5,80.6,741.9,RS41-SGP,403.502,12.5,-875,13,2.8,08:05:21,
2026-09-19T16:26:23.006Z,X1909261,8666,-15.50291,-47.56463,2683.4,-10.0,8.0,284.0,11.5,80.7,742.7,RS41-SGP,403.502,11.9,-875,13,2.8,08:05:21,
2026-09-19T16:26:24.006Z,X1909261,8667,-15.50290,-47.56470,2673.9,-9.2,8.0,282.0,11.6,77.6,743.4,RS41-SGP,403.502,11.4,-875,13,2.8,08:05:21,
2026-09-19T16:26:25.006Z,X1909261,8668,-15.50288,-47.56477,2664.9,-8.8,8.5,286.9,11.8,79.3,744.2,RS41-SGP,403.502,10.8,-875,13,2.8,08:05:21,
2026-09-19T16:26:26.006Z,X1909261,8669,-15.50286,-47.56484,2656.3,-8.5,6.2,296.9,11.9,78.7,744.9,RS41-SGP,403.502,9.3,-875,13,2.7,08:05:21,
2026-09-19T16:26:27.006Z,X1909261,8670,-15.50284,-47.56488,2647.2,-9.5,3.9,297.0,11.8,77.7,745.9,RS41-SGP,403.502,9.3,-875,13,2.7,08:04:30,
2026-09-19T16:26:28.006Z,X1909261,8671,-15.50283,-47.56491,2637.9,-9.2,3.4,276.0,12.0,74.8,746.7,RS41-SGP,403.502,11.2,-875,13,2.8,08:04:30,
2026-09-19T16:26:29.006Z,X1909261,8672,-15.50284,-47.56495,2629.1,-8.4,5.8,250.4,12.2,73.2,747.2,RS41-SGP,403.502,11.8,-875,13,2.8,08:04:30,
2026-09-19T16:26:30.006Z,X1909261,8673,-15.50285,-47.56502,2620.2,-9.4,8.8,265.0,12.1,76.8,748.2,RS41-SGP,403.502,11.8,-875,13,2.8,08:04:30,
2026-09-19T16:26:31.006Z,X1909261,8674,-15.50285,-47.56510,2611.3,-8.3,9.9,272.0,12.1,77.7,748.8,RS41-SGP,403.502,10.6,-875,13,2.8,08:04:30,
2026-09-19T16:26:32.006Z,X1909261,8675,-15.50283,-47.56519,2603.1,-8.0,10.1,288.6,12.3,77.1,749.7,RS41-SGP,403.502,10.1,-875,13,2.8,08:04:30,
2026-09-19T16:26:33.006Z,X1909261,8676,-15.50280,-47.56527,2595.3,-7.5,7.7,294.7,12.5,72.2,750.5,RS41-SGP,403.502,10.1,-875,13,2.8,08:04:30,
2026-09-19T16:26:34.006Z,X1909261,8677,-15.50279,-47.56532,2587.1,-8.6,4.4,279.2,12.6,72.7,751.3,RS41-SGP,403.502,10.1,-875,13,2.7,08:04:30,
2026-09-19T16:26:35.006Z,X1909261,8678,-15.50279,-47.56536,2578.8,-7.9,4.4,243.3,12.5,76.6,752.0,RS41-SGP,403.502,10.3,-875,13,2.7,08:04:30,
2026-09-19T16:26:38.006Z,X1909261,8681,-15.50283,-47.56555,2557.7,-7.5,9.0,282.7,12.8,75.6,753.9,RS41-SGP,403.502,8.5,-875,13,2.8,08:04:30,
2026-09-19T16:26:39.006Z,X1909261,8682,-15.50281,-47.56563,2550.0,-7.7,10.2,293.5,12.8,75.4,754.5,RS41-SGP,403.502,8.9,-875,13,2.8,08:04:30,
2026-09-19T16:26:40.006Z,X1909261,8683,-15.50277,-47.56571,2542.6,-7.0,9.2,292.7,12.9,74.3,755.2,RS41-SGP,403.502,8.9,-875,13,2.8,08:04:30,
2026-09-19T16:26:41.006Z,X1909261,8684,-15.50275,-47.56578,2535.3,-7.7,6.7,283.9,13.0,72.0,755.7,RS41-SGP,403.502,9.9,-875,13,2.8,08:04:30,
2026-09-19T16:26:42.006Z,X1909261,8685,-15.50275,-47.56584,2527.2,-8.5,5.7,255.5,13.1,72.6,756.5,RS41-SGP,403.502,10.5,-875,13,2.7,08:04:30,
2026-09-19T16:26:43.006Z,X1909261,8686,-15.50277,-47.56589,2519.0,-7.9,6.8,245.7,13.1,71.9,757.1,RS41-SGP,403.502,11.4,-875,13,2.7,08:04:30,
2026-09-19T16:26:44.006Z,X1909261,8687,-15.50279,-47.56595,2511.2,-7.8,7.7,248.9,13.2,72.2,757.8,RS41-SGP,403.502,11.4,-875,13,2.8,08:04:30,
2026-09-19T16:26:45.006Z,X1909261,8688,-15.50281,-47.56603,2503.7,-7.1,8.8,261.0,13.2,73.6,758.6,RS41-SGP,403.502,10.3,-875,13,2.8,08:04:30,
2026-09-19T16:26:46.006Z,X1909261,8689,-15.50282,-47.56612,2496.5,-7.4,10.9,267.8,13.2,73.8,758.9,RS41-SGP,403.502,9.6,-875,13,2.8,08:04:30,
2026-09-19T16:26:47.006Z,X1909261,8690,-15.50282,-47.56622,2488.8,-7.8,11.9,271.7,13.4,70.1,759.8,RS41-SGP,403.502,9.6,-875,13,2.8,08:04:30,
2026-09-19T16:26:48.006Z,X1909261,8691,-15.50282,-47.56633,2480.9,-8.2,11.4,266.6,13.5,70.9,760.4,RS41-SGP,403.502,7.5,-875,13,2.8,08:04:30,
2026-09-19T16:26:49.006Z,X1909261,8692,-15.50283,-47.56643,2472.6,-8.4,9.4,261.8,13.6,72.2,761.4,RS41-SGP,403.502,7.6,-875,13,2.8,08:04:30,
2026-09-19T16:26:50.006Z,X1909261,8693,-15.50284,-47.56650,2463.7,-9.4,6.7,261.5,13.6,72.2,761.9,RS41-SGP,403.502,7.6,-875,13,2.7,08:04:30,
2026-09-19T16:26:51.006Z,X1909261,8694,-15.50285,-47.56656,2454.6,-9.0,5.6,266.9,13.7,72.0,762.8,RS41-SGP,403.502,8.2,-875,13,2.7,08:04:30,
2026-09-19T16:26:52.006Z,X1909261,8695,-15.50284,-47.56661,2445.7,-8.9,5.5,280.9,13.8,71.9,763.7,RS41-SGP,403.502,8.2,-875,13,2.8,08:04:30,
2026-09-19T16:26:53.006Z,X1909261,8696,-15.50284,-47.56666,2437.5,-7.4,6.3,275.8,13.9,70.5,764.4,RS41-SGP,403.502,8.6,-875,13,2.8,08:04:30,
2026-09-19T16:26:54.006Z,X1909261,8697,-15.50284,-47.56672,2430.3,-7.2,6.9,259.0,14.0,71.1,764.8,RS41-SGP,403.502,8.6,-875,13,2.8,08:04:30,
2026-09-19T16:26:55.006Z,X1909261,8698,-15.50286,-47.56679,2422.6,-8.3,7.7,249.7,14.0,70.8,765.5,RS41-SGP,403.502,6.9,-875,13,2.8,08:04:30,
2026-09-19T16:26:57.006Z,X1909261,8700,-15.50289,-47.56690,2406.5,-8.1,6.0,265.5,14.2,70.6,767.3,RS41-SGP,403.502,6.6,-875,13,2.8,08:04:30,
