<?xml version="1.0" encoding="UTF-8"?>
<kml xmlns="http://www.opengis.net/kml/2.2">
  <Document>
    <name>Voo do Balão</name>
    <Style id="linhaTrajeto">
      <LineStyle>
        <color>ff00ffff</color> <!-- Amarelo sólido -->
        <width>4</width>
      </LineStyle>
      <PolyStyle>
        <color>7f00ffff</color> <!-- Sombra de extrusão semi-transparente -->
      </PolyStyle>
    </Style>
    <Placemark>
      <name>Trajeto Completo</name>
      <styleUrl>#linhaTrajeto</styleUrl>
      <LineString>
        <extrude>1</extrude>
        <tessellate>1</tessellate>
        <altitudeMode>absolute</altitudeMode>
        <coordinates>
          -47.8683995,-15.7622528,1021.9
          -47.8683988,-15.7622536,1021.8
          -47.8683981,-15.7622534,1021.9
          -47.8683974,-15.7622529,1021.9
          -47.8683974,-15.7622524,1021.8
          -47.8683986,-15.7622525,1021.9
          -47.8683994,-15.7622516,1021.8
          -47.8684006,-15.7622505,1021.7
          -47.8684014,-15.76225,1021.9
          -47.868402,-15.7622508,1021.8
          -47.8684018,-15.7622507,1021.8
          -47.868401,-15.7622509,1021.6
          -47.8683994,-15.7622499,1021.6
          -47.8683998,-15.7622495,1021.8
          -47.8683992,-15.762251,1022.0
          -47.8683998,-15.7622511,1022.0
          -47.8684008,-15.7622523,1022.4
          -47.8684025,-15.7622528,1022.6
          -47.8684027,-15.7622523,1022.7
          -47.8684028,-15.7622515,1023.0
          -47.8684046,-15.7622517,1023.0
          -47.8684048,-15.762252,1023.1
          -47.8684048,-15.7622513,1023.0
          -47.8684038,-15.7622511,1022.9
          -47.8684037,-15.7622509,1023.0
          -47.868405,-15.7622508,1022.9
          -47.8684068,-15.7622515,1023.0
          -47.8684067,-15.7622517,1022.9
          -47.8684063,-15.7622518,1022.8
          -47.8684052,-15.7622512,1022.6
          -47.8684045,-15.762251,1022.5
          -47.8684043,-15.7622506,1022.4
          -47.8684041,-15.7622506,1022.5
          -47.8684035,-15.7622499,1022.4
          -47.8684026,-15.7622493,1022.6
          -47.8684023,-15.7622488,1022.6
          -47.8683999,-15.7622467,1022.3
          -47.8683991,-15.7622468,1022.3
          -47.8683985,-15.7622475,1022.2
          -47.8683982,-15.7622474,1022.2
          -47.8683989,-15.7622477,1022.0
          -47.8683996,-15.7622477,1022.1
          -47.8684,-15.762248,1022.3
          -47.8684002,-15.7622481,1022.2
          -47.8683999,-15.762248,1022.1
          -47.8683988,-15.7622489,1021.9
          -47.8684,-15.7622495,1021.9
          -47.8684015,-15.7622498,1021.8
          -47.8684019,-15.7622487,1021.8
          -47.8684016,-15.7622481,1021.7
          -47.8684011,-15.7622474,1021.6
          -47.8684018,-15.7622473,1021.6
          -47.8684015,-15.7622465,1021.6
          -47.8684021,-15.7622469,1021.6
          -47.8684006,-15.7622469,1021.7
          -47.8684014,-15.7622475,1021.7
          -47.8684011,-15.7622478,1021.7
          -47.8684014,-15.762248,1021.6
          -47.868401,-15.7622479,1021.6
          -47.8684012,-15.7622472,1021.6
          -47.8684006,-15.7622474,1021.5
          -47.8683994,-15.7622466,1021.4
          -47.8683991,-15.7622456,1021.4
          -47.8683986,-15.7622457,1021.3
          -47.8683992,-15.762246,1021.5
          -47.8683984,-15.7622458,1021.7
          -47.8683991,-15.7622451,1021.6
          -47.8684013,-15.7622449,1021.7
          -47.8684,-15.762245,1021.7
          -47.8683998,-15.762245,1021.6
          -47.8684018,-15.7622449,1021.4
          -47.8684023,-15.7622457,1021.1
          -47.8684025,-15.7622456,1020.7
          -47.8684038,-15.762246,1020.5
          -47.8684037,-15.7622455,1020.5
          -47.8684039,-15.7622453,1020.5
          -47.8684039,-15.7622449,1020.6
          -47.8684035,-15.7622457,1020.7
          -47.8684048,-15.762246,1020.9
          -47.8684046,-15.7622453,1021.0
          -47.8684035,-15.7622442,1021.6
          -47.8684029,-15.7622443,1021.7
          -47.8684017,-15.7622445,1022.0
          -47.8684008,-15.7622451,1022.2
          -47.8683959,-15.7622451,1022.1
          -47.8683948,-15.7622457,1022.1
          -47.8683938,-15.7622459,1022.1
          -47.8683922,-15.7622459,1022.0
          -47.8683908,-15.762246,1022.0
          -47.8683898,-15.7622464,1021.9
          -47.8683883,-15.762247,1021.9
          -47.8683875,-15.7622463,1021.8
          -47.8683869,-15.7622466,1021.8
          -47.8683869,-15.7622472,1021.7
          -47.8683859,-15.7622473,1021.6
          -47.868386,-15.762248,1021.5
          -47.8683846,-15.7622487,1021.5
          -47.8683862,-15.7622477,1021.7
          -47.868386,-15.762248,1021.5
          -47.8683859,-15.7622477,1021.3
          -47.8683848,-15.7622476,1021.1
          -47.8683843,-15.7622477,1021.2
          -47.8683837,-15.762248,1021.1
          -47.8683831,-15.7622483,1021.1
          -47.8683818,-15.7622495,1021.0
          -47.8683808,-15.7622497,1020.9
          -47.8683808,-15.7622509,1020.9
          -47.8683801,-15.7622503,1020.9
          -47.8683792,-15.7622505,1020.9
          -47.8683785,-15.7622517,1020.8
          -47.8683746,-15.7622534,1020.7
          -47.8683738,-15.7622548,1020.7
          -47.8683651,-15.76226,1020.6
          -47.8683584,-15.762266,1020.7
          -47.8683515,-15.7622721,1020.7
          -47.868348,-15.7622806,1020.7
          -47.8683421,-15.7622848,1021.0
          -47.8683375,-15.7622848,1021.1
          -47.8683316,-15.7622854,1021.1
          -47.8683287,-15.7622855,1021.2
          -47.8683272,-15.7622852,1021.2
          -47.868327,-15.762286,1021.2
          -47.8683267,-15.7622859,1021.2
          -47.8683254,-15.762286,1021.2
          -47.8683263,-15.7622868,1021.1
          -47.8683264,-15.7622878,1021.3
          -47.8683262,-15.7622889,1021.3
          -47.868325,-15.7622894,1021.1
          -47.8683249,-15.7622883,1021.1
          -47.8683248,-15.7622874,1021.1
          -47.8683251,-15.7622864,1021.0
          -47.8683225,-15.7622852,1020.9
          -47.8683227,-15.7622846,1020.8
          -47.8683236,-15.7622846,1020.7
          -47.8683205,-15.7622846,1020.7
          -47.8683191,-15.7622845,1021.0
          -47.868316,-15.762286,1021.0
          -47.8683164,-15.762286,1021.1
          -47.8683154,-15.762282,1020.8
          -47.8683147,-15.7622891,1020.9
          -47.8683142,-15.7622979,1021.1
          -47.8683117,-15.7622989,1021.4
          -47.8683176,-15.7622924,1021.7
          -47.8683451,-15.7622745,1021.4
          -47.8684034,-15.7622852,1024.8
          -47.86848,-15.7623505,1030.7
          -47.8687208,-15.7625097,1052.2
          -47.8687794,-15.7625804,1056.3
          -47.8689218,-15.7626733,1066.5
          -47.8690197,-15.7627441,1076.9
          -47.8691671,-15.7628195,1084.8
          -47.8692992,-15.7628363,1093.0
          -47.8694837,-15.7629177,1109.6
          -47.8696292,-15.7629767,1121.9
          -47.8697252,-15.7630656,1133.6
          -47.8697876,-15.7631297,1138.3
          -47.8699439,-15.7632502,1147.9
          -47.8700562,-15.7633418,1158.5
          -47.8701417,-15.7634328,1170.0
          -47.8702999,-15.7634962,1179.2
          -47.8704841,-15.7635501,1186.9
          -47.8706401,-15.7636381,1195.9
          -47.8707908,-15.7637325,1205.6
          -47.8709323,-15.7638669,1221.2
          -47.8710517,-15.7639095,1233.6
          -47.8711955,-15.7639818,1247.6
          -47.8712679,-15.7640381,1254.0
          -47.8714252,-15.7641688,1265.0
          -47.8715414,-15.764281,1276.7
          -47.8716574,-15.7643309,1289.5
          -47.8718266,-15.7643544,1300.5
          -47.8720059,-15.7643864,1310.0
          -47.8722074,-15.7644608,1320.4
          -47.8724732,-15.7645707,1338.6
          -47.8725436,-15.7646223,1344.1
          -47.8726597,-15.7647501,1354.3
          -47.8727887,-15.7648344,1365.6
          -47.8728824,-15.7649098,1376.0
          -47.8729545,-15.7650168,1385.6
          -47.8730638,-15.7651236,1396.3
          -47.873163,-15.7652096,1407.2
          -47.8732507,-15.7652609,1415.7
          -47.8734534,-15.7653433,1430.2
          -47.8735624,-15.7654181,1441.8
          -47.873636,-15.765517,1451.7
          -47.873673,-15.7655825,1455.6
          -47.8737722,-15.7657161,1462.7
          -47.8739081,-15.765812,1471.7
          -47.8739814,-15.7658928,1481.5
          -47.8740334,-15.7659704,1491.9
          -47.8741535,-15.7661159,1507.3
          -47.8741938,-15.7661835,1511.6
          -47.8742884,-15.7663136,1520.2
          -47.8743963,-15.7664263,1529.6
          -47.8745042,-15.7665148,1541.3
          -47.8746513,-15.766554,1552.0
          -47.8747869,-15.7665643,1562.9
          -47.874857,-15.766608,1574.1
          -47.8749233,-15.7666638,1584.7
          -47.8750025,-15.7667238,1599.3
          -47.8750767,-15.7667762,1608.0
          -47.8751313,-15.7667864,1612.5
          -47.8752472,-15.766815,1623.6
          -47.8753735,-15.7668672,1635.2
          -47.8755461,-15.7669133,1644.5
          -47.8757098,-15.7669723,1654.6
          -47.8759061,-15.7670731,1670.7
          -47.8759861,-15.767157,1682.5
          -47.8760277,-15.7671775,1688.9
          -47.8761505,-15.7672014,1702.6
          -47.8762806,-15.7672905,1716.4
          -47.8764035,-15.7673979,1729.6
          -47.8765345,-15.7674647,1743.6
          -47.8766738,-15.7675097,1762.3
          -47.8768263,-15.7675463,1772.2
          -47.8769094,-15.7675836,1776.7
          -47.8770364,-15.767685,1786.6
          -47.877147,-15.7677707,1798.4
          -47.8772598,-15.7677991,1810.2
          -47.8773303,-15.7678405,1823.0
          -47.8773944,-15.7679172,1835.3
          -47.8774815,-15.7680057,1848.2
          -47.877635,-15.7681048,1860.6
          -47.877867,-15.7682365,1879.6
          -47.8779377,-15.7682987,1886.0
          -47.8780791,-15.7684112,1900.6
          -47.8781903,-15.7684684,1916.3
          -47.8783019,-15.7684968,1929.9
          -47.878441,-15.7684873,1940.3
          -47.878552,-15.7685276,1955.5
          -47.878645,-15.7685979,1967.2
          -47.8786953,-15.7686299,1973.4
          -47.8787738,-15.7686989,1986.4
          -47.8788436,-15.7687681,1998.9
          -47.8788932,-15.7688096,2010.8
          -47.8789921,-15.7688093,2021.1
          -47.8792138,-15.7688511,2035.4
          -47.8792912,-15.7689044,2045.9
          -47.8793568,-15.7689206,2051.6
          -47.8795072,-15.7689383,2063.1
          -47.8796287,-15.7689595,2073.0
          -47.8798022,-15.7690342,2082.4
          -47.8799455,-15.7691395,2092.0
          -47.8800388,-15.7692072,2102.7
          -47.8801653,-15.7692798,2114.5
          -47.8802692,-15.7693272,2124.0
          -47.880338,-15.7693042,2130.0
          -47.8804744,-15.7693386,2141.0
          -47.8805263,-15.7693501,2144.7
          -47.8806632,-15.7693831,2152.1
          -47.8808395,-15.7694348,2159.9
          -47.8809872,-15.7694519,2169.6
          -47.8811436,-15.7695182,2179.7
          -47.8812952,-15.7695811,2190.2
          -47.8814839,-15.7695624,2203.5
          -47.8816052,-15.7696149,2211.3
          -47.8817349,-15.7696927,2219.9
          -47.8818259,-15.7697177,2224.7
          -47.8821378,-15.7697888,2239.1
          -47.8822436,-15.7698176,2243.7
          -47.8824545,-15.7698365,2252.7
          -47.8826429,-15.769841,2262.6
          -47.882844,-15.769871,2273.1
          -47.8831836,-15.7699427,2286.4
          -47.8833885,-15.7700327,2293.1
          -47.8835675,-15.7701108,2302.1
          -47.8837066,-15.7701819,2311.4
          -47.8838307,-15.7702224,2321.8
          -47.8840224,-15.7702637,2332.0
          -47.8841257,-15.7703019,2337.1
          -47.8842861,-15.7703991,2346.5
          -47.8844073,-15.770492,2355.4
          -47.8845277,-15.7705536,2366.0
          -47.8846591,-15.770582,2376.4
          -47.884833,-15.7705805,2385.4
          -47.8850215,-15.7706125,2395.3
          -47.8852566,-15.7706294,2410.9
          -47.8853814,-15.7706278,2420.8
          -47.8854922,-15.7706737,2431.1
          -47.8855542,-15.7707051,2436.7
          -47.8857113,-15.7707682,2448.4
          -47.8858974,-15.7708217,2459.9
          -47.8860747,-15.7708271,2471.1
          -47.8862074,-15.7708349,2483.2
          -47.8863203,-15.7708964,2495.9
          -47.886423,-15.7709604,2506.1
          -47.886553,-15.7710906,2517.5
          -47.8866536,-15.7711698,2527.4
          -47.8866944,-15.7711964,2533.2
          -47.8867702,-15.7712295,2545.7
          -47.8868596,-15.7712393,2558.3
          -47.8869557,-15.771225,2569.4
          -47.8870494,-15.7712093,2581.5
          -47.8871688,-15.7712105,2594.7
          -47.8873088,-15.771182,2606.5
          -47.8874506,-15.771142,2615.8
          -47.8876124,-15.7711371,2625.3
          -47.8877819,-15.7711594,2635.0
          -47.8879413,-15.7711782,2645.5
          -47.8880974,-15.771231,2655.4
          -47.8882156,-15.7713034,2665.1
          -47.8882872,-15.7713379,2675.4
          -47.8883673,-15.7713429,2687.1
          -47.8885021,-15.7713145,2704.9
          -47.8885638,-15.7712921,2715.9
          -47.8885857,-15.7712917,2721.3
          -47.8886442,-15.7713227,2732.7
          -47.8887397,-15.771359,2745.7
          -47.888846,-15.7713672,2759.1
          -47.8889669,-15.7713457,2769.9
          -47.8890775,-15.7712766,2782.1
          -47.8891583,-15.7712526,2792.3
          -47.8891991,-15.7712366,2798.1
          -47.8892362,-15.7712204,2809.4
          -47.8892721,-15.7712522,2821.7
          -47.8893563,-15.7712624,2835.7
          -47.8894514,-15.7712288,2847.7
          -47.8895673,-15.7711921,2857.8
          -47.8897327,-15.7711642,2875.2
          -47.8897832,-15.7710974,2887.7
          -47.8898124,-15.7710444,2898.8
          -47.8898189,-15.7710317,2903.8
          -47.8898338,-15.7710173,2914.3
          -47.8898716,-15.7710157,2924.7
          -47.8899356,-15.7710304,2934.4
          -47.8900299,-15.7710129,2946.2
          -47.8901617,-15.7709198,2965.6
          -47.8901938,-15.7708834,2971.5
          -47.8902276,-15.7708089,2981.3
          -47.890267,-15.7707292,2990.9
          -47.8903553,-15.77063,3001.3
          -47.8904434,-15.7705304,3012.0
          -47.8905113,-15.7704259,3021.5
          -47.8905822,-15.77031,3029.8
          -47.8907281,-15.7701581,3044.1
          -47.8908636,-15.7700719,3053.3
          -47.891003,-15.7700076,3062.5
          -47.8910724,-15.7699819,3066.8
          -47.8912073,-15.7699481,3074.8
          -47.8913087,-15.7699295,3083.3
          -47.8913886,-15.7699062,3091.9
          -47.891459,-15.769885,3099.8
          -47.8915216,-15.7698605,3108.9
          -47.8915979,-15.7698433,3118.7
          -47.8916734,-15.7698465,3126.5
          -47.8917654,-15.7698293,3138.1
          -47.8918364,-15.7698073,3148.6
          -47.8918728,-15.7697892,3154.3
          -47.8919636,-15.7697106,3164.9
          -47.8920943,-15.7696218,3175.2
          -47.8922373,-15.7695793,3186.8
          -47.8923872,-15.7695685,3198.0
          -47.8925388,-15.7695842,3206.0
          -47.8927332,-15.7696122,3217.3
          -47.892857,-15.7696309,3224.1
          -47.892962,-15.7696485,3230.5
          -47.8930579,-15.7696469,3237.6
          -47.893111,-15.7696504,3241.8
          -47.8932248,-15.7696695,3251.6
          -47.8933316,-15.7696685,3262.9
          -47.8934319,-15.7696576,3274.8
          -47.8935137,-15.7696542,3284.2
          -47.8936398,-15.7695985,3294.3
          -47.8937559,-15.769551,3302.9
          -47.893863,-15.7694993,3311.5
          -47.8940099,-15.7694288,3320.3
          -47.8941785,-15.7694002,3330.8
          -47.8943063,-15.7693678,3343.4
          -47.8944264,-15.7693304,3357.2
          -47.8944819,-15.7693227,3364.0
          -47.8946295,-15.7692693,3384.6
          -47.8947486,-15.7692451,3398.8
          -47.8948058,-15.7692288,3405.4
          -47.8949553,-15.7691614,3414.9
          -47.8951377,-15.7691412,3424.1
          -47.8952621,-15.7691407,3435.4
          -47.8953637,-15.7690852,3446.9
          -47.8954386,-15.769037,3456.0
          -47.8954949,-15.7689992,3464.9
          -47.8956346,-15.7689257,3481.7
          -47.895685,-15.7688976,3487.6
          -47.8957782,-15.7688286,3497.1
          -47.8959421,-15.7687174,3510.2
          -47.8959997,-15.7686876,3514.8
          -47.8961264,-15.7686238,3522.8
          -47.8962717,-15.7685873,3531.2
          -47.8963956,-15.7685801,3541.9
          -47.8965026,-15.7685743,3553.9
          -47.896585,-15.7685812,3569.5
          -47.8966518,-15.7685442,3581.9
          -47.8966975,-15.7685351,3588.0
          -47.8967794,-15.7685631,3597.4
          -47.8968861,-15.768582,3605.6
          -47.8969943,-15.7685585,3616.4
          -47.8970412,-15.7685316,3628.7
          -47.897093,-15.7684472,3639.6
          -47.8971575,-15.7683577,3650.6
          -47.8972271,-15.7682557,3668.0
          -47.8972348,-15.7682119,3672.8
          -47.8972581,-15.768127,3683.3
          -47.8973168,-15.7680415,3694.2
          -47.8974014,-15.7679339,3704.0
          -47.8975095,-15.7678466,3712.8
          -47.8976232,-15.7677761,3720.7
          -47.8977336,-15.7676956,3727.5
          -47.8978431,-15.7676257,3734.7
          -47.8979932,-15.7674942,3748.1
          -47.8980385,-15.7674386,3752.6
          -47.8981351,-15.7673304,3761.5
          -47.8982369,-15.7672141,3769.4
          -47.8983326,-15.7670848,3777.4
          -47.8984346,-15.766968,3786.4
          -47.8985351,-15.7668504,3796.9
          -47.8986443,-15.7667436,3806.0
          -47.8987584,-15.7666796,3813.1
          -47.8988673,-15.7665902,3825.1
          -47.8989019,-15.7665606,3829.4
          -47.8989392,-15.7665068,3837.6
          -47.8989421,-15.7664159,3846.4
          -47.8989692,-15.7663195,3857.4
          -47.8990054,-15.7662376,3870.5
          -47.8991027,-15.7661282,3888.9
          -47.8991211,-15.7660955,3898.9
          -47.899115,-15.766061,3903.9
          -47.8991273,-15.7659792,3913.2
          -47.8991555,-15.7659508,3922.7
          -47.8992033,-15.7658989,3933.8
          -47.8992978,-15.7658208,3943.4
          -47.8994025,-15.7657407,3951.9
          -47.8994929,-15.7656343,3960.1
          -47.8995967,-15.7655476,3967.7
          -47.8997159,-15.7654541,3983.4
          -47.8997458,-15.765418,3989.6
          -47.8997999,-15.7653511,4002.4
          -47.8998448,-15.7652426,4015.1
          -47.8999377,-15.765134,4027.8
          -47.9000104,-15.7650791,4041.3
          -47.9000554,-15.7650078,4053.9
          -47.9000869,-15.7649542,4061.4
          -47.9001349,-15.7648015,4072.9
          -47.9002058,-15.7647153,4083.9
          -47.9002868,-15.764609,4094.4
          -47.9004184,-15.764495,4102.8
          -47.9005366,-15.7644459,4111.2
          -47.9005794,-15.764407,4116.0
          -47.9006565,-15.764275,4125.7
          -47.9007219,-15.7641947,4137.0
          -47.900799,-15.7641262,4150.0
          -47.9009059,-15.7640207,4162.7
          -47.9009832,-15.7639812,4174.8
          -47.9010349,-15.763871,4191.6
          -47.901111,-15.7637814,4203.4
          -47.9011559,-15.7637601,4209.6
          -47.901258,-15.7637133,4222.2
          -47.901377,-15.763668,4234.2
          -47.9014743,-15.7636819,4241.6
          -47.90156,-15.7636956,4249.3
          -47.9016737,-15.7636859,4257.3
          -47.9018302,-15.7637231,4268.2
          -47.9019272,-15.7637345,4275.4
          -47.9020198,-15.7637587,4281.0
          -47.9020889,-15.7637762,4287.7
          -47.9021561,-15.7637794,4295.1
          -47.9022029,-15.7637866,4302.1
          -47.9022459,-15.7637636,4310.3
          -47.9022987,-15.7637374,4319.6
          -47.9023496,-15.7636952,4328.5
          -47.9024421,-15.7636142,4336.1
          -47.9024983,-15.7635812,4340.2
          -47.9025854,-15.7635221,4348.0
          -47.9026557,-15.7634398,4356.3
          -47.9027645,-15.7633774,4366.4
          -47.9028903,-15.7633316,4375.8
          -47.9030397,-15.7632967,4382.5
          -47.9031823,-15.7632898,4390.4
          -47.9033891,-15.763223,4403.8
          -47.90347,-15.7631999,4407.7
          -47.9036998,-15.7631436,4417.1
          -47.9038329,-15.7630825,4424.0
          -47.9039628,-15.7630379,4433.2
          -47.9040192,-15.763009,4437.9
          -47.9041151,-15.7629287,4446.4
          -47.9042345,-15.7628606,4454.8
          -47.9043898,-15.762811,4462.4
          -47.9046192,-15.7627651,4474.2
          -47.9047682,-15.7627739,4482.6
          -47.9049102,-15.7627842,4491.7
          -47.9049781,-15.7627938,4496.1
          -47.9050941,-15.7628279,4504.5
          -47.9051751,-15.762838,4513.7
          -47.9053198,-15.7627954,4530.9
          -47.9053871,-15.7627736,4537.2
          -47.9055462,-15.7627256,4548.7
          -47.9057287,-15.7627092,4558.3
          -47.9059969,-15.7626966,4570.3
          -47.906086,-15.7626836,4574.4
          -47.9062465,-15.7627009,4583.3
          -47.9063754,-15.7627183,4594.2
          -47.9064856,-15.7626952,4606.0
          -47.9065711,-15.7626612,4616.2
          -47.906692,-15.7626063,4628.0
          -47.9068453,-15.7625985,4640.5
          -47.907042,-15.7626494,4657.3
          -47.9071949,-15.7626766,4666.6
          -47.9073676,-15.7627133,4673.6
          -47.907455,-15.7627198,4676.8
          -47.9076236,-15.7627158,4682.3
          -47.9077647,-15.7627352,4689.5
          -47.9079011,-15.7627213,4696.8
          -47.9080438,-15.7626699,4704.8
          -47.9082423,-15.7626479,4716.6
          -47.908395,-15.7625979,4724.3
          -47.9084795,-15.7626001,4728.1
          -47.9086524,-15.7626304,4736.2
          -47.9088127,-15.7625901,4744.2
          -47.9089599,-15.7625921,4753.3
          -47.9091063,-15.7626228,4764.2
          -47.9092554,-15.7625718,4775.6
          -47.9094498,-15.7625368,4791.4
          -47.9095112,-15.7625172,4794.8
          -47.9096508,-15.7624704,4802.2
          -47.9097717,-15.7624924,4809.6
          -47.9098782,-15.7625193,4818.2
          -47.9100274,-15.76253,4828.7
          -47.9101407,-15.7626045,4837.9
          -47.9102343,-15.7626572,4848.5
          -47.9103566,-15.7626879,4859.9
          -47.9104815,-15.7626572,4875.5
          -47.9105959,-15.7626337,4887.3
          -47.910645,-15.7626341,4897.0
          -47.9106524,-15.7626307,4901.4
          -47.910698,-15.7626265,4909.8
          -47.9107462,-15.7626328,4917.3
          -47.9107941,-15.7626601,4924.6
          -47.9108962,-15.7626967,4931.5
          -47.9110604,-15.7627133,4944.0
          -47.9111888,-15.7626935,4952.0
          -47.9112547,-15.7626811,4956.4
          -47.9114395,-15.7626746,4968.5
          -47.9115696,-15.762685,4975.8
          -47.9149,-15.7614858,5459.4
          -47.9149464,-15.7614666,5467.7
          -47.9150325,-15.7614708,5479.0
          -47.9150702,-15.7614504,5487.1
          -47.9150812,-15.7614461,5491.4
          -47.9150922,-15.7613968,5500.3
          -47.9151077,-15.7612996,5508.6
          -47.9151363,-15.7612162,5516.7
          -47.9152063,-15.7611244,5523.8
          -47.9153412,-15.7610118,5536.8
          -47.915401,-15.7609377,5547.2
          -47.9154506,-15.7608974,5551.8
          -47.9155745,-15.7608581,5561.2
          -47.9156523,-15.7608493,5571.3
          -47.9157246,-15.7608463,5580.1
          -47.9157803,-15.7608731,5587.3
          -47.9158199,-15.7608622,5595.6
          -47.9159037,-15.7607827,5610.8
          -47.9159074,-15.7607169,5619.5
          -47.9159141,-15.7606739,5622.7
          -47.9159226,-15.7606116,5630.2
          -47.9159326,-15.7605911,5638.9
          -47.9159761,-15.7605902,5646.2
          -47.9160144,-15.7605777,5654.7
          -47.9160966,-15.760495,5666.6
          -47.916111,-15.7604726,5671.1
          -47.9160816,-15.7604107,5682.7
          -47.9160843,-15.7603777,5689.8
          -47.9160887,-15.7603765,5694.1
          -47.9160852,-15.7603476,5703.9
          -47.9161186,-15.7603144,5713.2
          -47.9161653,-15.7602785,5722.6
          -47.9161818,-15.7601892,5732.5
          -47.9162015,-15.7601166,5739.8
          -47.9162182,-15.7600297,5753.9
          -47.916238,-15.7600152,5759.7
          -47.9162528,-15.7600173,5770.9
          -47.9162128,-15.7600122,5781.5
          -47.9161738,-15.7599951,5791.4
          -47.9161255,-15.7599646,5801.1
          -47.916102,-15.7598868,5810.2
          -47.9161145,-15.7598147,5820.5
          -47.9161627,-15.75973,5833.9
          -47.9161933,-15.7597113,5838.2
          -47.9162181,-15.7596621,5855.1
          -47.9161882,-15.7595995,5867.1
          -47.9161241,-15.7595777,5876.4
          -47.9160857,-15.7595671,5880.6
          -47.916022,-15.759521,5888.4
          -47.9159622,-15.7594795,5895.2
          -47.9159087,-15.7594639,5904.9
          -47.915892,-15.7594258,5916.5
          -47.9159109,-15.7593565,5926.5
          -47.9159368,-15.7592941,5933.7
          -47.9159466,-15.7592333,5939.6
          -47.915946,-15.7591591,5950.8
          -47.9159587,-15.7591518,5961.0
          -47.9159422,-15.7591383,5966.8
          -47.9158997,-15.759097,5980.0
          -47.9159014,-15.7590415,5992.1
          -47.9158667,-15.7589494,5999.7
          -47.9158243,-15.7588848,6008.4
          -47.9158534,-15.7588568,6018.1
          -47.9158725,-15.7588435,6026.8
          -47.9158907,-15.7588423,6033.0
          -47.9159016,-15.7588438,6039.5
          -47.9158797,-15.7588282,6047.7
          -47.91586,-15.7587707,6055.7
          -47.9158191,-15.758755,6063.1
          -47.9157821,-15.7587517,6072.2
          -47.9157802,-15.7586931,6082.7
          -47.9156871,-15.7586812,6097.2
          -47.9156142,-15.7586503,6104.7
          -47.9155861,-15.7586293,6107.3
          -47.9155311,-15.7585966,6113.0
          -47.9154961,-15.7585678,6119.7
          -47.9154874,-15.7585654,6126.9
          -47.9154768,-15.758535,6133.8
          -47.9154794,-15.7584739,6140.4
          -47.9154168,-15.7584666,6151.4
          -47.9153662,-15.7584564,6159.5
          -47.9153502,-15.7584632,6163.5
          -47.9152928,-15.7584867,6172.5
          -47.9152386,-15.7584991,6180.7
          -47.9152283,-15.7585221,6188.1
          -47.9151797,-15.7585398,6197.3
          -47.9151125,-15.7585639,6214.4
          -47.9151153,-15.7585747,6224.5
          -47.9151103,-15.7585612,6232.0
          -47.9151046,-15.7585605,6239.9
          -47.9151002,-15.7585673,6244.8
          -47.9150773,-15.7585598,6256.7
          -47.9150346,-15.7585712,6270.4
          -47.9149561,-15.7586279,6283.2
          -47.9147849,-15.7586448,6300.2
          -47.9146863,-15.7586199,6308.7
          -47.9146344,-15.758606,6312.4
          -47.914511,-15.7585602,6324.1
          -47.9144753,-15.7585504,6328.5
          -47.914364,-15.758566,6336.8
          -47.9142647,-15.758587,6346.8
          -47.9142265,-15.7585601,6356.6
          -47.9141797,-15.7585487,6365.5
          -47.9141404,-15.7585535,6375.3
          -47.9140141,-15.7585258,6393.3
          -47.9138886,-15.7585475,6404.8
          -47.9137702,-15.7585353,6414.2
          -47.9136608,-15.7584841,6421.7
          -47.9135605,-15.7584716,6428.6
          -47.9134528,-15.7584729,6435.8
          -47.9134086,-15.7584596,6439.8
          -47.9133565,-15.7584374,6448.7
          -47.9133185,-15.7584656,6456.6
          -47.9132986,-15.7584764,6465.4
          -47.9132789,-15.7584745,6475.9
          -47.9132442,-15.7584767,6485.8
          -47.9131711,-15.7584447,6495.3
          -47.9130369,-15.758487,6512.2
          -47.9129336,-15.7585477,6521.4
          -47.9128153,-15.7586259,6529.1
          -47.9127305,-15.7587093,6538.4
          -47.9126514,-15.7587962,6548.8
          -47.912597,-15.7589056,6558.6
          -47.9125849,-15.7589785,6569.5
          -47.9125411,-15.7590146,6582.4
          -47.912506,-15.7590347,6589.0
          -47.9124139,-15.7590616,6599.9
          -47.9122891,-15.7590964,6607.6
          -47.9121866,-15.7591533,6615.6
          -47.9120992,-15.7591702,6624.7
          -47.9119999,-15.7592275,6634.4
          -47.9118999,-15.759349,6651.2
          -47.9118145,-15.7593922,6664.6
          -47.9117148,-15.7594552,6677.4
          -47.9116718,-15.7594606,6682.9
          -47.9116092,-15.7594298,6694.1
          -47.9115451,-15.7594551,6707.3
          -47.9114992,-15.7594665,6720.1
          -47.9115118,-15.7594541,6729.8
          -47.9115103,-15.7595146,6739.4
          -47.9114552,-15.7595068,6753.8
          -47.9114044,-15.7595215,6765.4
          -47.9113846,-15.7595495,6771.2
          -47.9113823,-15.7595671,6780.3
          -47.9113766,-15.7596073,6788.8
          -47.9113418,-15.7596877,6796.9
          -47.9113225,-15.7597084,6807.3
          -47.9112645,-15.7597639,6819.2
          -47.9112037,-15.7598231,6831.5
          -47.9111978,-15.759834,6842.9
          -47.9110917,-15.7599549,6862.0
          -47.9110395,-15.7599626,6867.5
          -47.9109263,-15.7599665,6878.9
          -47.9108116,-15.7600719,6890.0
          -47.9107161,-15.7601303,6902.6
          -47.9105922,-15.7601574,6916.0
          -47.9104575,-15.7602771,6927.3
          -47.9103416,-15.7604425,6943.6
          -47.9103189,-15.7604902,6948.4
          -47.9102655,-15.7605923,6962.8
          -47.9102373,-15.7606036,6968.2
          -47.9101446,-15.7606483,6980.6
          -47.9100102,-15.7607143,6991.3
          -47.9098578,-15.7607661,7001.5
          -47.90972,-15.7608337,7012.6
          -47.9094938,-15.7608687,7025.0
          -47.9093799,-15.7608741,7032.9
          -47.909257,-15.7609114,7043.2
          -47.9092027,-15.7609156,7048.5
          -47.9091523,-15.7609076,7058.4
          -47.9091083,-15.7609307,7068.7
          -47.9090407,-15.7609186,7076.3
          -47.9089954,-15.7609057,7084.2
          -47.9089451,-15.760948,7093.8
          -47.908881,-15.7610327,7107.7
          -47.9088085,-15.7611144,7116.3
          -47.9087113,-15.7611803,7125.7
          -47.9086603,-15.7612056,7130.4
          -47.9085352,-15.7612342,7138.9
          -47.9084147,-15.7612217,7148.8
          -47.9083288,-15.7611896,7160.4
          -47.9082517,-15.7611043,7176.5
          -47.9082439,-15.7610886,7186.4
          -47.9082368,-15.7610878,7191.8
          -47.9081886,-15.7609952,7209.5
          -47.9081279,-15.760906,7222.1
          -47.9080226,-15.7608195,7233.0
          -47.9079,-15.760736,7243.4
          -47.9078522,-15.7606938,7248.7
          -47.9077709,-15.7605858,7258.9
          -47.9076822,-15.7604726,7269.3
          -47.9076334,-15.7603744,7280.5
          -47.9075657,-15.7602361,7300.0
          -47.9074945,-15.7601728,7314.7
          -47.9074297,-15.7600804,7328.3
          -47.9073007,-15.7599651,7337.6
          -47.9071579,-15.7599088,7346.6
          -47.9070496,-15.7598372,7357.3
          -47.9069174,-15.7597191,7367.4
          -47.9068461,-15.7596718,7372.7
          -47.9067157,-15.7595807,7383.6
          -47.9065835,-15.7594539,7395.0
          -47.9064825,-15.7593311,7407.1
          -47.9064329,-15.759216,7418.5
          -47.9063635,-15.7590818,7430.1
          -47.9063005,-15.7589515,7441.1
          -47.9062399,-15.758817,7459.3
          -47.906131,-15.7586158,7484.1
          -47.9060762,-15.758456,7492.9
          -47.905984,-15.7582949,7501.1
          -47.9059417,-15.7582214,7504.8
          -47.9058451,-15.7580657,7511.3
          -47.9057219,-15.7579185,7518.2
          -47.9056473,-15.7578153,7525.3
          -47.9055635,-15.7577262,7532.5
          -47.9054455,-15.7576389,7538.1
          -47.9053358,-15.7575139,7549.1
          -47.9052767,-15.7574525,7553.2
          -47.9051347,-15.757313,7561.7
          -47.9050395,-15.7571689,7569.8
          -47.9049499,-15.7570209,7577.0
          -47.9048674,-15.7568984,7583.1
          -47.9047767,-15.7567819,7590.7
          -47.9046394,-15.7566344,7598.7
          -47.9045075,-15.7564558,7610.5
          -47.9043768,-15.7563036,7618.8
          -47.904292,-15.7562298,7623.2
          -47.9041508,-15.7561339,7631.7
          -47.9040164,-15.7559974,7641.3
          -47.9038784,-15.7558252,7651.8
          -47.9037202,-15.7556715,7669.0
          -47.9036509,-15.7555748,7674.3
          -47.9035035,-15.7553623,7684.3
          -47.9032585,-15.7551201,7699.5
          -47.9030932,-15.7549785,7710.5
          -47.9030214,-15.7549296,7715.2
          -47.9028663,-15.754844,7722.9
          -47.9027224,-15.7547259,7729.6
          -47.9025502,-15.7545226,7739.5
          -47.9024302,-15.7543486,7746.0
          -47.9022931,-15.754167,7753.7
          -47.9022142,-15.7540943,7757.4
          -47.9020321,-15.7539609,7763.8
          -47.9018572,-15.7538096,7769.9
          -47.9017203,-15.7536822,7776.2
          -47.9015718,-15.7535419,7783.8
          -47.9013992,-15.753351,7790.4
          -47.9012389,-15.7531623,7797.0
          -47.9009752,-15.7529039,7805.3
          -47.9008264,-15.7527286,7812.5
          -47.9007554,-15.7526614,7816.0
          -47.9005982,-15.752534,7824.0
          -47.9004583,-15.7523525,7831.9
          -47.9002974,-15.7521696,7839.5
          -47.9001094,-15.7520164,7848.8
          -47.8999829,-15.751874,7857.5
          -47.8997502,-15.7517135,7868.7
          -47.8996855,-15.7516423,7872.9
          -47.8995604,-15.7514799,7882.0
          -47.8992968,-15.7512143,7894.0
          -47.8992207,-15.7511217,7897.8
          -47.899037,-15.7509648,7906.4
          -47.8988559,-15.7508509,7914.7
          -47.8987314,-15.7507294,7923.2
          -47.8985762,-15.7506048,7929.3
          -47.8983482,-15.7504253,7940.7
          -47.8981492,-15.7502659,7948.0
          -47.8980408,-15.7501924,7952.0
          -47.8977796,-15.7500278,7963.0
          -47.8973656,-15.7497641,7980.4
          -47.8972191,-15.7496694,7988.8
          -47.8971489,-15.7495968,7992.5
          -47.8969977,-15.7494367,8000.4
          -47.8968515,-15.7492996,8006.4
          -47.8966854,-15.7491306,8014.1
          -47.8964779,-15.748996,8021.8
          -47.8961794,-15.7487846,8034.3
          -47.8959582,-15.7486007,8042.2
          -47.8957405,-15.7484828,8050.5
          -47.8955465,-15.7483749,8056.6
          -47.8954404,-15.7483158,8060.4
          -47.8951599,-15.7481098,8071.8
          -47.8950848,-15.7480225,8075.6
          -47.8948988,-15.7478581,8083.4
          -47.8946883,-15.747716,8091.1
          -47.8943719,-15.7474763,8100.9
          -47.8941722,-15.7473596,8109.3
          -47.8940266,-15.7472184,8116.5
          -47.8939551,-15.7471476,8120.1
          -47.8937913,-15.7470132,8128.6
          -47.8935969,-15.7468278,8135.8
          -47.8933771,-15.7466437,8143.0
          -47.893183,-15.7465056,8149.7
          -47.8930119,-15.7463246,8154.6
          -47.8928309,-15.7461463,8162.6
          -47.8926317,-15.7460092,8171.7
          -47.8923917,-15.7458697,8180.6
          -47.8921722,-15.7457261,8192.5
          -47.8919726,-15.7455471,8205.7
          -47.8917714,-15.7453233,8216.2
          -47.8916107,-15.7451003,8224.3
          -47.8914302,-15.7448868,8232.8
          -47.8912321,-15.7446678,8241.4
          -47.8910142,-15.7443879,8252.4
          -47.8909141,-15.744285,8256.4
          -47.8905839,-15.7439777,8269.6
          -47.8904724,-15.7438841,8273.6
          -47.8902284,-15.7436998,8282.5
          -47.8897988,-15.7434196,8302.9
          -47.8895497,-15.7431813,8315.5
          -47.889395,-15.7430069,8322.6
          -47.8891966,-15.7427973,8331.3
          -47.8890858,-15.7426888,8334.8
          -47.8888515,-15.742476,8342.4
          -47.8886309,-15.7422893,8352.8
          -47.8884352,-15.7421388,8361.8
          -47.8882338,-15.7419992,8368.9
          -47.8878934,-15.7417349,8381.1
          -47.8876669,-15.7415423,8389.7
          -47.8875781,-15.7414478,8393.9
          -47.8873954,-15.7412731,8402.5
          -47.8871624,-15.7411367,8411.0
          -47.8869497,-15.7409822,8420.1
          -47.8867092,-15.7408146,8429.2
          -47.886475,-15.7406562,8438.8
          -47.8862099,-15.7403818,8452.5
          -47.8859742,-15.7402661,8460.3
          -47.8857894,-15.7401347,8468.0
          -47.8855676,-15.7399804,8475.6
          -47.8854263,-15.7399037,8479.2
          -47.8851883,-15.7397407,8487.8
          -47.8850032,-15.7395911,8496.3
          -47.8847589,-15.73947,8504.2
          -47.8845546,-15.7393454,8512.0
          -47.8843659,-15.7391874,8520.3
          -47.8840295,-15.7389051,8529.7
          -47.883845,-15.7387274,8537.6
          -47.8837335,-15.7386452,8542.1
          -47.8831818,-15.7383254,8561.2
          -47.8829923,-15.7381735,8569.3
          -47.8827696,-15.7380321,8578.5
          -47.8826596,-15.7379425,8582.9
          -47.8823092,-15.7376855,8596.2
          -47.8820695,-15.7375574,8606.5
          -47.8819781,-15.7374717,8611.4
          -47.8817927,-15.7373174,8621.2
          -47.8815731,-15.7372213,8629.5
          -47.8813835,-15.7370521,8638.8
          -47.8811355,-15.7368863,8648.6
          -47.8808799,-15.7367736,8659.9
          -47.880588,-15.7365198,8676.1
          -47.8804617,-15.7364709,8680.1
          -47.8801397,-15.7363117,8693.1
          -47.8799449,-15.7361611,8700.5
          -47.8798362,-15.7361108,8703.6
          -47.8796362,-15.7359832,8712.3
          -47.8794074,-15.7358048,8721.0
          -47.8791431,-15.7356839,8730.2
          -47.8789516,-15.7355268,8739.4
          -47.8785964,-15.7352473,8754.5
          -47.8784061,-15.7351022,8763.9
          -47.8782356,-15.7349096,8775.2
          -47.8779346,-15.734699,8791.4
          -47.877797,-15.7345187,8800.5
          -47.877442,-15.7342328,8814.4
          -47.8772605,-15.7340593,8822.6
          -47.8768868,-15.7338203,8833.8
          -47.8766723,-15.7336858,8841.2
          -47.8765623,-15.7336294,8845.4
          -47.8763224,-15.7335027,8853.8
          -47.8761279,-15.7333781,8862.0
          -47.8759225,-15.7332305,8871.3
          -47.8757066,-15.733059,8880.4
          -47.8754469,-15.7328365,8892.7
          -47.8752179,-15.7326535,8902.1
          -47.8750207,-15.7325409,8911.4
          -47.8748182,-15.7323871,8921.8
          -47.8747014,-15.732281,8927.0
          -47.8744997,-15.73213,8936.2
          -47.8743254,-15.7320171,8945.8
          -47.8740833,-15.7318207,8954.9
          -47.8738639,-15.7316933,8964.4
          -47.8735791,-15.7314509,8980.2
          -47.8734551,-15.7313584,8985.9
          -47.8731774,-15.7311989,9002.0
          -47.8730814,-15.7311093,9007.5
          -47.8726697,-15.7308591,9028.9
          -47.8724779,-15.7307031,9039.1
          -47.8722184,-15.7305662,9050.0
          -47.8720604,-15.7304681,9060.5
          -47.8718349,-15.7303144,9069.4
          -47.8716068,-15.7302282,9077.9
          -47.871461,-15.7301089,9088.0
          -47.8712224,-15.7299606,9097.9
          -47.8709998,-15.7298097,9111.8
          -47.8709232,-15.7297292,9116.9
          -47.8705807,-15.7295317,9133.3
          -47.8703761,-15.7293928,9140.5
          -47.8701575,-15.7293112,9149.2
          -47.8699913,-15.7291738,9157.4
          -47.8695506,-15.7288602,9178.4
          -47.8693312,-15.728754,9186.1
          -47.8691488,-15.7286748,9194.7
          -47.8689531,-15.7285393,9202.7
          -47.8687481,-15.7284454,9211.9
          -47.8686074,-15.7283157,9219.9
          -47.8681133,-15.7278231,9240.2
          -47.8680263,-15.7277469,9244.4
          -47.8678765,-15.7276325,9253.0
          -47.8673593,-15.7271597,9281.9
          -47.8671171,-15.7269541,9294.3
          -47.8670135,-15.726786,9302.6
          -47.8668836,-15.7266423,9311.0
          -47.8667632,-15.7265461,9319.0
          -47.8666704,-15.7264062,9326.3
          -47.8665229,-15.7262921,9333.5
          -47.8663912,-15.7261546,9341.4
          -47.8662734,-15.7259678,9349.9
          -47.865828,-15.7254836,9373.7
          -47.8655492,-15.7251551,9388.5
          -47.8654301,-15.7249883,9396.9
          -47.8651002,-15.7245837,9416.8
          -47.8647587,-15.7241494,9436.2
          -47.8645464,-15.7238544,9451.6
          -47.8644232,-15.7236445,9459.3
          -47.8641651,-15.7233446,9477.4
          -47.8640289,-15.72314,9486.9
          -47.8637612,-15.7228339,9504.7
          -47.86364,-15.7226284,9515.0
          -47.863524,-15.7225036,9525.7
          -47.8633469,-15.7222899,9536.2
          -47.8632125,-15.722089,9546.5
          -47.8630257,-15.7219605,9554.4
          -47.862848,-15.7217322,9563.0
          -47.8624564,-15.7212996,9588.0
          -47.8623308,-15.7210971,9599.0
          -47.862134,-15.7209774,9609.0
          -47.8620301,-15.7208783,9614.4
          -47.8618699,-15.7206484,9624.4
          -47.8616594,-15.7204911,9631.7
          -47.8614534,-15.7202796,9639.2
          -47.8613151,-15.7200867,9648.0
          -47.8610894,-15.7199341,9656.8
          -47.8608429,-15.7196032,9671.7
          -47.8606201,-15.7194473,9682.5
          -47.8603921,-15.7192109,9694.7
          -47.860318,-15.7190812,9700.5
          -47.860113,-15.7188419,9711.8
          -47.8598354,-15.7185664,9722.0
          -47.8596283,-15.718286,9733.4
          -47.859356,-15.7180461,9744.4
          -47.859045,-15.7177976,9754.6
          -47.8587831,-15.7175364,9762.6
          -47.8585026,-15.7172792,9769.3
          -47.8581212,-15.7169218,9780.3
          -47.8578665,-15.7167095,9789.4
          -47.8572901,-15.7161494,9809.9
          -47.8570576,-15.7158646,9818.5
          -47.8564562,-15.7152002,9844.2
          -47.8563366,-15.7150371,9848.7
          -47.8559293,-15.7146268,9859.3
          -47.8557805,-15.7144887,9862.6
          -47.8553598,-15.7141099,9872.3
          -47.8549766,-15.713768,9886.1
          -47.8547447,-15.7135512,9894.1
          -47.8545185,-15.7133367,9901.7
          -47.8542996,-15.7130599,9911.1
          -47.8540627,-15.7127648,9919.6
          -47.8536676,-15.7123147,9933.4
          -47.8533719,-15.7120676,9942.4
          -47.8532176,-15.7119513,9947.0
          -47.8529195,-15.7116928,9954.3
          -47.8526467,-15.7114499,9959.6
          -47.8523806,-15.7112139,9968.4
          -47.852119,-15.7109353,9980.0
          -47.8518714,-15.7106236,9991.6
          -47.8516144,-15.7102886,10001.9
          -47.8512224,-15.7097808,10013.6
          -47.8511033,-15.7096214,10016.8
          -47.850845,-15.7093044,10023.5
          -47.8505404,-15.708973,10031.4
          -47.8502405,-15.7086794,10039.9
          -47.8499346,-15.7084256,10048.1
          -47.8496441,-15.7081372,10055.4
          -47.8492574,-15.7077078,10066.7
          -47.8489402,-15.7074106,10073.8
          -47.8487903,-15.7072461,10077.2
          -47.8485,-15.7069425,10084.6
          -47.8481541,-15.7066674,10091.2
          -47.8478263,-15.7063724,10099.3
          -47.8475297,-15.7060756,10106.4
          -47.8471851,-15.7057511,10113.8
          -47.8468756,-15.7054481,10123.0
          -47.8465759,-15.7051905,10132.1
          -47.8462338,-15.7049139,10139.2
          -47.8457811,-15.7045111,10151.5
          -47.8454186,-15.7042,10160.0
          -47.8448902,-15.703744,10172.2
          -47.84452,-15.7034733,10180.7
          -47.8441645,-15.7031293,10189.3
          -47.8434622,-15.7025649,10206.3
          -47.8430687,-15.7022103,10213.6
          -47.8424701,-15.7017647,10223.5
          -47.8420791,-15.7014315,10232.3
          -47.841711,-15.7011556,10240.1
          -47.8413299,-15.7009118,10248.8
          -47.8409441,-15.7005859,10257.2
          -47.840539,-15.7002854,10265.3
          -47.8401218,-15.7000171,10273.2
          -47.8399191,-15.6998535,10277.1
          -47.8395316,-15.6995278,10286.0
          -47.8387479,-15.6990079,10302.1
          -47.8383237,-15.6987359,10309.9
          -47.8379216,-15.6984839,10318.2
          -47.8374928,-15.6981706,10326.9
          -47.8367175,-15.6976314,10344.0
          -47.836059,-15.6972033,10357.4
          -47.8358764,-15.6970665,10361.8
          -47.8354964,-15.6967731,10370.6
          -47.8350653,-15.6965027,10378.6
          -47.8347031,-15.696217,10387.3
          -47.8342844,-15.6959149,10396.4
          -47.8338449,-15.6956365,10404.6
          -47.8334629,-15.6953075,10412.9
          -47.8328381,-15.6948916,10425.7
          -47.8326565,-15.6947476,10429.2
          -47.83229,-15.6944252,10438.2
          -47.8318682,-15.6941613,10446.5
          -47.831427,-15.6939114,10453.2
          -47.8309896,-15.6936238,10460.7
          -47.8305607,-15.6933577,10468.7
          -47.8299055,-15.6928838,10481.0
          -47.8294905,-15.6926027,10488.4
          -47.8290711,-15.6923558,10497.6
          -47.8286232,-15.6920512,10506.0
          -47.8283936,-15.6919032,10509.4
          -47.8279406,-15.6916414,10516.2
          -47.8275016,-15.691342,10525.3
          -47.826918,-15.6909173,10537.8
          -47.8264825,-15.690635,10547.0
          -47.8262497,-15.6904793,10551.8
          -47.8258397,-15.6902013,10561.2
          -47.8254343,-15.6899627,10570.5
          -47.8249595,-15.6896933,10579.3
          -47.8245552,-15.6894179,10587.4
          -47.8241413,-15.6891593,10596.4
          -47.8236596,-15.6888739,10605.4
          -47.8232652,-15.6885801,10614.4
          -47.8228337,-15.6883294,10624.3
          -47.8221606,-15.687875,10638.8
          -47.8212618,-15.6873347,10658.3
          -47.8210473,-15.6871633,10663.0
          -47.8206491,-15.6868842,10672.5
          -47.8201682,-15.6866359,10681.4
          -47.8197539,-15.686313,10690.3
          -47.8193529,-15.6860692,10699.8
          -47.8188809,-15.6857872,10709.0
          -47.8184983,-15.6854651,10718.3
          -47.8180586,-15.6852291,10727.2
          -47.8174269,-15.6847712,10739.8
          -47.8172359,-15.6846362,10743.9
          -47.8167667,-15.6843621,10751.1
          -47.8163375,-15.6840584,10759.5
          -47.8157063,-15.6836782,10774.0
          -47.8154758,-15.683521,10778.4
          -47.8150385,-15.6832432,10786.2
          -47.8143893,-15.6828584,10798.3
          -47.8139924,-15.6825718,10806.8
          -47.813548,-15.6823496,10815.0
          -47.8133294,-15.6822285,10819.1
          -47.8129448,-15.6819543,10827.4
          -47.8125103,-15.6816926,10836.2
          -47.8120707,-15.681426,10846.0
          -47.8117055,-15.681158,10854.9
          -47.8110686,-15.6807189,10867.9
          -47.8104838,-15.6803408,10882.0
          -47.8100157,-15.6800514,10890.0
          -47.8095716,-15.6798033,10897.0
          -47.8091446,-15.6795534,10905.3
          -47.8086984,-15.679256,10914.2
          -47.8082704,-15.679032,10923.0
          -47.8076853,-15.6786238,10936.6
          -47.8072656,-15.6783598,10945.2
          -47.8070467,-15.6782289,10949.2
          -47.8066342,-15.6779226,10957.7
          -47.8062085,-15.6776578,10966.7
          -47.8057753,-15.6774103,10975.9
          -47.8051836,-15.6769844,10989.2
          -47.804713,-15.6767514,10997.9
          -47.804502,-15.6766258,11002.1
          -47.8041207,-15.6763611,11009.7
          -47.803671,-15.6761307,11016.5
          -47.8032392,-15.6758947,11025.5
          -47.8028338,-15.6756003,11034.2
          -47.8023645,-15.6753333,11042.5
          -47.8017616,-15.6749703,11055.2
          -47.8012977,-15.6746911,11062.9
          -47.8010655,-15.67457,11067.4
          -47.800677,-15.6743213,11076.4
          -47.8002449,-15.6740215,11084.8
          -47.7997852,-15.6737666,11093.9
          -47.7994177,-15.6735017,11103.5
          -47.7989689,-15.6731899,11113.5
          -47.7985247,-15.6729435,11123.6
          -47.7981536,-15.6726477,11132.6
          -47.7976796,-15.6723412,11141.5
          -47.797088,-15.6719467,11154.9
          -47.7966088,-15.6716292,11163.3
          -47.79637,-15.6715054,11168.0
          -47.7959876,-15.6712355,11176.3
          -47.7955238,-15.670919,11184.5
          -47.7950464,-15.6706539,11193.9
          -47.7943987,-15.6701579,11205.2
          -47.7941616,-15.6700311,11209.1
          -47.7935287,-15.6695728,11221.6
          -47.7933036,-15.6693919,11225.2
          -47.7926692,-15.6689463,11235.2
          -47.7922188,-15.6686407,11243.1
          -47.7917675,-15.6683765,11251.3
          -47.7913428,-15.6680788,11258.9
          -47.7911091,-15.6679158,11262.3
          -47.7906397,-15.6676198,11269.5
          -47.790242,-15.6673172,11276.1
          -47.7898056,-15.6669981,11283.7
          -47.7893486,-15.6667287,11290.7
          -47.7889681,-15.6664266,11297.2
          -47.7885541,-15.6661331,11304.8
          -47.7879125,-15.6657601,11316.2
          -47.7877045,-15.6656046,11320.2
          -47.7872399,-15.6652976,11328.4
          -47.7867757,-15.665001,11334.8
          -47.7863369,-15.664661,11342.2
          -47.7859033,-15.6643559,11349.4
          -47.7853112,-15.6638761,11360.0
          -47.7851012,-15.6637176,11364.1
          -47.7844794,-15.6633079,11376.0
          -47.7842737,-15.663143,11379.6
          -47.7838424,-15.6628346,11386.5
          -47.7834352,-15.6625741,11394.7
          -47.7830046,-15.6622337,11402.3
          -47.7825578,-15.6619071,11410.1
          -47.7821574,-15.6616037,11417.2
          -47.7817237,-15.6612701,11424.4
          -47.7811378,-15.6608335,11435.3
          -47.7809413,-15.6606823,11439.1
          -47.7804896,-15.6603938,11445.8
          -47.7800758,-15.6601167,11453.2
          -47.7796771,-15.6597774,11460.6
          -47.7792176,-15.6594821,11467.7
          -47.7785945,-15.6589996,11478.2
          -47.7783783,-15.6588309,11482.3
          -47.7779618,-15.6585612,11490.6
          -47.7775504,-15.6582413,11498.4
          -47.7770944,-15.6578997,11506.3
          -47.7767113,-15.6576132,11514.1
          -47.7762911,-15.6572856,11522.0
          -47.7758269,-15.6569864,11530.3
          -47.7754533,-15.6566646,11537.2
          -47.7747967,-15.656194,11548.5
          -47.7744213,-15.6558836,11556.3
          -47.7740223,-15.6555604,11563.6
          -47.7736128,-15.6552934,11570.9
          -47.7734261,-15.6551371,11574.5
          -47.7730231,-15.6548145,11581.7
          -47.7725901,-15.6545661,11589.3
          -47.7721751,-15.6542565,11596.4
          -47.7717381,-15.6539281,11604.7
          -47.7713464,-15.6536664,11611.8
          -47.7709436,-15.6533373,11618.5
          -47.770515,-15.6530212,11626.1
          -47.7699589,-15.6525937,11637.1
          -47.7695037,-15.6523019,11644.9
          -47.7691221,-15.652021,11652.5
          -47.7687404,-15.651707,11659.7
          -47.7683288,-15.6514549,11666.4
          -47.7681412,-15.6513186,11670.2
          -47.7675286,-15.6508641,11680.6
          -47.7673292,-15.6507502,11684.2
          -47.76694,-15.6504952,11691.7
          -47.7664877,-15.6502116,11698.7
          -47.7660899,-15.6499596,11706.3
          -47.7657026,-15.6496669,11713.5
          -47.7652569,-15.6494276,11720.2
          -47.764659,-15.6490124,11731.1
          -47.7642296,-15.6487459,11737.3
          -47.7640374,-15.6486357,11740.6
          -47.7636626,-15.6483597,11748.0
          -47.7632201,-15.6480785,11754.6
          -47.7628196,-15.6478556,11761.5
          -47.7624166,-15.647576,11768.7
          -47.761757,-15.6472265,11778.6
          -47.7613488,-15.6469627,11785.9
          -47.7611141,-15.6468145,11789.1
          -47.7606478,-15.6465427,11797.2
          -47.7602579,-15.6462585,11805.0
          -47.759828,-15.6459535,11811.0
          -47.7593747,-15.6456692,11819.2
          -47.7587969,-15.6452772,11829.7
          -47.7583885,-15.6450457,11836.7
          -47.7579735,-15.6447793,11844.7
          -47.7577549,-15.6446426,11848.5
          -47.7573057,-15.6443852,11856.8
          -47.7569115,-15.644117,11864.7
          -47.7564908,-15.6438386,11871.5
          -47.7560227,-15.6435766,11880.0
          -47.7556277,-15.6432889,11887.6
          -47.7549767,-15.642876,11898.1
          -47.7547416,-15.6427474,11902.8
          -47.7543364,-15.6424534,11910.3
          -47.753938,-15.6421552,11917.9
          -47.7534824,-15.6419207,11925.3
          -47.7530834,-15.6416488,11932.9
          -47.7526822,-15.6413521,11941.7
          -47.7522363,-15.6411299,11949.7
          -47.7518145,-15.6408518,11956.9
          -47.7513779,-15.6405699,11965.8
          -47.750747,-15.6401905,11977.3
          -47.7503282,-15.6398867,11985.9
          -47.7501243,-15.6397723,11989.8
          -47.7497344,-15.6395528,11998.5
          -47.749293,-15.6392582,12006.2
          -47.7488663,-15.6390097,12013.9
          -47.7484953,-15.6387636,12021.6
          -47.7480559,-15.6384963,12029.4
          -47.7474928,-15.6381522,12040.8
          -47.7472981,-15.6380218,12044.8
          -47.7468404,-15.637794,12051.5
          -47.7464074,-15.637577,12059.4
          -47.7457389,-15.6371585,12070.2
          -47.7455172,-15.6370293,12074.4
          -47.7449351,-15.6366331,12086.6
          -47.7447115,-15.636511,12090.3
          -47.7442639,-15.6362781,12098.4
          -47.7438754,-15.6359909,12106.5
          -47.7434556,-15.6357443,12114.8
          -47.7430545,-15.6355329,12123.3
          -47.7426424,-15.6352536,12131.4
          -47.7422191,-15.6350265,12139.6
          -47.7415886,-15.6346378,12150.3
          -47.7411484,-15.6343713,12159.1
          -47.7407775,-15.6341189,12166.9
          -47.7405754,-15.6339761,12170.4
          -47.7401318,-15.6337135,12178.3
          -47.739764,-15.6334577,12186.4
          -47.7393708,-15.6331736,12194.9
          -47.7389362,-15.6329367,12202.8
          -47.738337,-15.6324779,12214.4
          -47.738119,-15.6323383,12218.7
          -47.7377141,-15.6320807,12226.7
          -47.7373108,-15.631786,12234.4
          -47.7368873,-15.6315414,12242.5
          -47.7365106,-15.6312845,12251.1
          -47.7361051,-15.6309942,12258.1
          -47.7357023,-15.6307437,12265.2
          -47.7353045,-15.630447,12273.8
          -47.7346635,-15.6300609,12286.0
          -47.7344523,-15.6299335,12289.2
          -47.7340004,-15.6296438,12296.8
          -47.7335848,-15.6293659,12304.5
          -47.7331987,-15.6290645,12312.5
          -47.7327509,-15.6287629,12321.3
          -47.7323481,-15.6284895,12327.9
          -47.7319647,-15.6281901,12336.1
          -47.7313419,-15.6278089,12347.2
          -47.730951,-15.6275269,12356.0
          -47.7307261,-15.6273829,12359.9
          -47.7300568,-15.6269983,12372.1
          -47.7298502,-15.6268384,12376.1
          -47.7294163,-15.6265376,12384.5
          -47.7290171,-15.6262924,12392.8
          -47.7286021,-15.625978,12401.0
          -47.7277706,-15.6254008,12416.6
          -47.7273391,-15.6250831,12425.0
          -47.7269103,-15.6248187,12431.6
          -47.7263095,-15.6243775,12444.1
          -47.7258613,-15.6241347,12452.4
          -47.725658,-15.6240139,12457.1
          -47.7249833,-15.6235601,12469.9
          -47.7245487,-15.623298,12478.5
          -47.7241597,-15.6230096,12487.3
          -47.7239324,-15.6228712,12491.7
          -47.7234955,-15.6226398,12501.4
          -47.7231282,-15.6223908,12508.7
          -47.7227079,-15.6221555,12516.5
          -47.7222944,-15.6218996,12525.4
          -47.7219074,-15.6215926,12534.5
          -47.7215054,-15.6213622,12543.0
          -47.7211214,-15.6211182,12551.8
          -47.7207028,-15.620842,12559.9
          -47.720319,-15.6206288,12568.4
          -47.7199277,-15.6203633,12577.0
          -47.7194782,-15.6201082,12585.6
          -47.7191053,-15.6198637,12593.4
          -47.718704,-15.6195771,12601.1
          -47.7181067,-15.6192053,12614.4
          -47.7177441,-15.6189364,12622.9
          -47.7173168,-15.6187249,12631.3
          -47.7171215,-15.6186121,12635.9
          -47.7167443,-15.6183224,12644.7
          -47.7163279,-15.6180903,12653.2
          -47.7159428,-15.6178642,12662.0
          -47.7155412,-15.6175442,12670.2
          -47.7151346,-15.6172676,12677.2
          -47.7145543,-15.6168263,12689.2
          -47.7141591,-15.6165537,12697.7
          -47.7139842,-15.6164344,12702.4
          -47.7135945,-15.616167,12712.2
          -47.7131445,-15.6158972,12720.7
          -47.7127738,-15.6156271,12728.3
          -47.7123763,-15.6153347,12737.4
          -47.7119629,-15.6151018,12745.2
          -47.7115845,-15.6148345,12754.4
          -47.7111346,-15.6145534,12762.1
          -47.7107231,-15.6143271,12770.5
          -47.7100962,-15.6138966,12784.2
          -47.7096535,-15.6136363,12793.2
          -47.709295,-15.6133506,12801.0
          -47.7088726,-15.6130475,12809.6
          -47.7084543,-15.6127803,12817.6
          -47.7080938,-15.6124703,12826.2
          -47.7078969,-15.6123263,12830.6
          -47.7075008,-15.6121024,12838.7
          -47.7071188,-15.6118463,12848.1
          -47.7066787,-15.6115775,12857.1
          -47.7062846,-15.6113393,12865.4
          -47.7058922,-15.6110456,12874.0
          -47.7054576,-15.6108068,12882.3
          -47.705086,-15.6105647,12891.2
          -47.7044465,-15.6101226,12903.2
          -47.7042409,-15.6099962,12907.0
          -47.7036702,-15.6095545,12918.7
          -47.703269,-15.6093027,12927.7
          -47.7029072,-15.6090422,12937.3
          -47.702477,-15.6087632,12946.9
          -47.7022753,-15.6086464,12951.7
          -47.7019463,-15.6084025,12961.5
          -47.7015449,-15.6081598,12970.6
          -47.7011175,-15.6079374,12979.7
          -47.7007267,-15.6076583,12988.3
          -47.7003196,-15.6074346,12997.4
          -47.6997846,-15.6070497,13011.5
          -47.6995911,-15.6069061,13016.1
          -47.6992033,-15.606704,13024.1
          -47.698823,-15.606483,13033.9
          -47.6984076,-15.6062139,13043.8
          -47.6980507,-15.6060128,13052.7
          -47.6976726,-15.6057655,13061.1
          -47.6972501,-15.6055077,13071.1
          -47.6969267,-15.6052871,13080.2
          -47.6963535,-15.604961,13093.1
          -47.6961633,-15.6048618,13097.7
          -47.6956656,-15.6045226,13111.6
          -47.6952428,-15.6043212,13121.1
          -47.695053,-15.6042002,13125.8
          -47.694726,-15.6039302,13137.3
          -47.6943688,-15.6037332,13147.2
          -47.6940299,-15.603556,13156.0
          -47.6934625,-15.6032786,13167.8
          -47.6930844,-15.6031081,13176.9
          -47.6927024,-15.6028902,13183.9
          -47.6924911,-15.602783,13187.8
          -47.6920959,-15.6025888,13196.6
          -47.6917594,-15.6023628,13205.4
          -47.6914043,-15.6021573,13212.7
          -47.6910696,-15.6019944,13219.7
          -47.6907258,-15.6017938,13230.3
          -47.6903381,-15.6016416,13239.8
          -47.6897812,-15.6014592,13255.1
          -47.6893587,-15.6012778,13267.3
          -47.6891478,-15.6011946,13273.9
          -47.6887592,-15.601003,13284.1
          -47.6883994,-15.6007747,13295.7
          -47.6880594,-15.6006107,13308.5
          -47.6876069,-15.6003224,13324.8
          -47.687451,-15.600239,13329.9
          -47.6871328,-15.6001092,13338.9
          -47.6868053,-15.5999073,13348.9
          -47.6864576,-15.5997321,13362.6
          -47.6861181,-15.5996235,13379.4
          -47.685725,-15.5994764,13396.6
          -47.685315,-15.5994036,13408.5
          -47.6849499,-15.5993691,13417.8
          -47.6843809,-15.5992463,13432.9
          -47.6840466,-15.5991861,13443.9
          -47.6837311,-15.5990504,13455.7
          -47.6834054,-15.59893,13467.7
          -47.6831171,-15.5988308,13479.0
          -47.6829695,-15.5987556,13484.5
          -47.6826536,-15.5986088,13495.7
          -47.6822001,-15.5984144,13510.4
          -47.6820347,-15.5983275,13515.4
          -47.681564,-15.598191,13530.2
          -47.6814167,-15.5981524,13535.2
          -47.6811083,-15.5980299,13542.9
          -47.6807782,-15.5979618,13549.3
          -47.6804301,-15.597897,13557.8
          -47.6800537,-15.5977463,13566.7
          -47.6796307,-15.5976525,13575.0
          -47.6792096,-15.5975463,13582.8
          -47.6786018,-15.597358,13599.5
          -47.6782362,-15.5972826,13609.8
          -47.6780686,-15.5972102,13614.7
          -47.6776862,-15.5970851,13627.0
          -47.6772693,-15.597049,13639.5
          -47.6768908,-15.5969145,13650.4
          -47.6764517,-15.596779,13661.7
          -47.6758264,-15.5966785,13673.6
          -47.675404,-15.5965248,13682.1
          -47.6749939,-15.5964746,13691.8
          -47.6748212,-15.5964379,13696.4
          -47.6742045,-15.5962426,13710.3
          -47.673998,-15.596228,13714.5
          -47.6736507,-15.5961547,13723.7
          -47.6732129,-15.5960288,13732.8
          -47.6727926,-15.5960081,13741.0
          -47.6724231,-15.5959028,13749.2
          -47.6717641,-15.5958152,13761.1
          -47.6715893,-15.5957813,13765.2
          -47.6709373,-15.5956253,13775.8
          -47.6707332,-15.5956112,13779.9
          -47.6701482,-15.5954526,13791.5
          -47.6697034,-15.5954091,13800.0
          -47.6695109,-15.5953794,13804.2
          -47.6691031,-15.595257,13811.1
          -47.6686888,-15.5951875,13818.0
          -47.6681105,-15.5950322,13830.2
          -47.6678868,-15.594982,13834.4
          -47.6675137,-15.5949149,13842.0
          -47.6668123,-15.5947077,13855.9
          -47.6664682,-15.5946332,13863.6
          -47.6658697,-15.5945329,13874.4
          -47.6654734,-15.5944858,13883.4
          -47.665064,-15.5943751,13891.0
          -47.6646511,-15.594284,13898.7
          -47.6643051,-15.5941963,13906.2
          -47.6641152,-15.5941454,13909.7
          -47.6636893,-15.5940817,13917.8
          -47.6633049,-15.5940014,13925.4
          -47.6629027,-15.5938673,13933.1
          -47.6625051,-15.5937689,13941.8
          -47.6619583,-15.5936081,13954.4
          -47.6615302,-15.5935455,13963.9
          -47.6613389,-15.5935043,13968.5
          -47.6609575,-15.5933549,13976.2
          -47.6605647,-15.5932333,13984.6
          -47.6602326,-15.5931097,13992.3
          -47.6598439,-15.5929595,13999.6
          -47.6594598,-15.5928646,14007.2
          -47.6589074,-15.5926198,14017.5
          -47.658528,-15.592495,14025.3
          -47.6583663,-15.5924214,14029.4
          -47.6580139,-15.5922561,14037.4
          -47.6576435,-15.5921523,14045.6
          -47.6572863,-15.5919957,14053.1
          -47.6568892,-15.5918217,14061.5
          -47.6565499,-15.5916826,14068.8
          -47.656193,-15.5915047,14076.9
          -47.6557897,-15.5913781,14085.0
          -47.65525,-15.5911319,14095.5
          -47.6548532,-15.5909828,14103.0
          -47.6546845,-15.5909197,14106.9
          -47.65435,-15.5907478,14114.7
          -47.653957,-15.5906101,14121.6
          -47.6536041,-15.5904779,14129.9
          -47.6532132,-15.590285,14137.1
          -47.6526311,-15.5900762,14149.3
          -47.6524621,-15.5899805,14153.2
          -47.652079,-15.5898091,14160.5
          -47.6511378,-15.5894359,14181.3
          -47.6507627,-15.5892869,14189.2
          -47.6503989,-15.5890786,14197.2
          -47.6501986,-15.5889833,14201.1
          -47.6496628,-15.5887465,14212.8
          -47.6492642,-15.588563,14220.8
          -47.6488836,-15.5884048,14229.1
          -47.6485164,-15.5881891,14236.9
          -47.6477059,-15.5877855,14252.3
          -47.6475334,-15.5876671,14256.5
          -47.6465319,-15.5872064,14275.6
          -47.6461326,-15.5869842,14284.3
          -47.6459345,-15.5869007,14288.3
          -47.6455759,-15.5867357,14295.9
          -47.6452014,-15.5865236,14304.5
          -47.6447954,-15.5863725,14312.0
          -47.6444285,-15.5862128,14321.0
          -47.6440085,-15.5859874,14329.0
          -47.6434191,-15.5857147,14341.5
          -47.6430633,-15.5854985,14350.3
          -47.6428494,-15.585402,14353.6
          -47.6420609,-15.5850553,14370.2
          -47.6416139,-15.5848274,14377.9
          -47.6411962,-15.5846255,14385.6
          -47.640811,-15.5843838,14393.8
          -47.6403869,-15.5842019,14402.1
          -47.6397903,-15.5838939,14414.0
          -47.6393535,-15.5836624,14422.5
          -47.6389819,-15.5834704,14430.5
          -47.6385979,-15.5832043,14438.5
          -47.6383837,-15.5830764,14442.8
          -47.6380085,-15.5828578,14450.6
          -47.6376542,-15.5826224,14459.7
          -47.6372472,-15.5824303,14467.8
          -47.6368977,-15.5822426,14477.0
          -47.6365146,-15.5820068,14485.3
          -47.6359064,-15.5817017,14498.5
          -47.6357284,-15.5815685,14503.1
          -47.6353281,-15.5813116,14512.6
          -47.6338594,-15.5805033,14549.4
          -47.6334625,-15.5803163,14558.0
          -47.6301715,-15.5788087,14638.1
          -47.6298313,-15.5787035,14646.9
          -47.6294337,-15.5785494,14654.6
          -47.6290587,-15.5784094,14663.4
          -47.6254655,-15.576921,14742.5
          -47.6250546,-15.5767841,14751.4
          -47.6245264,-15.5765402,14763.4
          -47.6241275,-15.5764431,14772.2
          -47.6239443,-15.5763954,14776.9
          -47.6235645,-15.5762398,14784.3
          -47.6231599,-15.5761193,14793.1
          -47.6228191,-15.5760046,14802.0
          -47.6224177,-15.5758737,14810.4
          -47.6220196,-15.5758011,14819.5
          -47.6216593,-15.5756772,14826.5
          -47.621235,-15.5755552,14834.5
          -47.6206904,-15.5754008,14847.1
          -47.6202884,-15.5752461,14855.8
          -47.620088,-15.5751954,14860.3
          -47.6197567,-15.575105,14867.7
          -47.6194077,-15.5749646,14876.6
          -47.6190128,-15.5748734,14885.8
          -47.6186584,-15.5748155,14894.3
          -47.6180377,-15.5746789,14906.3
          -47.6176819,-15.5745889,14915.2
          -47.6173232,-15.5744822,14923.0
          -47.6169006,-15.5744092,14931.9
          -47.6163487,-15.5742215,14944.2
          -47.6155877,-15.574018,14960.8
          -47.6152608,-15.5738762,14969.0
          -47.6148891,-15.5737752,14977.3
          -47.6143503,-15.5736919,14990.1
          -47.6139449,-15.5735907,14997.3
          -47.6135363,-15.5735258,15003.4
          -47.6127483,-15.5733261,15019.9
          -47.6125477,-15.5732462,15023.4
          -47.6121602,-15.5731125,15032.1
          -47.6118036,-15.5730305,15039.6
          -47.6114533,-15.5729482,15048.5
          -47.6110469,-15.5728226,15056.3
          -47.6106268,-15.5726939,15064.2
          -47.6100476,-15.5725738,15074.5
          -47.6096692,-15.5724792,15082.4
          -47.6093335,-15.572379,15090.0
          -47.6089686,-15.57229,15099.0
          -47.6085478,-15.572189,15106.5
          -47.6081459,-15.5720889,15114.3
          -47.6079617,-15.5720464,15118.4
          -47.6076147,-15.5719461,15125.9
          -47.6072893,-15.5718174,15134.6
          -47.6069226,-15.5717197,15144.2
          -47.6065051,-15.5716407,15153.3
          -47.6059951,-15.5714611,15166.4
          -47.6056752,-15.5713505,15175.6
          -47.6055021,-15.5713036,15179.2
          -47.6051751,-15.5712273,15186.8
          -47.6048234,-15.5711503,15196.7
          -47.6044017,-15.5710459,15205.3
          -47.60401,-15.570963,15214.7
          -47.6036545,-15.570921,15221.4
          -47.6032611,-15.5708607,15229.9
          -47.6028942,-15.5707671,15238.5
          -47.6023605,-15.5705924,15251.7
          -47.6021682,-15.5705611,15255.9
          -47.6018147,-15.570528,15265.5
          -47.6014463,-15.5704461,15274.3
          -47.6010317,-15.5703488,15282.5
          -47.6006882,-15.5702803,15291.7
          -47.6003881,-15.5701749,15299.8
          -47.600046,-15.5700765,15308.9
          -47.5997049,-15.5700128,15315.9
          -47.5988541,-15.5698067,15335.8
          -47.598651,-15.5697616,15339.9
          -47.5982719,-15.5696773,15349.6
          -47.5979369,-15.5696375,15358.0
          -47.5975884,-15.5695766,15367.6
          -47.5971939,-15.5694727,15376.6
          -47.596827,-15.569424,15385.0
          -47.5964917,-15.5694054,15394.0
          -47.5959603,-15.5693209,15406.3
          -47.595645,-15.5692874,15414.3
          -47.595307,-15.5692284,15424.2
          -47.5949061,-15.5691667,15432.8
          -47.5945431,-15.5691241,15442.1
          -47.5943942,-15.5690963,15446.0
          -47.5938957,-15.5690006,15459.7
          -47.5936837,-15.5689736,15463.7
          -47.5932853,-15.5689157,15472.8
          -47.5929624,-15.5688803,15480.1
          -47.5926284,-15.56887,15487.9
          -47.5922847,-15.5688081,15496.0
          -47.5919306,-15.568721,15502.5
          -47.5915506,-15.5686548,15511.0
          -47.5912189,-15.5686007,15520.1
          -47.5907419,-15.5685347,15533.6
          -47.590353,-15.5684408,15541.5
          -47.590164,-15.5683904,15546.4
          -47.5898408,-15.5683288,15554.1
          -47.5891767,-15.5681811,15571.3
          -47.5887836,-15.568117,15577.4
          -47.5882327,-15.5680097,15589.7
          -47.5875923,-15.5678905,15606.4
          -47.5872334,-15.5677767,15614.5
          -47.5870409,-15.5677133,15618.7
          -47.5865278,-15.5675666,15632.8
          -47.5863847,-15.5675261,15636.9
          -47.5860861,-15.5674351,15645.1
          -47.5857599,-15.5673195,15653.1
          -47.5854074,-15.5672065,15661.3
          -47.585015,-15.5671032,15669.2
          -47.5846542,-15.5669776,15677.8
          -47.5843241,-15.5668375,15687.2
          -47.583364,-15.5665401,15714.9
          -47.5806308,-15.5655049,15794.5
          -47.5802662,-15.5653863,15803.9
          -47.5787623,-15.5648063,15844.9
          -47.5785613,-15.5647313,15849.2
          -47.5768352,-15.5639843,15891.8
          -47.5764623,-15.5638629,15900.2
          -47.576113,-15.5637573,15910.1
          -47.5757584,-15.563568,15916.9
          -47.5753789,-15.5634199,15925.3
          -47.5749214,-15.5631871,15938.0
          -47.5747656,-15.563082,15942.6
          -47.5742584,-15.5628775,15955.5
          -47.57407,-15.562822,15959.6
          -47.5735861,-15.5625894,15972.9
          -47.5734543,-15.562521,15977.5
          -47.5731393,-15.5623809,15987.2
          -47.5727766,-15.5621737,15994.6
          -47.5724407,-15.5619701,16003.4
          -47.5721314,-15.5618062,16009.8
          -47.5718552,-15.5616181,16017.6
          -47.5713718,-15.5613417,16030.6
          -47.5711972,-15.5612441,16034.7
          -47.5707447,-15.5609672,16048.0
          -47.5704872,-15.560829,16056.3
          -47.5703554,-15.5607412,16061.0
          -47.570059,-15.5605156,16068.8
          -47.5697547,-15.5602975,16079.9
          -47.5694354,-15.5600191,16098.7
          -47.5692583,-15.5598257,16109.1
          -47.5688255,-15.5594743,16130.1
          -47.5686298,-15.5592903,16137.3
          -47.5684584,-15.5591492,16144.3
          -47.5683657,-15.5590667,16149.4
          -47.5681617,-15.5588743,16161.9
          -47.5679352,-15.5587311,16172.3
          -47.5676867,-15.5586095,16180.2
          -47.5674637,-15.5584515,16188.0
          -47.5671476,-15.5582346,16198.2
          -47.5669382,-15.5580464,16207.6
          -47.5668495,-15.5579589,16212.3
          -47.5666178,-15.5577637,16226.0
          -47.5665126,-15.5576713,16230.1
          -47.566203,-15.5573941,16245.1
          -47.5660622,-15.5572592,16254.2
          -47.5658465,-15.557073,16263.2
          -47.5656374,-15.556899,16274.3
          -47.5655009,-15.5567319,16281.8
          -47.5653083,-15.5565295,16290.7
          -47.5651106,-15.5563775,16301.1
          -47.5650397,-15.5563138,16305.2
          -47.5648675,-15.5561638,16313.7
          -47.5646253,-15.556011,16322.0
          -47.5644557,-15.5558497,16330.2
          -47.564291,-15.5556397,16339.4
          -47.5640868,-15.5554966,16348.4
          -47.5638561,-15.5552258,16361.9
          -47.5636334,-15.5550552,16371.3
          -47.5635447,-15.5549988,16375.7
          -47.5632855,-15.5547243,16387.7
          -47.5630717,-15.5545943,16397.1
          -47.5630042,-15.5545321,16401.3
          -47.5628415,-15.5543366,16409.2
          -47.5626027,-15.5541878,16419.1
          -47.5623995,-15.5539816,16432.7
          -47.562325,-15.5539058,16437.9
          -47.5621335,-15.5538281,16448.5
          -47.5619829,-15.5537033,16461.0
          -47.5617319,-15.5534862,16478.8
          -47.5616578,-15.5534657,16482.5
          -47.5615321,-15.5533485,16491.3
          -47.561333,-15.5531849,16501.5
          -47.5611815,-15.5531186,16510.0
          -47.5610454,-15.5529783,16519.3
          -47.5608158,-15.5528408,16529.2
          -47.5606819,-15.5527457,16537.8
          -47.5605318,-15.5525755,16547.6
          -47.5602292,-15.5524328,16559.9
          -47.5601664,-15.5523607,16564.2
          -47.559854,-15.55217,16578.7
          -47.5595333,-15.5519119,16595.4
          -47.5594235,-15.5518607,16600.1
          -47.5591237,-15.5516416,16617.0
          -47.558936,-15.5515589,16626.0
          -47.5588166,-15.5514405,16634.4
          -47.5586282,-15.5512891,16643.1
          -47.5584792,-15.551204,16651.0
          -47.5582636,-15.5509892,16665.2
          -47.5581022,-15.5509339,16674.8
          -47.5580539,-15.5508911,16679.2
          -47.5578078,-15.5506845,16691.6
          -47.5577295,-15.5506559,16696.2
          -47.5576269,-15.5505571,16704.7
          -47.5573436,-15.5503569,16722.1
          -47.5572635,-15.5502717,16730.9
          -47.5570912,-15.5501909,16740.1
          -47.5569833,-15.5501625,16748.6
          -47.5568821,-15.5500592,16756.7
          -47.5566784,-15.5500194,16770.3
          -47.5566045,-15.5500096,16778.6
          -47.5564594,-15.5500089,16786.4
          -47.5563571,-15.5500008,16795.2
          -47.5562598,-15.5499506,16803.6
          -47.5561963,-15.5499549,16807.2
          -47.5560968,-15.549996,16816.2
          -47.5559891,-15.5499541,16824.8
          -47.5558256,-15.5499359,16834.1
          -47.5557365,-15.5499455,16842.8
          -47.5556114,-15.5498889,16851.4
          -47.5554518,-15.5498921,16860.2
          -47.5553121,-15.5498436,16873.8
          -47.5551451,-15.5498453,16882.1
          -47.5550896,-15.5498592,16886.8
          -47.5549771,-15.5498166,16895.2
          -47.5547954,-15.5497846,16904.3
          -47.5546911,-15.5497725,16913.0
          -47.5545722,-15.5496865,16922.4
          -47.5544231,-15.5496653,16930.5
          -47.554334,-15.5496285,16938.6
          -47.5534842,-15.549293,16992.1
          -47.5530478,-15.5491379,17018.0
          -47.5528779,-15.549124,17030.9
          -47.552748,-15.5490568,17040.3
          -47.5526638,-15.5490574,17044.4
          -47.5525204,-15.5490584,17057.5
          -47.55236,-15.5490204,17065.8
          -47.5522396,-15.5490018,17079.3
          -47.552113,-15.5489582,17087.2
          -47.5520084,-15.5489741,17096.3
          -47.5518549,-15.5488905,17108.9
          -47.5517903,-15.5488964,17112.6
          -47.5516903,-15.5488696,17126.1
          -47.5515474,-15.5488572,17134.1
          -47.5514747,-15.5488931,17143.0
          -47.5513821,-15.5488481,17151.6
          -47.5513064,-15.5488458,17155.4
          -47.5512008,-15.5488611,17168.7
          -47.5510882,-15.5488189,17175.5
          -47.5510288,-15.5488316,17179.1
          -47.5509827,-15.5488348,17188.4
          -47.5508876,-15.5487752,17197.0
          -47.5507628,-15.5487931,17205.5
          -47.5507142,-15.5487686,17214.8
          -47.5505984,-15.5486975,17223.1
          -47.5505034,-15.5486576,17235.9
          -47.5504592,-15.5485915,17245.1
          -47.5503867,-15.5486199,17253.6
          -47.5503713,-15.5486311,17257.9
          -47.5503095,-15.5485802,17266.0
          -47.5502113,-15.5485797,17275.9
          -47.5501952,-15.5486042,17283.9
          -47.5500981,-15.5485606,17297.5
          -47.5500691,-15.5485786,17301.4
          -47.5500263,-15.5485305,17314.9
          -47.5499301,-15.5485187,17323.2
          -47.5499123,-15.5485216,17327.8
          -47.549885,-15.5484391,17336.8
          -47.549794,-15.5483755,17344.5
          -47.549778,-15.548349,17353.5
          -47.5497377,-15.5482475,17363.1
          -47.5496724,-15.5481969,17376.6
          -47.5496528,-15.548071,17385.8
          -47.5496051,-15.5480238,17389.7
          -47.5495748,-15.5479439,17404.6
          -47.5495681,-15.5478652,17409.3
          -47.5494813,-15.5477172,17418.1
          -47.5494646,-15.5475988,17425.5
          -47.5494761,-15.5474327,17433.8
          -47.5494207,-15.5473399,17443.1
          -47.5494218,-15.5471642,17455.2
          -47.5493725,-15.5470259,17464.6
          -47.5493634,-15.5469934,17469.6
          -47.5494363,-15.5468104,17482.1
          -47.5494443,-15.5466908,17491.3
          -47.549431,-15.5466543,17495.6
          -47.5493871,-15.5465344,17503.7
          -47.5493551,-15.546391,17512.4
          -47.5493604,-15.5462827,17526.0
          -47.5493689,-15.5462143,17530.7
          -47.5493657,-15.5460266,17538.6
          -47.5493646,-15.5457889,17551.2
          -47.5493935,-15.5456672,17558.5
          -47.5494161,-15.5452026,17586.7
          -47.5494255,-15.5450622,17596.3
          -47.5494516,-15.5450088,17600.3
          -47.5494941,-15.5446436,17621.4
          -47.5495079,-15.5444019,17635.3
          -47.5495146,-15.5443071,17643.2
          -47.5495243,-15.5442025,17652.3
          -47.5495092,-15.5440535,17660.9
          -47.5494863,-15.5438831,17669.9
          -47.5495513,-15.5436207,17683.3
          -47.5496015,-15.5434781,17692.7
          -47.5496541,-15.5433556,17700.8
          -47.5496806,-15.5432927,17705.4
          -47.5497022,-15.5431531,17715.6
          -47.5496982,-15.5429691,17723.7
          -47.5497173,-15.5427608,17732.5
          -47.549732,-15.5426124,17741.7
          -47.5497631,-15.5425073,17749.6
          -47.5498089,-15.5423082,17764.1
          -47.5498005,-15.5421385,17773.3
          -47.5498312,-15.5419813,17782.6
          -47.5498516,-15.5419304,17786.7
          -47.5498709,-15.5418328,17796.9
          -47.549904,-15.5416615,17805.6
          -47.5499648,-15.5414685,17814.9
          -47.5503107,-15.5403697,17900.1
          -47.5502784,-15.5402869,17912.3
          -47.5502449,-15.5400938,17943.1
          -47.5503761,-15.5398517,17973.4
          -47.5503615,-15.5398306,17977.2
          -47.5503493,-15.5397948,17986.9
          -47.5504409,-15.539671,18014.2
          -47.5504433,-15.5397046,18023.6
          -47.5504798,-15.5396691,18032.1
          -47.5499161,-15.5395492,18192.7
          -47.549834,-15.539595,18203.0
          -47.5498187,-15.5396755,18216.3
          -47.5497742,-15.5397217,18225.9
          -47.5496787,-15.5397296,18234.8
          -47.5496315,-15.539772,18244.5
          -47.5495994,-15.5398732,18254.1
          -47.5495697,-15.5399179,18259.2
          -47.5495119,-15.5399916,18267.6
          -47.5494628,-15.5400992,18276.3
          -47.5493932,-15.5401703,18287.5
          -47.5493666,-15.5402101,18299.5
          -47.5493139,-15.5403247,18311.9
          -47.5491479,-15.5404651,18331.0
          -47.5491194,-15.5405328,18336.1
          -47.5490232,-15.5406902,18348.3
          -47.5488886,-15.5407573,18361.4
          -47.5487885,-15.5408836,18372.2
          -47.5486719,-15.5410421,18383.9
          -47.5486054,-15.5410881,18396.0
          -47.5485758,-15.541236,18406.6
          -47.548456,-15.5414347,18419.8
          -47.5484523,-15.541467,18425.6
          -47.5484107,-15.5416154,18436.4
          -47.5482824,-15.5417442,18445.5
          -47.548256,-15.5418492,18455.0
          -47.5481869,-15.542028,18464.3
          -47.5480752,-15.542121,18474.4
          -47.5480657,-15.5422689,18485.2
          -47.5479571,-15.5424435,18495.4
          -47.5478957,-15.5425333,18504.7
          -47.5478656,-15.5427307,18514.1
          -47.5477676,-15.5428642,18522.0
          -47.5477396,-15.5430845,18536.2
          -47.5476858,-15.5431761,18541.0
          -47.5476021,-15.5432861,18549.8
          -47.5475796,-15.5434611,18558.9
          -47.5474677,-15.5436291,18568.6
          -47.5473526,-15.5439301,18587.7
          -47.5472166,-15.5440483,18597.2
          -47.5471698,-15.5441585,18606.0
          -47.5470483,-15.5443277,18616.2
          -47.5468905,-15.5444329,18628.9
          -47.5468514,-15.5445063,18633.0
          -47.546284,-15.5448954,18671.5
          -47.5461521,-15.5449801,18684.7
          -47.5461037,-15.5450369,18689.8
          -47.5458798,-15.5450927,18703.0
          -47.5457138,-15.545159,18712.7
          -47.5455283,-15.5452654,18721.6
          -47.5453979,-15.5452954,18729.4
          -47.5453486,-15.545312,18734.4
          -47.5451906,-15.5454043,18743.5
          -47.5449637,-15.5454945,18751.9
          -47.5446973,-15.5456419,18762.3
          -47.5446036,-15.5456973,18766.2
          -47.5443339,-15.5457949,18781.3
          -47.5442725,-15.5458369,18785.3
          -47.5440742,-15.5459657,18799.7
          -47.5439706,-15.5459987,18804.2
          -47.5437408,-15.5460834,18812.9
          -47.5435416,-15.5461529,18822.1
          -47.5433682,-15.5461783,18830.7
          -47.5432307,-15.546208,18838.8
          -47.5431005,-15.5462522,18848.2
          -47.5429343,-15.5463141,18857.5
          -47.5426924,-15.5464261,18871.4
          -47.5425019,-15.5464237,18879.3
          -47.5423172,-15.5464142,18888.3
          -47.5421791,-15.5464249,18895.9
          -47.5420353,-15.5464216,18905.5
          -47.5418878,-15.5464597,18915.6
          -47.5417389,-15.5465074,18925.2
          -47.5415741,-15.5464761,18934.4
          -47.5414421,-15.5464391,18943.0
          -47.5413901,-15.5464437,18947.2
          -47.541185,-15.5464332,18960.9
          -47.5410162,-15.5464243,18969.5
          -47.540938,-15.5464431,18973.7
          -47.5407888,-15.5464539,18982.7
          -47.5406655,-15.5464103,18990.9
          -47.5405586,-15.546432,19000.2
          -47.5403833,-15.5464462,19010.5
          -47.54022,-15.5463957,19020.0
          -47.5400306,-15.5464123,19033.6
          -47.5399486,-15.5464093,19036.4
          -47.5398088,-15.5463623,19043.3
          -47.5396283,-15.5463465,19057.8
          -47.5394602,-15.5463358,19065.1
          -47.5393793,-15.5463346,19069.3
          -47.5392422,-15.5463366,19078.4
          -47.539148,-15.5463084,19087.2
          -47.5390599,-15.5462996,19097.2
          -47.5388434,-15.546347,19110.9
          -47.5387612,-15.5463465,19120.1
          -47.5387422,-15.5463367,19128.2
          -47.538683,-15.5463473,19137.9
          -47.5386071,-15.5463779,19145.5
          -47.538523,-15.5464241,19158.8
          -47.5385129,-15.5464242,19167.6
          -47.538535,-15.5464122,19176.5
          -47.538535,-15.5464247,19185.5
          -47.5384806,-15.5464667,19197.7
          -47.5384851,-15.5464601,19206.4
          -47.5385271,-15.546421,19215.1
          -47.5385503,-15.5464124,19225.1
          -47.5385519,-15.5464541,19238.0
          -47.5385637,-15.5464384,19246.5
          -47.5385667,-15.5463809,19253.8
          -47.5385555,-15.5463496,19262.9
          -47.5385417,-15.5463711,19271.1
          -47.5385355,-15.5464142,19279.1
          -47.5385029,-15.5464102,19295.7
          -47.5389063,-15.5464937,19388.6
          -47.5396524,-15.5463353,19519.2
          -47.5396712,-15.5463135,19527.2
          -47.539714,-15.5463289,19535.7
          -47.5397842,-15.5463679,19543.7
          -47.5399381,-15.54641,19556.5
          -47.5400058,-15.5464051,19568.7
          -47.5401275,-15.5464342,19585.6
          -47.540499,-15.546528,19620.0
          -47.5408181,-15.5466897,19652.2
          -47.5409435,-15.5467548,19662.8
          -47.5409995,-15.5467883,19672.5
          -47.541284,-15.5469619,19705.6
          -47.5414146,-15.5471197,19725.9
          -47.5414414,-15.547191,19734.6
          -47.541552,-15.5474172,19756.1
          -47.5415825,-15.5474324,19760.8
          -47.5417065,-15.5475122,19774.1
          -47.5417285,-15.5475901,19782.7
          -47.5417754,-15.5478458,19808.0
          -47.541836,-15.5478712,19816.0
          -47.5419039,-15.5478856,19824.9
          -47.5419225,-15.5479324,19834.1
          -47.5419383,-15.5479749,19838.3
          -47.5420095,-15.5480605,19847.0
          -47.5420778,-15.5480976,19855.9
          -47.5421425,-15.5480906,19863.1
          -47.5422186,-15.5480979,19871.3
          -47.542273,-15.5481244,19880.1
          -47.5423469,-15.5482096,19890.6
          -47.5424622,-15.5482756,19909.3
          -47.5425538,-15.5482691,19918.1
          -47.5426006,-15.5482715,19923.2
          -47.5434273,-15.5483504,20011.5
          -47.5435373,-15.5483894,20020.2
          -47.5436201,-15.5483863,20030.0
          -47.5436849,-15.5483376,20043.2
          -47.5439928,-15.5482833,20064.4
          -47.5444892,-15.5481388,20113.3
          -47.5445463,-15.5481204,20122.9
          -47.5446656,-15.5480646,20131.5
          -47.5448029,-15.5479903,20139.3
          -47.5449388,-15.5479372,20151.6
          -47.5449966,-15.5479261,20160.2
          -47.5450985,-15.5478987,20169.1
          -47.5452402,-15.5478491,20177.4
          -47.5453572,-15.5478309,20186.8
          -47.5454262,-15.5478534,20194.5
          -47.5455693,-15.5478794,20207.7
          -47.5456321,-15.5478806,20211.7
          -47.5458348,-15.5478562,20221.7
          -47.5460996,-15.5479026,20248.9
          -47.546211,-15.5479072,20258.7
          -47.5465576,-15.5479121,20281.0
          -47.5466223,-15.5479598,20288.9
          -47.5467155,-15.5480092,20298.3
          -47.5468386,-15.5480359,20306.6
          -47.5469722,-15.5480404,20314.3
          -47.5470769,-15.5480509,20323.4
          -47.5471255,-15.5480621,20331.3
          -47.5471545,-15.5480756,20339.9
          -47.5472666,-15.5480704,20352.3
          -47.5474519,-15.5480602,20382.3
          -47.5476505,-15.5480008,20426.2
          -47.5477409,-15.5479773,20439.2
          -47.547824,-15.5479267,20456.5
          -47.5478143,-15.5479111,20460.4
          -47.5478171,-15.5478894,20469.7
          -47.5479173,-15.5478671,20481.5
          -47.5479552,-15.5478608,20486.1
          -47.5480011,-15.5478395,20496.2
          -47.5480163,-15.5477961,20509.8
          -47.5480635,-15.5477911,20519.4
          -47.5482491,-15.5477569,20542.6
          -47.548665,-15.5475355,20592.6
          -47.5487532,-15.5474819,20602.2
          -47.5490723,-15.5473963,20624.3
          -47.5491477,-15.5473319,20632.1
          -47.5492178,-15.5472716,20641.7
          -47.5493439,-15.5472174,20650.8
          -47.5495045,-15.5471731,20660.1
          -47.5496221,-15.5471066,20669.7
          -47.5497051,-15.5470074,20678.5
          -47.5499109,-15.546888,20692.7
          -47.5500974,-15.5468224,20701.2
          -47.5502382,-15.5467359,20711.0
          -47.5503216,-15.5466418,20719.3
          -47.5504112,-15.5465631,20729.3
          -47.5504781,-15.546525,20733.8
          -47.550641,-15.5464514,20742.2
          -47.5507658,-15.546381,20752.0
          -47.5508346,-15.5462853,20760.5
          -47.5508967,-15.5461841,20770.2
          -47.5510049,-15.5461151,20779.2
          -47.5511388,-15.5460578,20787.9
          -47.5512404,-15.5459722,20801.3
          -47.5512531,-15.5459472,20805.4
          -47.5513061,-15.5458965,20815.1
          -47.5514164,-15.5458574,20823.7
          -47.5516246,-15.5457533,20843.2
          -47.5516848,-15.5456675,20853.2
          -47.5518858,-15.5455738,20867.9
          -47.5521907,-15.5454379,20888.2
          -47.5522451,-15.5454119,20892.9
          -47.5526282,-15.5452719,20919.1
          -47.5530231,-15.545161,20937.7
          -47.5531527,-15.545136,20946.3
          -47.5533793,-15.5450837,20960.4
          -47.5536957,-15.5449481,20980.1
          -47.5537789,-15.5449527,20984.7
          -47.5539466,-15.5449625,20994.6
          -47.5543789,-15.5448239,21022.4
          -47.5545796,-15.5448226,21036.9
          -47.5547187,-15.5447378,21045.3
          -47.5548449,-15.5446665,21055.1
          -47.5549491,-15.5446507,21063.6
          -47.5549977,-15.5446519,21067.7
          -47.5551013,-15.5446274,21077.4
          -47.5552242,-15.5445488,21085.9
          -47.5553512,-15.5444584,21095.6
          -47.5554523,-15.5444246,21104.4
          -47.5555368,-15.5444113,21113.6
          -47.5556409,-15.5443375,21123.4
          -47.5557689,-15.5442194,21132.2
          -47.5559565,-15.5441175,21146.1
          -47.5560789,-15.5440974,21154.1
          -47.5561993,-15.5440421,21163.5
          -47.5563034,-15.5439419,21171.7
          -47.5563472,-15.5438835,21176.0
          -47.5564837,-15.5437692,21189.7
          -47.5565327,-15.5437612,21193.7
          -47.5566223,-15.5437378,21203.4
          -47.5567653,-15.5435805,21216.3
          -47.5568212,-15.5435277,21221.5
          -47.5569304,-15.5434827,21230.6
          -47.5570392,-15.543472,21239.1
          -47.5572154,-15.5433535,21253.0
          -47.5572731,-15.5432959,21257.1
          -47.5574771,-15.5431694,21271.0
          -47.5575499,-15.5431561,21275.2
          -47.5576992,-15.5431369,21283.9
          -47.5580367,-15.5429904,21300.8
          -47.5581935,-15.5428918,21309.4
          -47.5583715,-15.5428389,21318.2
          -47.5585382,-15.5428387,21326.2
          -47.5587111,-15.5428103,21335.6
          -47.5588932,-15.5427298,21343.5
          -47.5591357,-15.5426314,21356.5
          -47.5592341,-15.5426223,21360.4
          -47.5594271,-15.5426293,21368.2
          -47.5595822,-15.5426303,21377.2
          -47.5597574,-15.54258,21384.7
          -47.5599291,-15.5425236,21393.8
          -47.5607543,-15.5423615,21439.4
          -47.5609079,-15.5423702,21446.9
          -47.5610446,-15.5423561,21456.0
          -47.5612107,-15.5422854,21464.7
          -47.5613936,-15.5421862,21472.7
          -47.5616229,-15.5420707,21486.5
          -47.5617646,-15.5420356,21493.7
          -47.5618874,-15.5420081,21501.8
          -47.5620164,-15.541932,21511.3
          -47.5621747,-15.5418126,21519.1
          -47.5622558,-15.5417504,21523.5
          -47.5624076,-15.5416554,21532.6
          -47.5627084,-15.5415598,21548.8
          -47.562868,-15.5414732,21557.6
          -47.5630491,-15.5413657,21564.6
          -47.5632944,-15.5412365,21578.1
          -47.5634367,-15.5412152,21586.1
          -47.5635738,-15.5411836,21596.0
          -47.5637185,-15.5410982,21605.0
          -47.5638657,-15.5410095,21614.2
          -47.5639982,-15.5409834,21623.2
          -47.5640596,-15.5409931,21626.9
          -47.564184,-15.5410071,21636.2
          -47.5643238,-15.5409654,21644.9
          -47.5644791,-15.5408997,21653.7
          -47.5647545,-15.5409246,21671.9
          -47.5651167,-15.5409173,21693.8
          -47.565244,-15.5409064,21703.4
          -47.5662649,-15.5412706,21776.1
          -47.5663104,-15.5412698,21779.9
          -47.5664411,-15.5412854,21794.1
          -47.5664805,-15.5413259,21798.2
          -47.5665651,-15.5414263,21806.7
          -47.5666452,-15.5414832,21815.9
          -47.5667123,-15.5414946,21823.8
          -47.5667909,-15.5415224,21833.6
          -47.5669082,-15.541652,21845.5
          -47.5669823,-15.5417252,21855.4
          -47.5674386,-15.5419692,21906.7
          -47.5675252,-15.5419635,21915.5
          -47.567609,-15.5419815,21925.5
          -47.5678472,-15.542183,21948.2
          -47.5679874,-15.5422123,21960.7
          -47.5680669,-15.5422257,21969.9
          -47.5681692,-15.5422779,21979.1
          -47.5682819,-15.5423669,21987.2
          -47.5683671,-15.542458,21996.4
          -47.568441,-15.5425138,22006.0
          -47.5685391,-15.5425434,22018.5
          -47.5686203,-15.5425952,22028.8
          -47.5687371,-15.5426927,22037.2
          -47.5688563,-15.5427924,22046.9
          -47.5689519,-15.542847,22056.1
          -47.5689938,-15.542862,22060.3
          -47.5690778,-15.5429043,22070.3
          -47.5691772,-15.5429897,22079.9
          -47.5692816,-15.5431046,22089.2
          -47.5693605,-15.5431824,22099.5
          -47.5694233,-15.5432055,22108.2
          -47.5694845,-15.5432246,22117.9
          -47.5695919,-15.543323,22132.4
          -47.5696706,-15.5434036,22142.0
          -47.569731,-15.5434484,22152.0
          -47.5697522,-15.5434544,22156.1
          -47.5697899,-15.5434622,22165.5
          -47.5698442,-15.5435185,22176.0
          -47.5699233,-15.5436696,22190.6
          -47.5699632,-15.5437134,22200.6
          -47.5700152,-15.5437192,22209.7
          -47.5700595,-15.5437608,22220.1
          -47.5700747,-15.5438028,22224.6
          -47.5701084,-15.5439113,22233.2
          -47.5701523,-15.5439902,22243.5
          -47.5701873,-15.5440132,22252.3
          -47.5702233,-15.5440363,22262.5
          -47.5702839,-15.5441777,22276.3
          -47.5703272,-15.5442744,22286.4
          -47.5703451,-15.5443019,22291.3
          -47.570368,-15.5443331,22300.1
          -47.570394,-15.5443761,22309.9
          -47.5704434,-15.5444595,22319.6
          -47.5705144,-15.5445786,22328.2
          -47.570576,-15.5446897,22338.3
          -47.5706113,-15.5447583,22347.2
          -47.5706543,-15.5448406,22361.6
          -47.5707028,-15.5449516,22370.8
          -47.5707648,-15.545078,22380.3
          -47.5707909,-15.5451251,22385.8
          -47.5708223,-15.5451788,22395.1
          -47.5708447,-15.545219,22405.1
          -47.5708947,-15.5453154,22414.6
          -47.5710189,-15.5455401,22433.6
          -47.5710443,-15.5455751,22442.2
          -47.5710799,-15.5456272,22452.1
          -47.5711809,-15.5457736,22464.8
          -47.5712113,-15.5458274,22469.3
          -47.5712477,-15.5459177,22479.0
          -47.571262,-15.545968,22487.1
          -47.5712736,-15.5460134,22496.9
          -47.5713201,-15.5461149,22506.0
          -47.5714332,-15.5463121,22524.7
          -47.571423,-15.5463883,22537.4
          -47.5714307,-15.5464189,22542.5
          -47.5714633,-15.5465555,22556.5
          -47.5715197,-15.5466459,22564.7
          -47.5715533,-15.5466802,22569.6
          -47.571603,-15.5467489,22587.8
          -47.5716222,-15.5467547,22597.2
          -47.5716206,-15.5468141,22606.8
          -47.571624,-15.5469062,22615.0
          -47.5716731,-15.5470228,22628.6
          -47.5717115,-15.5470582,22636.3
          -47.5717408,-15.5470638,22640.0
          -47.5717979,-15.5471078,22654.5
          -47.5717911,-15.5471709,22663.2
          -47.5717815,-15.5472092,22667.3
          -47.5717761,-15.5472771,22676.9
          -47.571812,-15.5472994,22685.8
          -47.571865,-15.5472977,22695.2
          -47.5718631,-15.5473327,22708.3
          -47.57184,-15.5473739,22716.3
          -47.5718505,-15.5474342,22725.5
          -47.5718678,-15.5474594,22729.7
          -47.5719267,-15.5474869,22737.4
          -47.5719828,-15.5475172,22746.8
          -47.571993,-15.5475497,22756.0
          -47.571963,-15.5475571,22764.3
          -47.571964,-15.5475702,22774.3
          -47.5720649,-15.5476127,22805.3
          -47.5720562,-15.5476164,22809.9
          -47.572083,-15.5476156,22819.7
          -47.5722481,-15.5476423,22846.7
          -47.5722588,-15.5476738,22855.8
          -47.5723296,-15.5476762,22865.1
          -47.5724835,-15.5476456,22879.3
          -47.572517,-15.5476536,22884.0
          -47.5725553,-15.5476859,22892.6
          -47.572684,-15.5476918,22907.0
          -47.5728244,-15.5476906,22915.1
          -47.5729437,-15.5476924,22924.7
          -47.5730186,-15.5477159,22933.1
          -47.5730862,-15.5477591,22941.9
          -47.5731378,-15.5477773,22946.6
          -47.5732825,-15.5478098,22955.2
          -47.5734377,-15.5478461,22963.8
          -47.5735535,-15.5478658,22973.2
          -47.5736366,-15.5478772,22982.0
          -47.5736891,-15.5479122,22989.8
          -47.5737556,-15.5479579,22999.3
          -47.5738741,-15.5480033,23007.9
          -47.5741589,-15.5481613,23029.9
          -47.5742013,-15.5482038,23038.6
          -47.574232,-15.5482312,23043.7
          -47.5743436,-15.5482898,23052.6
          -47.5744845,-15.5483444,23061.4
          -47.574575,-15.548397,23071.0
          -47.5746227,-15.5484323,23079.1
          -47.5746839,-15.5484719,23088.8
          -47.5747974,-15.5485415,23097.7
          -47.5749302,-15.5486195,23106.8
          -47.5750236,-15.5487214,23120.7
          -47.5750323,-15.5487561,23124.5
          -47.5750598,-15.5488285,23133.8
          -47.5751298,-15.5489023,23142.9
          -47.5753006,-15.5490358,23162.0
          -47.5753044,-15.5490963,23170.8
          -47.5753587,-15.5491873,23185.6
          -47.5754056,-15.5492195,23189.5
          -47.5755364,-15.5492982,23203.3
          -47.5755634,-15.5493329,23212.5
          -47.575562,-15.5493518,23216.8
          -47.5755715,-15.5493938,23226.8
          -47.5756448,-15.5494387,23235.8
          -47.5757436,-15.5494831,23244.9
          -47.5757946,-15.5495086,23254.4
          -47.5758075,-15.5495224,23262.6
          -47.5758341,-15.5495751,23276.0
          -47.5758826,-15.5496324,23284.6
          -47.576001,-15.5497709,23297.2
          -47.5760527,-15.5498285,23307.4
          -47.5760777,-15.5498676,23316.0
          -47.5761026,-15.549914,23326.2
          -47.5761517,-15.5499894,23335.4
          -47.5762196,-15.5500765,23344.6
          -47.5762849,-15.5501384,23358.8
          -47.576303,-15.5501453,23367.0
          -47.5763623,-15.5502036,23381.4
          -47.5764112,-15.5502808,23389.9
          -47.5764812,-15.5504103,23409.2
          -47.5764621,-15.5503987,23418.5
          -47.5764581,-15.550409,23428.9
          -47.5764706,-15.5504517,23438.0
          -47.5765056,-15.5505187,23450.7
          -47.5765008,-15.5505018,23464.8
          -47.5765242,-15.5504573,23510.5
          -47.5764905,-15.5504083,23518.8
          -47.5764909,-15.5503514,23533.4
          -47.5765266,-15.5501569,23569.2
          -47.5767595,-15.5498896,23632.3
          -47.5767659,-15.5498655,23637.3
          -47.5769576,-15.5497373,23693.9
          -47.5770675,-15.5497719,23726.0
          -47.5770806,-15.5497239,23734.9
          -47.5773121,-15.5496901,23804.3
          -47.5773754,-15.5498194,23842.8
          -47.5774058,-15.5498548,23851.3
          -47.5774998,-15.5499355,23874.7
          -47.5774874,-15.5499424,23888.7
          -47.5775247,-15.5499887,23897.8
          -47.5775544,-15.550022,23901.9
          -47.5776025,-15.5501214,23937.7
          -47.57764,-15.5504303,24029.1
          -47.57763,-15.5503904,24037.9
          -47.5776187,-15.5503812,24047.8
          -47.5776145,-15.5504161,24055.8
          -47.5776284,-15.5504401,24064.3
          -47.5780879,-15.5501102,24185.9
          -47.5781699,-15.5500645,24195.2
          -47.5782376,-15.5500626,24204.7
          -47.5782845,-15.5500846,24212.8
          -47.5783945,-15.5500856,24226.0
          -47.5786286,-15.5500452,24242.7
          -47.5786697,-15.5500328,24247.3
          -47.5787514,-15.5500615,24264.8
          -47.5787672,-15.5500871,24274.4
          -47.5804938,-15.5505914,24460.8
          -47.5816621,-15.551016,24551.0
          -47.5817132,-15.5510473,24556.0
          -47.5819087,-15.5512562,24574.4
          -47.5819908,-15.5513147,24583.9
          -47.5820763,-15.5513468,24592.1
          -47.5821645,-15.5513983,24601.4
          -47.5822567,-15.5514854,24611.0
          -47.582538,-15.5518405,24637.6
          -47.58264,-15.5519301,24651.2
          -47.5827184,-15.552036,24661.0
          -47.5835835,-15.553137,24753.1
          -47.5837014,-15.5532134,24762.9
          -47.5858572,-15.5550135,24922.0
          -47.5859544,-15.555137,24932.4
          -47.5863371,-15.555597,24970.6
          -47.5864276,-15.5556857,24981.4
          -47.586539,-15.5558092,24991.2
          -47.5868778,-15.5560613,25015.5
          -47.5869892,-15.5560961,25024.8
          -47.5920925,-15.5577902,25337.4
          -47.5951504,-15.5583854,25545.7
          -47.5970102,-15.558249,25644.9
          -47.5973273,-15.5582652,25662.4
          -47.6407077,-15.5624703,28541.8
          -47.657277,-15.5689801,25164.7
          -47.6578378,-15.5691217,24860.4
          -47.6581268,-15.5692689,24692.8
          -47.6589126,-15.5696234,23816.7
          -47.6590155,-15.5694363,23289.6
          -47.659565,-15.5697394,22569.8
          -47.6600045,-15.5703542,22027.1
          -47.6602093,-15.5705295,21829.0
          -47.6603514,-15.5706055,21729.3
          -47.6604506,-15.5705952,21661.9
          -47.6605614,-15.5705614,21596.6
          -47.6610554,-15.5704834,21360.4
          -47.6615496,-15.5702801,21079.6
          -47.6617142,-15.5702235,20995.8
          -47.6621207,-15.570163,20813.1
          -47.6625067,-15.5700806,20581.0
          -47.6626625,-15.5700795,20469.7
          -47.6630259,-15.5701033,20173.3
          -47.6631658,-15.5700672,20092.5
          -47.6634816,-15.5698948,19885.0
          -47.6636872,-15.5699593,19632.8
          -47.663748,-15.5699565,19582.1
          -47.6638134,-15.5699473,19531.8
          -47.6639264,-15.5698422,19334.1
          -47.6639405,-15.5698101,19285.6
          -47.6630216,-15.5694101,18723.4
          -47.6628813,-15.5694395,18676.8
          -47.6622722,-15.5701245,18384.6
          -47.6622158,-15.5702225,18340.6
          -47.6618476,-15.5705702,17932.7
          -47.6618974,-15.5705288,17891.0
          -47.6619621,-15.5704546,17849.1
          -47.6620166,-15.5703535,17806.9
          -47.6622218,-15.5695892,17561.5
          -47.6616413,-15.5688403,17084.6
          -47.6601399,-15.5684696,16702.4
          -47.6598167,-15.5683151,16627.5
          -47.6596448,-15.5682197,16589.5
          -47.6589611,-15.5678104,16459.0
          -47.658787,-15.5676924,16422.6
          -47.6581019,-15.5670875,16296.1
          -47.6579017,-15.5669005,16260.2
          -47.657031,-15.5660626,16117.5
          -47.6550869,-15.5648125,15885.2
          -47.6535181,-15.5642,15727.8
          -47.6521028,-15.5638319,15587.9
          -47.6517507,-15.563765,15552.9
          -47.6504971,-15.5635767,15430.1
          -47.6501538,-15.5635266,15395.7
          -47.6483009,-15.5631811,15224.5
          -47.6452858,-15.5626053,14961.1
          -47.643596,-15.562204,14813.5
          -47.6432315,-15.5621069,14780.8
          -47.6428732,-15.5619946,14748.4
          -47.6425138,-15.5618652,14716.3
          -47.6421485,-15.561715,14684.1
          -47.6411844,-15.5612655,14603.7
          -47.6394331,-15.5604017,14461.6
          -47.6360064,-15.5589176,14187.6
          -47.635649,-15.5587798,14157.3
          -47.6325224,-15.5579727,13903.4
          -47.6319517,-15.5578759,13858.9
          -47.6315709,-15.557802,13829.0
          -47.6311816,-15.5577243,13799.6
          -47.627126,-15.5571041,13489.1
          -47.6249698,-15.5565806,13312.8
          -47.6233358,-15.5559723,13182.6
          -47.6226211,-15.5556322,13124.6
          -47.6222651,-15.5554461,13095.6
          -47.6209676,-15.5547416,12993.9
          -47.6134219,-15.5501701,12450.8
          -47.61279,-15.5497755,12409.1
          -47.6119469,-15.549244,12353.1
          -47.6115276,-15.5489694,12325.1
          -47.6104984,-15.5482864,12255.1
          -47.6100886,-15.5480229,12226.9
          -47.6094774,-15.5476365,12184.1
          -47.6090749,-15.5473866,12155.0
          -47.6074557,-15.5464024,12041.3
          -47.6070575,-15.546155,12012.7
          -47.6066607,-15.5459117,11984.2
          -47.606267,-15.5456758,11956.1
          -47.6058765,-15.5454456,11927.9
          -47.605298,-15.5451145,11886.3
          -47.6051054,-15.545002,11872.3
          -47.6047161,-15.5447755,11844.4
          -47.6043245,-15.5445502,11817.0
          -47.6039248,-15.5443228,11789.2
          -47.6035307,-15.5440914,11761.3
          -47.6029358,-15.5437463,11720.1
          -47.6025455,-15.543518,11691.9
          -47.602351,-15.5434023,11678.0
          -47.6019596,-15.5431698,11650.4
          -47.5981456,-15.5404921,11377.9
          -47.5977673,-15.5402121,11351.4
          -47.5973842,-15.5399334,11324.9
          -47.5969995,-15.5396531,11298.6
          -47.596412,-15.5392317,11259.9
          -47.5926922,-15.536532,11013.0
          -47.5918946,-15.5360018,10961.1
          -47.5914925,-15.5357425,10935.2
          -47.588228,-15.5336404,10727.0
          -47.5876138,-15.5332652,10688.2
          -47.5871968,-15.5330157,10663.1
          -47.5869844,-15.5328889,10650.4
          -47.5847502,-15.5313161,10508.8
          -47.5845526,-15.531173,10496.1
          -47.5841493,-15.5308884,10470.5
          -47.5837377,-15.5306011,10445.4
          -47.5829063,-15.5300023,10395.4
          -47.5818608,-15.5291992,10331.3
          -47.5816597,-15.5290453,10318.6
          -47.5796627,-15.5274728,10192.0
          -47.579285,-15.5271583,10167.0
          -47.5778668,-15.5259672,10067.9
          -47.5770611,-15.5252693,10006.5
          -47.5742764,-15.5228249,9772.4
          -47.5729948,-15.5216547,9651.1
          -47.5719599,-15.5207602,9551.9
          -47.5715992,-15.520379,9515.0
          -47.57107,-15.5198381,9453.3
          -47.570305,-15.5191142,9354.9
          -47.5688244,-15.5175227,9134.3
          -47.5682739,-15.5168559,9025.7
          -47.5679078,-15.5165534,8965.4
          -47.5677473,-15.5164059,8941.1
          -47.5675399,-15.5162831,8917.5
          -47.5673698,-15.5161177,8894.3
          -47.5670083,-15.5158363,8834.7
          -47.5669388,-15.5157712,8822.4
          -47.5666528,-15.5155989,8775.4
          -47.5664377,-15.5155402,8751.6
          -47.5662219,-15.5154504,8728.5
          -47.5660603,-15.5153677,8705.1
          -47.5658727,-15.5153128,8681.9
          -47.5655955,-15.5151795,8647.0
          -47.565495,-15.5151498,8635.3
          -47.565187,-15.5149749,8600.6
          -47.5651072,-15.5149223,8588.9
          -47.5648978,-15.5148295,8565.9
          -47.5646599,-15.514678,8542.3
          -47.5644942,-15.514502,8518.7
          -47.5643285,-15.5143653,8495.9
          -47.5640941,-15.5142313,8473.0
          -47.5638721,-15.5140564,8450.4
          -47.5636678,-15.5139184,8428.1
          -47.5634055,-15.5137803,8405.3
          -47.5630988,-15.5135097,8370.9
          -47.5630053,-15.5134297,8359.8
          -47.562616,-15.5131796,8326.0
          -47.5625002,-15.5130726,8314.7
          -47.5623107,-15.5128855,8292.2
          -47.5620803,-15.5127482,8269.5
          -47.5617109,-15.5124485,8235.3
          -47.5615246,-15.5122704,8212.3
          -47.5612931,-15.512121,8189.6
          -47.5611611,-15.5120509,8178.6
          -47.5609271,-15.5118984,8156.5
          -47.5606521,-15.5116099,8122.3
          -47.5605716,-15.5115186,8111.3
          -47.5604043,-15.5113478,8089.0
          -47.5601732,-15.5111743,8066.4
          -47.5599148,-15.5109896,8043.7
          -47.5596665,-15.5108104,8021.9
          -47.5592944,-15.5105293,7988.8
          -47.5591069,-15.5103502,7966.7
          -47.5590363,-15.5102695,7955.6
          -47.5588917,-15.5101178,7933.5
          -47.5586863,-15.509994,7911.4
          -47.5584526,-15.5098543,7889.6
          -47.5582738,-15.5096725,7867.7
          -47.5580574,-15.5094707,7834.3
          -47.5578745,-15.5092833,7812.1
          -47.5577007,-15.5090744,7790.6
          -47.5576154,-15.5089726,7779.9
          -47.5573292,-15.5086799,7747.6
          -47.5572469,-15.508578,7736.8
          -47.5571133,-15.5083657,7714.3
          -47.5569855,-15.5081867,7692.4
          -47.556799,-15.5080348,7671.0
          -47.5565864,-15.5078371,7649.2
          -47.556296,-15.5075205,7617.2
          -47.5561059,-15.5073131,7596.3
          -47.5559862,-15.507104,7575.0
          -47.555939,-15.5070259,7564.3
          -47.5558222,-15.5069107,7542.4
          -47.5556515,-15.5067637,7520.9
          -47.5555046,-15.5065602,7499.0
          -47.5553957,-15.5064192,7477.5
          -47.5552295,-15.5062885,7456.0
          -47.5551076,-15.5061097,7433.9
          -47.5549912,-15.5059909,7411.4
          -47.5548079,-15.5058709,7389.6
          -47.5546798,-15.5057059,7368.5
          -47.5545889,-15.5055518,7347.0
          -47.55439,-15.5053489,7315.1
          -47.5542759,-15.5051843,7294.1
          -47.5541566,-15.505049,7272.6
          -47.5540772,-15.5050032,7261.4
          -47.5539076,-15.5049225,7240.0
          -47.5537951,-15.5048096,7219.4
          -47.5537167,-15.5047134,7198.0
          -47.5535636,-15.5046577,7176.0
          -47.55344,-15.5046329,7155.3
          -47.5533891,-15.5045601,7133.9
          -47.5533074,-15.5044333,7102.5
          -47.553271,-15.5044052,7092.1
          -47.5531309,-15.5043328,7070.4
          -47.552965,-15.5041788,7038.3
          -47.5528938,-15.5041421,7016.8
          -47.5528386,-15.5041056,7006.2
          -47.5527605,-15.5040329,6985.0
          -47.5526269,-15.5040609,6952.9
          -47.5525469,-15.5040742,6942.6
          -47.5524145,-15.5041045,6922.0
          -47.5523025,-15.5041663,6900.1
          -47.5521482,-15.5042092,6879.2
          -47.5520191,-15.5042098,6858.4
          -47.5519441,-15.5042408,6837.4
          -47.5517132,-15.5042864,6805.2
          -47.5516407,-15.5042747,6794.4
          -47.5515391,-15.5042864,6773.6
          -47.5514144,-15.5043731,6752.4
          -47.5512425,-15.504425,6731.1
          -47.5511076,-15.5044248,6710.5
          -47.551005,-15.5044444,6690.4
          -47.5508756,-15.5045312,6669.6
          -47.5507209,-15.5046431,6648.4
          -47.5506327,-15.5047268,6627.6
          -47.5505628,-15.5048113,6607.1
          -47.5504261,-15.504901,6586.6
          -47.5502648,-15.5049204,6565.7
          -47.5501541,-15.5049013,6545.6
          -47.5500653,-15.504928,6524.8
          -47.5499834,-15.5050215,6503.2
          -47.5497972,-15.5051028,6473.1
          -47.5497309,-15.5050904,6463.0
          -47.5496242,-15.5050672,6432.4
          -47.5495932,-15.5050929,6422.1
          -47.5494177,-15.5051366,6391.1
          -47.5493007,-15.5050958,6370.7
          -47.5491658,-15.5050859,6351.1
          -47.5490059,-15.5050917,6331.1
          -47.5489192,-15.5050911,6321.3
          -47.5487534,-15.5050826,6301.9
          -47.5486078,-15.50506,6271.2
          -47.5485461,-15.5050918,6251.4
          -47.5484502,-15.5051424,6231.8
          -47.5483829,-15.5051589,6221.9
          -47.5481891,-15.5051019,6191.1
          -47.5481542,-15.5050737,6180.8
          -47.5480916,-15.5050398,6160.7
          -47.5480071,-15.5050569,6140.4
          -47.5478842,-15.505048,6120.7
          -47.5477882,-15.5049917,6100.8
          -47.5477531,-15.5049799,6079.8
          -47.5476689,-15.5048978,6049.2
          -47.5475756,-15.504831,6029.3
          -47.5475258,-15.5048214,6019.3
          -47.54747,-15.5048242,5999.0
          -47.5474398,-15.5048048,5978.5
          -47.5473523,-15.50476,5957.7
          -47.5472741,-15.5047188,5937.5
          -47.5472701,-15.5047001,5916.5
          -47.5472848,-15.5046396,5896.7
          -47.5472628,-15.5045032,5866.4
          -47.547239,-15.5044713,5856.6
          -47.5471845,-15.5044571,5836.0
          -47.5471678,-15.5044604,5806.4
          -47.5471163,-15.504415,5787.2
          -47.5470598,-15.5043742,5767.8
          -47.5470439,-15.504357,5758.0
          -47.547028,-15.5043135,5738.7
          -47.5469979,-15.5042755,5719.6
          -47.5469726,-15.5042587,5700.6
          -47.546961,-15.5042344,5681.3
          -47.5469445,-15.5041871,5662.3
          -47.5469418,-15.5041517,5643.2
          -47.5469611,-15.5041335,5624.5
          -47.546958,-15.504107,5605.5
          -47.5469447,-15.5040768,5586.5
          -47.5469705,-15.5040199,5558.6
          -47.5469844,-15.5039925,5549.3
          -47.5470044,-15.5039534,5530.7
          -47.5470399,-15.5039025,5502.2
          -47.5470473,-15.5038799,5492.8
          -47.5470607,-15.5038535,5474.1
          -47.5470891,-15.5038292,5446.2
          -47.547084,-15.5038112,5436.3
          -47.5470943,-15.5037781,5417.4
          -47.5472025,-15.5037797,5388.3
          -47.5472709,-15.5037249,5368.8
          -47.547304,-15.5036756,5358.6
          -47.547358,-15.5035936,5339.7
          -47.5473842,-15.5035681,5319.1
          -47.5474468,-15.5035785,5299.4
          -47.547614,-15.5035373,5271.3
          -47.5477259,-15.5034565,5252.4
          -47.5477896,-15.5033851,5234.1
          -47.5478541,-15.5033014,5215.7
          -47.5478855,-15.5032532,5206.8
          -47.5479525,-15.5031852,5188.3
          -47.5479992,-15.5031499,5170.2
          -47.5480906,-15.5030851,5152.2
          -47.5482299,-15.5030852,5133.2
          -47.5483021,-15.5031179,5114.1
          -47.5484153,-15.5030492,5084.9
          -47.5485025,-15.5030787,5065.9
          -47.5485516,-15.503119,5047.2
          -47.5485901,-15.5031153,5037.8
          -47.5487026,-15.503105,5019.3
          -47.5487868,-15.5031303,5001.1
          -47.5488369,-15.5031809,4983.2
          -47.5489317,-15.5032361,4966.4
          -47.5490732,-15.5032905,4948.6
          -47.5491888,-15.5033407,4931.6
          -47.549295,-15.5034277,4914.0
          -47.5494463,-15.5035097,4896.6
          -47.5496988,-15.503626,4871.3
          -47.5497741,-15.5036623,4862.9
          -47.5499685,-15.5037639,4836.4
          -47.5500926,-15.503812,4818.3
          -47.5502043,-15.5038631,4800.4
          -47.5502857,-15.5039433,4782.6
          -47.5503363,-15.5039931,4773.4
          -47.550477,-15.5040815,4755.6
          -47.5506182,-15.5041092,4737.0
          -47.5507432,-15.5041292,4718.5
          -47.5509501,-15.504246,4692.3
          -47.5510317,-15.5042729,4683.5
          -47.5511876,-15.504284,4664.9
          -47.5513389,-15.5043494,4637.4
          -47.5514575,-15.5044407,4619.3
          -47.5516321,-15.5045149,4601.1
          -47.5517877,-15.5045188,4582.8
          -47.5518863,-15.5045281,4564.6
          -47.5519333,-15.5045538,4555.6
          -47.5520373,-15.5046055,4537.5
          -47.5521461,-15.504611,4519.2
          -47.5522627,-15.5045724,4501.6
          -47.5524049,-15.5046031,4483.1
          -47.5525539,-15.5046641,4465.4
          -47.5527453,-15.50471,4439.6
          -47.5527965,-15.5046959,4430.4
          -47.5529015,-15.5046444,4412.3
          -47.5530235,-15.5046444,4394.5
          -47.5531516,-15.5047019,4376.4
          -47.553297,-15.5047395,4358.7
          -47.55345,-15.5047707,4341.5
          -47.5535681,-15.5047521,4323.9
          -47.5537557,-15.5047439,4297.2
          -47.5538103,-15.5047689,4288.3
          -47.5540522,-15.5048169,4261.7
          -47.5541378,-15.5048045,4252.4
          -47.554284,-15.5048158,4234.0
          -47.5543875,-15.5048605,4216.3
          -47.5544957,-15.5048788,4198.9
          -47.5546568,-15.5048947,4180.7
          -47.5548209,-15.5049103,4163.0
          -47.5550343,-15.5048568,4135.5
          -47.5551897,-15.5048707,4117.5
          -47.555253,-15.5049017,4108.9
          -47.5554145,-15.5049389,4083.3
          -47.55548,-15.5049394,4073.3
          -47.555614,-15.5049589,4055.1
          -47.5557094,-15.5049318,4037.8
          -47.5557693,-15.504867,4019.7
          -47.5558152,-15.5047714,3992.1
          -47.555874,-15.5046985,3974.8
          -47.5559254,-15.5046788,3965.8
          -47.5560924,-15.5046324,3940.1
          -47.5561684,-15.5045412,3922.4
          -47.5562162,-15.5044936,3905.1
          -47.5562732,-15.5045049,3887.2
          -47.5563224,-15.5045013,3878.4
          -47.5564323,-15.5044345,3860.6
          -47.5564866,-15.5043449,3843.9
          -47.5565335,-15.5043008,3826.9
          -47.5566388,-15.5042709,3808.6
          -47.5567121,-15.5042041,3790.7
          -47.5567338,-15.5041545,3772.5
          -47.5568297,-15.5041308,3754.6
          -47.5570126,-15.5039964,3728.3
          -47.5570347,-15.5039553,3719.5
          -47.5570699,-15.503946,3701.8
          -47.5571808,-15.5039455,3684.0
          -47.5573251,-15.5038948,3666.7
          -47.5574317,-15.5038422,3650.5
          -47.557527,-15.5037792,3632.9
          -47.5576586,-15.5037428,3615.8
          -47.5577572,-15.5037698,3597.9
          -47.5578222,-15.5037925,3581.3
          -47.5579705,-15.5037433,3556.4
          -47.5580329,-15.5037263,3539.7
          -47.558068,-15.5037006,3523.3
          -47.55809,-15.5036811,3515.5
          -47.5581412,-15.5036377,3498.7
          -47.5581805,-15.5036014,3482.0
          -47.5582478,-15.5035899,3465.1
          -47.558345,-15.5036117,3447.5
          -47.558457,-15.5036094,3429.9
          -47.5585556,-15.5035503,3413.1
          -47.558612,-15.5035316,3397.3
          -47.5587317,-15.5035161,3373.6
          -47.5587982,-15.5034858,3365.3
          -47.5589443,-15.5034092,3349.6
          -47.5590769,-15.5033636,3333.0
          -47.5591573,-15.5033289,3316.6
          -47.5593007,-15.5032729,3300.2
          -47.5594868,-15.5032465,3284.6
          -47.5596327,-15.5032421,3269.0
          -47.5597625,-15.5032538,3252.9
          -47.5599233,-15.5032427,3237.6
          -47.5601842,-15.5031556,3213.5
          -47.5603461,-15.5031546,3197.4
          -47.5604366,-15.5031623,3189.4
          -47.5606416,-15.5031402,3172.0
          -47.5608144,-15.5030762,3154.3
          -47.5609339,-15.503026,3137.0
          -47.5610361,-15.5030154,3120.3
          -47.5612021,-15.5029684,3104.3
          -47.5614262,-15.5029323,3087.5
          -47.5616954,-15.5029105,3063.3
          -47.5618483,-15.5028604,3047.4
          -47.5620182,-15.5028161,3031.7
          -47.5621211,-15.5027928,3024.3
          -47.5623313,-15.502727,3009.2
          -47.5625018,-15.5026469,2994.0
          -47.5626618,-15.5026336,2978.2
          -47.5628416,-15.5026804,2962.0
          -47.5631252,-15.5026617,2938.0
          -47.5632234,-15.5026726,2923.1
          -47.5633292,-15.5027164,2908.5
          -47.5634167,-15.5027313,2900.2
          -47.5636665,-15.5027093,2876.9
          -47.5637434,-15.5026738,2861.6
          -47.5637864,-15.5026729,2853.9
          -47.5639524,-15.5027762,2831.8
          -47.5640655,-15.5028305,2818.2
          -47.5641648,-15.5028143,2802.8
          -47.5642395,-15.5028208,2787.1
          -47.5642684,-15.5028463,2777.7
          -47.5644213,-15.5028977,2751.7
          -47.5644689,-15.5028841,2742.3
          -47.564513,-15.5028902,2723.0
          -47.5645717,-15.5029147,2704.6
          -47.5647089,-15.5028912,2686.0
          -47.5648475,-15.5028514,2668.6
          -47.5649208,-15.5028239,2650.2
          -47.5651124,-15.5028405,2623.5
          -47.5652713,-15.5027926,2606.7
          -47.5653221,-15.5027765,2598.5
          -47.565408,-15.5028062,2582.9
          -47.5655506,-15.5028234,2569.3
          -47.5657192,-15.5027616,2554.8
          -47.5658459,-15.5027397,2539.6
          -47.5660361,-15.5028018,2515.8
          -47.56613,-15.502809,2508.7
          -47.5665092,-15.5028265,2476.5
          -47.5666168,-15.5028296,2458.8
          -47.5667985,-15.5028418,2435.9
          -47.5668591,-15.5028635,2427.6
          -47.5669737,-15.5028693,2411.6
          -47.5671253,-15.5028059,2394.4
          -47.5673067,-15.5028045,2376.9
          -47.5674826,-15.5028786,2351.4
          -47.5676547,-15.502883,2335.1
          -47.5677981,-15.5028605,2319.3
          -47.5678399,-15.50286,2310.5
          -47.567934,-15.5029163,2292.8
          -47.568088,-15.502977,2276.7
          -47.5682206,-15.5029608,2261.2
          -47.5683119,-15.5029525,2246.2
          -47.568403,-15.5029849,2232.6
          -47.5685187,-15.5029786,2218.8
          -47.5687216,-15.5029823,2203.4
          -47.5689753,-15.5030697,2180.2
          -47.569091,-15.5030868,2163.8
          -47.5691773,-15.503092,2156.9
          -47.5693866,-15.5031386,2142.2
          -47.5695778,-15.5032109,2127.4
          -47.5697668,-15.5032665,2113.6
          -47.5699773,-15.5033217,2100.8
          -47.5701985,-15.5033734,2086.3
          -47.5703575,-15.5034008,2072.3
          -47.5704455,-15.503456,2059.5
          -47.5705917,-15.5035531,2047.7
          -47.5707701,-15.5036057,2036.9
          -47.5709559,-15.5036345,2020.8
          -47.5710216,-15.5036574,2015.4
          -47.571262,-15.5036941,1997.4
          -47.5713882,-15.5036424,1985.4
          -47.5714863,-15.5036427,1973.1
          -47.5715626,-15.5036605,1966.9
          -47.5717612,-15.5036708,1954.1
          -47.5719374,-15.5036448,1942.4
          -47.5720291,-15.5036335,1931.2
          -47.5721593,-15.5036664,1918.7
          -47.5723792,-15.5036913,1903.4
          -47.5725829,-15.5036716,1889.7
          -47.5727134,-15.5036898,1878.8
          -47.5729714,-15.5037781,1867.5
          -47.5731503,-15.5037966,1859.3
          -47.5732319,-15.5038037,1854.7
          -47.5734099,-15.5038275,1847.1
          -47.5736323,-15.5038801,1841.0
          -47.5739081,-15.5039534,1832.5
          -47.5739841,-15.5039875,1829.4
          -47.5741828,-15.5040814,1822.8
          -47.5745261,-15.5041935,1809.1
          -47.5746597,-15.5042641,1796.8
          -47.5747879,-15.5043525,1785.7
          -47.5748855,-15.50441,1779.9
          -47.5751037,-15.5045054,1769.8
          -47.5752692,-15.5045559,1758.2
          -47.5754132,-15.5046001,1747.6
          -47.5755373,-15.5047053,1736.6
          -47.5756534,-15.5047916,1719.6
          -47.5757128,-15.5048036,1713.5
          -47.5758673,-15.5048688,1701.6
          -47.5759619,-15.5049824,1690.4
          -47.5760424,-15.5050283,1672.3
          -47.5789283,-15.5061218,1393.4
          -47.5792683,-15.5062356,1367.7
          -47.5793531,-15.5062698,1352.2
          -47.5795849,-15.5065342,1319.7
          -47.5797417,-15.5066643,1307.1
          -47.5798601,-15.5068046,1297.2
          -47.5801493,-15.5069979,1276.3
          -47.5802817,-15.507046,1264.4
          -47.5803894,-15.5071186,1252.2
          -47.5805342,-15.5071581,1240.7
          -47.5807451,-15.5071963,1226.7
          -47.5809182,-15.5072796,1212.0
          -47.5810476,-15.5073685,1196.7
          -47.5812322,-15.5074408,1182.7
          -47.5814057,-15.5075406,1167.1
          -47.5815243,-15.5076461,1151.1
          -47.5817917,-15.5077559,1126.4
          -47.5818799,-15.5078172,1118.6
          -47.5820142,-15.5079753,1104.4
          -47.5821608,-15.5081266,1093.2
          -47.5823298,-15.5082679,1084.4
          -47.5824632,-15.5083922,1072.9
          -47.5825323,-15.5085393,1060.3
          -47.5825792,-15.5087216,1048.4
          -47.5827036,-15.5088665,1030.9
          -47.5827211,-15.5088552,1027.7
          -47.5827222,-15.5088483,1027.2
          -47.5827214,-15.5088486,1027.2
          -47.5827203,-15.5088489,1027.2
          -47.5827184,-15.508849,1027.2
          -47.5827178,-15.5088492,1027.3
          -47.5827164,-15.5088496,1027.4
          -47.5827152,-15.5088496,1027.4
          -47.5827143,-15.5088496,1027.5
          -47.582713,-15.5088496,1027.5
          -47.5827118,-15.5088498,1027.6
          -47.5827114,-15.5088499,1027.6
          -47.58271,-15.5088501,1027.7
          -47.5827094,-15.5088502,1027.7
          -47.5827083,-15.5088505,1027.7
          -47.5827074,-15.5088507,1027.8
          -47.5827069,-15.5088509,1027.9
          -47.5827064,-15.5088511,1028.0
          -47.5827061,-15.5088512,1028.0
          -47.5827059,-15.5088515,1028.2
          -47.5827059,-15.508852,1028.2
          -47.5827058,-15.5088521,1028.3
          -47.5827054,-15.5088523,1028.4
          -47.5827052,-15.5088524,1028.5
          -47.5827049,-15.5088525,1028.6
          -47.5827042,-15.5088525,1028.7
          -47.5827042,-15.5088522,1028.8
          -47.5827042,-15.5088521,1029.0
          -47.5827041,-15.5088523,1029.1
          -47.5827041,-15.5088524,1029.1
          -47.5827041,-15.5088525,1029.2
          -47.5827041,-15.5088524,1029.3
          -47.5827038,-15.5088522,1029.4
          -47.582704,-15.508852,1029.4
          -47.5827039,-15.5088519,1029.4
          -47.5827039,-15.5088519,1029.3
          -47.582704,-15.5088517,1029.3
          -47.5827041,-15.5088516,1029.2
          -47.5827041,-15.5088517,1029.2
          -47.5827042,-15.5088518,1029.2
          -47.5827044,-15.5088521,1029.1
          -47.5827048,-15.5088523,1029.0
          -47.5827051,-15.5088527,1028.8
          -47.5827054,-15.5088532,1028.7
          -47.582706,-15.5088535,1028.6
          -47.5827063,-15.5088537,1028.6
          -47.5827063,-15.5088542,1028.4
          -47.5827064,-15.5088545,1028.4
          -47.5827063,-15.5088546,1028.4
          -47.5827064,-15.5088545,1028.3
          -47.5827067,-15.5088545,1028.3
          -47.5827065,-15.5088545,1028.2
          -47.5827067,-15.5088545,1028.2
          -47.5827067,-15.5088546,1028.3
          -47.5827069,-15.508855,1028.2
          -47.5827073,-15.5088551,1028.3
          -47.582708,-15.5088554,1028.3
          -47.5827081,-15.5088556,1028.4
          -47.5827084,-15.5088558,1028.4
          -47.5827086,-15.5088562,1028.5
          -47.5827086,-15.5088561,1028.6
          -47.5827087,-15.5088561,1028.6
          -47.5827088,-15.5088565,1028.7
          -47.5827086,-15.5088569,1028.8
          -47.5827081,-15.5088572,1028.8
          -47.5827079,-15.5088576,1028.8
          -47.5827077,-15.5088581,1028.9
          -47.5827079,-15.5088582,1028.9
          -47.5827078,-15.5088584,1028.9
          -47.5827077,-15.5088586,1028.9
          -47.5827077,-15.5088584,1028.9
          -47.5827075,-15.5088583,1029.0
          -47.5827076,-15.5088582,1029.0
          -47.5827077,-15.5088584,1029.1
          -47.5827076,-15.5088585,1029.1
          -47.5827074,-15.5088586,1029.2
          -47.5827071,-15.5088585,1029.3
          -47.5827068,-15.5088588,1029.3
          -47.5827065,-15.5088589,1029.4
          -47.5827059,-15.5088588,1029.5
          -47.5827057,-15.5088588,1029.9
          -47.5827058,-15.5088588,1030.0
          -47.5827056,-15.5088586,1030.1
          -47.5827053,-15.5088582,1030.3
          -47.5827053,-15.5088578,1030.5
          -47.5827049,-15.5088577,1030.6
          -47.5827043,-15.5088574,1030.8
          -47.5827044,-15.5088571,1030.8
          -47.5827043,-15.5088569,1030.9
          -47.5827046,-15.5088568,1031.0
          -47.5827045,-15.5088572,1031.0
          -47.5827052,-15.5088575,1031.2
          -47.5827055,-15.5088574,1031.3
          -47.5827062,-15.5088577,1031.4
          -47.5827066,-15.5088574,1031.6
          -47.5827074,-15.5088573,1031.7
          -47.5827075,-15.5088572,1031.7
          -47.5827077,-15.5088571,1031.8
          -47.5827075,-15.5088572,1031.8
          -47.5827076,-15.5088572,1031.9
          -47.5827074,-15.5088575,1031.8
          -47.5827069,-15.5088576,1031.8
          -47.5827066,-15.508858,1031.7
          -47.5827065,-15.5088583,1031.7
          -47.5827064,-15.5088587,1031.6
          -47.5827062,-15.5088588,1031.6
          -47.5827059,-15.5088592,1031.5
          -47.5827059,-15.5088596,1031.5
          -47.5827055,-15.50886,1031.5
          -47.582705,-15.5088601,1031.5
          -47.5827044,-15.5088607,1031.5
          -47.5827036,-15.5088611,1031.5
          -47.582703,-15.5088612,1031.6
          -47.5827021,-15.508861,1031.8
          -47.5827012,-15.5088607,1032.0
          -47.5827009,-15.5088607,1032.1
          -47.5827001,-15.5088607,1032.2
          -47.5826992,-15.5088608,1032.2
          -47.5826989,-15.5088607,1032.3
          -47.582698,-15.5088611,1032.1
          -47.5826976,-15.5088614,1032.0
          -47.5826976,-15.5088613,1032.0
          -47.5826973,-15.5088607,1032.0
          -47.5826976,-15.5088604,1031.9
          -47.5826976,-15.5088604,1031.8
          -47.5826974,-15.5088604,1031.7
          -47.5826969,-15.5088601,1031.6
          -47.5826963,-15.5088597,1031.4
          -47.582696,-15.5088596,1031.4
          -47.5826955,-15.5088597,1031.2
          -47.582695,-15.5088595,1031.1
          -47.5826951,-15.5088596,1031.0
          -47.5826948,-15.5088595,1030.9
          -47.5826948,-15.5088594,1030.8
          -47.5826948,-15.5088595,1030.7
          -47.5826947,-15.5088594,1030.7
          -47.5826947,-15.5088595,1030.7
          -47.5826946,-15.5088595,1030.7
          -47.5826947,-15.5088593,1030.8
          -47.5826951,-15.5088595,1030.7
          -47.5826951,-15.5088593,1030.8
          -47.582695,-15.5088593,1030.8
          -47.5826949,-15.5088592,1030.8
          -47.5826951,-15.5088589,1030.8
          -47.5826954,-15.5088589,1030.9
          -47.5826958,-15.5088586,1031.0
          -47.5826956,-15.5088584,1031.1
          -47.5826957,-15.5088579,1031.4
          -47.582696,-15.5088575,1031.5
          -47.5826962,-15.5088575,1031.5
          -47.5826963,-15.5088572,1031.6
          -47.5826967,-15.5088568,1031.6
          -47.5826968,-15.5088567,1031.6
          -47.5826969,-15.5088562,1031.6
          -47.5826969,-15.5088555,1031.6
          -47.5826969,-15.5088553,1031.6
          -47.5826971,-15.5088554,1031.4
          -47.582697,-15.5088549,1031.5
          -47.5826973,-15.5088551,1031.3
          -47.5826983,-15.5088552,1031.3
          -47.5826987,-15.5088557,1031.2
          -47.5826986,-15.5088561,1030.9
          -47.5826987,-15.5088564,1030.8
          -47.5826991,-15.5088571,1030.6
          -47.5826991,-15.5088569,1030.6
          -47.5826988,-15.5088563,1030.7
          -47.5826986,-15.5088553,1030.7
          -47.5826984,-15.5088543,1030.7
          -47.582698,-15.5088535,1030.8
          -47.5826984,-15.5088528,1030.8
          -47.5826983,-15.508852,1030.8
          -47.5826981,-15.5088508,1030.9
          -47.5826981,-15.5088497,1031.0
          -47.582698,-15.5088484,1031.1
          -47.5826981,-15.5088471,1031.2
          -47.5826983,-15.5088462,1031.3
          -47.582698,-15.508845,1031.4
          -47.5826978,-15.5088447,1031.4
          -47.5826977,-15.5088438,1031.5
          -47.5826977,-15.5088427,1031.6
          -47.5826978,-15.5088419,1031.7
          -47.582698,-15.5088409,1031.9
          -47.5826984,-15.5088399,1032.1
          -47.5826983,-15.5088386,1032.6
          -47.5826985,-15.5088376,1032.8
          -47.5826987,-15.5088372,1032.9
          -47.5826989,-15.5088366,1032.9
          -47.5826993,-15.5088363,1033.1
          -47.5827,-15.5088364,1033.0
          -47.5827006,-15.5088364,1033.0
          -47.5827012,-15.5088373,1032.7
          -47.5827016,-15.5088376,1032.7
          -47.5827014,-15.5088376,1032.9
          -47.5827011,-15.5088377,1033.0
          -47.5827012,-15.5088379,1033.0
          -47.5827016,-15.5088382,1032.9
          -47.5827014,-15.5088383,1033.0
          -47.5827012,-15.5088386,1033.1
          -47.582701,-15.5088387,1033.1
          -47.5827004,-15.5088391,1033.2
          -47.5826992,-15.5088394,1033.3
          -47.5826981,-15.5088393,1033.5
          -47.5826972,-15.5088393,1033.5
          -47.5826955,-15.5088393,1033.7
          -47.582695,-15.5088393,1033.8
          -47.5826936,-15.5088396,1033.9
          -47.5826932,-15.5088399,1034.0
          -47.5826929,-15.5088402,1034.0
          -47.5826923,-15.5088408,1034.1
          -47.582692,-15.508841,1034.0
          -47.582691,-15.5088414,1034.0
          -47.5826906,-15.5088414,1034.1
          -47.5826903,-15.5088415,1034.1
          -47.5826898,-15.5088417,1034.0
          -47.5826889,-15.5088424,1033.9
          -47.5826882,-15.5088428,1033.8
          -47.582687,-15.5088427,1033.9
          -47.5826862,-15.5088427,1033.9
          -47.5826856,-15.5088426,1034.0
          -47.5826853,-15.508843,1034.1
          -47.5826854,-15.5088434,1034.0
          -47.5826857,-15.508844,1033.9
          -47.5826869,-15.5088447,1033.8
          -47.5826873,-15.5088454,1033.8
          -47.5826877,-15.5088461,1033.7
          -47.5826877,-15.5088467,1033.7
          -47.5826878,-15.5088472,1033.6
          -47.5826881,-15.5088475,1033.6
          -47.5826881,-15.5088481,1033.5
          -47.5826881,-15.5088487,1033.5
          -47.5826882,-15.5088488,1033.4
          -47.5826883,-15.5088486,1033.6
          -47.582688,-15.5088477,1033.8
          -47.582688,-15.5088474,1033.9
          -47.5826879,-15.5088467,1034.0
          -47.582688,-15.5088462,1034.2
          -47.5826881,-15.5088454,1034.3
          -47.5826883,-15.5088448,1034.4
          -47.5826885,-15.5088445,1034.5
          -47.5826887,-15.5088438,1034.8
          -47.5826889,-15.5088434,1035.0
          -47.582689,-15.5088432,1035.0
          -47.5826894,-15.5088427,1035.1
          -47.58269,-15.5088422,1035.2
          -47.5826909,-15.5088421,1035.2
          -47.582691,-15.5088421,1035.2
          -47.5826913,-15.5088422,1035.1
          -47.5826914,-15.5088422,1035.1
          -47.5826917,-15.5088425,1034.9
          -47.582692,-15.5088429,1034.8
          -47.5826925,-15.5088432,1034.6
          -47.5826928,-15.5088436,1034.5
          -47.5826931,-15.5088437,1034.4
          -47.5826933,-15.5088437,1034.2
          -47.5826936,-15.5088437,1034.0
          -47.5826934,-15.508844,1033.7
          -47.5826934,-15.5088442,1033.7
          -47.5826935,-15.5088446,1033.5
          -47.5826935,-15.5088448,1033.4
          -47.5826937,-15.508845,1033.2
          -47.5826938,-15.5088445,1032.9
          -47.5826941,-15.5088443,1032.8
          -47.5826949,-15.5088439,1032.6
          -47.5826951,-15.5088438,1032.5
          -47.5826955,-15.5088433,1032.4
          -47.5826958,-15.508843,1032.3
          -47.5826962,-15.5088433,1032.2
          -47.5826971,-15.5088432,1032.0
          -47.5826976,-15.508843,1031.7
          -47.58272,-15.5088358,1026.9
          -47.5827201,-15.5088355,1027.0
          -47.5827205,-15.5088354,1026.8
          -47.5827206,-15.508835,1026.8
          -47.5827209,-15.508835,1026.7
          -47.582721,-15.5088351,1026.6
          -47.5827211,-15.5088352,1026.6
          -47.5827215,-15.5088355,1026.6
          -47.5827217,-15.5088359,1026.6
          -47.582722,-15.5088361,1026.6
          -47.5827226,-15.5088364,1026.5
          -47.5827233,-15.5088366,1026.3
          -47.5827238,-15.5088371,1026.2
          -47.5827238,-15.5088384,1026.1
          -47.5827248,-15.508839,1026.0
          -47.5827253,-15.5088394,1025.9
          -47.5827264,-15.5088404,1025.8
          -47.5827274,-15.508841,1025.7
          -47.5827283,-15.5088417,1025.6
          -47.5827289,-15.5088423,1025.5
          -47.5827301,-15.5088438,1025.5
          -47.5827303,-15.5088442,1025.5
          -47.5827305,-15.5088444,1025.4
          -47.5827307,-15.508844,1025.4
          -47.582731,-15.5088442,1025.4
          -47.5827314,-15.5088443,1025.3
          -47.5827308,-15.5088435,1025.4
          -47.5827309,-15.5088436,1025.4
          -47.5827311,-15.5088438,1025.4
          -47.5827313,-15.508844,1025.4
          -47.5827318,-15.5088439,1025.3
          -47.5827318,-15.5088441,1025.5
          -47.5827319,-15.5088443,1025.6
          -47.5827317,-15.5088444,1025.6
          -47.5827318,-15.5088448,1025.6
          -47.5827321,-15.5088445,1025.4
          -47.5827325,-15.5088452,1025.3
          -47.5827326,-15.5088453,1025.4
          -47.5827324,-15.5088454,1025.5
          -47.5827317,-15.5088455,1025.9
          -47.5827319,-15.5088455,1026.0
          -47.582732,-15.5088453,1026.1
          -47.5827322,-15.5088446,1026.2
          -47.5827323,-15.5088442,1026.6
          -47.5827319,-15.5088443,1026.9
          -47.582732,-15.5088443,1027.2
          -47.5827315,-15.5088447,1027.6
          -47.5827316,-15.5088447,1027.7
          -47.5827318,-15.5088443,1027.9
          -47.5827318,-15.5088442,1028.1
          -47.5827315,-15.5088444,1028.2
          -47.5827311,-15.5088441,1028.3
          -47.5827309,-15.5088441,1028.5
          -47.5827306,-15.5088442,1028.6
          -47.5827303,-15.5088442,1028.7
          -47.5827297,-15.5088435,1029.0
          -47.5827295,-15.5088432,1029.0
          -47.5827291,-15.5088433,1029.1
          -47.5827288,-15.5088436,1029.2
          -47.5827287,-15.5088431,1029.3
          -47.5827287,-15.5088422,1029.2
          -47.5827291,-15.5088415,1029.2
          -47.5827293,-15.5088417,1029.2
          -47.582729,-15.5088418,1029.3
          -47.5827284,-15.5088421,1029.6
          -47.5827282,-15.5088418,1029.7
          -47.5827282,-15.5088419,1029.7
          -47.5827281,-15.5088415,1029.6
          -47.5827283,-15.5088409,1029.6
          -47.5827285,-15.5088404,1029.5
          -47.5827287,-15.5088395,1029.4
          -47.5827292,-15.5088376,1029.1
          -47.5827292,-15.5088372,1029.0
          -47.5827294,-15.5088365,1028.9
          -47.5827298,-15.5088357,1028.8
          -47.5827305,-15.5088355,1028.5
          -47.5827311,-15.508835,1028.3
          -47.5827315,-15.5088352,1028.2
          -47.582732,-15.5088351,1028.2
          -47.5827333,-15.5088335,1027.9
          -47.582734,-15.5088325,1027.6
          -47.5827337,-15.5088321,1027.6
          -47.5827333,-15.5088324,1027.7
          -47.5827329,-15.508833,1027.9
          -47.582732,-15.5088332,1028.1
          -47.5827314,-15.508833,1028.2
          -47.5827309,-15.5088333,1028.2
          -47.5827306,-15.5088334,1028.3
          -47.58273,-15.5088352,1028.4
          -47.5827293,-15.5088359,1028.6
          -47.5827291,-15.5088361,1028.7
          -47.582729,-15.5088369,1028.9
          -47.5827292,-15.508837,1028.9
          -47.5827291,-15.5088373,1028.9
          -47.582729,-15.5088372,1028.9
          -47.5827293,-15.5088375,1028.8
          -47.5827292,-15.5088409,1028.8
          -47.5827289,-15.5088413,1028.9
          -47.5827283,-15.508842,1029.0
          -47.582728,-15.5088428,1029.0
          -47.5827276,-15.5088438,1029.2
          -47.5827271,-15.5088443,1029.3
          -47.5827269,-15.5088444,1029.5
          -47.5827268,-15.5088442,1029.6
          -47.5827269,-15.5088442,1029.6
          -47.5827273,-15.5088436,1029.5
          -47.5827275,-15.508843,1029.5
          -47.5827276,-15.5088424,1029.4
          -47.5827274,-15.5088415,1029.3
          -47.5827272,-15.5088406,1029.3
          -47.5827267,-15.5088395,1029.3
          -47.5827264,-15.508839,1029.3
          -47.5827262,-15.5088388,1029.3
          -47.5827257,-15.5088382,1029.4
          -47.5827255,-15.5088374,1029.5
          -47.582725,-15.5088367,1029.6
          -47.5827246,-15.5088363,1029.7
          -47.582724,-15.5088359,1029.8
          -47.5827236,-15.5088356,1029.9
          -47.5827224,-15.5088352,1030.2
          -47.582722,-15.508835,1030.3
          -47.5827215,-15.508835,1030.3
          -47.5827211,-15.5088351,1030.4
          -47.5827207,-15.5088354,1030.6
          -47.5827205,-15.5088355,1030.6
          -47.5827203,-15.5088356,1030.8
          -47.5827199,-15.5088359,1031.1
          -47.5827193,-15.5088364,1031.3
          -47.5827194,-15.5088364,1031.4
          -47.5827192,-15.5088363,1031.5
          -47.5827191,-15.5088364,1031.5
          -47.5827191,-15.5088363,1031.5
          -47.5827197,-15.5088364,1031.6
          -47.5827203,-15.5088364,1031.5
          -47.5827206,-15.5088362,1031.5
          -47.5827207,-15.5088359,1031.5
          -47.5827216,-15.5088354,1031.2
          -47.5827218,-15.508835,1031.2
          -47.5827221,-15.5088345,1031.2
          -47.5827231,-15.5088348,1030.9
          -47.5827239,-15.5088348,1030.7
          -47.5827246,-15.5088349,1030.6
          -47.5827247,-15.5088346,1030.7
          -47.5827249,-15.5088343,1030.7
          -47.5827246,-15.5088343,1030.8
          -47.582724,-15.5088338,1031.0
          -47.5827237,-15.5088335,1031.0
          -47.5827235,-15.5088336,1031.1
          -47.5827232,-15.5088332,1031.2
          -47.5827229,-15.5088326,1031.2
          -47.5827228,-15.5088321,1031.1
          -47.5827226,-15.5088316,1031.1
          -47.582722,-15.5088316,1031.1
          -47.5827219,-15.5088322,1031.0
          -47.5827219,-15.5088326,1030.9
          -47.5827218,-15.508833,1030.7
          -47.5827212,-15.5088332,1030.7
          -47.5827211,-15.5088332,1030.6
          -47.5827212,-15.5088331,1030.5
          -47.582721,-15.5088332,1030.5
          -47.582721,-15.5088332,1030.4
          -47.5827209,-15.508833,1030.3
          -47.5827211,-15.5088327,1030.1
          -47.5827211,-15.5088326,1030.0
          -47.5827218,-15.5088324,1029.8
          -47.582722,-15.5088322,1029.8
          -47.5827222,-15.5088317,1029.6
          -47.5827226,-15.508831,1029.4
          -47.582723,-15.5088301,1029.2
          -47.5827234,-15.5088296,1029.1
          -47.5827236,-15.5088297,1029.0
          -47.5827237,-15.50883,1029.1
          -47.5827236,-15.5088301,1029.1
          -47.5827235,-15.5088306,1029.0
          -47.5827235,-15.5088306,1029.1
          -47.5827235,-15.5088307,1029.1
          -47.5827231,-15.5088305,1029.2
          -47.5827228,-15.5088305,1029.3
          -47.5827225,-15.5088316,1029.3
          -47.5827223,-15.5088328,1029.4
          -47.5827223,-15.5088341,1029.5
          -47.5827226,-15.5088336,1029.1
          -47.5827225,-15.5088334,1029.0
          -47.582722,-15.5088333,1029.0
          -47.5827218,-15.5088327,1028.9
          -47.5827224,-15.5088318,1028.5
          -47.5827227,-15.5088316,1028.4
          -47.5827237,-15.5088313,1028.1
          -47.582724,-15.5088313,1027.9
          -47.582724,-15.5088313,1027.9
          -47.5827241,-15.5088311,1027.7
          -47.5827239,-15.5088308,1027.7
          -47.5827234,-15.5088306,1027.9
          -47.582722,-15.5088339,1028.3
          -47.5827221,-15.5088349,1028.4
          -47.5827245,-15.5088372,1028.6
          -47.5827261,-15.5088449,1028.7
          -47.5827212,-15.5088468,1028.7
          -47.5827089,-15.5088497,1028.9
          -47.5826954,-15.5088624,1029.0
          -47.5826812,-15.5088724,1028.9
          -47.5826697,-15.5088855,1029.0
          -47.5826628,-15.5089028,1028.9
          -47.5826451,-15.5089254,1028.7
          -47.5826386,-15.5089351,1028.8
          -47.5826287,-15.5089483,1029.1
          -47.5826225,-15.5089585,1029.8
          -47.5826147,-15.5089676,1029.7
          -47.5825948,-15.5089963,1029.9
          -47.5825893,-15.5090108,1029.7
          -47.582585,-15.5090227,1029.8
          -47.5825823,-15.5090285,1029.9
          -47.5825804,-15.5090514,1030.1
          -47.5825794,-15.5090581,1030.3
          -47.5825846,-15.5090692,1030.3
          -47.5825811,-15.5090852,1030.1
          -47.5825751,-15.509093,1030.3
          -47.5825623,-15.5091016,1029.9
          -47.5825545,-15.5091197,1029.7
          -47.5825539,-15.509125,1029.6
          -47.5825545,-15.5091292,1029.8
          -47.5825539,-15.5091313,1029.7
          -47.5825537,-15.5091392,1029.5
          -47.5825451,-15.509142,1029.2
          -47.5825322,-15.5091336,1029.0
          -47.5825131,-15.5091188,1029.2
          -47.5825012,-15.5090943,1029.9
          -47.5824895,-15.5090678,1031.0
          -47.5824757,-15.5090307,1032.0
          -47.5824703,-15.5090033,1032.1
          -47.5824626,-15.5089767,1032.3
          -47.5824583,-15.5089646,1032.1
          -47.5824523,-15.5089397,1031.5
          -47.5824479,-15.5089147,1031.0
          -47.582447,-15.508889,1030.4
          -47.582444,-15.5088614,1030.1
          -47.5824387,-15.5088362,1030.4
          -47.582434,-15.5088128,1030.7
          -47.5824278,-15.5087882,1031.0
          -47.5824219,-15.5087644,1031.3
          -47.5824179,-15.5087381,1031.5
          -47.5824142,-15.5087134,1031.9
          -47.5824112,-15.5086889,1032.1
          -47.5824042,-15.508663,1032.5
          -47.5823953,-15.5086236,1033.4
          -47.5823917,-15.5086105,1033.7
          -47.5823853,-15.5085867,1033.6
          -47.5823801,-15.5085614,1033.1
          -47.5823771,-15.5085372,1032.6
          -47.5823831,-15.5085129,1032.7
          -47.5823964,-15.5084918,1032.9
          -47.5824151,-15.508476,1033.2
          -47.5824341,-15.5084674,1033.4
          -47.5824477,-15.508462,1033.3
          -47.5824511,-15.508462,1033.1
          -47.5824524,-15.5084618,1032.9
          -47.5824599,-15.5084604,1032.4
          -47.5824709,-15.5084567,1031.9
          -47.5824732,-15.5084559,1031.8
          -47.5824738,-15.5084554,1031.8
          -47.5824728,-15.5084551,1031.7
          -47.5824733,-15.5084559,1031.7
          -47.5824729,-15.5084561,1031.6
          -47.5824727,-15.5084564,1031.6
          -47.5824726,-15.5084562,1031.6
          -47.5824712,-15.5084604,1031.2
          -47.5824749,-15.5084682,1031.1
          -47.5824776,-15.5084686,1031.5
          -47.5824766,-15.5084683,1031.5
          -47.5824765,-15.5084678,1031.4
          -47.5824751,-15.5084675,1031.5
          -47.5824754,-15.5084672,1031.5
          -47.582475,-15.5084658,1031.5
          -47.5824747,-15.5084664,1031.5
          -47.5824746,-15.5084666,1031.6
          -47.5824726,-15.5084679,1031.7
          -47.5824752,-15.5084688,1031.7
          -47.5824769,-15.5084702,1031.5
          -47.5826897,-15.5084251,1030.9
          -47.582685,-15.5084269,1029.9
          -47.5826801,-15.5084177,1029.3
        </coordinates>
      </LineString>
    </Placemark>
  </Document>
</kml>
